place_id,Place_Name,City,State,Zone,Place_Type,Interest_Tags,Suitable_For,Entry_Fee_INR,Activity_Cost_Min,HotelcostpernightINR_Min,FoodcostperdayINR_Min,Latitude,Longitude,Popularity_Rating,Number_Of_Reviewpoints,Best_Month_Start,Best_Month_End,Terrain_Type,Cluster_ID,Hidden_Gem_Score,Is_Hidden_Gem,Difficulty_Level,Typical_Duration,interest_adventure,interest_amusement,interest_animals,interest_archaeological,interest_architecture,interest_army,interest_art,interest_artifacts,interest_astronomy,interest_aviation,interest_backwaters,interest_bathing,interest_battlefield,interest_beach,interest_biking,interest_birdwatching,interest_boating,interest_bohemian,interest_buddhist_cultural,interest_buddhist_cultural_cultural,interest_camel_ride,interest_canyon,interest_christianity,interest_cinema,interest_cliff,interest_coastal,interest_community,interest_coral_reef,interest_costal,interest_costal_viewpoint,interest_crafts,interest_cultural,interest_desert,interest_diving,interest_ecological,interest_ecologicallogical,interest_educational,interest_elephants,interest_entertainment,interest_fair,interest_family,interest_festival,interest_fishing,interest_flowers,interest_food,interest_forest,interest_gandhi,interest_garden,interest_gateway,interest_geology,interest_handicrafts,interest_handloom,interest_haunted,interest_heritage,interest_heritage_architecture_costal_viewpoint,interest_hills,interest_historic,interest_historical,interest_houseboat,interest_indus_valley,interest_industrial,interest_industry,interest_interest_tags,interest_iskcon,interest_island,interest_kayaking,interest_lagoon,interest_lake,interest_landscape,interest_leisure,interest_lighthouse,interest_local_life,interest_luxury,interest_mangrove,interest_marine_life,interest_meditation,interest_memorial,interest_monastery,interest_monsoon,interest_mosque,interest_mughal,interest_museum,interest_mystery,interest_mythology,interest_nature,interest_navy,interest_nightlife,interest_paragliding,interest_park,interest_patriotic,interest_peace_memorial,interest_peaceful,interest_photography,interest_picnic,interest_pilgrimage,interest_quiet,interest_rafting,interest_rainforest,interest_recreation,interest_relaxation,interest_religion,interest_restaurants,interest_rides,interest_ritual,interest_river,interest_riverfront,interest_roadtrip,interest_rock_formations,interest_romantic,interest_ruins,interest_rural,interest_safari,interest_scenic,interest_science,interest_scuba,interest_scuba_diving,interest_sculptures,interest_shopping,interest_silk_city,interest_skiing,interest_snorkeling,interest_snow,interest_spiritual,interest_sports,interest_statue,interest_sufi,interest_sunrise,interest_sunset,interest_surfing,interest_tea_garden,interest_temple,interest_tiger_reserve,interest_tour,interest_tradition,interest_trains,interest_transport,interest_trekking,interest_tribal,interest_turtle_nesting,interest_unesco,interest_unique,interest_viewpoint,interest_walking,interest_war,interest_war_memorial,interest_water,interest_water_sports,interest_waterfalls,interest_wellness,interest_wildlife,interest_wildlife_safari,interest_winter_sports,suitable_adventure,suitable_children,suitable_couples,suitable_family,suitable_friends,suitable_international_tourists,suitable_photographers,suitable_pilgrims,suitable_professionals,suitable_shoppers,suitable_solo,suitable_spiritual,suitable_students,suitable_tourists,difficulty_score,activity_cost_avg,hotel_cost_avg,food_cost_avg,total_daily_cost_min,total_daily_cost_max,total_daily_cost_avg,popularity_rating_scaled,hidden_gem_score_scaled,number_of_reviewpoints_scaled,months_open,months_open_str
1,Dal Lake,Srinagar,Jammu And Kashmir,North,Lake,"Nature,Scenic,Relaxation","Couples,Family,Solo",0,500,2000,200,34.0975,74.857,4.3,4300,4,10,Valley,JAM-110,47.2,False,Easy,Full-day (4-8 hrs),0,0,0,0,0,0,0,0,0,0,0,0,0,0,0,0,0,0,0,0,0,0,0,0,0,0,0,0,0,0,0,0,0,0,0,0,0,0,0,0,0,0,0,0,0,0,0,0,0,0,0,0,0,0,0,0,0,0,0,0,0,0,0,0,0,0,0,0,0,0,0,0,0,0,0,0,0,0,0,0,0,0,0,0,1,0,0,0,0,0,0,0,0,0,0,0,0,0,0,1,0,0,0,0,0,0,0,0,0,0,0,0,1,0,0,0,0,0,0,0,0,0,0,0,0,0,0,0,0,0,0,0,0,0,0,0,0,0,0,0,0,0,0,0,0,0,0,0,0,0,0,0,0,0,1,1,0,0,0,0,0,0,1,0,0,0,1,750.0,5000.0,350.0,2700,9500,6100.0,0.3636363636363633,0.3411078717201166,0.004556568126250278,"[4, 5, 6, 7, 8, 9, 10]",4|5|6|7|8|9|10
2,Shalimar Bagh,Srinagar,Jammu And Kashmir,North,Garden,"Historical,Cultural,Nature","Couples,Family,Solo",40,0,1000,200,34.102,74.87,5.0,1000,4,10,Valley,JAM-110,92.4,True,Easy,Short (1-2 hrs),0,0,0,0,0,0,0,0,0,0,0,0,0,0,0,0,0,0,0,0,0,0,0,0,0,0,0,0,0,0,0,1,0,0,0,0,0,0,0,0,0,0,0,0,0,0,0,0,0,0,0,0,0,0,0,0,0,1,0,0,0,0,0,0,0,0,0,0,0,0,0,0,0,0,0,0,0,0,0,0,0,0,0,0,1,0,0,0,0,0,0,0,0,0,0,0,0,0,0,0,0,0,0,0,0,0,0,0,0,0,0,0,0,0,0,0,0,0,0,0,0,0,0,0,0,0,0,0,0,0,0,0,0,0,0,0,0,0,0,0,0,0,0,0,0,0,0,0,0,0,0,0,0,0,1,1,0,0,0,0,0,0,1,0,0,0,1,0.0,3000.0,400.0,1240,5640,3440.0,0.9999999999999996,1.0,0.0008890864636585909,"[4, 5, 6, 7, 8, 9, 10]",4|5|6|7|8|9|10
3,Sonamarg,Ganderbal,Jammu And Kashmir,North,Valley,"Scenic,Adventure,Nature","Couples,Family,Friends,Solo",0,500,1000,200,34.272,75.323,5.0,10000,5,9,Valley,JAM-110,81.4,True,Moderate,Full-day (4-8 hrs),1,0,0,0,0,0,0,0,0,0,0,0,0,0,0,0,0,0,0,0,0,0,0,0,0,0,0,0,0,0,0,0,0,0,0,0,0,0,0,0,0,0,0,0,0,0,0,0,0,0,0,0,0,0,0,0,0,0,0,0,0,0,0,0,0,0,0,0,0,0,0,0,0,0,0,0,0,0,0,0,0,0,0,0,1,0,0,0,0,0,0,0,0,0,0,0,0,0,0,0,0,0,0,0,0,0,0,0,0,0,0,0,1,0,0,0,0,0,0,0,0,0,0,0,0,0,0,0,0,0,0,0,0,0,0,0,0,0,0,0,0,0,0,0,0,0,0,0,0,0,0,0,0,0,1,1,1,0,0,0,0,0,1,0,0,0,2,1250.0,3000.0,450.0,1700,7700,4700.0,0.9999999999999996,0.8396501457725947,0.010891309179817739,"[5, 6, 7, 8, 9]",5|6|7|8|9
4,Gulmarg,Baramulla,Jammu And Kashmir,North,Hill Station,"Adventure,Scenic,Winter Sports","Couples,Family,Friends,Solo",0,700,7000,250,34.055,74.38,5.0,10000,3,6,Mountain,JAM-110,81.4,True,Moderate,Full-day (4-8 hrs),1,0,0,0,0,0,0,0,0,0,0,0,0,0,0,0,0,0,0,0,0,0,0,0,0,0,0,0,0,0,0,0,0,0,0,0,0,0,0,0,0,0,0,0,0,0,0,0,0,0,0,0,0,0,0,0,0,0,0,0,0,0,0,0,0,0,0,0,0,0,0,0,0,0,0,0,0,0,0,0,0,0,0,0,0,0,0,0,0,0,0,0,0,0,0,0,0,0,0,0,0,0,0,0,0,0,0,0,0,0,0,0,1,0,0,0,0,0,0,0,0,0,0,0,0,0,0,0,0,0,0,0,0,0,0,0,0,0,0,0,0,0,0,0,0,0,0,0,0,0,0,1,0,0,1,1,1,0,0,0,0,0,1,0,0,0,2,800.0,11500.0,525.0,7950,17700,12825.0,0.9999999999999996,0.8396501457725947,0.010891309179817739,"[3, 4, 5, 6]",3|4|5|6
5,Noori Chamb Waterfall,Poonch,Jammu And Kashmir,North,Waterfall,"Nature,Scenic,Historic","Couples,Solo,Friends",0,0,1000,200,33.75,74.12,4.0,700,4,10,Mountain,JAM-112,39.5,False,Moderate,Half-day (2-4 hrs),0,0,0,0,0,0,0,0,0,0,0,0,0,0,0,0,0,0,0,0,0,0,0,0,0,0,0,0,0,0,0,0,0,0,0,0,0,0,0,0,0,0,0,0,0,0,0,0,0,0,0,0,0,0,0,0,1,0,0,0,0,0,0,0,0,0,0,0,0,0,0,0,0,0,0,0,0,0,0,0,0,0,0,0,1,0,0,0,0,0,0,0,0,0,0,0,0,0,0,0,0,0,0,0,0,0,0,0,0,0,0,0,1,0,0,0,0,0,0,0,0,0,0,0,0,0,0,0,0,0,0,0,0,0,0,0,0,0,0,0,0,0,0,0,0,0,0,0,0,0,0,0,0,0,1,0,1,0,0,0,0,0,1,0,0,0,2,0.0,2500.0,400.0,1200,4600,2900.0,0.09090909090909083,0.2288629737609329,0.0005556790397866193,"[4, 5, 6, 7, 8, 9, 10]",4|5|6|7|8|9|10
6,Naranag,Ganderbal,Jammu And Kashmir,North,Trek Route,"Historical,Adventure,Nature,Temple","Adventure,Solo,Friends",0,500,800,200,34.296,75.14,4.0,1000,5,9,Mountain,JAM-110,37.8,False,Strenuous,Multi-day (1-3 days),1,0,0,0,0,0,0,0,0,0,0,0,0,0,0,0,0,0,0,0,0,0,0,0,0,0,0,0,0,0,0,0,0,0,0,0,0,0,0,0,0,0,0,0,0,0,0,0,0,0,0,0,0,0,0,0,0,1,0,0,0,0,0,0,0,0,0,0,0,0,0,0,0,0,0,0,0,0,0,0,0,0,0,0,1,0,0,0,0,0,0,0,0,0,0,0,0,0,0,0,0,0,0,0,0,0,0,0,0,0,0,0,0,0,0,0,0,0,0,0,0,0,0,0,0,0,0,0,0,0,1,0,0,0,0,0,0,0,0,0,0,0,0,0,0,0,0,0,0,0,0,0,1,0,0,0,1,0,0,0,0,0,1,0,0,0,3,1000.0,1900.0,400.0,1500,5100,3300.0,0.09090909090909083,0.20408163265306112,0.0008890864636585909,"[5, 6, 7, 8, 9]",5|6|7|8|9
7,Manasbal,Ganderbal,Jammu And Kashmir,North,Lake,"Nature,Birdwatching,Scenic","Family,Solo,Couples",0,100,1000,200,34.136,74.787,4.0,1000,4,10,Valley,JAM-110,37.8,False,Easy,Full-day (4-8 hrs),0,0,0,0,0,0,0,0,0,0,0,0,0,0,0,1,0,0,0,0,0,0,0,0,0,0,0,0,0,0,0,0,0,0,0,0,0,0,0,0,0,0,0,0,0,0,0,0,0,0,0,0,0,0,0,0,0,0,0,0,0,0,0,0,0,0,0,0,0,0,0,0,0,0,0,0,0,0,0,0,0,0,0,0,1,0,0,0,0,0,0,0,0,0,0,0,0,0,0,0,0,0,0,0,0,0,0,0,0,0,0,0,1,0,0,0,0,0,0,0,0,0,0,0,0,0,0,0,0,0,0,0,0,0,0,0,0,0,0,0,0,0,0,0,0,0,0,0,0,0,0,0,0,0,1,1,0,0,0,0,0,0,1,0,0,0,1,200.0,2500.0,400.0,1300,4900,3100.0,0.09090909090909083,0.20408163265306112,0.0008890864636585909,"[4, 5, 6, 7, 8, 9, 10]",4|5|6|7|8|9|10
8,Wular Lake,Bandipora,Jammu And Kashmir,North,Lake,"Scenic,Nature,Birdwatching","Family,Couples,Solo",0,100,1000,200,34.3049,74.5105,4.0,1000,3,10,Valley,JAM-110,37.8,False,Easy,Full-day (4-8 hrs),0,0,0,0,0,0,0,0,0,0,0,0,0,0,0,1,0,0,0,0,0,0,0,0,0,0,0,0,0,0,0,0,0,0,0,0,0,0,0,0,0,0,0,0,0,0,0,0,0,0,0,0,0,0,0,0,0,0,0,0,0,0,0,0,0,0,0,0,0,0,0,0,0,0,0,0,0,0,0,0,0,0,0,0,1,0,0,0,0,0,0,0,0,0,0,0,0,0,0,0,0,0,0,0,0,0,0,0,0,0,0,0,1,0,0,0,0,0,0,0,0,0,0,0,0,0,0,0,0,0,0,0,0,0,0,0,0,0,0,0,0,0,0,0,0,0,0,0,0,0,0,0,0,0,1,1,0,0,0,0,0,0,1,0,0,0,1,300.0,3000.0,400.0,1300,6100,3700.0,0.09090909090909083,0.20408163265306112,0.0008890864636585909,"[3, 4, 5, 6, 7, 8, 9, 10]",3|4|5|6|7|8|9|10
9,Vaishno Devi Temple,Katra,Jammu And Kashmir,North,Temple,"Spiritual,Religion,Trekking","Family,Solo,Couples",0,200,1500,200,32.9882,74.5698,5.0,51000,1,12,Mountain,JAM-111,73.7,True,Moderate,Short (1-2 hrs),0,0,0,0,0,0,0,0,0,0,0,0,0,0,0,0,0,0,0,0,0,0,0,0,0,0,0,0,0,0,0,0,0,0,0,0,0,0,0,0,0,0,0,0,0,0,0,0,0,0,0,0,0,0,0,0,0,0,0,0,0,0,0,0,0,0,0,0,0,0,0,0,0,0,0,0,0,0,0,0,0,0,0,0,0,0,0,0,0,0,0,0,0,0,0,0,0,0,0,0,1,0,0,0,0,0,0,0,0,0,0,0,0,0,0,0,0,0,0,0,0,0,1,0,0,0,0,0,0,0,0,0,0,0,0,0,1,0,0,0,0,0,0,0,0,0,0,0,0,0,0,0,0,0,1,1,0,0,0,0,0,0,1,0,0,0,2,350.0,3250.0,350.0,1900,6000,3950.0,0.9999999999999996,0.727405247813411,0.05645699044232052,"[1, 2, 3, 4, 5, 6, 7, 8, 9, 10, 11, 12]",1|2|3|4|5|6|7|8|9|10|11|12
10,Pahalgam,Anantnag,Jammu And Kashmir,North,Valley,"Scenic,Nature,Adventure","Family,Couples,Solo",0,300,1500,200,34.006,75.242,5.0,11000,4,9,Valley,JAM-110,81.0,True,Moderate,Full-day (4-8 hrs),1,0,0,0,0,0,0,0,0,0,0,0,0,0,0,0,0,0,0,0,0,0,0,0,0,0,0,0,0,0,0,0,0,0,0,0,0,0,0,0,0,0,0,0,0,0,0,0,0,0,0,0,0,0,0,0,0,0,0,0,0,0,0,0,0,0,0,0,0,0,0,0,0,0,0,0,0,0,0,0,0,0,0,0,1,0,0,0,0,0,0,0,0,0,0,0,0,0,0,0,0,0,0,0,0,0,0,0,0,0,0,0,1,0,0,0,0,0,0,0,0,0,0,0,0,0,0,0,0,0,0,0,0,0,0,0,0,0,0,0,0,0,0,0,0,0,0,0,0,0,0,0,0,0,1,1,0,0,0,0,0,0,1,0,0,0,2,650.0,3750.0,400.0,2000,7600,4800.0,0.9999999999999996,0.8338192419825072,0.012002667259390977,"[4, 5, 6, 7, 8, 9]",4|5|6|7|8|9
11,Shimla Ridge,Shimla,Himachal Pradesh,North,Scenic Viewpoint,"Scenic,Cultural,Shopping","Couples,Family,Solo,Friends",0,0,1500,300,31.1048,77.1734,4.6,52000,3,5,Mountain,HIM-106,51.7,False,Moderate,Short (1-2 hrs),0,0,0,0,0,0,0,0,0,0,0,0,0,0,0,0,0,0,0,0,0,0,0,0,0,0,0,0,0,0,0,1,0,0,0,0,0,0,0,0,0,0,0,0,0,0,0,0,0,0,0,0,0,0,0,0,0,0,0,0,0,0,0,0,0,0,0,0,0,0,0,0,0,0,0,0,0,0,0,0,0,0,0,0,0,0,0,0,0,0,0,0,0,0,0,0,0,0,0,0,0,0,0,0,0,0,0,0,0,0,0,0,1,0,0,0,0,1,0,0,0,0,0,0,0,0,0,0,0,0,0,0,0,0,0,0,0,0,0,0,0,0,0,0,0,0,0,0,0,0,0,0,0,0,1,1,1,0,0,0,0,0,1,0,0,0,2,0.0,3750.0,550.0,1800,6800,4300.0,0.6363636363636362,0.40670553935860054,0.057568348521893756,"[3, 4, 5]",3|4|5
12,Manali,Manali,Himachal Pradesh,North,Hill Station,"Adventure,Scenic,Nature","Couples,Family,Friends,Solo",0,500,2000,400,32.2432,77.1892,4.7,110000,4,10,Mountain,HIM-106,53.6,False,Moderate,Full-day (4-8 hrs),1,0,0,0,0,0,0,0,0,0,0,0,0,0,0,0,0,0,0,0,0,0,0,0,0,0,0,0,0,0,0,0,0,0,0,0,0,0,0,0,0,0,0,0,0,0,0,0,0,0,0,0,0,0,0,0,0,0,0,0,0,0,0,0,0,0,0,0,0,0,0,0,0,0,0,0,0,0,0,0,0,0,0,0,1,0,0,0,0,0,0,0,0,0,0,0,0,0,0,0,0,0,0,0,0,0,0,0,0,0,0,0,1,0,0,0,0,0,0,0,0,0,0,0,0,0,0,0,0,0,0,0,0,0,0,0,0,0,0,0,0,0,0,0,0,0,0,0,0,0,0,0,0,0,1,1,1,0,0,0,0,0,1,0,0,0,2,1750.0,7000.0,650.0,2900,15900,9400.0,0.7272727272727271,0.43440233236151593,0.1220271171371416,"[4, 5, 6, 7, 8, 9, 10]",4|5|6|7|8|9|10
13,Dal Lake Mcleodganj,Mcleodganj,Himachal Pradesh,North,Lake,"Scenic,Nature,Spiritual","Couples,Family,Solo,Friends",0,0,1000,300,32.2266,76.318,4.4,18000,3,10,Mountain,HIM-106,45.9,False,Moderate,Full-day (4-8 hrs),0,0,0,0,0,0,0,0,0,0,0,0,0,0,0,0,0,0,0,0,0,0,0,0,0,0,0,0,0,0,0,0,0,0,0,0,0,0,0,0,0,0,0,0,0,0,0,0,0,0,0,0,0,0,0,0,0,0,0,0,0,0,0,0,0,0,0,0,0,0,0,0,0,0,0,0,0,0,0,0,0,0,0,0,1,0,0,0,0,0,0,0,0,0,0,0,0,0,0,0,0,0,0,0,0,0,0,0,0,0,0,0,1,0,0,0,0,0,0,0,0,0,1,0,0,0,0,0,0,0,0,0,0,0,0,0,0,0,0,0,0,0,0,0,0,0,0,0,0,0,0,0,0,0,1,1,1,0,0,0,0,0,1,0,0,0,2,150.0,2500.0,550.0,1300,5100,3200.0,0.4545454545454546,0.32215743440233224,0.019782173816403646,"[3, 4, 5, 6, 7, 8, 9, 10]",3|4|5|6|7|8|9|10
14,Khajjiar Lake,Khajjiar,Himachal Pradesh,North,Lake Meadow,"Scenic,Romantic,Nature","Couples,Family,Friends",0,100,1500,300,32.4431,76.0441,4.6,48000,4,10,Mountain,HIM-106,52.1,False,Moderate,Full-day (4-8 hrs),0,0,0,0,0,0,0,0,0,0,0,0,0,0,0,0,0,0,0,0,0,0,0,0,0,0,0,0,0,0,0,0,0,0,0,0,0,0,0,0,0,0,0,0,0,0,0,0,0,0,0,0,0,0,0,0,0,0,0,0,0,0,0,0,0,0,0,0,0,0,0,0,0,0,0,0,0,0,0,0,0,0,0,0,1,0,0,0,0,0,0,0,0,0,0,0,0,0,0,0,0,0,0,0,0,0,0,0,1,0,0,0,1,0,0,0,0,0,0,0,0,0,0,0,0,0,0,0,0,0,0,0,0,0,0,0,0,0,0,0,0,0,0,0,0,0,0,0,0,0,0,0,0,0,1,1,1,0,0,0,0,0,0,0,0,0,2,300.0,3750.0,550.0,1900,7300,4600.0,0.6363636363636362,0.412536443148688,0.0531229162036008,"[4, 5, 6, 7, 8, 9, 10]",4|5|6|7|8|9|10
15,Kangra Fort,Kangra,Himachal Pradesh,North,Fort,"Historical,Cultural","Couples,Family,Solo",150,0,1000,300,32.0587,76.269,4.5,22000,3,9,Mountain,HIM-106,50.4,False,Moderate,Half-day (2-4 hrs),0,0,0,0,0,0,0,0,0,0,0,0,0,0,0,0,0,0,0,0,0,0,0,0,0,0,0,0,0,0,0,1,0,0,0,0,0,0,0,0,0,0,0,0,0,0,0,0,0,0,0,0,0,0,0,0,0,1,0,0,0,0,0,0,0,0,0,0,0,0,0,0,0,0,0,0,0,0,0,0,0,0,0,0,0,0,0,0,0,0,0,0,0,0,0,0,0,0,0,0,0,0,0,0,0,0,0,0,0,0,0,0,0,0,0,0,0,0,0,0,0,0,0,0,0,0,0,0,0,0,0,0,0,0,0,0,0,0,0,0,0,0,0,0,0,0,0,0,0,0,0,0,0,0,1,1,0,0,0,0,0,0,1,0,0,0,2,0.0,2500.0,500.0,1450,4850,3150.0,0.5454545454545454,0.3877551020408162,0.0242276061346966,"[3, 4, 5, 6, 7, 8, 9]",3|4|5|6|7|8|9
16,Mall Road Shimla,Shimla,Himachal Pradesh,North,Shopping Street,"Shopping,Food,Cultural","Family,Couples,Friends",0,0,1500,400,31.1048,77.1734,4.5,95000,3,6,Urban,HIM-106,43.4,False,Moderate,Short (1-2 hrs),0,0,0,0,0,0,0,0,0,0,0,0,0,0,0,0,0,0,0,0,0,0,0,0,0,0,0,0,0,0,0,1,0,0,0,0,0,0,0,0,0,0,0,0,1,0,0,0,0,0,0,0,0,0,0,0,0,0,0,0,0,0,0,0,0,0,0,0,0,0,0,0,0,0,0,0,0,0,0,0,0,0,0,0,0,0,0,0,0,0,0,0,0,0,0,0,0,0,0,0,0,0,0,0,0,0,0,0,0,0,0,0,0,0,0,0,0,1,0,0,0,0,0,0,0,0,0,0,0,0,0,0,0,0,0,0,0,0,0,0,0,0,0,0,0,0,0,0,0,0,0,0,0,0,1,1,1,0,0,0,0,0,0,0,0,0,2,250.0,3750.0,700.0,1900,7500,4700.0,0.5454545454545454,0.2857142857142857,0.10535674594354302,"[3, 4, 5, 6]",3|4|5|6
17,Hadimba Devi Temple,Manali,Himachal Pradesh,North,Temple,"Spiritual,Cultural","Family,Couples,Solo",0,0,2000,300,32.2396,77.1887,4.7,60000,4,10,Mountain,HIM-106,56.5,False,Moderate,Short (1-2 hrs),0,0,0,0,0,0,0,0,0,0,0,0,0,0,0,0,0,0,0,0,0,0,0,0,0,0,0,0,0,0,0,1,0,0,0,0,0,0,0,0,0,0,0,0,0,0,0,0,0,0,0,0,0,0,0,0,0,0,0,0,0,0,0,0,0,0,0,0,0,0,0,0,0,0,0,0,0,0,0,0,0,0,0,0,0,0,0,0,0,0,0,0,0,0,0,0,0,0,0,0,0,0,0,0,0,0,0,0,0,0,0,0,0,0,0,0,0,0,0,0,0,0,1,0,0,0,0,0,0,0,0,0,0,0,0,0,0,0,0,0,0,0,0,0,0,0,0,0,0,0,0,0,0,0,1,1,0,0,0,0,0,0,1,0,0,0,2,0.0,6000.0,550.0,2300,10800,6550.0,0.7272727272727271,0.47667638483965,0.06645921315847966,"[4, 5, 6, 7, 8, 9, 10]",4|5|6|7|8|9|10
18,Rohtang Pass,Manali,Himachal Pradesh,North,Mountain Pass,"Adventure,Scenic,Nature","Friends,Couples,Solo",800,500,2000,400,32.3799,77.3157,4.6,75000,5,10,Mountain,HIM-106,50.0,False,Strenuous,Half-day (2-4 hrs),1,0,0,0,0,0,0,0,0,0,0,0,0,0,0,0,0,0,0,0,0,0,0,0,0,0,0,0,0,0,0,0,0,0,0,0,0,0,0,0,0,0,0,0,0,0,0,0,0,0,0,0,0,0,0,0,0,0,0,0,0,0,0,0,0,0,0,0,0,0,0,0,0,0,0,0,0,0,0,0,0,0,0,0,1,0,0,0,0,0,0,0,0,0,0,0,0,0,0,0,0,0,0,0,0,0,0,0,0,0,0,0,1,0,0,0,0,0,0,0,0,0,0,0,0,0,0,0,0,0,0,0,0,0,0,0,0,0,0,0,0,0,0,0,0,0,0,0,0,0,0,0,0,0,1,0,1,0,0,0,0,0,1,0,0,0,3,1750.0,6000.0,650.0,3700,14700,9200.0,0.6363636363636362,0.38192419825072876,0.08312958435207825,"[5, 6, 7, 8, 9, 10]",5|6|7|8|9|10
19,Triund Trek,Dharamshala,Himachal Pradesh,North,Trek,"Adventure,Trekking,Scenic","Friends,Solo",0,500,1000,300,32.2841,76.3446,4.7,40000,3,6,Mountain,HIM-106,58.5,False,Strenuous,Multi-day (1-3 days),1,0,0,0,0,0,0,0,0,0,0,0,0,0,0,0,0,0,0,0,0,0,0,0,0,0,0,0,0,0,0,0,0,0,0,0,0,0,0,0,0,0,0,0,0,0,0,0,0,0,0,0,0,0,0,0,0,0,0,0,0,0,0,0,0,0,0,0,0,0,0,0,0,0,0,0,0,0,0,0,0,0,0,0,0,0,0,0,0,0,0,0,0,0,0,0,0,0,0,0,0,0,0,0,0,0,0,0,0,0,0,0,1,0,0,0,0,0,0,0,0,0,0,0,0,0,0,0,0,0,0,0,0,0,0,0,1,0,0,0,0,0,0,0,0,0,0,0,0,0,0,0,0,0,0,0,1,0,0,0,0,0,1,0,0,0,3,1250.0,3000.0,550.0,1800,7800,4800.0,0.7272727272727271,0.5058309037900873,0.044232051567014895,"[3, 4, 5, 6]",3|4|5|6
20,Bhagsu Waterfall,Dharamshala,Himachal Pradesh,North,Waterfall,"Nature,Scenic,Picnic","Family,Friends,Couples",0,0,1000,300,32.2635,76.366,4.4,30000,3,7,Mountain,HIM-106,43.5,False,Moderate,Half-day (2-4 hrs),0,0,0,0,0,0,0,0,0,0,0,0,0,0,0,0,0,0,0,0,0,0,0,0,0,0,0,0,0,0,0,0,0,0,0,0,0,0,0,0,0,0,0,0,0,0,0,0,0,0,0,0,0,0,0,0,0,0,0,0,0,0,0,0,0,0,0,0,0,0,0,0,0,0,0,0,0,0,0,0,0,0,0,0,1,0,0,0,0,0,0,0,0,1,0,0,0,0,0,0,0,0,0,0,0,0,0,0,0,0,0,0,1,0,0,0,0,0,0,0,0,0,0,0,0,0,0,0,0,0,0,0,0,0,0,0,0,0,0,0,0,0,0,0,0,0,0,0,0,0,0,0,0,0,1,1,1,0,0,0,0,0,0,0,0,0,2,0.0,3000.0,500.0,1300,5700,3500.0,0.4545454545454546,0.2871720116618075,0.03311847077128251,"[3, 4, 5, 6, 7]",3|4|5|6|7
21,Namgyal Monastery,Mcleodganj,Himachal Pradesh,North,Monastery,"Spiritual,Cultural","Solo,Family,Couples",0,0,1000,300,32.2426,76.3219,4.6,15000,3,10,Mountain,HIM-106,57.7,False,Moderate,Half-day (2-4 hrs),0,0,0,0,0,0,0,0,0,0,0,0,0,0,0,0,0,0,0,0,0,0,0,0,0,0,0,0,0,0,0,1,0,0,0,0,0,0,0,0,0,0,0,0,0,0,0,0,0,0,0,0,0,0,0,0,0,0,0,0,0,0,0,0,0,0,0,0,0,0,0,0,0,0,0,0,0,0,0,0,0,0,0,0,0,0,0,0,0,0,0,0,0,0,0,0,0,0,0,0,0,0,0,0,0,0,0,0,0,0,0,0,0,0,0,0,0,0,0,0,0,0,1,0,0,0,0,0,0,0,0,0,0,0,0,0,0,0,0,0,0,0,0,0,0,0,0,0,0,0,0,0,0,0,1,1,0,0,0,0,0,0,1,0,0,0,2,0.0,3000.0,500.0,1300,5700,3500.0,0.6363636363636362,0.49416909620991245,0.01644809957768393,"[3, 4, 5, 6, 7, 8, 9, 10]",3|4|5|6|7|8|9|10
22,Chamera Lake,Dalhousie,Himachal Pradesh,North,Lake,"Nature,Boating,Scenic","Family,Friends",0,200,1000,300,32.549,75.98,4.3,12000,4,9,Mountain,HIM-106,42.4,False,Moderate,Full-day (4-8 hrs),0,0,0,0,0,0,0,0,0,0,0,0,0,0,0,0,1,0,0,0,0,0,0,0,0,0,0,0,0,0,0,0,0,0,0,0,0,0,0,0,0,0,0,0,0,0,0,0,0,0,0,0,0,0,0,0,0,0,0,0,0,0,0,0,0,0,0,0,0,0,0,0,0,0,0,0,0,0,0,0,0,0,0,0,1,0,0,0,0,0,0,0,0,0,0,0,0,0,0,0,0,0,0,0,0,0,0,0,0,0,0,0,1,0,0,0,0,0,0,0,0,0,0,0,0,0,0,0,0,0,0,0,0,0,0,0,0,0,0,0,0,0,0,0,0,0,0,0,0,0,0,0,0,0,0,1,1,0,0,0,0,0,0,0,0,0,2,400.0,2500.0,550.0,1500,5400,3450.0,0.3636363636363633,0.271137026239067,0.013114025338964216,"[4, 5, 6, 7, 8, 9]",4|5|6|7|8|9
23,Kalatop Wildlife Sanctuary,Khajjiar,Himachal Pradesh,North,Wildlife Sanctuary,"Nature,Wildlife,Trekking","Family,Friends",100,100,1500,300,32.4145,75.9865,4.5,14000,3,6,Forest,HIM-106,52.5,False,Moderate,Full-day (4-8 hrs),0,0,0,0,0,0,0,0,0,0,0,0,0,0,0,0,0,0,0,0,0,0,0,0,0,0,0,0,0,0,0,0,0,0,0,0,0,0,0,0,0,0,0,0,0,0,0,0,0,0,0,0,0,0,0,0,0,0,0,0,0,0,0,0,0,0,0,0,0,0,0,0,0,0,0,0,0,0,0,0,0,0,0,0,1,0,0,0,0,0,0,0,0,0,0,0,0,0,0,0,0,0,0,0,0,0,0,0,0,0,0,0,0,0,0,0,0,0,0,0,0,0,0,0,0,0,0,0,0,0,0,0,0,0,0,0,1,0,0,0,0,0,0,0,0,0,0,0,0,1,0,0,0,0,0,1,1,0,0,0,0,0,0,0,0,0,2,300.0,3750.0,550.0,2000,7400,4700.0,0.5454545454545454,0.4183673469387754,0.015336741498110693,"[3, 4, 5, 6]",3|4|5|6
24,Aghanjar Mahadev Temple,Dharamshala,Himachal Pradesh,North,Temple,"Spiritual,Scenic","Family,Couples,Solo",0,0,1000,300,32.218,76.323,4.6,8000,3,10,Mountain,HIM-106,60.7,False,Moderate,Short (1-2 hrs),0,0,0,0,0,0,0,0,0,0,0,0,0,0,0,0,0,0,0,0,0,0,0,0,0,0,0,0,0,0,0,0,0,0,0,0,0,0,0,0,0,0,0,0,0,0,0,0,0,0,0,0,0,0,0,0,0,0,0,0,0,0,0,0,0,0,0,0,0,0,0,0,0,0,0,0,0,0,0,0,0,0,0,0,0,0,0,0,0,0,0,0,0,0,0,0,0,0,0,0,0,0,0,0,0,0,0,0,0,0,0,0,1,0,0,0,0,0,0,0,0,0,1,0,0,0,0,0,0,0,0,0,0,0,0,0,0,0,0,0,0,0,0,0,0,0,0,0,0,0,0,0,0,0,1,1,0,0,0,0,0,0,1,0,0,0,2,0.0,2500.0,500.0,1300,4700,3000.0,0.6363636363636362,0.5379008746355685,0.008668593020671262,"[3, 4, 5, 6, 7, 8, 9, 10]",3|4|5|6|7|8|9|10
25,Arki Fort,Arki,Himachal Pradesh,North,Fort,"Historical,Cultural","Family,Solo,Friends",0,0,1000,300,31.151,76.966,4.2,5000,3,10,Mountain,HIM-106,41.1,False,Moderate,Half-day (2-4 hrs),0,0,0,0,0,0,0,0,0,0,0,0,0,0,0,0,0,0,0,0,0,0,0,0,0,0,0,0,0,0,0,1,0,0,0,0,0,0,0,0,0,0,0,0,0,0,0,0,0,0,0,0,0,0,0,0,0,1,0,0,0,0,0,0,0,0,0,0,0,0,0,0,0,0,0,0,0,0,0,0,0,0,0,0,0,0,0,0,0,0,0,0,0,0,0,0,0,0,0,0,0,0,0,0,0,0,0,0,0,0,0,0,0,0,0,0,0,0,0,0,0,0,0,0,0,0,0,0,0,0,0,0,0,0,0,0,0,0,0,0,0,0,0,0,0,0,0,0,0,0,0,0,0,0,0,1,1,0,0,0,0,0,1,0,0,0,2,0.0,2500.0,500.0,1300,4700,3000.0,0.27272727272727293,0.25218658892128276,0.005334518781951545,"[3, 4, 5, 6, 7, 8, 9, 10]",3|4|5|6|7|8|9|10
26,Golden Temple,Amritsar,Punjab,North,Gurdwara,"Spiritual,Religion,Heritage","Family,Couples,Solo,Friends",0,0,1500,300,31.62,74.8765,4.9,170000,10,3,Urban,PUN-205,62.5,False,Easy,Short (1-2 hrs),0,0,0,0,0,0,0,0,0,0,0,0,0,0,0,0,0,0,0,0,0,0,0,0,0,0,0,0,0,0,0,0,0,0,0,0,0,0,0,0,0,0,0,0,0,0,0,0,0,0,0,0,0,1,0,0,0,0,0,0,0,0,0,0,0,0,0,0,0,0,0,0,0,0,0,0,0,0,0,0,0,0,0,0,0,0,0,0,0,0,0,0,0,0,0,0,0,0,0,0,1,0,0,0,0,0,0,0,0,0,0,0,0,0,0,0,0,0,0,0,0,0,1,0,0,0,0,0,0,0,0,0,0,0,0,0,0,0,0,0,0,0,0,0,0,0,0,0,0,0,0,0,0,0,1,1,1,0,0,0,0,0,1,0,0,0,1,0.0,4750.0,550.0,1800,8800,5300.0,0.9090909090909096,0.564139941690962,0.1887086019115359,"[10, 11, 12, 1, 2, 3]",10|11|12|1|2|3
27,Jallianwala Bagh,Amritsar,Punjab,North,Memorial,"Historical,Heritage","Family,Solo,Friends",0,0,1500,300,31.6206,74.8806,4.7,85000,10,3,Urban,PUN-205,54.9,False,Easy,Short (1-2 hrs),0,0,0,0,0,0,0,0,0,0,0,0,0,0,0,0,0,0,0,0,0,0,0,0,0,0,0,0,0,0,0,0,0,0,0,0,0,0,0,0,0,0,0,0,0,0,0,0,0,0,0,0,0,1,0,0,0,1,0,0,0,0,0,0,0,0,0,0,0,0,0,0,0,0,0,0,0,0,0,0,0,0,0,0,0,0,0,0,0,0,0,0,0,0,0,0,0,0,0,0,0,0,0,0,0,0,0,0,0,0,0,0,0,0,0,0,0,0,0,0,0,0,0,0,0,0,0,0,0,0,0,0,0,0,0,0,0,0,0,0,0,0,0,0,0,0,0,0,0,0,0,0,0,0,0,1,1,0,0,0,0,0,1,0,0,0,1,0.0,4750.0,550.0,1800,8800,5300.0,0.7272727272727271,0.45335276967930016,0.09424316514781063,"[10, 11, 12, 1, 2, 3]",10|11|12|1|2|3
28,Wagah Border,Amritsar,Punjab,North,Border Ceremony,"Patriotic,Cultural","Family,Friends,Solo",0,0,1500,300,31.604,74.572,4.8,120000,10,3,Urban,PUN-205,58.7,False,Moderate,Half-day (2-4 hrs),0,0,0,0,0,0,0,0,0,0,0,0,0,0,0,0,0,0,0,0,0,0,0,0,0,0,0,0,0,0,0,1,0,0,0,0,0,0,0,0,0,0,0,0,0,0,0,0,0,0,0,0,0,0,0,0,0,0,0,0,0,0,0,0,0,0,0,0,0,0,0,0,0,0,0,0,0,0,0,0,0,0,0,0,0,0,0,0,0,1,0,0,0,0,0,0,0,0,0,0,0,0,0,0,0,0,0,0,0,0,0,0,0,0,0,0,0,0,0,0,0,0,0,0,0,0,0,0,0,0,0,0,0,0,0,0,0,0,0,0,0,0,0,0,0,0,0,0,0,0,0,0,0,0,0,1,1,0,0,0,0,0,1,0,0,0,2,0.0,4750.0,550.0,1800,8800,5300.0,0.8181818181818179,0.5087463556851312,0.13314069793287397,"[10, 11, 12, 1, 2, 3]",10|11|12|1|2|3
31,Anandpur Sahib,Rupnagar,Punjab,North,Gurdwara,"Spiritual,Religion,Heritage","Family,Solo",0,0,1000,300,31.239,76.502,4.8,25000,10,3,Urban,PUN-206,66.1,True,Easy,Short (1-2 hrs),0,0,0,0,0,0,0,0,0,0,0,0,0,0,0,0,0,0,0,0,0,0,0,0,0,0,0,0,0,0,0,0,0,0,0,0,0,0,0,0,0,0,0,0,0,0,0,0,0,0,0,0,0,1,0,0,0,0,0,0,0,0,0,0,0,0,0,0,0,0,0,0,0,0,0,0,0,0,0,0,0,0,0,0,0,0,0,0,0,0,0,0,0,0,0,0,0,0,0,0,1,0,0,0,0,0,0,0,0,0,0,0,0,0,0,0,0,0,0,0,0,0,1,0,0,0,0,0,0,0,0,0,0,0,0,0,0,0,0,0,0,0,0,0,0,0,0,0,0,0,0,0,0,0,0,1,0,0,0,0,0,0,1,0,0,0,1,0.0,3000.0,500.0,1300,5700,3500.0,0.8181818181818179,0.6166180758017491,0.027561680373416317,"[10, 11, 12, 1, 2, 3]",10|11|12|1|2|3
32,Sheesh Mahal Patiala,Patiala,Punjab,North,Palace,Interest_Tags,"Family,Solo,Couples",20,0,1500,300,30.3398,76.3869,4.4,15000,10,3,Urban,PUN-207,46.8,False,Easy,Half-day (2-4 hrs),0,0,0,0,0,0,0,0,0,0,0,0,0,0,0,0,0,0,0,0,0,0,0,0,0,0,0,0,0,0,0,0,0,0,0,0,0,0,0,0,0,0,0,0,0,0,0,0,0,0,0,0,0,0,0,0,0,0,0,0,0,0,1,0,0,0,0,0,0,0,0,0,0,0,0,0,0,0,0,0,0,0,0,0,0,0,0,0,0,0,0,0,0,0,0,0,0,0,0,0,0,0,0,0,0,0,0,0,0,0,0,0,0,0,0,0,0,0,0,0,0,0,0,0,0,0,0,0,0,0,0,0,0,0,0,0,0,0,0,0,0,0,0,0,0,0,0,0,0,0,0,0,0,0,1,1,0,0,0,0,0,0,1,0,0,0,1,0.0,3750.0,550.0,1820,6820,4320.0,0.4545454545454546,0.33527696793002904,0.01644809957768393,"[10, 11, 12, 1, 2, 3]",10|11|12|1|2|3
33,Qila Mubarak,Patiala,Punjab,North,Fort,"Historical,Heritage","Family,Solo,Friends",20,0,1500,300,30.336,76.392,4.4,18000,10,3,Urban,PUN-207,45.9,False,Moderate,Half-day (2-4 hrs),0,0,0,0,0,0,0,0,0,0,0,0,0,0,0,0,0,0,0,0,0,0,0,0,0,0,0,0,0,0,0,0,0,0,0,0,0,0,0,0,0,0,0,0,0,0,0,0,0,0,0,0,0,1,0,0,0,1,0,0,0,0,0,0,0,0,0,0,0,0,0,0,0,0,0,0,0,0,0,0,0,0,0,0,0,0,0,0,0,0,0,0,0,0,0,0,0,0,0,0,0,0,0,0,0,0,0,0,0,0,0,0,0,0,0,0,0,0,0,0,0,0,0,0,0,0,0,0,0,0,0,0,0,0,0,0,0,0,0,0,0,0,0,0,0,0,0,0,0,0,0,0,0,0,0,1,1,0,0,0,0,0,1,0,0,0,2,0.0,3750.0,550.0,1820,6820,4320.0,0.4545454545454546,0.32215743440233224,0.019782173816403646,"[10, 11, 12, 1, 2, 3]",10|11|12|1|2|3
34,Harike Wetland,Tarn Taran,Punjab,North,Wildlife Sanctuary,"Nature,Birdwatching,Ecological","Family,Friends,Solo",0,100,1000,300,31.16,75.2,4.3,8000,11,2,Forest,PUN-208,44.3,False,Moderate,Full-day (4-8 hrs),0,0,0,0,0,0,0,0,0,0,0,0,0,0,0,1,0,0,0,0,0,0,0,0,0,0,0,0,0,0,0,0,0,0,1,0,0,0,0,0,0,0,0,0,0,0,0,0,0,0,0,0,0,0,0,0,0,0,0,0,0,0,0,0,0,0,0,0,0,0,0,0,0,0,0,0,0,0,0,0,0,0,0,0,1,0,0,0,0,0,0,0,0,0,0,0,0,0,0,0,0,0,0,0,0,0,0,0,0,0,0,0,0,0,0,0,0,0,0,0,0,0,0,0,0,0,0,0,0,0,0,0,0,0,0,0,0,0,0,0,0,0,0,0,0,0,0,0,0,0,0,0,0,0,0,1,1,0,0,0,0,0,1,0,0,0,2,300.0,2500.0,500.0,1400,5200,3300.0,0.3636363636363633,0.2988338192419824,0.008668593020671262,"[11, 12, 1, 2]",11|12|1|2
35,Durgiana Temple,Amritsar,Punjab,North,Temple,"Spiritual,Religion","Family,Solo,Couples",0,0,1500,300,31.628,74.869,4.6,20000,10,3,Urban,PUN-205,56.3,False,Easy,Short (1-2 hrs),0,0,0,0,0,0,0,0,0,0,0,0,0,0,0,0,0,0,0,0,0,0,0,0,0,0,0,0,0,0,0,0,0,0,0,0,0,0,0,0,0,0,0,0,0,0,0,0,0,0,0,0,0,0,0,0,0,0,0,0,0,0,0,0,0,0,0,0,0,0,0,0,0,0,0,0,0,0,0,0,0,0,0,0,0,0,0,0,0,0,0,0,0,0,0,0,0,0,0,0,1,0,0,0,0,0,0,0,0,0,0,0,0,0,0,0,0,0,0,0,0,0,1,0,0,0,0,0,0,0,0,0,0,0,0,0,0,0,0,0,0,0,0,0,0,0,0,0,0,0,0,0,0,0,1,1,0,0,0,0,0,0,1,0,0,0,1,0.0,4750.0,550.0,1800,8800,5300.0,0.6363636363636362,0.4737609329446063,0.022004889975550123,"[10, 11, 12, 1, 2, 3]",10|11|12|1|2|3
36,Punjab Agricultural University Museum,Ludhiana,Punjab,North,Museum,",Cultural","Family,Students,Solo",30,0,1200,300,30.901,75.807,4.3,5000,10,3,Urban,PUN-209,46.5,False,Easy,Half-day (2-4 hrs),0,0,0,0,0,0,0,0,0,0,0,0,0,0,0,0,0,0,0,0,0,0,0,0,0,0,0,0,0,0,0,1,0,0,0,0,0,0,0,0,0,0,0,0,0,0,0,0,0,0,0,0,0,0,0,0,0,0,0,0,0,0,0,0,0,0,0,0,0,0,0,0,0,0,0,0,0,0,0,0,0,0,0,0,0,0,0,0,0,0,0,0,0,0,0,0,0,0,0,0,0,0,0,0,0,0,0,0,0,0,0,0,0,0,0,0,0,0,0,0,0,0,0,0,0,0,0,0,0,0,0,0,0,0,0,0,0,0,0,0,0,0,0,0,0,0,0,0,0,0,0,0,0,0,0,1,0,0,0,0,0,0,1,0,1,0,1,0.0,3100.0,500.0,1530,5730,3630.0,0.3636363636363633,0.3309037900874635,0.005334518781951545,"[10, 11, 12, 1, 2, 3]",10|11|12|1|2|3
37,Ranjit Sagar Dam,Pathankot,Punjab,North,Dam,"Scenic,","Friends,Family,Solo",0,0,1200,300,32.437,75.638,4.5,6000,10,3,Forest,PUN-211,56.6,False,Moderate,Half-day (2-4 hrs),0,0,0,0,0,0,0,0,0,0,0,0,0,0,0,0,0,0,0,0,0,0,0,0,0,0,0,0,0,0,0,0,0,0,0,0,0,0,0,0,0,0,0,0,0,0,0,0,0,0,0,0,0,0,0,0,0,0,0,0,0,0,0,0,0,0,0,0,0,0,0,0,0,0,0,0,0,0,0,0,0,0,0,0,0,0,0,0,0,0,0,0,0,0,0,0,0,0,0,0,0,0,0,0,0,0,0,0,0,0,0,0,1,0,0,0,0,0,0,0,0,0,0,0,0,0,0,0,0,0,0,0,0,0,0,0,0,0,0,0,0,0,0,0,0,0,0,0,0,0,0,0,0,0,0,1,1,0,0,0,0,0,1,0,0,0,2,0.0,3100.0,500.0,1500,5700,3600.0,0.5454545454545454,0.47813411078717194,0.0064458768615247835,"[10, 11, 12, 1, 2, 3]",10|11|12|1|2|3
38,Bathinda Fort,Bathinda,Punjab,North,Fort,"Historical,Heritage","Family,Solo,Friends",0,0,1000,300,30.207,74.945,4.2,7000,10,3,Urban,PUN-210,39.5,False,Moderate,Half-day (2-4 hrs),0,0,0,0,0,0,0,0,0,0,0,0,0,0,0,0,0,0,0,0,0,0,0,0,0,0,0,0,0,0,0,0,0,0,0,0,0,0,0,0,0,0,0,0,0,0,0,0,0,0,0,0,0,1,0,0,0,1,0,0,0,0,0,0,0,0,0,0,0,0,0,0,0,0,0,0,0,0,0,0,0,0,0,0,0,0,0,0,0,0,0,0,0,0,0,0,0,0,0,0,0,0,0,0,0,0,0,0,0,0,0,0,0,0,0,0,0,0,0,0,0,0,0,0,0,0,0,0,0,0,0,0,0,0,0,0,0,0,0,0,0,0,0,0,0,0,0,0,0,0,0,0,0,0,0,1,1,0,0,0,0,0,1,0,0,0,2,0.0,2500.0,500.0,1300,4700,3000.0,0.27272727272727293,0.2288629737609329,0.007557234941098022,"[10, 11, 12, 1, 2, 3]",10|11|12|1|2|3
39,Virast-E-Khalsa,Anandpur Sahib,Punjab,North,Museum,"Heritage,Cultural,","Family,Students,Solo",100,0,1000,300,31.2395,76.507,4.8,30000,10,3,Urban,PUN-206,65.3,True,Easy,Half-day (2-4 hrs),0,0,0,0,0,0,0,0,0,0,0,0,0,0,0,0,0,0,0,0,0,0,0,0,0,0,0,0,0,0,0,1,0,0,0,0,0,0,0,0,0,0,0,0,0,0,0,0,0,0,0,0,0,1,0,0,0,0,0,0,0,0,0,0,0,0,0,0,0,0,0,0,0,0,0,0,0,0,0,0,0,0,0,0,0,0,0,0,0,0,0,0,0,0,0,0,0,0,0,0,0,0,0,0,0,0,0,0,0,0,0,0,0,0,0,0,0,0,0,0,0,0,0,0,0,0,0,0,0,0,0,0,0,0,0,0,0,0,0,0,0,0,0,0,0,0,0,0,0,0,0,0,0,0,0,1,0,0,0,0,0,0,1,0,1,0,1,0.0,3000.0,500.0,1400,5800,3600.0,0.8181818181818179,0.6049562682215742,0.03311847077128251,"[10, 11, 12, 1, 2, 3]",10|11|12|1|2|3
40,Pushpa Gujral Science City,Kapurthala,Punjab,North,Science Park,",Leisure","Family,Students,Friends",150,0,1200,300,31.38,75.39,4.4,12000,10,3,Urban,PUN-208,47.8,False,Easy,Half-day (2-4 hrs),0,0,0,0,0,0,0,0,0,0,0,0,0,0,0,0,0,0,0,0,0,0,0,0,0,0,0,0,0,0,0,0,0,0,0,0,0,0,0,0,0,0,0,0,0,0,0,0,0,0,0,0,0,0,0,0,0,0,0,0,0,0,0,0,0,0,0,0,0,1,0,0,0,0,0,0,0,0,0,0,0,0,0,0,0,0,0,0,0,0,0,0,0,0,0,0,0,0,0,0,0,0,0,0,0,0,0,0,0,0,0,0,0,0,0,0,0,0,0,0,0,0,0,0,0,0,0,0,0,0,0,0,0,0,0,0,0,0,0,0,0,0,0,0,0,0,0,0,0,0,0,0,0,0,0,1,1,0,0,0,0,0,0,0,1,0,1,0.0,3100.0,550.0,1650,5950,3800.0,0.4545454545454546,0.34985422740524774,0.013114025338964216,"[10, 11, 12, 1, 2, 3]",10|11|12|1|2|3
41,Kingdom Of Dreams,Gurugram,Haryana,North,Entertainment Park,"Entertainment,Cultural,Nightlife","Friends,Couples,Family",1000,500,2500,800,28.4697,77.0689,4.5,28000,10,3,Urban,HAR-101,49.2,False,Easy,Half-day (2-4 hrs),0,0,0,0,0,0,0,0,0,0,0,0,0,0,0,0,0,0,0,0,0,0,0,0,0,0,0,0,0,0,0,1,0,0,0,0,0,0,1,0,0,0,0,0,0,0,0,0,0,0,0,0,0,0,0,0,0,0,0,0,0,0,0,0,0,0,0,0,0,0,0,0,0,0,0,0,0,0,0,0,0,0,0,0,0,0,1,0,0,0,0,0,0,0,0,0,0,0,0,0,0,0,0,0,0,0,0,0,0,0,0,0,0,0,0,0,0,0,0,0,0,0,0,0,0,0,0,0,0,0,0,0,0,0,0,0,0,0,0,0,0,0,0,0,0,0,0,0,0,0,0,0,0,0,1,1,1,0,0,0,0,0,0,0,0,0,1,1750.0,7250.0,1400.0,4800,18000,11400.0,0.5454545454545454,0.3702623906705539,0.03089575461213603,"[10, 11, 12, 1, 2, 3]",10|11|12|1|2|3
42,Sultanpur National Park,Gurugram,Haryana,North,National Park,"Nature,Birdwatching,Photography","Solo,Family,Friends",5,0,2500,800,28.4595,76.89,4.3,12000,10,3,Urban,HAR-101,42.4,False,Moderate,Full-day (4-8 hrs),0,0,0,0,0,0,0,0,0,0,0,0,0,0,0,1,0,0,0,0,0,0,0,0,0,0,0,0,0,0,0,0,0,0,0,0,0,0,0,0,0,0,0,0,0,0,0,0,0,0,0,0,0,0,0,0,0,0,0,0,0,0,0,0,0,0,0,0,0,0,0,0,0,0,0,0,0,0,0,0,0,0,0,0,1,0,0,0,0,0,0,0,1,0,0,0,0,0,0,0,0,0,0,0,0,0,0,0,0,0,0,0,0,0,0,0,0,0,0,0,0,0,0,0,0,0,0,0,0,0,0,0,0,0,0,0,0,0,0,0,0,0,0,0,0,0,0,0,0,0,0,0,0,0,0,1,1,0,0,0,0,0,1,0,0,0,2,250.0,7250.0,1400.0,3305,14505,8905.0,0.3636363636363633,0.271137026239067,0.013114025338964216,"[10, 11, 12, 1, 2, 3]",10|11|12|1|2|3
43,Damdama Lake,Gurugram,Haryana,North,Lake,"Adventure,Scenic,Nature","Friends,Couples,Family",0,300,2000,700,28.3106,77.1176,4.0,8000,10,3,Forest,HAR-101,27.9,False,Moderate,Full-day (4-8 hrs),1,0,0,0,0,0,0,0,0,0,0,0,0,0,0,0,0,0,0,0,0,0,0,0,0,0,0,0,0,0,0,0,0,0,0,0,0,0,0,0,0,0,0,0,0,0,0,0,0,0,0,0,0,0,0,0,0,0,0,0,0,0,0,0,0,0,0,0,0,0,0,0,0,0,0,0,0,0,0,0,0,0,0,0,1,0,0,0,0,0,0,0,0,0,0,0,0,0,0,0,0,0,0,0,0,0,0,0,0,0,0,0,1,0,0,0,0,0,0,0,0,0,0,0,0,0,0,0,0,0,0,0,0,0,0,0,0,0,0,0,0,0,0,0,0,0,0,0,0,0,0,0,0,0,1,1,1,0,0,0,0,0,0,0,0,0,2,1150.0,6000.0,1250.0,3000,13800,8400.0,0.09090909090909083,0.059766763848396465,0.008668593020671262,"[10, 11, 12, 1, 2, 3]",10|11|12|1|2|3
44,Brahma Sarovar,Kurukshetra,Haryana,North,Religious Site,"Spiritual,Heritage,Cultural","Family,Solo,Couples",0,0,1500,600,29.9695,76.8783,4.6,15000,10,3,Urban,HAR-102,57.7,False,Moderate,Half-day (2-4 hrs),0,0,0,0,0,0,0,0,0,0,0,0,0,0,0,0,0,0,0,0,0,0,0,0,0,0,0,0,0,0,0,1,0,0,0,0,0,0,0,0,0,0,0,0,0,0,0,0,0,0,0,0,0,1,0,0,0,0,0,0,0,0,0,0,0,0,0,0,0,0,0,0,0,0,0,0,0,0,0,0,0,0,0,0,0,0,0,0,0,0,0,0,0,0,0,0,0,0,0,0,0,0,0,0,0,0,0,0,0,0,0,0,0,0,0,0,0,0,0,0,0,0,1,0,0,0,0,0,0,0,0,0,0,0,0,0,0,0,0,0,0,0,0,0,0,0,0,0,0,0,0,0,0,0,1,1,0,0,0,0,0,0,1,0,0,0,2,0.0,3750.0,1050.0,2100,7500,4800.0,0.6363636363636362,0.49416909620991245,0.01644809957768393,"[10, 11, 12, 1, 2, 3]",10|11|12|1|2|3
45,Jyotisar,Kurukshetra,Haryana,North,Religious Site,"Spiritual,Historical","Family,Solo",0,0,1500,600,29.9625,76.8175,4.6,9000,10,3,Urban,HAR-102,60.1,False,Moderate,Half-day (2-4 hrs),0,0,0,0,0,0,0,0,0,0,0,0,0,0,0,0,0,0,0,0,0,0,0,0,0,0,0,0,0,0,0,0,0,0,0,0,0,0,0,0,0,0,0,0,0,0,0,0,0,0,0,0,0,0,0,0,0,1,0,0,0,0,0,0,0,0,0,0,0,0,0,0,0,0,0,0,0,0,0,0,0,0,0,0,0,0,0,0,0,0,0,0,0,0,0,0,0,0,0,0,0,0,0,0,0,0,0,0,0,0,0,0,0,0,0,0,0,0,0,0,0,0,1,0,0,0,0,0,0,0,0,0,0,0,0,0,0,0,0,0,0,0,0,0,0,0,0,0,0,0,0,0,0,0,0,1,0,0,0,0,0,0,1,0,0,0,2,0.0,3750.0,1050.0,2100,7500,4800.0,0.6363636363636362,0.5291545189504373,0.0097799511002445,"[10, 11, 12, 1, 2, 3]",10|11|12|1|2|3
46,Pinjore Gardens,Pinjore,Haryana,North,Garden,"Historical,Scenic,Cultural","Family,Couples,Friends",30,0,1500,600,30.7985,76.9143,4.4,22000,10,3,Urban,HAR-103,44.9,False,Easy,Short (1-2 hrs),0,0,0,0,0,0,0,0,0,0,0,0,0,0,0,0,0,0,0,0,0,0,0,0,0,0,0,0,0,0,0,1,0,0,0,0,0,0,0,0,0,0,0,0,0,0,0,0,0,0,0,0,0,0,0,0,0,1,0,0,0,0,0,0,0,0,0,0,0,0,0,0,0,0,0,0,0,0,0,0,0,0,0,0,0,0,0,0,0,0,0,0,0,0,0,0,0,0,0,0,0,0,0,0,0,0,0,0,0,0,0,0,1,0,0,0,0,0,0,0,0,0,0,0,0,0,0,0,0,0,0,0,0,0,0,0,0,0,0,0,0,0,0,0,0,0,0,0,0,0,0,0,0,0,1,1,1,0,0,0,0,0,0,0,0,0,1,0.0,3750.0,1050.0,2130,7530,4830.0,0.4545454545454546,0.30758017492711365,0.0242276061346966,"[10, 11, 12, 1, 2, 3]",10|11|12|1|2|3
47,Morni Hills,Panchkula,Haryana,North,Hill Station,"Nature,Adventure,Scenic","Friends,Couples,Solo",0,500,2000,700,30.7433,77.0673,4.2,14000,10,4,Urban,HAR-103,36.2,False,Moderate,Full-day (4-8 hrs),1,0,0,0,0,0,0,0,0,0,0,0,0,0,0,0,0,0,0,0,0,0,0,0,0,0,0,0,0,0,0,0,0,0,0,0,0,0,0,0,0,0,0,0,0,0,0,0,0,0,0,0,0,0,0,0,0,0,0,0,0,0,0,0,0,0,0,0,0,0,0,0,0,0,0,0,0,0,0,0,0,0,0,0,1,0,0,0,0,0,0,0,0,0,0,0,0,0,0,0,0,0,0,0,0,0,0,0,0,0,0,0,1,0,0,0,0,0,0,0,0,0,0,0,0,0,0,0,0,0,0,0,0,0,0,0,0,0,0,0,0,0,0,0,0,0,0,0,0,0,0,0,0,0,1,0,1,0,0,0,0,0,1,0,0,0,2,1500.0,5000.0,1250.0,3200,12300,7750.0,0.27272727272727293,0.18075801749271136,0.015336741498110693,"[10, 11, 12, 1, 2, 3, 4]",10|11|12|1|2|3|4
48,Surajkund,Faridabad,Haryana,North,Reservoir,"Cultural,Heritage,Festival","Family,Friends,Couples",0,0,2000,700,28.4908,77.285,4.3,18000,10,3,Mountain,HAR-101,40.4,False,Moderate,Half-day (2-4 hrs),0,0,0,0,0,0,0,0,0,0,0,0,0,0,0,0,0,0,0,0,0,0,0,0,0,0,0,0,0,0,0,1,0,0,0,0,0,0,0,0,0,1,0,0,0,0,0,0,0,0,0,0,0,1,0,0,0,0,0,0,0,0,0,0,0,0,0,0,0,0,0,0,0,0,0,0,0,0,0,0,0,0,0,0,0,0,0,0,0,0,0,0,0,0,0,0,0,0,0,0,0,0,0,0,0,0,0,0,0,0,0,0,0,0,0,0,0,0,0,0,0,0,0,0,0,0,0,0,0,0,0,0,0,0,0,0,0,0,0,0,0,0,0,0,0,0,0,0,0,0,0,0,0,0,1,1,1,0,0,0,0,0,0,0,0,0,2,250.0,5000.0,1250.0,2700,10300,6500.0,0.3636363636363633,0.2419825072886297,0.019782173816403646,"[10, 11, 12, 1, 2, 3]",10|11|12|1|2|3
49,Badkhal Lake,Faridabad,Haryana,North,Lake,"Scenic,Nature","Family,Couples,Friends",0,0,2000,700,28.4126,77.3224,3.9,6000,10,3,Urban,HAR-101,23.8,False,Easy,Full-day (4-8 hrs),0,0,0,0,0,0,0,0,0,0,0,0,0,0,0,0,0,0,0,0,0,0,0,0,0,0,0,0,0,0,0,0,0,0,0,0,0,0,0,0,0,0,0,0,0,0,0,0,0,0,0,0,0,0,0,0,0,0,0,0,0,0,0,0,0,0,0,0,0,0,0,0,0,0,0,0,0,0,0,0,0,0,0,0,1,0,0,0,0,0,0,0,0,0,0,0,0,0,0,0,0,0,0,0,0,0,0,0,0,0,0,0,1,0,0,0,0,0,0,0,0,0,0,0,0,0,0,0,0,0,0,0,0,0,0,0,0,0,0,0,0,0,0,0,0,0,0,0,0,0,0,0,0,0,1,1,1,0,0,0,0,0,0,0,0,0,1,250.0,5000.0,1250.0,2700,10300,6500.0,0.0,0.0,0.0064458768615247835,"[10, 11, 12, 1, 2, 3]",10|11|12|1|2|3
50,Sheikh Chilli Tomb,Kurukshetra,Haryana,North,Monument,"Historical,Heritage","Family,Solo,Friends",20,0,1500,600,29.964,76.832,4.4,7000,10,3,Urban,HAR-102,50.4,False,Easy,Short (1-2 hrs),0,0,0,0,0,0,0,0,0,0,0,0,0,0,0,0,0,0,0,0,0,0,0,0,0,0,0,0,0,0,0,0,0,0,0,0,0,0,0,0,0,0,0,0,0,0,0,0,0,0,0,0,0,1,0,0,0,1,0,0,0,0,0,0,0,0,0,0,0,0,0,0,0,0,0,0,0,0,0,0,0,0,0,0,0,0,0,0,0,0,0,0,0,0,0,0,0,0,0,0,0,0,0,0,0,0,0,0,0,0,0,0,0,0,0,0,0,0,0,0,0,0,0,0,0,0,0,0,0,0,0,0,0,0,0,0,0,0,0,0,0,0,0,0,0,0,0,0,0,0,0,0,0,0,0,1,1,0,0,0,0,0,1,0,0,0,1,0.0,3750.0,1050.0,2120,7520,4820.0,0.4545454545454546,0.3877551020408162,0.007557234941098022,"[10, 11, 12, 1, 2, 3]",10|11|12|1|2|3
51,Tilyar Lake,Rohtak,Haryana,North,Lake,"Nature,Picnic","Family,Friends",0,200,1200,600,28.8909,76.58,4.1,5000,10,3,Urban,HAR-101,35.6,False,Easy,Full-day (4-8 hrs),0,0,0,0,0,0,0,0,0,0,0,0,0,0,0,0,0,0,0,0,0,0,0,0,0,0,0,0,0,0,0,0,0,0,0,0,0,0,0,0,0,0,0,0,0,0,0,0,0,0,0,0,0,0,0,0,0,0,0,0,0,0,0,0,0,0,0,0,0,0,0,0,0,0,0,0,0,0,0,0,0,0,0,0,1,0,0,0,0,0,0,0,0,1,0,0,0,0,0,0,0,0,0,0,0,0,0,0,0,0,0,0,0,0,0,0,0,0,0,0,0,0,0,0,0,0,0,0,0,0,0,0,0,0,0,0,0,0,0,0,0,0,0,0,0,0,0,0,0,0,0,0,0,0,0,1,1,0,0,0,0,0,0,0,0,0,1,600.0,3100.0,1000.0,2000,7400,4700.0,0.1818181818181812,0.1720116618075802,0.005334518781951545,"[10, 11, 12, 1, 2, 3]",10|11|12|1|2|3
52,Blue Bird Lake,Hisar,Haryana,North,Lake,"Nature,Picnic","Family,Friends",0,0,1200,600,29.1492,75.7217,4.0,3500,10,3,Urban,HAR-104,31.9,False,Easy,Full-day (4-8 hrs),0,0,0,0,0,0,0,0,0,0,0,0,0,0,0,0,0,0,0,0,0,0,0,0,0,0,0,0,0,0,0,0,0,0,0,0,0,0,0,0,0,0,0,0,0,0,0,0,0,0,0,0,0,0,0,0,0,0,0,0,0,0,0,0,0,0,0,0,0,0,0,0,0,0,0,0,0,0,0,0,0,0,0,0,1,0,0,0,0,0,0,0,0,1,0,0,0,0,0,0,0,0,0,0,0,0,0,0,0,0,0,0,0,0,0,0,0,0,0,0,0,0,0,0,0,0,0,0,0,0,0,0,0,0,0,0,0,0,0,0,0,0,0,0,0,0,0,0,0,0,0,0,0,0,0,1,1,0,0,0,0,0,0,0,0,0,1,250.0,3100.0,1000.0,1800,6900,4350.0,0.09090909090909083,0.11807580174927113,0.003667481662591687,"[10, 11, 12, 1, 2, 3]",10|11|12|1|2|3
53,Raja Nahar Singh Palace,Faridabad,Haryana,North,Heritage Palace,"Historical,Heritage,Architecture","Couples,Family,Friends",50,0,2000,700,28.3588,77.326,4.3,8500,10,3,Urban,HAR-101,44.0,False,Easy,Half-day (2-4 hrs),0,0,0,0,1,0,0,0,0,0,0,0,0,0,0,0,0,0,0,0,0,0,0,0,0,0,0,0,0,0,0,0,0,0,0,0,0,0,0,0,0,0,0,0,0,0,0,0,0,0,0,0,0,1,0,0,0,1,0,0,0,0,0,0,0,0,0,0,0,0,0,0,0,0,0,0,0,0,0,0,0,0,0,0,0,0,0,0,0,0,0,0,0,0,0,0,0,0,0,0,0,0,0,0,0,0,0,0,0,0,0,0,0,0,0,0,0,0,0,0,0,0,0,0,0,0,0,0,0,0,0,0,0,0,0,0,0,0,0,0,0,0,0,0,0,0,0,0,0,0,0,0,0,0,1,1,1,0,0,0,0,0,0,0,0,0,1,0.0,5000.0,1250.0,2750,9850,6300.0,0.3636363636363633,0.29446064139941686,0.00922427206045788,"[10, 11, 12, 1, 2, 3]",10|11|12|1|2|3
54,Farrukh Nagar Fort,Farrukh Nagar,Haryana,North,Fort,"Historical,Heritage","Solo,Friends,Family",0,0,2000,700,28.4475,76.8235,4.2,4000,10,3,Urban,HAR-101,42.1,False,Moderate,Half-day (2-4 hrs),0,0,0,0,0,0,0,0,0,0,0,0,0,0,0,0,0,0,0,0,0,0,0,0,0,0,0,0,0,0,0,0,0,0,0,0,0,0,0,0,0,0,0,0,0,0,0,0,0,0,0,0,0,1,0,0,0,1,0,0,0,0,0,0,0,0,0,0,0,0,0,0,0,0,0,0,0,0,0,0,0,0,0,0,0,0,0,0,0,0,0,0,0,0,0,0,0,0,0,0,0,0,0,0,0,0,0,0,0,0,0,0,0,0,0,0,0,0,0,0,0,0,0,0,0,0,0,0,0,0,0,0,0,0,0,0,0,0,0,0,0,0,0,0,0,0,0,0,0,0,0,0,0,0,0,1,1,0,0,0,0,0,1,0,0,0,2,0.0,5000.0,1250.0,2700,9800,6250.0,0.27272727272727293,0.26676384839650147,0.004223160702378307,"[10, 11, 12, 1, 2, 3]",10|11|12|1|2|3
55,Asigarh Fort,Hansi,Haryana,North,Fort,"Historical,Heritage,Architecture","Solo,Friends,Family",0,0,1200,600,29.102,75.964,4.1,3000,10,3,Mountain,HAR-104,38.0,False,Moderate,Half-day (2-4 hrs),0,0,0,0,1,0,0,0,0,0,0,0,0,0,0,0,0,0,0,0,0,0,0,0,0,0,0,0,0,0,0,0,0,0,0,0,0,0,0,0,0,0,0,0,0,0,0,0,0,0,0,0,0,1,0,0,0,1,0,0,0,0,0,0,0,0,0,0,0,0,0,0,0,0,0,0,0,0,0,0,0,0,0,0,0,0,0,0,0,0,0,0,0,0,0,0,0,0,0,0,0,0,0,0,0,0,0,0,0,0,0,0,0,0,0,0,0,0,0,0,0,0,0,0,0,0,0,0,0,0,0,0,0,0,0,0,0,0,0,0,0,0,0,0,0,0,0,0,0,0,0,0,0,0,0,1,1,0,0,0,0,0,1,0,0,0,2,0.0,3100.0,1000.0,1800,6400,4100.0,0.1818181818181812,0.20699708454810495,0.003111802622805068,"[10, 11, 12, 1, 2, 3]",10|11|12|1|2|3
56,Kedarnath Temple,Kedarnath,Uttarakhand,North,Temple,"Spiritual,Pilgrimage,Heritage","Family,Solo,Friends",0,0,1500,700,30.7352,79.0669,4.8,120000,5,10,Mountain,UTT-285,58.7,False,Moderate,Short (1-2 hrs),0,0,0,0,0,0,0,0,0,0,0,0,0,0,0,0,0,0,0,0,0,0,0,0,0,0,0,0,0,0,0,0,0,0,0,0,0,0,0,0,0,0,0,0,0,0,0,0,0,0,0,0,0,1,0,0,0,0,0,0,0,0,0,0,0,0,0,0,0,0,0,0,0,0,0,0,0,0,0,0,0,0,0,0,0,0,0,0,0,0,0,0,0,0,1,0,0,0,0,0,0,0,0,0,0,0,0,0,0,0,0,0,0,0,0,0,0,0,0,0,0,0,1,0,0,0,0,0,0,0,0,0,0,0,0,0,0,0,0,0,0,0,0,0,0,0,0,0,0,0,0,0,0,0,0,1,1,0,0,0,0,0,1,0,0,0,2,1500.0,3750.0,1250.0,2200,10800,6500.0,0.8181818181818179,0.5087463556851312,0.13314069793287397,"[5, 6, 7, 8, 9, 10]",5|6|7|8|9|10
57,Badrinath Temple,Badrinath,Uttarakhand,North,Temple,"Spiritual,Pilgrimage,Heritage","Family,Solo,Friends",0,0,1500,700,30.7433,79.4938,4.7,95000,5,10,Mountain,UTT-285,54.3,False,Moderate,Short (1-2 hrs),0,0,0,0,0,0,0,0,0,0,0,0,0,0,0,0,0,0,0,0,0,0,0,0,0,0,0,0,0,0,0,0,0,0,0,0,0,0,0,0,0,0,0,0,0,0,0,0,0,0,0,0,0,1,0,0,0,0,0,0,0,0,0,0,0,0,0,0,0,0,0,0,0,0,0,0,0,0,0,0,0,0,0,0,0,0,0,0,0,0,0,0,0,0,1,0,0,0,0,0,0,0,0,0,0,0,0,0,0,0,0,0,0,0,0,0,0,0,0,0,0,0,1,0,0,0,0,0,0,0,0,0,0,0,0,0,0,0,0,0,0,0,0,0,0,0,0,0,0,0,0,0,0,0,0,1,1,0,0,0,0,0,1,0,0,0,2,1000.0,3750.0,1250.0,2200,9800,6000.0,0.7272727272727271,0.444606413994169,0.10535674594354302,"[5, 6, 7, 8, 9, 10]",5|6|7|8|9|10
58,Har Ki Pauri,Haridwar,Uttarakhand,North,Religious Ghat,"Spiritual,Cultural,Heritage","Family,Solo,Couples",0,0,1200,600,29.9457,78.1642,4.7,85000,10,4,Urban,UTT-286,54.9,False,Easy,Short (1-2 hrs),0,0,0,0,0,0,0,0,0,0,0,0,0,0,0,0,0,0,0,0,0,0,0,0,0,0,0,0,0,0,0,1,0,0,0,0,0,0,0,0,0,0,0,0,0,0,0,0,0,0,0,0,0,1,0,0,0,0,0,0,0,0,0,0,0,0,0,0,0,0,0,0,0,0,0,0,0,0,0,0,0,0,0,0,0,0,0,0,0,0,0,0,0,0,0,0,0,0,0,0,0,0,0,0,0,0,0,0,0,0,0,0,0,0,0,0,0,0,0,0,0,0,1,0,0,0,0,0,0,0,0,0,0,0,0,0,0,0,0,0,0,0,0,0,0,0,0,0,0,0,0,0,0,0,1,1,0,0,0,0,0,0,1,0,0,0,1,250.0,3100.0,1050.0,1800,7000,4400.0,0.7272727272727271,0.45335276967930016,0.09424316514781063,"[10, 11, 12, 1, 2, 3, 4]",10|11|12|1|2|3|4
59,Rishikesh Laxman Jhula,Rishikesh,Uttarakhand,North,Bridge,"Adventure,Spiritual,Scenic","Friends,Solo,Couples",0,500,1500,700,30.0869,78.2676,4.6,70000,10,4,Mountain,UTT-286,50.3,False,Moderate,Short (1-2 hrs),1,0,0,0,0,0,0,0,0,0,0,0,0,0,0,0,0,0,0,0,0,0,0,0,0,0,0,0,0,0,0,0,0,0,0,0,0,0,0,0,0,0,0,0,0,0,0,0,0,0,0,0,0,0,0,0,0,0,0,0,0,0,0,0,0,0,0,0,0,0,0,0,0,0,0,0,0,0,0,0,0,0,0,0,0,0,0,0,0,0,0,0,0,0,0,0,0,0,0,0,0,0,0,0,0,0,0,0,0,0,0,0,1,0,0,0,0,0,0,0,0,0,1,0,0,0,0,0,0,0,0,0,0,0,0,0,0,0,0,0,0,0,0,0,0,0,0,0,0,0,0,0,0,0,1,0,1,0,0,0,0,0,1,0,0,0,2,1500.0,4750.0,1250.0,2700,12300,7500.0,0.6363636363636362,0.3862973760932944,0.07757279395421206,"[10, 11, 12, 1, 2, 3, 4]",10|11|12|1|2|3|4
60,Nainital Lake,Nainital,Uttarakhand,North,Lake,"Scenic,Romantic,Nature","Couples,Family,Friends",0,300,2000,800,29.3919,79.4542,4.6,90000,3,6,Mountain,UTT-285,49.1,False,Moderate,Full-day (4-8 hrs),0,0,0,0,0,0,0,0,0,0,0,0,0,0,0,0,0,0,0,0,0,0,0,0,0,0,0,0,0,0,0,0,0,0,0,0,0,0,0,0,0,0,0,0,0,0,0,0,0,0,0,0,0,0,0,0,0,0,0,0,0,0,0,0,0,0,0,0,0,0,0,0,0,0,0,0,0,0,0,0,0,0,0,0,1,0,0,0,0,0,0,0,0,0,0,0,0,0,0,0,0,0,0,0,0,0,0,0,1,0,0,0,1,0,0,0,0,0,0,0,0,0,0,0,0,0,0,0,0,0,0,0,0,0,0,0,0,0,0,0,0,0,0,0,0,0,0,0,0,0,0,0,0,0,1,1,1,0,0,0,0,0,0,0,0,0,2,900.0,6000.0,1400.0,3100,13500,8300.0,0.6363636363636362,0.3688046647230321,0.09979995554567682,"[3, 4, 5, 6]",3|4|5|6
61,Mussoorie Mall Road,Mussoorie,Uttarakhand,North,Hill Station,"Scenic,Shopping,Romantic","Couples,Family,Friends",0,0,2500,800,30.4598,78.0644,4.5,75000,3,6,Mountain,UTT-286,44.6,False,Moderate,Full-day (4-8 hrs),0,0,0,0,0,0,0,0,0,0,0,0,0,0,0,0,0,0,0,0,0,0,0,0,0,0,0,0,0,0,0,0,0,0,0,0,0,0,0,0,0,0,0,0,0,0,0,0,0,0,0,0,0,0,0,0,0,0,0,0,0,0,0,0,0,0,0,0,0,0,0,0,0,0,0,0,0,0,0,0,0,0,0,0,0,0,0,0,0,0,0,0,0,0,0,0,0,0,0,0,0,0,0,0,0,0,0,0,1,0,0,0,1,0,0,0,0,1,0,0,0,0,0,0,0,0,0,0,0,0,0,0,0,0,0,0,0,0,0,0,0,0,0,0,0,0,0,0,0,0,0,0,0,0,1,1,1,0,0,0,0,0,0,0,0,0,2,500.0,7250.0,1400.0,3300,15000,9150.0,0.5454545454545454,0.3032069970845481,0.08312958435207825,"[3, 4, 5, 6]",3|4|5|6
62,Auli,Auli,Uttarakhand,North,Ski Resort,"Adventure,Snow,Scenic","Friends,Couples,Solo",0,1000,3000,800,30.528,79.5669,4.6,40000,12,3,Mountain,UTT-285,53.0,False,Moderate,Multi-day (1-3 days),1,0,0,0,0,0,0,0,0,0,0,0,0,0,0,0,0,0,0,0,0,0,0,0,0,0,0,0,0,0,0,0,0,0,0,0,0,0,0,0,0,0,0,0,0,0,0,0,0,0,0,0,0,0,0,0,0,0,0,0,0,0,0,0,0,0,0,0,0,0,0,0,0,0,0,0,0,0,0,0,0,0,0,0,0,0,0,0,0,0,0,0,0,0,0,0,0,0,0,0,0,0,0,0,0,0,0,0,0,0,0,0,1,0,0,0,0,0,0,0,0,1,0,0,0,0,0,0,0,0,0,0,0,0,0,0,0,0,0,0,0,0,0,0,0,0,0,0,0,0,0,0,0,0,1,0,1,0,0,0,0,0,1,0,0,0,2,2500.0,9000.0,1400.0,4800,21000,12900.0,0.6363636363636362,0.4256559766763848,0.044232051567014895,"[12, 1, 2, 3]",12|1|2|3
63,Jim Corbett National Park,Ramnagar,Uttarakhand,North,National Park,"Wildlife,Adventure,Nature","Family,Friends,Solo",200,1500,2500,800,29.53,78.7747,4.5,65000,11,6,Forest,UTT-287,45.2,False,Moderate,Full-day (4-8 hrs),1,0,0,0,0,0,0,0,0,0,0,0,0,0,0,0,0,0,0,0,0,0,0,0,0,0,0,0,0,0,0,0,0,0,0,0,0,0,0,0,0,0,0,0,0,0,0,0,0,0,0,0,0,0,0,0,0,0,0,0,0,0,0,0,0,0,0,0,0,0,0,0,0,0,0,0,0,0,0,0,0,0,0,0,1,0,0,0,0,0,0,0,0,0,0,0,0,0,0,0,0,0,0,0,0,0,0,0,0,0,0,0,0,0,0,0,0,0,0,0,0,0,0,0,0,0,0,0,0,0,0,0,0,0,0,0,0,0,0,0,0,0,0,0,0,0,0,0,0,1,0,0,0,0,0,1,1,0,0,0,0,0,1,0,0,0,2,2750.0,7250.0,1400.0,5000,18200,11600.0,0.5454545454545454,0.3119533527696793,0.07201600355634585,"[11, 12, 1, 2, 3, 4, 5, 6]",11|12|1|2|3|4|5|6
64,Valley Of Flowers,Chamoli,Uttarakhand,North,National Park,"Nature,Trekking,Scenic","Solo,Friends,Couples",150,1500,1500,700,30.728,79.6053,4.8,25000,7,9,Valley,UTT-285,66.1,True,Moderate,Full-day (4-8 hrs),0,0,0,0,0,0,0,0,0,0,0,0,0,0,0,0,0,0,0,0,0,0,0,0,0,0,0,0,0,0,0,0,0,0,0,0,0,0,0,0,0,0,0,0,0,0,0,0,0,0,0,0,0,0,0,0,0,0,0,0,0,0,0,0,0,0,0,0,0,0,0,0,0,0,0,0,0,0,0,0,0,0,0,0,1,0,0,0,0,0,0,0,0,0,0,0,0,0,0,0,0,0,0,0,0,0,0,0,0,0,0,0,1,0,0,0,0,0,0,0,0,0,0,0,0,0,0,0,0,0,0,0,0,0,0,0,1,0,0,0,0,0,0,0,0,0,0,0,0,0,0,0,0,0,1,0,1,0,0,0,0,0,1,0,0,0,2,2250.0,3750.0,1250.0,3850,10950,7400.0,0.8181818181818179,0.6166180758017491,0.027561680373416317,"[7, 8, 9]",7|8|9
65,Yamunotri Temple,Yamunotri,Uttarakhand,North,Temple,"Spiritual,Pilgrimage","Family,Solo,Friends",0,0,1500,700,31.014,78.46,4.7,30000,5,10,Mountain,UTT-285,59.8,False,Moderate,Short (1-2 hrs),0,0,0,0,0,0,0,0,0,0,0,0,0,0,0,0,0,0,0,0,0,0,0,0,0,0,0,0,0,0,0,0,0,0,0,0,0,0,0,0,0,0,0,0,0,0,0,0,0,0,0,0,0,0,0,0,0,0,0,0,0,0,0,0,0,0,0,0,0,0,0,0,0,0,0,0,0,0,0,0,0,0,0,0,0,0,0,0,0,0,0,0,0,0,1,0,0,0,0,0,0,0,0,0,0,0,0,0,0,0,0,0,0,0,0,0,0,0,0,0,0,0,1,0,0,0,0,0,0,0,0,0,0,0,0,0,0,0,0,0,0,0,0,0,0,0,0,0,0,0,0,0,0,0,0,1,1,0,0,0,0,0,1,0,0,0,2,1250.0,3750.0,1250.0,2200,10300,6250.0,0.7272727272727271,0.5247813411078716,0.03311847077128251,"[5, 6, 7, 8, 9, 10]",5|6|7|8|9|10
66,Gangotri Temple,Gangotri,Uttarakhand,North,Temple,"Spiritual,Pilgrimage","Family,Solo,Friends",0,0,1500,700,30.9947,78.9398,4.7,35000,5,10,Mountain,UTT-285,59.1,False,Moderate,Short (1-2 hrs),0,0,0,0,0,0,0,0,0,0,0,0,0,0,0,0,0,0,0,0,0,0,0,0,0,0,0,0,0,0,0,0,0,0,0,0,0,0,0,0,0,0,0,0,0,0,0,0,0,0,0,0,0,0,0,0,0,0,0,0,0,0,0,0,0,0,0,0,0,0,0,0,0,0,0,0,0,0,0,0,0,0,0,0,0,0,0,0,0,0,0,0,0,0,1,0,0,0,0,0,0,0,0,0,0,0,0,0,0,0,0,0,0,0,0,0,0,0,0,0,0,0,1,0,0,0,0,0,0,0,0,0,0,0,0,0,0,0,0,0,0,0,0,0,0,0,0,0,0,0,0,0,0,0,0,1,1,0,0,0,0,0,1,0,0,0,2,1250.0,3750.0,1250.0,2200,10300,6250.0,0.7272727272727271,0.5145772594752186,0.038675261169148704,"[5, 6, 7, 8, 9, 10]",5|6|7|8|9|10
67,Tehri Lake,Tehri,Uttarakhand,North,Lake,"Adventure,Water_Sports,Scenic","Friends,Couples,Family",0,500,2000,700,30.3782,78.4803,4.4,12000,10,6,Mountain,UTT-286,47.8,False,Moderate,Full-day (4-8 hrs),1,0,0,0,0,0,0,0,0,0,0,0,0,0,0,0,0,0,0,0,0,0,0,0,0,0,0,0,0,0,0,0,0,0,0,0,0,0,0,0,0,0,0,0,0,0,0,0,0,0,0,0,0,0,0,0,0,0,0,0,0,0,0,0,0,0,0,0,0,0,0,0,0,0,0,0,0,0,0,0,0,0,0,0,0,0,0,0,0,0,0,0,0,0,0,0,0,0,0,0,0,0,0,0,0,0,0,0,0,0,0,0,1,0,0,0,0,0,0,0,0,0,0,0,0,0,0,0,0,0,0,0,0,0,0,0,0,0,0,0,0,0,0,0,0,0,1,0,0,0,0,0,0,0,1,1,1,0,0,0,0,0,0,0,0,0,2,1750.0,5000.0,1250.0,3200,12800,8000.0,0.4545454545454546,0.34985422740524774,0.013114025338964216,"[10, 11, 12, 1, 2, 3, 4, 5, 6]",10|11|12|1|2|3|4|5|6
68,Chopta,Rudraprayag,Uttarakhand,North,Hill Station,"Trekking,Nature,Scenic","Friends,Solo,Couples",0,500,1500,700,30.485,79.215,4.7,18000,3,6,Mountain,UTT-285,62.2,False,Moderate,Full-day (4-8 hrs),0,0,0,0,0,0,0,0,0,0,0,0,0,0,0,0,0,0,0,0,0,0,0,0,0,0,0,0,0,0,0,0,0,0,0,0,0,0,0,0,0,0,0,0,0,0,0,0,0,0,0,0,0,0,0,0,0,0,0,0,0,0,0,0,0,0,0,0,0,0,0,0,0,0,0,0,0,0,0,0,0,0,0,0,1,0,0,0,0,0,0,0,0,0,0,0,0,0,0,0,0,0,0,0,0,0,0,0,0,0,0,0,1,0,0,0,0,0,0,0,0,0,0,0,0,0,0,0,0,0,0,0,0,0,0,0,1,0,0,0,0,0,0,0,0,0,0,0,0,0,0,0,0,0,1,0,1,0,0,0,0,0,1,0,0,0,2,1250.0,3750.0,1250.0,2700,9800,6250.0,0.7272727272727271,0.5597667638483964,0.019782173816403646,"[3, 4, 5, 6]",3|4|5|6
69,Tungnath Temple,Rudraprayag,Uttarakhand,North,Temple,"Spiritual,Trekking,Heritage","Solo,Friends,Couples",0,500,1500,700,30.4895,79.2145,4.8,15000,5,10,Mountain,UTT-285,68.6,True,Moderate,Short (1-2 hrs),0,0,0,0,0,0,0,0,0,0,0,0,0,0,0,0,0,0,0,0,0,0,0,0,0,0,0,0,0,0,0,0,0,0,0,0,0,0,0,0,0,0,0,0,0,0,0,0,0,0,0,0,0,1,0,0,0,0,0,0,0,0,0,0,0,0,0,0,0,0,0,0,0,0,0,0,0,0,0,0,0,0,0,0,0,0,0,0,0,0,0,0,0,0,0,0,0,0,0,0,0,0,0,0,0,0,0,0,0,0,0,0,0,0,0,0,0,0,0,0,0,0,1,0,0,0,0,0,0,0,0,0,0,0,0,0,1,0,0,0,0,0,0,0,0,0,0,0,0,0,0,0,0,0,1,0,1,0,0,0,0,0,1,0,0,0,2,1250.0,3750.0,1250.0,2700,9800,6250.0,0.8181818181818179,0.6530612244897958,0.01644809957768393,"[5, 6, 7, 8, 9, 10]",5|6|7|8|9|10
70,Kausani,Kausani,Uttarakhand,North,Hill Station,"Scenic,Nature,Romantic","Couples,Family,Solo",0,0,1500,700,29.844,79.6031,4.5,10000,3,6,Urban,UTT-285,54.1,False,Moderate,Full-day (4-8 hrs),0,0,0,0,0,0,0,0,0,0,0,0,0,0,0,0,0,0,0,0,0,0,0,0,0,0,0,0,0,0,0,0,0,0,0,0,0,0,0,0,0,0,0,0,0,0,0,0,0,0,0,0,0,0,0,0,0,0,0,0,0,0,0,0,0,0,0,0,0,0,0,0,0,0,0,0,0,0,0,0,0,0,0,0,1,0,0,0,0,0,0,0,0,0,0,0,0,0,0,0,0,0,0,0,0,0,0,0,1,0,0,0,1,0,0,0,0,0,0,0,0,0,0,0,0,0,0,0,0,0,0,0,0,0,0,0,0,0,0,0,0,0,0,0,0,0,0,0,0,0,0,0,0,0,1,1,0,0,0,0,0,0,1,0,0,0,2,500.0,4250.0,1250.0,2200,9800,6000.0,0.5454545454545454,0.4416909620991253,0.010891309179817739,"[3, 4, 5, 6]",3|4|5|6
71,Taj Mahal,Agra,Uttar Pradesh,North,Monument,"Historical,Heritage,Romantic","Couples,Family,Solo,Friends",50,0,2000,800,27.1751,78.0421,4.8,900000,10,3,Urban,UTT-265,49.1,False,Easy,Short (1-2 hrs),0,0,0,0,0,0,0,0,0,0,0,0,0,0,0,0,0,0,0,0,0,0,0,0,0,0,0,0,0,0,0,0,0,0,0,0,0,0,0,0,0,0,0,0,0,0,0,0,0,0,0,0,0,1,0,0,0,1,0,0,0,0,0,0,0,0,0,0,0,0,0,0,0,0,0,0,0,0,0,0,0,0,0,0,0,0,0,0,0,0,0,0,0,0,0,0,0,0,0,0,0,0,0,0,0,0,0,0,1,0,0,0,0,0,0,0,0,0,0,0,0,0,0,0,0,0,0,0,0,0,0,0,0,0,0,0,0,0,0,0,0,0,0,0,0,0,0,0,0,0,0,0,0,0,1,1,1,0,0,0,0,0,1,0,0,0,1,0.0,8500.0,1650.0,2850,17550,10200.0,0.8181818181818179,0.3688046647230321,1.0000000000000002,"[10, 11, 12, 1, 2, 3]",10|11|12|1|2|3
72,Agra Fort,Agra,Uttar Pradesh,North,Fort,"Historical,Heritage,Architecture","Family,Solo,Friends",40,0,2000,800,27.1795,78.0211,4.7,200000,10,3,Urban,UTT-265,50.8,False,Moderate,Half-day (2-4 hrs),0,0,0,0,1,0,0,0,0,0,0,0,0,0,0,0,0,0,0,0,0,0,0,0,0,0,0,0,0,0,0,0,0,0,0,0,0,0,0,0,0,0,0,0,0,0,0,0,0,0,0,0,0,1,0,0,0,1,0,0,0,0,0,0,0,0,0,0,0,0,0,0,0,0,0,0,0,0,0,0,0,0,0,0,0,0,0,0,0,0,0,0,0,0,0,0,0,0,0,0,0,0,0,0,0,0,0,0,0,0,0,0,0,0,0,0,0,0,0,0,0,0,0,0,0,0,0,0,0,0,0,0,0,0,0,0,0,0,0,0,0,0,0,0,0,0,0,0,0,0,0,0,0,0,0,1,1,0,0,0,0,0,1,0,0,0,2,0.0,8500.0,1650.0,2840,17540,10190.0,0.7272727272727271,0.39358600583090364,0.22204934429873308,"[10, 11, 12, 1, 2, 3]",10|11|12|1|2|3
73,Fatehpur Sikri,Fatehpur Sikri,Uttar Pradesh,North,Heritage City,"Historical,Heritage,Architecture","Family,Solo,Friends",50,0,1500,700,27.0937,77.66,4.6,120000,10,3,Urban,UTT-265,47.8,False,Easy,Half-day (2-4 hrs),0,0,0,0,1,0,0,0,0,0,0,0,0,0,0,0,0,0,0,0,0,0,0,0,0,0,0,0,0,0,0,0,0,0,0,0,0,0,0,0,0,0,0,0,0,0,0,0,0,0,0,0,0,1,0,0,0,1,0,0,0,0,0,0,0,0,0,0,0,0,0,0,0,0,0,0,0,0,0,0,0,0,0,0,0,0,0,0,0,0,0,0,0,0,0,0,0,0,0,0,0,0,0,0,0,0,0,0,0,0,0,0,0,0,0,0,0,0,0,0,0,0,0,0,0,0,0,0,0,0,0,0,0,0,0,0,0,0,0,0,0,0,0,0,0,0,0,0,0,0,0,0,0,0,0,1,1,0,0,0,0,0,1,0,0,0,1,0.0,4750.0,1350.0,2250,10050,6150.0,0.6363636363636362,0.34985422740524774,0.13314069793287397,"[10, 11, 12, 1, 2, 3]",10|11|12|1|2|3
74,Kashi Vishwanath Temple,Varanasi,Uttar Pradesh,North,Temple,"Spiritual,Pilgrimage,Heritage","Family,Solo,Couples",0,0,1500,600,25.3109,83.0107,4.8,180000,10,3,Urban,UTT-266,56.7,False,Easy,Short (1-2 hrs),0,0,0,0,0,0,0,0,0,0,0,0,0,0,0,0,0,0,0,0,0,0,0,0,0,0,0,0,0,0,0,0,0,0,0,0,0,0,0,0,0,0,0,0,0,0,0,0,0,0,0,0,0,1,0,0,0,0,0,0,0,0,0,0,0,0,0,0,0,0,0,0,0,0,0,0,0,0,0,0,0,0,0,0,0,0,0,0,0,0,0,0,0,0,1,0,0,0,0,0,0,0,0,0,0,0,0,0,0,0,0,0,0,0,0,0,0,0,0,0,0,0,1,0,0,0,0,0,0,0,0,0,0,0,0,0,0,0,0,0,0,0,0,0,0,0,0,0,0,0,0,0,0,0,1,1,0,0,0,0,0,0,1,0,0,0,1,0.0,5750.0,1300.0,2100,12000,7050.0,0.8181818181818179,0.47959183673469385,0.1998221827072683,"[10, 11, 12, 1, 2, 3]",10|11|12|1|2|3
75,Dashashwamedh Ghat,Varanasi,Uttar Pradesh,North,Religious Ghat,"Spiritual,Cultural,Heritage","Family,Solo,Friends",0,0,1500,600,25.3063,83.0105,4.7,95000,10,3,Urban,UTT-266,54.3,False,Easy,Short (1-2 hrs),0,0,0,0,0,0,0,0,0,0,0,0,0,0,0,0,0,0,0,0,0,0,0,0,0,0,0,0,0,0,0,1,0,0,0,0,0,0,0,0,0,0,0,0,0,0,0,0,0,0,0,0,0,1,0,0,0,0,0,0,0,0,0,0,0,0,0,0,0,0,0,0,0,0,0,0,0,0,0,0,0,0,0,0,0,0,0,0,0,0,0,0,0,0,0,0,0,0,0,0,0,0,0,0,0,0,0,0,0,0,0,0,0,0,0,0,0,0,0,0,0,0,1,0,0,0,0,0,0,0,0,0,0,0,0,0,0,0,0,0,0,0,0,0,0,0,0,0,0,0,0,0,0,0,0,1,1,0,0,0,0,0,1,0,0,0,1,250.0,5750.0,1300.0,2100,12500,7300.0,0.7272727272727271,0.444606413994169,0.10535674594354302,"[10, 11, 12, 1, 2, 3]",10|11|12|1|2|3
76,Sarnath,Varanasi,Uttar Pradesh,North,Buddhist Cultural Site,"Spiritual,Heritage,Historical","Family,Solo,Friends",25,0,1500,600,25.3765,83.021,4.6,60000,10,3,Urban,UTT-266,51.1,False,Moderate,Half-day (2-4 hrs),0,0,0,0,0,0,0,0,0,0,0,0,0,0,0,0,0,0,0,0,0,0,0,0,0,0,0,0,0,0,0,0,0,0,0,0,0,0,0,0,0,0,0,0,0,0,0,0,0,0,0,0,0,1,0,0,0,1,0,0,0,0,0,0,0,0,0,0,0,0,0,0,0,0,0,0,0,0,0,0,0,0,0,0,0,0,0,0,0,0,0,0,0,0,0,0,0,0,0,0,0,0,0,0,0,0,0,0,0,0,0,0,0,0,0,0,0,0,0,0,0,0,1,0,0,0,0,0,0,0,0,0,0,0,0,0,0,0,0,0,0,0,0,0,0,0,0,0,0,0,0,0,0,0,0,1,1,0,0,0,0,0,1,0,0,0,2,0.0,5750.0,1300.0,2125,12025,7075.0,0.6363636363636362,0.3979591836734694,0.06645921315847966,"[10, 11, 12, 1, 2, 3]",10|11|12|1|2|3
77,Ayodhya Ram Mandir,Ayodhya,Uttar Pradesh,North,Temple,"Spiritual,Pilgrimage,Heritage","Family,Solo,Friends",0,0,1500,600,26.7956,82.1943,4.8,150000,10,3,Urban,UTT-272,57.6,False,Easy,Short (1-2 hrs),0,0,0,0,0,0,0,0,0,0,0,0,0,0,0,0,0,0,0,0,0,0,0,0,0,0,0,0,0,0,0,0,0,0,0,0,0,0,0,0,0,0,0,0,0,0,0,0,0,0,0,0,0,1,0,0,0,0,0,0,0,0,0,0,0,0,0,0,0,0,0,0,0,0,0,0,0,0,0,0,0,0,0,0,0,0,0,0,0,0,0,0,0,0,1,0,0,0,0,0,0,0,0,0,0,0,0,0,0,0,0,0,0,0,0,0,0,0,0,0,0,0,1,0,0,0,0,0,0,0,0,0,0,0,0,0,0,0,0,0,0,0,0,0,0,0,0,0,0,0,0,0,0,0,0,1,1,0,0,0,0,0,1,0,0,0,1,0.0,4750.0,1200.0,2100,9800,5950.0,0.8181818181818179,0.49271137026239065,0.16648144032007114,"[10, 11, 12, 1, 2, 3]",10|11|12|1|2|3
78,Allahabad Fort,Prayagraj,Uttar Pradesh,North,Fort,"Historical,Heritage","Family,Solo,Friends",50,0,1500,600,25.429,81.885,4.5,30000,10,3,Urban,UTT-267,48.9,False,Moderate,Half-day (2-4 hrs),0,0,0,0,0,0,0,0,0,0,0,0,0,0,0,0,0,0,0,0,0,0,0,0,0,0,0,0,0,0,0,0,0,0,0,0,0,0,0,0,0,0,0,0,0,0,0,0,0,0,0,0,0,1,0,0,0,1,0,0,0,0,0,0,0,0,0,0,0,0,0,0,0,0,0,0,0,0,0,0,0,0,0,0,0,0,0,0,0,0,0,0,0,0,0,0,0,0,0,0,0,0,0,0,0,0,0,0,0,0,0,0,0,0,0,0,0,0,0,0,0,0,0,0,0,0,0,0,0,0,0,0,0,0,0,0,0,0,0,0,0,0,0,0,0,0,0,0,0,0,0,0,0,0,0,1,1,0,0,0,0,0,1,0,0,0,2,0.0,4750.0,1200.0,2150,9850,6000.0,0.5454545454545454,0.36588921282798825,0.03311847077128251,"[10, 11, 12, 1, 2, 3]",10|11|12|1|2|3
79,Triveni Sangam,Prayagraj,Uttar Pradesh,North,Religious Site,"Spiritual,Pilgrimage,Cultural","Family,Solo,Friends",0,0,1500,600,25.4244,81.8814,4.7,70000,10,3,Forest,UTT-267,55.8,False,Moderate,Half-day (2-4 hrs),0,0,0,0,0,0,0,0,0,0,0,0,0,0,0,0,0,0,0,0,0,0,0,0,0,0,0,0,0,0,0,1,0,0,0,0,0,0,0,0,0,0,0,0,0,0,0,0,0,0,0,0,0,0,0,0,0,0,0,0,0,0,0,0,0,0,0,0,0,0,0,0,0,0,0,0,0,0,0,0,0,0,0,0,0,0,0,0,0,0,0,0,0,0,1,0,0,0,0,0,0,0,0,0,0,0,0,0,0,0,0,0,0,0,0,0,0,0,0,0,0,0,1,0,0,0,0,0,0,0,0,0,0,0,0,0,0,0,0,0,0,0,0,0,0,0,0,0,0,0,0,0,0,0,0,1,1,0,0,0,0,0,1,0,0,0,2,250.0,4750.0,1200.0,2100,10300,6200.0,0.7272727272727271,0.46647230320699695,0.07757279395421206,"[10, 11, 12, 1, 2, 3]",10|11|12|1|2|3
80,Jhansi Fort,Jhansi,Uttar Pradesh,North,Fort,"Historical,Heritage,Architecture","Family,Solo,Friends",25,0,1200,600,25.4484,78.5685,4.6,45000,10,3,Urban,UTT-273,52.4,False,Moderate,Half-day (2-4 hrs),0,0,0,0,1,0,0,0,0,0,0,0,0,0,0,0,0,0,0,0,0,0,0,0,0,0,0,0,0,0,0,0,0,0,0,0,0,0,0,0,0,0,0,0,0,0,0,0,0,0,0,0,0,1,0,0,0,1,0,0,0,0,0,0,0,0,0,0,0,0,0,0,0,0,0,0,0,0,0,0,0,0,0,0,0,0,0,0,0,0,0,0,0,0,0,0,0,0,0,0,0,0,0,0,0,0,0,0,0,0,0,0,0,0,0,0,0,0,0,0,0,0,0,0,0,0,0,0,0,0,0,0,0,0,0,0,0,0,0,0,0,0,0,0,0,0,0,0,0,0,0,0,0,0,0,1,1,0,0,0,0,0,1,0,0,0,2,0.0,3600.0,1050.0,1825,7525,4675.0,0.6363636363636362,0.4169096209912535,0.049788841964881085,"[10, 11, 12, 1, 2, 3]",10|11|12|1|2|3
81,Dudhwa National Park,Lakhimpur Kheri,Uttar Pradesh,North,National Park,"Wildlife,Adventure,Nature","Family,Friends,Solo",350,1500,2000,800,28.5,80.65,4.4,15000,11,6,Urban,UTT-274,46.8,False,Moderate,Full-day (4-8 hrs),1,0,0,0,0,0,0,0,0,0,0,0,0,0,0,0,0,0,0,0,0,0,0,0,0,0,0,0,0,0,0,0,0,0,0,0,0,0,0,0,0,0,0,0,0,0,0,0,0,0,0,0,0,0,0,0,0,0,0,0,0,0,0,0,0,0,0,0,0,0,0,0,0,0,0,0,0,0,0,0,0,0,0,0,1,0,0,0,0,0,0,0,0,0,0,0,0,0,0,0,0,0,0,0,0,0,0,0,0,0,0,0,0,0,0,0,0,0,0,0,0,0,0,0,0,0,0,0,0,0,0,0,0,0,0,0,0,0,0,0,0,0,0,0,0,0,0,0,0,1,0,0,0,0,0,1,1,0,0,0,0,0,1,0,0,0,2,2750.0,6000.0,1400.0,4650,16350,10500.0,0.4545454545454546,0.33527696793002904,0.01644809957768393,"[11, 12, 1, 2, 3, 4, 5, 6]",11|12|1|2|3|4|5|6
82,Mathura Vrindavan,Mathura,Uttar Pradesh,North,Religious City,"Spiritual,Cultural,Heritage","Family,Solo,Couples",0,0,1500,600,27.4924,77.6737,4.6,85000,10,3,Urban,UTT-268,49.4,False,Easy,Half-day (2-4 hrs),0,0,0,0,0,0,0,0,0,0,0,0,0,0,0,0,0,0,0,0,0,0,0,0,0,0,0,0,0,0,0,1,0,0,0,0,0,0,0,0,0,0,0,0,0,0,0,0,0,0,0,0,0,1,0,0,0,0,0,0,0,0,0,0,0,0,0,0,0,0,0,0,0,0,0,0,0,0,0,0,0,0,0,0,0,0,0,0,0,0,0,0,0,0,0,0,0,0,0,0,0,0,0,0,0,0,0,0,0,0,0,0,0,0,0,0,0,0,0,0,0,0,1,0,0,0,0,0,0,0,0,0,0,0,0,0,0,0,0,0,0,0,0,0,0,0,0,0,0,0,0,0,0,0,1,1,0,0,0,0,0,0,1,0,0,0,1,250.0,4750.0,1200.0,2100,10300,6200.0,0.6363636363636362,0.3731778425655976,0.09424316514781063,"[10, 11, 12, 1, 2, 3]",10|11|12|1|2|3
83,Bara Imambara,Lucknow,Uttar Pradesh,North,Monument,"Historical,Architecture,Heritage","Family,Solo,Friends",50,0,1500,700,26.8695,80.9125,4.6,75000,10,3,Urban,UTT-269,50.0,False,Easy,Short (1-2 hrs),0,0,0,0,1,0,0,0,0,0,0,0,0,0,0,0,0,0,0,0,0,0,0,0,0,0,0,0,0,0,0,0,0,0,0,0,0,0,0,0,0,0,0,0,0,0,0,0,0,0,0,0,0,1,0,0,0,1,0,0,0,0,0,0,0,0,0,0,0,0,0,0,0,0,0,0,0,0,0,0,0,0,0,0,0,0,0,0,0,0,0,0,0,0,0,0,0,0,0,0,0,0,0,0,0,0,0,0,0,0,0,0,0,0,0,0,0,0,0,0,0,0,0,0,0,0,0,0,0,0,0,0,0,0,0,0,0,0,0,0,0,0,0,0,0,0,0,0,0,0,0,0,0,0,0,1,1,0,0,0,0,0,1,0,0,0,1,0.0,5750.0,1350.0,2250,12050,7150.0,0.6363636363636362,0.38192419825072876,0.08312958435207825,"[10, 11, 12, 1, 2, 3]",10|11|12|1|2|3
84,Rumi Darwaza,Lucknow,Uttar Pradesh,North,Monument,"Historical,Architecture","Family,Solo,Friends",0,0,1500,700,26.8691,80.9129,4.5,50000,10,3,Urban,UTT-269,46.5,False,Easy,Short (1-2 hrs),0,0,0,0,1,0,0,0,0,0,0,0,0,0,0,0,0,0,0,0,0,0,0,0,0,0,0,0,0,0,0,0,0,0,0,0,0,0,0,0,0,0,0,0,0,0,0,0,0,0,0,0,0,0,0,0,0,1,0,0,0,0,0,0,0,0,0,0,0,0,0,0,0,0,0,0,0,0,0,0,0,0,0,0,0,0,0,0,0,0,0,0,0,0,0,0,0,0,0,0,0,0,0,0,0,0,0,0,0,0,0,0,0,0,0,0,0,0,0,0,0,0,0,0,0,0,0,0,0,0,0,0,0,0,0,0,0,0,0,0,0,0,0,0,0,0,0,0,0,0,0,0,0,0,0,1,1,0,0,0,0,0,1,0,0,0,1,0.0,5750.0,1350.0,2200,12000,7100.0,0.5454545454545454,0.3309037900874635,0.05534563236274728,"[10, 11, 12, 1, 2, 3]",10|11|12|1|2|3
85,Chitrakoot,Chitrakoot,Uttar Pradesh,North,Religious Site,"Spiritual,Nature,Pilgrimage","Family,Solo,Friends",0,0,1200,600,25.2,80.85,4.4,20000,10,3,Urban,UTT-275,45.4,False,Moderate,Half-day (2-4 hrs),0,0,0,0,0,0,0,0,0,0,0,0,0,0,0,0,0,0,0,0,0,0,0,0,0,0,0,0,0,0,0,0,0,0,0,0,0,0,0,0,0,0,0,0,0,0,0,0,0,0,0,0,0,0,0,0,0,0,0,0,0,0,0,0,0,0,0,0,0,0,0,0,0,0,0,0,0,0,0,0,0,0,0,0,1,0,0,0,0,0,0,0,0,0,1,0,0,0,0,0,0,0,0,0,0,0,0,0,0,0,0,0,0,0,0,0,0,0,0,0,0,0,1,0,0,0,0,0,0,0,0,0,0,0,0,0,0,0,0,0,0,0,0,0,0,0,0,0,0,0,0,0,0,0,0,1,1,0,0,0,0,0,1,0,0,0,2,250.0,3600.0,1050.0,1800,8000,4900.0,0.4545454545454546,0.314868804664723,0.022004889975550123,"[10, 11, 12, 1, 2, 3]",10|11|12|1|2|3
86,Hawa Mahal,Jaipur,Rajasthan,West,Monument,"Historical,Architecture","Family,Solo,Friends",50,0,1500,300,26.9239,75.8267,4.6,75000,10,3,Urban,RAJ-213,50.0,False,Easy,Short (1-2 hrs),0,0,0,0,1,0,0,0,0,0,0,0,0,0,0,0,0,0,0,0,0,0,0,0,0,0,0,0,0,0,0,0,0,0,0,0,0,0,0,0,0,0,0,0,0,0,0,0,0,0,0,0,0,0,0,0,0,1,0,0,0,0,0,0,0,0,0,0,0,0,0,0,0,0,0,0,0,0,0,0,0,0,0,0,0,0,0,0,0,0,0,0,0,0,0,0,0,0,0,0,0,0,0,0,0,0,0,0,0,0,0,0,0,0,0,0,0,0,0,0,0,0,0,0,0,0,0,0,0,0,0,0,0,0,0,0,0,0,0,0,0,0,0,0,0,0,0,0,0,0,0,0,0,0,0,1,1,0,0,0,0,0,1,0,0,0,1,100.0,4250.0,600.0,1850,8150,5000.0,0.6363636363636362,0.38192419825072876,0.08312958435207825,"[10, 11, 12, 1, 2, 3]",10|11|12|1|2|3
87,Amber Fort,Jaipur,Rajasthan,West,Fort,"Historical,Adventure","Family,Solo,Friends",100,200,1500,300,26.9855,75.8513,4.7,95000,10,3,Urban,RAJ-213,54.3,False,Moderate,Half-day (2-4 hrs),1,0,0,0,0,0,0,0,0,0,0,0,0,0,0,0,0,0,0,0,0,0,0,0,0,0,0,0,0,0,0,0,0,0,0,0,0,0,0,0,0,0,0,0,0,0,0,0,0,0,0,0,0,0,0,0,0,1,0,0,0,0,0,0,0,0,0,0,0,0,0,0,0,0,0,0,0,0,0,0,0,0,0,0,0,0,0,0,0,0,0,0,0,0,0,0,0,0,0,0,0,0,0,0,0,0,0,0,0,0,0,0,0,0,0,0,0,0,0,0,0,0,0,0,0,0,0,0,0,0,0,0,0,0,0,0,0,0,0,0,0,0,0,0,0,0,0,0,0,0,0,0,0,0,0,1,1,0,0,0,0,0,1,0,0,0,2,400.0,4250.0,600.0,2100,8600,5350.0,0.7272727272727271,0.444606413994169,0.10535674594354302,"[10, 11, 12, 1, 2, 3]",10|11|12|1|2|3
88,City Palace,Udaipur,Rajasthan,West,Palace,"Historical,Cultural","Family,Couples,Solo",300,0,2000,400,24.5767,73.6835,4.6,42000,9,3,Urban,RAJ-214,52.8,False,Easy,Half-day (2-4 hrs),0,0,0,0,0,0,0,0,0,0,0,0,0,0,0,0,0,0,0,0,0,0,0,0,0,0,0,0,0,0,0,1,0,0,0,0,0,0,0,0,0,0,0,0,0,0,0,0,0,0,0,0,0,0,0,0,0,1,0,0,0,0,0,0,0,0,0,0,0,0,0,0,0,0,0,0,0,0,0,0,0,0,0,0,0,0,0,0,0,0,0,0,0,0,0,0,0,0,0,0,0,0,0,0,0,0,0,0,0,0,0,0,0,0,0,0,0,0,0,0,0,0,0,0,0,0,0,0,0,0,0,0,0,0,0,0,0,0,0,0,0,0,0,0,0,0,0,0,0,0,0,0,0,0,1,1,0,0,0,0,0,0,1,0,0,0,1,250.0,5500.0,700.0,2700,10800,6750.0,0.6363636363636362,0.42274052478134105,0.046454767726161375,"[9, 10, 11, 12, 1, 2, 3]",9|10|11|12|1|2|3
89,Lake Pichola,Udaipur,Rajasthan,West,Lake,"Romantic,Nature","Couples,Family,Solo",0,200,2000,400,24.5755,73.682,4.7,38000,9,3,Mountain,RAJ-214,58.7,False,Moderate,Full-day (4-8 hrs),0,0,0,0,0,0,0,0,0,0,0,0,0,0,0,0,0,0,0,0,0,0,0,0,0,0,0,0,0,0,0,0,0,0,0,0,0,0,0,0,0,0,0,0,0,0,0,0,0,0,0,0,0,0,0,0,0,0,0,0,0,0,0,0,0,0,0,0,0,0,0,0,0,0,0,0,0,0,0,0,0,0,0,0,1,0,0,0,0,0,0,0,0,0,0,0,0,0,0,0,0,0,0,0,0,0,0,0,1,0,0,0,0,0,0,0,0,0,0,0,0,0,0,0,0,0,0,0,0,0,0,0,0,0,0,0,0,0,0,0,0,0,0,0,0,0,0,0,0,0,0,0,0,0,1,1,0,0,0,0,0,0,1,0,0,0,2,500.0,5500.0,700.0,2600,10800,6700.0,0.7272727272727271,0.5087463556851312,0.042009335407868414,"[9, 10, 11, 12, 1, 2, 3]",9|10|11|12|1|2|3
90,Mehrangarh Fort,Jodhpur,Rajasthan,West,Fort,"Historical,Architecture","Family,Solo,Friends",200,100,1800,350,26.2986,73.0183,4.8,60000,10,3,Urban,RAJ-215,62.0,False,Moderate,Half-day (2-4 hrs),0,0,0,0,1,0,0,0,0,0,0,0,0,0,0,0,0,0,0,0,0,0,0,0,0,0,0,0,0,0,0,0,0,0,0,0,0,0,0,0,0,0,0,0,0,0,0,0,0,0,0,0,0,0,0,0,0,1,0,0,0,0,0,0,0,0,0,0,0,0,0,0,0,0,0,0,0,0,0,0,0,0,0,0,0,0,0,0,0,0,0,0,0,0,0,0,0,0,0,0,0,0,0,0,0,0,0,0,0,0,0,0,0,0,0,0,0,0,0,0,0,0,0,0,0,0,0,0,0,0,0,0,0,0,0,0,0,0,0,0,0,0,0,0,0,0,0,0,0,0,0,0,0,0,0,1,1,0,0,0,0,0,1,0,0,0,2,250.0,4900.0,625.0,2450,9500,5975.0,0.8181818181818179,0.5568513119533527,0.06645921315847966,"[10, 11, 12, 1, 2, 3]",10|11|12|1|2|3
91,Jaisalmer Fort,Jaisalmer,Rajasthan,West,Fort,"Historical,Cultural","Family,Solo,Friends",50,200,1500,350,26.9124,70.912,4.7,55000,10,3,Urban,RAJ-216,56.9,False,Moderate,Half-day (2-4 hrs),0,0,0,0,0,0,0,0,0,0,0,0,0,0,0,0,0,0,0,0,0,0,0,0,0,0,0,0,0,0,0,1,0,0,0,0,0,0,0,0,0,0,0,0,0,0,0,0,0,0,0,0,0,0,0,0,0,1,0,0,0,0,0,0,0,0,0,0,0,0,0,0,0,0,0,0,0,0,0,0,0,0,0,0,0,0,0,0,0,0,0,0,0,0,0,0,0,0,0,0,0,0,0,0,0,0,0,0,0,0,0,0,0,0,0,0,0,0,0,0,0,0,0,0,0,0,0,0,0,0,0,0,0,0,0,0,0,0,0,0,0,0,0,0,0,0,0,0,0,0,0,0,0,0,0,1,1,0,0,0,0,0,1,0,0,0,2,400.0,4250.0,625.0,2100,8550,5325.0,0.7272727272727271,0.48250728862973746,0.06090242276061347,"[10, 11, 12, 1, 2, 3]",10|11|12|1|2|3
92,Sam Sand Dunes,Jaisalmer,Rajasthan,West,Desert,"Adventure,Romantic","Couples,Friends,Solo",0,1500,2000,400,26.8285,70.4983,4.6,21000,10,2,Mountain,RAJ-216,56.1,False,Moderate,Full-day (4-8 hrs),1,0,0,0,0,0,0,0,0,0,0,0,0,0,0,0,0,0,0,0,0,0,0,0,0,0,0,0,0,0,0,0,0,0,0,0,0,0,0,0,0,0,0,0,0,0,0,0,0,0,0,0,0,0,0,0,0,0,0,0,0,0,0,0,0,0,0,0,0,0,0,0,0,0,0,0,0,0,0,0,0,0,0,0,0,0,0,0,0,0,0,0,0,0,0,0,0,0,0,0,0,0,0,0,0,0,0,0,1,0,0,0,0,0,0,0,0,0,0,0,0,0,0,0,0,0,0,0,0,0,0,0,0,0,0,0,0,0,0,0,0,0,0,0,0,0,0,0,0,0,0,0,0,0,1,0,1,0,0,0,0,0,1,0,0,0,2,2750.0,5000.0,700.0,3900,13000,8450.0,0.6363636363636362,0.4708454810495626,0.023116248055123363,"[10, 11, 12, 1, 2]",10|11|12|1|2
93,Pushkar Lake,Pushkar,Rajasthan,West,Religious Lake,"Spiritual,Cultural","Family,Solo",0,100,1200,300,26.4902,74.5511,4.5,18000,10,3,Desert,RAJ-217,51.3,False,Moderate,Full-day (4-8 hrs),0,0,0,0,0,0,0,0,0,0,0,0,0,0,0,0,0,0,0,0,0,0,0,0,0,0,0,0,0,0,0,1,0,0,0,0,0,0,0,0,0,0,0,0,0,0,0,0,0,0,0,0,0,0,0,0,0,0,0,0,0,0,0,0,0,0,0,0,0,0,0,0,0,0,0,0,0,0,0,0,0,0,0,0,0,0,0,0,0,0,0,0,0,0,0,0,0,0,0,0,0,0,0,0,0,0,0,0,0,0,0,0,0,0,0,0,0,0,0,0,0,0,1,0,0,0,0,0,0,0,0,0,0,0,0,0,0,0,0,0,0,0,0,0,0,0,0,0,0,0,0,0,0,0,0,1,0,0,0,0,0,0,1,0,0,0,2,200.0,3600.0,550.0,1600,7100,4350.0,0.5454545454545454,0.400874635568513,0.019782173816403646,"[10, 11, 12, 1, 2, 3]",10|11|12|1|2|3
94,Ajmer Sharif Dargah,Ajmer,Rajasthan,West,Dargah,"Spiritual,Pilgrimage","Family,Solo",0,100,1200,300,26.4499,74.6399,4.7,50000,10,3,Desert,RAJ-217,57.4,False,Moderate,Short (1-2 hrs),0,0,0,0,0,0,0,0,0,0,0,0,0,0,0,0,0,0,0,0,0,0,0,0,0,0,0,0,0,0,0,0,0,0,0,0,0,0,0,0,0,0,0,0,0,0,0,0,0,0,0,0,0,0,0,0,0,0,0,0,0,0,0,0,0,0,0,0,0,0,0,0,0,0,0,0,0,0,0,0,0,0,0,0,0,0,0,0,0,0,0,0,0,0,1,0,0,0,0,0,0,0,0,0,0,0,0,0,0,0,0,0,0,0,0,0,0,0,0,0,0,0,1,0,0,0,0,0,0,0,0,0,0,0,0,0,0,0,0,0,0,0,0,0,0,0,0,0,0,0,0,0,0,0,0,1,0,0,0,0,0,0,1,0,0,0,2,200.0,3600.0,550.0,1600,7100,4350.0,0.7272727272727271,0.4897959183673468,0.05534563236274728,"[10, 11, 12, 1, 2, 3]",10|11|12|1|2|3
95,Ranthambore National Park,Sawai Madhopur,Rajasthan,West,National Park,"Wildlife,Adventure","Family,Friends,Solo",200,1500,2500,500,26.0173,76.5026,4.6,32000,10,4,Desert,RAJ-225,54.1,False,Moderate,Full-day (4-8 hrs),1,0,0,0,0,0,0,0,0,0,0,0,0,0,0,0,0,0,0,0,0,0,0,0,0,0,0,0,0,0,0,0,0,0,0,0,0,0,0,0,0,0,0,0,0,0,0,0,0,0,0,0,0,0,0,0,0,0,0,0,0,0,0,0,0,0,0,0,0,0,0,0,0,0,0,0,0,0,0,0,0,0,0,0,0,0,0,0,0,0,0,0,0,0,0,0,0,0,0,0,0,0,0,0,0,0,0,0,0,0,0,0,0,0,0,0,0,0,0,0,0,0,0,0,0,0,0,0,0,0,0,0,0,0,0,0,0,0,0,0,0,0,0,0,0,0,0,0,0,1,0,0,0,0,0,1,1,0,0,0,0,0,1,0,0,0,2,2500.0,6250.0,850.0,4700,14900,9800.0,0.6363636363636362,0.4416909620991253,0.03534118693042899,"[10, 11, 12, 1, 2, 3, 4]",10|11|12|1|2|3|4
96,Chittorgarh Fort,Chittorgarh,Rajasthan,West,Fort,Historical,"Family,Solo,Friends",100,0,1200,300,24.8887,74.6269,4.7,28000,9,3,Urban,RAJ-226,60.1,False,Moderate,Half-day (2-4 hrs),0,0,0,0,0,0,0,0,0,0,0,0,0,0,0,0,0,0,0,0,0,0,0,0,0,0,0,0,0,0,0,0,0,0,0,0,0,0,0,0,0,0,0,0,0,0,0,0,0,0,0,0,0,0,0,0,0,1,0,0,0,0,0,0,0,0,0,0,0,0,0,0,0,0,0,0,0,0,0,0,0,0,0,0,0,0,0,0,0,0,0,0,0,0,0,0,0,0,0,0,0,0,0,0,0,0,0,0,0,0,0,0,0,0,0,0,0,0,0,0,0,0,0,0,0,0,0,0,0,0,0,0,0,0,0,0,0,0,0,0,0,0,0,0,0,0,0,0,0,0,0,0,0,0,0,1,1,0,0,0,0,0,1,0,0,0,2,150.0,3600.0,550.0,1600,7200,4400.0,0.7272727272727271,0.5291545189504373,0.03089575461213603,"[9, 10, 11, 12, 1, 2, 3]",9|10|11|12|1|2|3
97,Mount Abu,Mount Abu,Rajasthan,West,Hill Station,"Nature,Romantic","Couples,Family,Solo",0,200,2000,400,24.5926,72.7156,4.5,45000,9,4,Forest,RAJ-218,47.0,False,Moderate,Full-day (4-8 hrs),0,0,0,0,0,0,0,0,0,0,0,0,0,0,0,0,0,0,0,0,0,0,0,0,0,0,0,0,0,0,0,0,0,0,0,0,0,0,0,0,0,0,0,0,0,0,0,0,0,0,0,0,0,0,0,0,0,0,0,0,0,0,0,0,0,0,0,0,0,0,0,0,0,0,0,0,0,0,0,0,0,0,0,0,1,0,0,0,0,0,0,0,0,0,0,0,0,0,0,0,0,0,0,0,0,0,0,0,1,0,0,0,0,0,0,0,0,0,0,0,0,0,0,0,0,0,0,0,0,0,0,0,0,0,0,0,0,0,0,0,0,0,0,0,0,0,0,0,0,0,0,0,0,0,1,1,0,0,0,0,0,0,1,0,0,0,2,600.0,5500.0,700.0,2600,11000,6800.0,0.5454545454545454,0.33819241982507287,0.049788841964881085,"[9, 10, 11, 12, 1, 2, 3, 4]",9|10|11|12|1|2|3|4
98,Dilwara Temples,Mount Abu,Rajasthan,West,Temple,"Spiritual,Architecture","Family,Solo",0,100,2000,400,24.5935,72.7156,4.7,15000,9,4,Mountain,RAJ-218,63.1,True,Moderate,Short (1-2 hrs),0,0,0,0,1,0,0,0,0,0,0,0,0,0,0,0,0,0,0,0,0,0,0,0,0,0,0,0,0,0,0,0,0,0,0,0,0,0,0,0,0,0,0,0,0,0,0,0,0,0,0,0,0,0,0,0,0,0,0,0,0,0,0,0,0,0,0,0,0,0,0,0,0,0,0,0,0,0,0,0,0,0,0,0,0,0,0,0,0,0,0,0,0,0,0,0,0,0,0,0,0,0,0,0,0,0,0,0,0,0,0,0,0,0,0,0,0,0,0,0,0,0,1,0,0,0,0,0,0,0,0,0,0,0,0,0,0,0,0,0,0,0,0,0,0,0,0,0,0,0,0,0,0,0,0,1,0,0,0,0,0,0,1,0,0,0,2,200.0,5500.0,700.0,2500,10300,6400.0,0.7272727272727271,0.5728862973760932,0.01644809957768393,"[9, 10, 11, 12, 1, 2, 3, 4]",9|10|11|12|1|2|3|4
99,Bikaner Junagarh Fort,Bikaner,Rajasthan,West,Fort,"Historical,Architecture","Family,Solo,Friends",50,100,1200,300,28.0229,73.3187,4.6,22000,10,3,Mountain,RAJ-219,55.8,False,Moderate,Half-day (2-4 hrs),0,0,0,0,1,0,0,0,0,0,0,0,0,0,0,0,0,0,0,0,0,0,0,0,0,0,0,0,0,0,0,0,0,0,0,0,0,0,0,0,0,0,0,0,0,0,0,0,0,0,0,0,0,0,0,0,0,1,0,0,0,0,0,0,0,0,0,0,0,0,0,0,0,0,0,0,0,0,0,0,0,0,0,0,0,0,0,0,0,0,0,0,0,0,0,0,0,0,0,0,0,0,0,0,0,0,0,0,0,0,0,0,0,0,0,0,0,0,0,0,0,0,0,0,0,0,0,0,0,0,0,0,0,0,0,0,0,0,0,0,0,0,0,0,0,0,0,0,0,0,0,0,0,0,0,1,1,0,0,0,0,0,1,0,0,0,2,200.0,3600.0,550.0,1650,7150,4400.0,0.6363636363636362,0.46647230320699695,0.0242276061346966,"[10, 11, 12, 1, 2, 3]",10|11|12|1|2|3
100,Nahargarh Fort,Jaipur,Rajasthan,West,Fort,"Historical,Romantic","Couples,Family,Friends",50,100,1500,300,26.9373,75.815,4.5,30000,10,3,Mountain,RAJ-213,48.9,False,Moderate,Half-day (2-4 hrs),0,0,0,0,0,0,0,0,0,0,0,0,0,0,0,0,0,0,0,0,0,0,0,0,0,0,0,0,0,0,0,0,0,0,0,0,0,0,0,0,0,0,0,0,0,0,0,0,0,0,0,0,0,0,0,0,0,1,0,0,0,0,0,0,0,0,0,0,0,0,0,0,0,0,0,0,0,0,0,0,0,0,0,0,0,0,0,0,0,0,0,0,0,0,0,0,0,0,0,0,0,0,0,0,0,0,0,0,1,0,0,0,0,0,0,0,0,0,0,0,0,0,0,0,0,0,0,0,0,0,0,0,0,0,0,0,0,0,0,0,0,0,0,0,0,0,0,0,0,0,0,0,0,0,1,1,1,0,0,0,0,0,0,0,0,0,2,250.0,4250.0,600.0,1950,8350,5150.0,0.5454545454545454,0.36588921282798825,0.03311847077128251,"[10, 11, 12, 1, 2, 3]",10|11|12|1|2|3
101,Statue Of Unity,Kevadia,Gujarat,West,Monument,"Historical,Architecture","Family,Solo,Friends",150,200,2000,400,21.838,73.7191,4.7,85000,10,3,Desert,GUJ-75,54.9,False,Moderate,Short (1-2 hrs),0,0,0,0,1,0,0,0,0,0,0,0,0,0,0,0,0,0,0,0,0,0,0,0,0,0,0,0,0,0,0,0,0,0,0,0,0,0,0,0,0,0,0,0,0,0,0,0,0,0,0,0,0,0,0,0,0,1,0,0,0,0,0,0,0,0,0,0,0,0,0,0,0,0,0,0,0,0,0,0,0,0,0,0,0,0,0,0,0,0,0,0,0,0,0,0,0,0,0,0,0,0,0,0,0,0,0,0,0,0,0,0,0,0,0,0,0,0,0,0,0,0,0,0,0,0,0,0,0,0,0,0,0,0,0,0,0,0,0,0,0,0,0,0,0,0,0,0,0,0,0,0,0,0,0,1,1,0,0,0,0,0,1,0,0,0,2,600.0,5000.0,700.0,2750,10150,6450.0,0.7272727272727271,0.45335276967930016,0.09424316514781063,"[10, 11, 12, 1, 2, 3]",10|11|12|1|2|3
102,Somnath Temple,Somnath,Gujarat,West,Temple,"Spiritual,Pilgrimage","Family,Solo",0,100,1500,300,20.888,70.401,4.8,60000,10,3,Mountain,GUJ-88,62.0,False,Moderate,Short (1-2 hrs),0,0,0,0,0,0,0,0,0,0,0,0,0,0,0,0,0,0,0,0,0,0,0,0,0,0,0,0,0,0,0,0,0,0,0,0,0,0,0,0,0,0,0,0,0,0,0,0,0,0,0,0,0,0,0,0,0,0,0,0,0,0,0,0,0,0,0,0,0,0,0,0,0,0,0,0,0,0,0,0,0,0,0,0,0,0,0,0,0,0,0,0,0,0,1,0,0,0,0,0,0,0,0,0,0,0,0,0,0,0,0,0,0,0,0,0,0,0,0,0,0,0,1,0,0,0,0,0,0,0,0,0,0,0,0,0,0,0,0,0,0,0,0,0,0,0,0,0,0,0,0,0,0,0,0,1,0,0,0,0,0,0,1,0,0,0,2,200.0,3750.0,550.0,1900,7100,4500.0,0.8181818181818179,0.5568513119533527,0.06645921315847966,"[10, 11, 12, 1, 2, 3]",10|11|12|1|2|3
103,Dwarkadhish Temple,Dwarka,Gujarat,West,Temple,"Spiritual,Pilgrimage","Family,Solo",0,100,1200,300,22.2442,68.9685,4.7,45000,10,3,Urban,GUJ-76,57.9,False,Easy,Short (1-2 hrs),0,0,0,0,0,0,0,0,0,0,0,0,0,0,0,0,0,0,0,0,0,0,0,0,0,0,0,0,0,0,0,0,0,0,0,0,0,0,0,0,0,0,0,0,0,0,0,0,0,0,0,0,0,0,0,0,0,0,0,0,0,0,0,0,0,0,0,0,0,0,0,0,0,0,0,0,0,0,0,0,0,0,0,0,0,0,0,0,0,0,0,0,0,0,1,0,0,0,0,0,0,0,0,0,0,0,0,0,0,0,0,0,0,0,0,0,0,0,0,0,0,0,1,0,0,0,0,0,0,0,0,0,0,0,0,0,0,0,0,0,0,0,0,0,0,0,0,0,0,0,0,0,0,0,0,1,0,0,0,0,0,0,1,0,0,0,1,200.0,3350.0,550.0,1600,6600,4100.0,0.7272727272727271,0.49708454810495617,0.049788841964881085,"[10, 11, 12, 1, 2, 3]",10|11|12|1|2|3
104,Rann Of Kutch,Kutch,Gujarat,West,Salt Desert,"Adventure,Cultural","Friends,Couples,Solo",0,1500,2000,400,23.7337,69.8597,4.6,30000,11,2,Desert,GUJ-77,54.4,False,Moderate,Full-day (4-8 hrs),1,0,0,0,0,0,0,0,0,0,0,0,0,0,0,0,0,0,0,0,0,0,0,0,0,0,0,0,0,0,0,1,0,0,0,0,0,0,0,0,0,0,0,0,0,0,0,0,0,0,0,0,0,0,0,0,0,0,0,0,0,0,0,0,0,0,0,0,0,0,0,0,0,0,0,0,0,0,0,0,0,0,0,0,0,0,0,0,0,0,0,0,0,0,0,0,0,0,0,0,0,0,0,0,0,0,0,0,0,0,0,0,0,0,0,0,0,0,0,0,0,0,0,0,0,0,0,0,0,0,0,0,0,0,0,0,0,0,0,0,0,0,0,0,0,0,0,0,0,0,0,0,0,0,1,0,1,0,0,0,0,0,1,0,0,0,2,2750.0,5500.0,700.0,3900,14000,8950.0,0.6363636363636362,0.4460641399416909,0.03311847077128251,"[11, 12, 1, 2]",11|12|1|2
105,Gir National Park,Junagadh,Gujarat,West,National Park,"Wildlife,Adventure","Family,Friends,Solo",800,2000,2500,500,21.124,70.824,4.6,25000,12,4,Forest,GUJ-89,55.2,False,Moderate,Full-day (4-8 hrs),1,0,0,0,0,0,0,0,0,0,0,0,0,0,0,0,0,0,0,0,0,0,0,0,0,0,0,0,0,0,0,0,0,0,0,0,0,0,0,0,0,0,0,0,0,0,0,0,0,0,0,0,0,0,0,0,0,0,0,0,0,0,0,0,0,0,0,0,0,0,0,0,0,0,0,0,0,0,0,0,0,0,0,0,0,0,0,0,0,0,0,0,0,0,0,0,0,0,0,0,0,0,0,0,0,0,0,0,0,0,0,0,0,0,0,0,0,0,0,0,0,0,0,0,0,0,0,0,0,0,0,0,0,0,0,0,0,0,0,0,0,0,0,0,0,0,0,0,0,1,0,0,0,0,0,1,1,0,0,0,0,0,1,0,0,0,2,3500.0,6250.0,850.0,5800,17000,11400.0,0.6363636363636362,0.4577259475218659,0.027561680373416317,"[12, 1, 2, 3, 4]",12|1|2|3|4
106,Sabarmati Ashram,Ahmedabad,Gujarat,West,Historic Site,"Historical,Cultural","Family,Solo",0,0,1500,300,23.06,72.58,4.6,35000,10,3,Urban,GUJ-78,53.6,False,Moderate,Half-day (2-4 hrs),0,0,0,0,0,0,0,0,0,0,0,0,0,0,0,0,0,0,0,0,0,0,0,0,0,0,0,0,0,0,0,1,0,0,0,0,0,0,0,0,0,0,0,0,0,0,0,0,0,0,0,0,0,0,0,0,0,1,0,0,0,0,0,0,0,0,0,0,0,0,0,0,0,0,0,0,0,0,0,0,0,0,0,0,0,0,0,0,0,0,0,0,0,0,0,0,0,0,0,0,0,0,0,0,0,0,0,0,0,0,0,0,0,0,0,0,0,0,0,0,0,0,0,0,0,0,0,0,0,0,0,0,0,0,0,0,0,0,0,0,0,0,0,0,0,0,0,0,0,0,0,0,0,0,0,1,0,0,0,0,0,0,1,0,0,0,2,100.0,4250.0,600.0,1800,8100,4950.0,0.6363636363636362,0.43440233236151593,0.038675261169148704,"[10, 11, 12, 1, 2, 3]",10|11|12|1|2|3
107,Akshardham Temple,Gandhinagar,Gujarat,West,Temple,"Spiritual,Architecture","Family,Solo",60,100,1500,300,23.235,72.65,4.7,40000,10,3,Urban,GUJ-78,58.5,False,Easy,Short (1-2 hrs),0,0,0,0,1,0,0,0,0,0,0,0,0,0,0,0,0,0,0,0,0,0,0,0,0,0,0,0,0,0,0,0,0,0,0,0,0,0,0,0,0,0,0,0,0,0,0,0,0,0,0,0,0,0,0,0,0,0,0,0,0,0,0,0,0,0,0,0,0,0,0,0,0,0,0,0,0,0,0,0,0,0,0,0,0,0,0,0,0,0,0,0,0,0,0,0,0,0,0,0,0,0,0,0,0,0,0,0,0,0,0,0,0,0,0,0,0,0,0,0,0,0,1,0,0,0,0,0,0,0,0,0,0,0,0,0,0,0,0,0,0,0,0,0,0,0,0,0,0,0,0,0,0,0,0,1,0,0,0,0,0,0,1,0,0,0,1,200.0,4250.0,600.0,1960,8260,5110.0,0.7272727272727271,0.5058309037900873,0.044232051567014895,"[10, 11, 12, 1, 2, 3]",10|11|12|1|2|3
108,Champaner-Pavagadh Archaeological Park,Champaner,Gujarat,West,Archaeological Site,"Historical,Architecture","Family,Solo,Friends",40,100,1200,300,22.48,73.54,4.5,15000,10,3,Mountain,GUJ-90,52.2,False,Moderate,Half-day (2-4 hrs),0,0,0,0,1,0,0,0,0,0,0,0,0,0,0,0,0,0,0,0,0,0,0,0,0,0,0,0,0,0,0,0,0,0,0,0,0,0,0,0,0,0,0,0,0,0,0,0,0,0,0,0,0,0,0,0,0,1,0,0,0,0,0,0,0,0,0,0,0,0,0,0,0,0,0,0,0,0,0,0,0,0,0,0,0,0,0,0,0,0,0,0,0,0,0,0,0,0,0,0,0,0,0,0,0,0,0,0,0,0,0,0,0,0,0,0,0,0,0,0,0,0,0,0,0,0,0,0,0,0,0,0,0,0,0,0,0,0,0,0,0,0,0,0,0,0,0,0,0,0,0,0,0,0,0,1,1,0,0,0,0,0,1,0,0,0,2,200.0,3600.0,550.0,1640,7140,4390.0,0.5454545454545454,0.4139941690962099,0.01644809957768393,"[10, 11, 12, 1, 2, 3]",10|11|12|1|2|3
109,Saputara,Saputara,Gujarat,West,Hill Station,"Nature,Romantic","Couples,Family,Solo",0,200,2000,400,20.5783,73.7467,4.4,20000,9,3,Mountain,GUJ-91,45.4,False,Moderate,Full-day (4-8 hrs),0,0,0,0,0,0,0,0,0,0,0,0,0,0,0,0,0,0,0,0,0,0,0,0,0,0,0,0,0,0,0,0,0,0,0,0,0,0,0,0,0,0,0,0,0,0,0,0,0,0,0,0,0,0,0,0,0,0,0,0,0,0,0,0,0,0,0,0,0,0,0,0,0,0,0,0,0,0,0,0,0,0,0,0,1,0,0,0,0,0,0,0,0,0,0,0,0,0,0,0,0,0,0,0,0,0,0,0,1,0,0,0,0,0,0,0,0,0,0,0,0,0,0,0,0,0,0,0,0,0,0,0,0,0,0,0,0,0,0,0,0,0,0,0,0,0,0,0,0,0,0,0,0,0,1,1,0,0,0,0,0,0,1,0,0,0,2,500.0,5500.0,700.0,2600,10800,6700.0,0.4545454545454546,0.314868804664723,0.022004889975550123,"[9, 10, 11, 12, 1, 2, 3]",9|10|11|12|1|2|3
110,Modhera Sun Temple,Modhera,Gujarat,West,Temple,"Historical,Architecture","Family,Solo,Friends",25,50,1200,300,23.598,72.132,4.6,18000,10,3,Urban,GUJ-92,56.8,False,Easy,Short (1-2 hrs),0,0,0,0,1,0,0,0,0,0,0,0,0,0,0,0,0,0,0,0,0,0,0,0,0,0,0,0,0,0,0,0,0,0,0,0,0,0,0,0,0,0,0,0,0,0,0,0,0,0,0,0,0,0,0,0,0,1,0,0,0,0,0,0,0,0,0,0,0,0,0,0,0,0,0,0,0,0,0,0,0,0,0,0,0,0,0,0,0,0,0,0,0,0,0,0,0,0,0,0,0,0,0,0,0,0,0,0,0,0,0,0,0,0,0,0,0,0,0,0,0,0,0,0,0,0,0,0,0,0,0,0,0,0,0,0,0,0,0,0,0,0,0,0,0,0,0,0,0,0,0,0,0,0,0,1,1,0,0,0,0,0,1,0,0,0,1,125.0,3350.0,550.0,1575,6525,4050.0,0.6363636363636362,0.48104956268221566,0.019782173816403646,"[10, 11, 12, 1, 2, 3]",10|11|12|1|2|3
111,Laxmi Vilas Palace,Vadodara,Gujarat,West,Palace,"Historical,Architecture","Family,Solo",200,100,1500,300,22.294,73.192,4.6,22000,10,3,Urban,GUJ-93,55.8,False,Easy,Half-day (2-4 hrs),0,0,0,0,1,0,0,0,0,0,0,0,0,0,0,0,0,0,0,0,0,0,0,0,0,0,0,0,0,0,0,0,0,0,0,0,0,0,0,0,0,0,0,0,0,0,0,0,0,0,0,0,0,0,0,0,0,1,0,0,0,0,0,0,0,0,0,0,0,0,0,0,0,0,0,0,0,0,0,0,0,0,0,0,0,0,0,0,0,0,0,0,0,0,0,0,0,0,0,0,0,0,0,0,0,0,0,0,0,0,0,0,0,0,0,0,0,0,0,0,0,0,0,0,0,0,0,0,0,0,0,0,0,0,0,0,0,0,0,0,0,0,0,0,0,0,0,0,0,0,0,0,0,0,0,1,0,0,0,0,0,0,1,0,0,0,1,200.0,4250.0,600.0,2100,8400,5250.0,0.6363636363636362,0.46647230320699695,0.0242276061346966,"[10, 11, 12, 1, 2, 3]",10|11|12|1|2|3
112,Diu Fort,Diu,Gujarat,West,Fort,"Historical,Costal_Viewpoint","Family,Friends,Solo",0,0,1500,400,20.715,70.988,4.5,16000,10,3,Coastal,GUJ-94,51.9,False,Moderate,Half-day (2-4 hrs),0,0,0,0,0,0,0,0,0,0,0,0,0,0,0,0,0,0,0,0,0,0,0,0,0,0,0,0,0,1,0,0,0,0,0,0,0,0,0,0,0,0,0,0,0,0,0,0,0,0,0,0,0,0,0,0,0,1,0,0,0,0,0,0,0,0,0,0,0,0,0,0,0,0,0,0,0,0,0,0,0,0,0,0,0,0,0,0,0,0,0,0,0,0,0,0,0,0,0,0,0,0,0,0,0,0,0,0,0,0,0,0,0,0,0,0,0,0,0,0,0,0,0,0,0,0,0,0,0,0,0,0,0,0,0,0,0,0,0,0,0,0,0,0,0,0,0,0,0,0,0,0,0,0,0,1,1,0,0,0,0,0,1,0,0,0,2,100.0,4250.0,700.0,1900,8200,5050.0,0.5454545454545454,0.40962099125364426,0.01755945765725717,"[10, 11, 12, 1, 2, 3]",10|11|12|1|2|3
113,Mandvi Beach,Mandvi,Gujarat,West,Beach,"Romantic,Nature","Couples,Friends,Solo",0,200,1500,400,22.8328,69.352,4.4,14000,10,3,Coastal,GUJ-79,47.1,False,Easy,Full-day (4-8 hrs),0,0,0,0,0,0,0,0,0,0,0,0,0,0,0,0,0,0,0,0,0,0,0,0,0,0,0,0,0,0,0,0,0,0,0,0,0,0,0,0,0,0,0,0,0,0,0,0,0,0,0,0,0,0,0,0,0,0,0,0,0,0,0,0,0,0,0,0,0,0,0,0,0,0,0,0,0,0,0,0,0,0,0,0,1,0,0,0,0,0,0,0,0,0,0,0,0,0,0,0,0,0,0,0,0,0,0,0,1,0,0,0,0,0,0,0,0,0,0,0,0,0,0,0,0,0,0,0,0,0,0,0,0,0,0,0,0,0,0,0,0,0,0,0,0,0,0,0,0,0,0,0,0,0,1,0,1,0,0,0,0,0,1,0,0,0,1,600.0,4250.0,700.0,2100,9000,5550.0,0.4545454545454546,0.33965014577259467,0.015336741498110693,"[10, 11, 12, 1, 2, 3]",10|11|12|1|2|3
114,Adalaj Stepwell,Adalaj,Gujarat,West,Stepwell,"Historical,Architecture","Family,Solo",25,50,1200,300,23.1645,72.58,4.6,21000,10,3,Urban,GUJ-78,56.1,False,Moderate,Half-day (2-4 hrs),0,0,0,0,1,0,0,0,0,0,0,0,0,0,0,0,0,0,0,0,0,0,0,0,0,0,0,0,0,0,0,0,0,0,0,0,0,0,0,0,0,0,0,0,0,0,0,0,0,0,0,0,0,0,0,0,0,1,0,0,0,0,0,0,0,0,0,0,0,0,0,0,0,0,0,0,0,0,0,0,0,0,0,0,0,0,0,0,0,0,0,0,0,0,0,0,0,0,0,0,0,0,0,0,0,0,0,0,0,0,0,0,0,0,0,0,0,0,0,0,0,0,0,0,0,0,0,0,0,0,0,0,0,0,0,0,0,0,0,0,0,0,0,0,0,0,0,0,0,0,0,0,0,0,0,1,0,0,0,0,0,0,1,0,0,0,2,125.0,3350.0,550.0,1575,6525,4050.0,0.6363636363636362,0.4708454810495626,0.023116248055123363,"[10, 11, 12, 1, 2, 3]",10|11|12|1|2|3
115,Marine National Park,Jamnagar,Gujarat,West,National Park,"Wildlife,Nature","Family,Friends,Solo",100,500,1500,400,22.47,69.93,4.3,9000,11,3,Coastal,GUJ-95,43.7,False,Moderate,Full-day (4-8 hrs),0,0,0,0,0,0,0,0,0,0,0,0,0,0,0,0,0,0,0,0,0,0,0,0,0,0,0,0,0,0,0,0,0,0,0,0,0,0,0,0,0,0,0,0,0,0,0,0,0,0,0,0,0,0,0,0,0,0,0,0,0,0,0,0,0,0,0,0,0,0,0,0,0,0,0,0,0,0,0,0,0,0,0,0,1,0,0,0,0,0,0,0,0,0,0,0,0,0,0,0,0,0,0,0,0,0,0,0,0,0,0,0,0,0,0,0,0,0,0,0,0,0,0,0,0,0,0,0,0,0,0,0,0,0,0,0,0,0,0,0,0,0,0,0,0,0,0,0,0,1,0,0,0,0,0,1,1,0,0,0,0,0,1,0,0,0,2,1250.0,4250.0,700.0,2500,10100,6300.0,0.3636363636363633,0.29008746355685133,0.0097799511002445,"[11, 12, 1, 2, 3]",11|12|1|2|3
116,Gateway Of India,Mumbai,Maharashtra,West,Monument,"Historical,Architecture,Photography","Couples,Friends,Family,Solo",0,0,2000,500,18.922,72.8347,4.6,350000,10,3,Urban,MAH-170,42.7,False,Easy,Short (1-2 hrs),0,0,0,0,1,0,0,0,0,0,0,0,0,0,0,0,0,0,0,0,0,0,0,0,0,0,0,0,0,0,0,0,0,0,0,0,0,0,0,0,0,0,0,0,0,0,0,0,0,0,0,0,0,0,0,0,0,1,0,0,0,0,0,0,0,0,0,0,0,0,0,0,0,0,0,0,0,0,0,0,0,0,0,0,0,0,0,0,0,0,0,0,1,0,0,0,0,0,0,0,0,0,0,0,0,0,0,0,0,0,0,0,0,0,0,0,0,0,0,0,0,0,0,0,0,0,0,0,0,0,0,0,0,0,0,0,0,0,0,0,0,0,0,0,0,0,0,0,0,0,0,0,0,0,1,1,1,0,0,0,0,0,1,0,0,0,1,250.0,5000.0,1000.0,2500,10000,6250.0,0.6363636363636362,0.2755102040816326,0.38875305623471884,"[10, 11, 12, 1, 2, 3]",10|11|12|1|2|3
117,Marine Drive,Mumbai,Maharashtra,West,Urban Promenade,"Romantic,Nightlife,Scenic","Couples,Friends,Solo",0,0,2000,600,18.943,72.8238,4.7,250000,10,3,Coastal,MAH-170,49.7,False,Moderate,Half-day (2-4 hrs),0,0,0,0,0,0,0,0,0,0,0,0,0,0,0,0,0,0,0,0,0,0,0,0,0,0,0,0,0,0,0,0,0,0,0,0,0,0,0,0,0,0,0,0,0,0,0,0,0,0,0,0,0,0,0,0,0,0,0,0,0,0,0,0,0,0,0,0,0,0,0,0,0,0,0,0,0,0,0,0,0,0,0,0,0,0,1,0,0,0,0,0,0,0,0,0,0,0,0,0,0,0,0,0,0,0,0,0,1,0,0,0,1,0,0,0,0,0,0,0,0,0,0,0,0,0,0,0,0,0,0,0,0,0,0,0,0,0,0,0,0,0,0,0,0,0,0,0,0,0,0,0,0,0,1,0,1,0,0,0,0,0,1,0,0,0,2,150.0,5500.0,1200.0,2600,11100,6850.0,0.7272727272727271,0.37755102040816324,0.277617248277395,"[10, 11, 12, 1, 2, 3]",10|11|12|1|2|3
118,Elephanta Caves,Mumbai,Maharashtra,West,Historic Cave,"Historical,Heritage,Architecture","Solo,Friends,Family",40,500,2000,500,18.9633,72.9315,4.4,75000,11,2,Island,MAH-170,39.1,False,Moderate,Half-day (2-4 hrs),0,0,0,0,1,0,0,0,0,0,0,0,0,0,0,0,0,0,0,0,0,0,0,0,0,0,0,0,0,0,0,0,0,0,0,0,0,0,0,0,0,0,0,0,0,0,0,0,0,0,0,0,0,1,0,0,0,1,0,0,0,0,0,0,0,0,0,0,0,0,0,0,0,0,0,0,0,0,0,0,0,0,0,0,0,0,0,0,0,0,0,0,0,0,0,0,0,0,0,0,0,0,0,0,0,0,0,0,0,0,0,0,0,0,0,0,0,0,0,0,0,0,0,0,0,0,0,0,0,0,0,0,0,0,0,0,0,0,0,0,0,0,0,0,0,0,0,0,0,0,0,0,0,0,0,1,1,0,0,0,0,0,1,0,0,0,2,1000.0,5000.0,1000.0,3040,11040,7040.0,0.4545454545454546,0.22303206997084546,0.08312958435207825,"[11, 12, 1, 2]",11|12|1|2
119,Ajanta Caves,Aurangabad,Maharashtra,West,Heritage Cave,"Historical,Unesco,Architecture","Solo,Friends,Family",40,800,1500,400,20.5519,75.7033,4.6,95000,11,3,Mountain,MAH-176,48.9,False,Moderate,Half-day (2-4 hrs),0,0,0,0,1,0,0,0,0,0,0,0,0,0,0,0,0,0,0,0,0,0,0,0,0,0,0,0,0,0,0,0,0,0,0,0,0,0,0,0,0,0,0,0,0,0,0,0,0,0,0,0,0,0,0,0,0,1,0,0,0,0,0,0,0,0,0,0,0,0,0,0,0,0,0,0,0,0,0,0,0,0,0,0,0,0,0,0,0,0,0,0,0,0,0,0,0,0,0,0,0,0,0,0,0,0,0,0,0,0,0,0,0,0,0,0,0,0,0,0,0,0,0,0,0,0,0,0,0,0,0,0,0,0,0,0,0,0,0,1,0,0,0,0,0,0,0,0,0,0,0,0,0,0,0,1,1,0,0,0,0,0,1,0,0,0,2,1400.0,3750.0,800.0,2740,9240,5990.0,0.6363636363636362,0.36588921282798825,0.10535674594354302,"[11, 12, 1, 2, 3]",11|12|1|2|3
120,Ellora Caves,Aurangabad,Maharashtra,West,Heritage Cave,"Historical,Unesco,Architecture","Solo,Friends,Family",40,800,1500,400,20.0268,75.179,4.7,120000,11,3,Mountain,MAH-171,53.2,False,Moderate,Half-day (2-4 hrs),0,0,0,0,1,0,0,0,0,0,0,0,0,0,0,0,0,0,0,0,0,0,0,0,0,0,0,0,0,0,0,0,0,0,0,0,0,0,0,0,0,0,0,0,0,0,0,0,0,0,0,0,0,0,0,0,0,1,0,0,0,0,0,0,0,0,0,0,0,0,0,0,0,0,0,0,0,0,0,0,0,0,0,0,0,0,0,0,0,0,0,0,0,0,0,0,0,0,0,0,0,0,0,0,0,0,0,0,0,0,0,0,0,0,0,0,0,0,0,0,0,0,0,0,0,0,0,0,0,0,0,0,0,0,0,0,0,0,0,1,0,0,0,0,0,0,0,0,0,0,0,0,0,0,0,1,1,0,0,0,0,0,1,0,0,0,2,1400.0,3750.0,800.0,2740,9240,5990.0,0.7272727272727271,0.4285714285714285,0.13314069793287397,"[11, 12, 1, 2, 3]",11|12|1|2|3
121,Shirdi Sai Baba Temple,Shirdi,Maharashtra,West,Temple,"Spiritual,Pilgrimage,Religion","Couples,Family,Solo",0,500,1000,400,19.7645,74.4762,4.7,180000,10,3,Urban,MAH-177,51.3,False,Easy,Short (1-2 hrs),0,0,0,0,0,0,0,0,0,0,0,0,0,0,0,0,0,0,0,0,0,0,0,0,0,0,0,0,0,0,0,0,0,0,0,0,0,0,0,0,0,0,0,0,0,0,0,0,0,0,0,0,0,0,0,0,0,0,0,0,0,0,0,0,0,0,0,0,0,0,0,0,0,0,0,0,0,0,0,0,0,0,0,0,0,0,0,0,0,0,0,0,0,0,1,0,0,0,0,0,1,0,0,0,0,0,0,0,0,0,0,0,0,0,0,0,0,0,0,0,0,0,1,0,0,0,0,0,0,0,0,0,0,0,0,0,0,0,0,0,0,0,0,0,0,0,0,0,0,0,0,0,0,0,1,1,0,0,0,0,0,0,1,0,0,0,1,1250.0,3000.0,700.0,1900,8000,4950.0,0.7272727272727271,0.400874635568513,0.1998221827072683,"[10, 11, 12, 1, 2, 3]",10|11|12|1|2|3
122,Mahabaleshwar,Mahabaleshwar,Maharashtra,West,Hill Station,"Romantic,Nature,Scenic","Couples,Friends,Family",0,500,1500,500,17.9237,73.6586,4.5,85000,10,5,Mountain,MAH-170,44.0,False,Moderate,Full-day (4-8 hrs),0,0,0,0,0,0,0,0,0,0,0,0,0,0,0,0,0,0,0,0,0,0,0,0,0,0,0,0,0,0,0,0,0,0,0,0,0,0,0,0,0,0,0,0,0,0,0,0,0,0,0,0,0,0,0,0,0,0,0,0,0,0,0,0,0,0,0,0,0,0,0,0,0,0,0,0,0,0,0,0,0,0,0,0,1,0,0,0,0,0,0,0,0,0,0,0,0,0,0,0,0,0,0,0,0,0,0,0,1,0,0,0,1,0,0,0,0,0,0,0,0,0,0,0,0,0,0,0,0,0,0,0,0,0,0,0,0,0,0,0,0,0,0,0,0,0,0,0,0,0,0,0,0,0,1,1,1,0,0,0,0,0,0,0,0,0,2,1250.0,4250.0,1000.0,2500,10500,6500.0,0.5454545454545454,0.29446064139941686,0.09424316514781063,"[10, 11, 12, 1, 2, 3, 4, 5]",10|11|12|1|2|3|4|5
123,Lonavala,Lonavala,Maharashtra,West,Hill Station,"Adventure,Nature,Monsoon","Friends,Couples,Family",0,500,2000,600,18.7546,73.4062,4.4,110000,7,2,Mountain,MAH-170,37.3,False,Moderate,Full-day (4-8 hrs),1,0,0,0,0,0,0,0,0,0,0,0,0,0,0,0,0,0,0,0,0,0,0,0,0,0,0,0,0,0,0,0,0,0,0,0,0,0,0,0,0,0,0,0,0,0,0,0,0,0,0,0,0,0,0,0,0,0,0,0,0,0,0,0,0,0,0,0,0,0,0,0,0,0,0,0,0,0,1,0,0,0,0,0,1,0,0,0,0,0,0,0,0,0,0,0,0,0,0,0,0,0,0,0,0,0,0,0,0,0,0,0,0,0,0,0,0,0,0,0,0,0,0,0,0,0,0,0,0,0,0,0,0,0,0,0,0,0,0,0,0,0,0,0,0,0,0,0,0,0,0,0,0,0,1,1,1,0,0,0,0,0,0,0,0,0,2,1500.0,5000.0,1050.0,3100,12000,7550.0,0.4545454545454546,0.19679300291545188,0.1220271171371416,"[7, 8, 9, 10, 11, 12, 1, 2]",7|8|9|10|11|12|1|2
124,Alibaug Beach,Alibaug,Maharashtra,West,Beach,"Relaxation,Romantic,Water_Sports","Friends,Couples,Family",0,800,1500,500,18.6414,72.8722,4.3,60000,10,3,Coastal,MAH-170,34.7,False,Easy,Full-day (4-8 hrs),0,0,0,0,0,0,0,0,0,0,0,0,0,0,0,0,0,0,0,0,0,0,0,0,0,0,0,0,0,0,0,0,0,0,0,0,0,0,0,0,0,0,0,0,0,0,0,0,0,0,0,0,0,0,0,0,0,0,0,0,0,0,0,0,0,0,0,0,0,0,0,0,0,0,0,0,0,0,0,0,0,0,0,0,0,0,0,0,0,0,0,0,0,0,0,0,0,0,0,1,0,0,0,0,0,0,0,0,1,0,0,0,0,0,0,0,0,0,0,0,0,0,0,0,0,0,0,0,0,0,0,0,0,0,0,0,0,0,0,0,0,0,0,0,0,0,1,0,0,0,0,0,0,0,1,1,1,0,0,0,0,0,0,0,0,0,1,1900.0,4250.0,1000.0,2800,11500,7150.0,0.3636363636363633,0.15889212827988342,0.06645921315847966,"[10, 11, 12, 1, 2, 3]",10|11|12|1|2|3
125,Tarkarli Beach,Tarkarli,Maharashtra,West,Beach,"Adventure,Water_Sports,Scuba_Diving","Friends,Couples,Solo",0,1500,1000,400,16.0316,73.4833,4.5,25000,11,3,Coastal,MAH-172,49.8,False,Easy,Full-day (4-8 hrs),1,0,0,0,0,0,0,0,0,0,0,0,0,0,0,0,0,0,0,0,0,0,0,0,0,0,0,0,0,0,0,0,0,0,0,0,0,0,0,0,0,0,0,0,0,0,0,0,0,0,0,0,0,0,0,0,0,0,0,0,0,0,0,0,0,0,0,0,0,0,0,0,0,0,0,0,0,0,0,0,0,0,0,0,0,0,0,0,0,0,0,0,0,0,0,0,0,0,0,0,0,0,0,0,0,0,0,0,0,0,0,0,0,0,0,1,0,0,0,0,0,0,0,0,0,0,0,0,0,0,0,0,0,0,0,0,0,0,0,0,0,0,0,0,0,0,1,0,0,0,0,0,0,0,1,0,1,0,0,0,0,0,1,0,0,0,1,3250.0,3000.0,800.0,2900,11200,7050.0,0.5454545454545454,0.37900874635568504,0.027561680373416317,"[11, 12, 1, 2, 3]",11|12|1|2|3
126,Raigad Fort,Raigad,Maharashtra,West,Fort,"Historical,Trekking,Heritage","Friends,Solo,Family",25,500,1000,400,18.2346,73.4447,4.6,40000,11,2,Mountain,MAH-170,53.0,False,Moderate,Half-day (2-4 hrs),0,0,0,0,0,0,0,0,0,0,0,0,0,0,0,0,0,0,0,0,0,0,0,0,0,0,0,0,0,0,0,0,0,0,0,0,0,0,0,0,0,0,0,0,0,0,0,0,0,0,0,0,0,1,0,0,0,1,0,0,0,0,0,0,0,0,0,0,0,0,0,0,0,0,0,0,0,0,0,0,0,0,0,0,0,0,0,0,0,0,0,0,0,0,0,0,0,0,0,0,0,0,0,0,0,0,0,0,0,0,0,0,0,0,0,0,0,0,0,0,0,0,0,0,0,0,0,0,0,0,0,0,0,0,0,0,1,0,0,0,0,0,0,0,0,0,0,0,0,0,0,0,0,0,0,1,1,0,0,0,0,0,1,0,0,0,2,1250.0,2500.0,800.0,1925,7225,4575.0,0.6363636363636362,0.4256559766763848,0.044232051567014895,"[11, 12, 1, 2]",11|12|1|2
127,Sinhagad Fort,Pune,Maharashtra,West,Fort,"Historical,Trekking,Adventure","Friends,Solo",20,500,1200,400,18.366,73.7558,4.5,55000,11,2,Mountain,MAH-170,46.0,False,Moderate,Half-day (2-4 hrs),1,0,0,0,0,0,0,0,0,0,0,0,0,0,0,0,0,0,0,0,0,0,0,0,0,0,0,0,0,0,0,0,0,0,0,0,0,0,0,0,0,0,0,0,0,0,0,0,0,0,0,0,0,0,0,0,0,1,0,0,0,0,0,0,0,0,0,0,0,0,0,0,0,0,0,0,0,0,0,0,0,0,0,0,0,0,0,0,0,0,0,0,0,0,0,0,0,0,0,0,0,0,0,0,0,0,0,0,0,0,0,0,0,0,0,0,0,0,0,0,0,0,0,0,0,0,0,0,0,0,0,0,0,0,0,0,1,0,0,0,0,0,0,0,0,0,0,0,0,0,0,0,0,0,0,0,1,0,0,0,0,0,1,0,0,0,2,1000.0,3100.0,800.0,2120,7720,4920.0,0.5454545454545454,0.32361516034985416,0.06090242276061347,"[11, 12, 1, 2]",11|12|1|2
128,Bibi Ka Maqbara,Aurangabad,Maharashtra,West,Monument,"Historical,Architecture,Heritage","Couples,Friends,Family",25,300,1500,400,19.901,75.32,4.3,45000,10,3,Urban,MAH-171,36.1,False,Easy,Short (1-2 hrs),0,0,0,0,1,0,0,0,0,0,0,0,0,0,0,0,0,0,0,0,0,0,0,0,0,0,0,0,0,0,0,0,0,0,0,0,0,0,0,0,0,0,0,0,0,0,0,0,0,0,0,0,0,1,0,0,0,1,0,0,0,0,0,0,0,0,0,0,0,0,0,0,0,0,0,0,0,0,0,0,0,0,0,0,0,0,0,0,0,0,0,0,0,0,0,0,0,0,0,0,0,0,0,0,0,0,0,0,0,0,0,0,0,0,0,0,0,0,0,0,0,0,0,0,0,0,0,0,0,0,0,0,0,0,0,0,0,0,0,0,0,0,0,0,0,0,0,0,0,0,0,0,0,0,1,1,1,0,0,0,0,0,0,0,0,0,1,650.0,3750.0,800.0,2225,8225,5225.0,0.3636363636363633,0.17930029154518945,0.049788841964881085,"[10, 11, 12, 1, 2, 3]",10|11|12|1|2|3
129,Matheran,Matheran,Maharashtra,West,Hill Station,"Nature,Romantic,Scenic","Couples,Friends,Family",0,500,1500,500,18.986,73.2679,4.4,70000,10,5,Mountain,MAH-170,39.4,False,Moderate,Full-day (4-8 hrs),0,0,0,0,0,0,0,0,0,0,0,0,0,0,0,0,0,0,0,0,0,0,0,0,0,0,0,0,0,0,0,0,0,0,0,0,0,0,0,0,0,0,0,0,0,0,0,0,0,0,0,0,0,0,0,0,0,0,0,0,0,0,0,0,0,0,0,0,0,0,0,0,0,0,0,0,0,0,0,0,0,0,0,0,1,0,0,0,0,0,0,0,0,0,0,0,0,0,0,0,0,0,0,0,0,0,0,0,1,0,0,0,1,0,0,0,0,0,0,0,0,0,0,0,0,0,0,0,0,0,0,0,0,0,0,0,0,0,0,0,0,0,0,0,0,0,0,0,0,0,0,0,0,0,1,1,1,0,0,0,0,0,0,0,0,0,2,1250.0,3750.0,1000.0,2500,9500,6000.0,0.4545454545454546,0.22740524781341098,0.07757279395421206,"[10, 11, 12, 1, 2, 3, 4, 5]",10|11|12|1|2|3|4|5
130,Panchgani,Panchgani,Maharashtra,West,Hill Station,"Nature,Romantic,Scenic","Couples,Friends,Family",0,500,1500,500,17.9243,73.8,4.4,40000,10,5,Mountain,MAH-170,42.1,False,Moderate,Full-day (4-8 hrs),0,0,0,0,0,0,0,0,0,0,0,0,0,0,0,0,0,0,0,0,0,0,0,0,0,0,0,0,0,0,0,0,0,0,0,0,0,0,0,0,0,0,0,0,0,0,0,0,0,0,0,0,0,0,0,0,0,0,0,0,0,0,0,0,0,0,0,0,0,0,0,0,0,0,0,0,0,0,0,0,0,0,0,0,1,0,0,0,0,0,0,0,0,0,0,0,0,0,0,0,0,0,0,0,0,0,0,0,1,0,0,0,1,0,0,0,0,0,0,0,0,0,0,0,0,0,0,0,0,0,0,0,0,0,0,0,0,0,0,0,0,0,0,0,0,0,0,0,0,0,0,0,0,0,1,1,1,0,0,0,0,0,0,0,0,0,2,1250.0,3750.0,1000.0,2500,9500,6000.0,0.4545454545454546,0.26676384839650147,0.044232051567014895,"[10, 11, 12, 1, 2, 3, 4, 5]",10|11|12|1|2|3|4|5
131,Baga Beach,Baga,Goa,West,Beach,"Nightlife,Water_Sports,Relaxation","Friends,Couples,Solo",0,1000,2000,800,15.5553,73.7517,4.5,120000,11,2,Coastal,GOA-74,42.3,False,Easy,Full-day (4-8 hrs),0,0,0,0,0,0,0,0,0,0,0,0,0,0,0,0,0,0,0,0,0,0,0,0,0,0,0,0,0,0,0,0,0,0,0,0,0,0,0,0,0,0,0,0,0,0,0,0,0,0,0,0,0,0,0,0,0,0,0,0,0,0,0,0,0,0,0,0,0,0,0,0,0,0,0,0,0,0,0,0,0,0,0,0,0,0,1,0,0,0,0,0,0,0,0,0,0,0,0,1,0,0,0,0,0,0,0,0,0,0,0,0,0,0,0,0,0,0,0,0,0,0,0,0,0,0,0,0,0,0,0,0,0,0,0,0,0,0,0,0,0,0,0,0,0,0,1,0,0,0,0,0,0,0,1,0,1,0,0,0,0,0,1,0,0,0,1,2500.0,6000.0,1400.0,3800,16000,9900.0,0.5454545454545454,0.2696793002915451,0.13314069793287397,"[11, 12, 1, 2]",11|12|1|2
132,Calangute Beach,Calangute,Goa,West,Beach,"Water_Sports,Nightlife,Scenic","Friends,Couples,Family",0,1000,2000,800,15.5439,73.7553,4.4,150000,11,2,Coastal,GOA-74,35.8,False,Easy,Full-day (4-8 hrs),0,0,0,0,0,0,0,0,0,0,0,0,0,0,0,0,0,0,0,0,0,0,0,0,0,0,0,0,0,0,0,0,0,0,0,0,0,0,0,0,0,0,0,0,0,0,0,0,0,0,0,0,0,0,0,0,0,0,0,0,0,0,0,0,0,0,0,0,0,0,0,0,0,0,0,0,0,0,0,0,0,0,0,0,0,0,1,0,0,0,0,0,0,0,0,0,0,0,0,0,0,0,0,0,0,0,0,0,0,0,0,0,1,0,0,0,0,0,0,0,0,0,0,0,0,0,0,0,0,0,0,0,0,0,0,0,0,0,0,0,0,0,0,0,0,0,1,0,0,0,0,0,0,0,1,1,1,0,0,0,0,0,0,0,0,0,1,2500.0,6000.0,1400.0,3800,16000,9900.0,0.4545454545454546,0.17492711370262382,0.16648144032007114,"[11, 12, 1, 2]",11|12|1|2
133,Anjuna Beach,Anjuna,Goa,West,Beach,"Nightlife,Relaxation,Scenic","Friends,Couples,Solo",0,800,1800,700,15.573,73.74,4.3,90000,11,2,Coastal,GOA-74,32.8,False,Easy,Full-day (4-8 hrs),0,0,0,0,0,0,0,0,0,0,0,0,0,0,0,0,0,0,0,0,0,0,0,0,0,0,0,0,0,0,0,0,0,0,0,0,0,0,0,0,0,0,0,0,0,0,0,0,0,0,0,0,0,0,0,0,0,0,0,0,0,0,0,0,0,0,0,0,0,0,0,0,0,0,0,0,0,0,0,0,0,0,0,0,0,0,1,0,0,0,0,0,0,0,0,0,0,0,0,1,0,0,0,0,0,0,0,0,0,0,0,0,1,0,0,0,0,0,0,0,0,0,0,0,0,0,0,0,0,0,0,0,0,0,0,0,0,0,0,0,0,0,0,0,0,0,0,0,0,0,0,0,0,0,1,0,1,0,0,0,0,0,1,0,0,0,1,2150.0,5400.0,1250.0,3300,14300,8800.0,0.3636363636363633,0.13119533527696786,0.09979995554567682,"[11, 12, 1, 2]",11|12|1|2
134,Dudhsagar Falls,Sanguem,Goa,West,Waterfall,"Nature,Adventure,Trekking","Friends,Solo,Family",400,1500,1500,600,15.3144,74.3143,4.6,60000,10,2,Mountain,GOA-74,51.1,False,Moderate,Half-day (2-4 hrs),1,0,0,0,0,0,0,0,0,0,0,0,0,0,0,0,0,0,0,0,0,0,0,0,0,0,0,0,0,0,0,0,0,0,0,0,0,0,0,0,0,0,0,0,0,0,0,0,0,0,0,0,0,0,0,0,0,0,0,0,0,0,0,0,0,0,0,0,0,0,0,0,0,0,0,0,0,0,0,0,0,0,0,0,1,0,0,0,0,0,0,0,0,0,0,0,0,0,0,0,0,0,0,0,0,0,0,0,0,0,0,0,0,0,0,0,0,0,0,0,0,0,0,0,0,0,0,0,0,0,0,0,0,0,0,0,1,0,0,0,0,0,0,0,0,0,0,0,0,0,0,0,0,0,0,1,1,0,0,0,0,0,1,0,0,0,2,2750.0,3750.0,1050.0,4000,11900,7950.0,0.6363636363636362,0.3979591836734694,0.06645921315847966,"[10, 11, 12, 1, 2]",10|11|12|1|2
135,Basilica Of Bom Jesus,Old Goa,Goa,West,Church,"Historical,Spiritual,Heritage","Family,Couples,Solo",0,0,1500,600,15.5009,73.911,4.5,70000,11,3,Urban,GOA-74,44.9,False,Easy,Short (1-2 hrs),0,0,0,0,0,0,0,0,0,0,0,0,0,0,0,0,0,0,0,0,0,0,0,0,0,0,0,0,0,0,0,0,0,0,0,0,0,0,0,0,0,0,0,0,0,0,0,0,0,0,0,0,0,1,0,0,0,1,0,0,0,0,0,0,0,0,0,0,0,0,0,0,0,0,0,0,0,0,0,0,0,0,0,0,0,0,0,0,0,0,0,0,0,0,0,0,0,0,0,0,0,0,0,0,0,0,0,0,0,0,0,0,0,0,0,0,0,0,0,0,0,0,1,0,0,0,0,0,0,0,0,0,0,0,0,0,0,0,0,0,0,0,0,0,0,0,0,0,0,0,0,0,0,0,1,1,0,0,0,0,0,0,1,0,0,0,1,250.0,3750.0,1050.0,2100,8000,5050.0,0.5454545454545454,0.30758017492711365,0.07757279395421206,"[11, 12, 1, 2, 3]",11|12|1|2|3
136,Fort Aguada,Sinquerim,Goa,West,Fort,"Historical,Scenic,Photography","Friends,Couples,Family",0,0,2000,700,15.4933,73.7732,4.4,85000,11,3,Coastal,GOA-74,38.5,False,Moderate,Half-day (2-4 hrs),0,0,0,0,0,0,0,0,0,0,0,0,0,0,0,0,0,0,0,0,0,0,0,0,0,0,0,0,0,0,0,0,0,0,0,0,0,0,0,0,0,0,0,0,0,0,0,0,0,0,0,0,0,0,0,0,0,1,0,0,0,0,0,0,0,0,0,0,0,0,0,0,0,0,0,0,0,0,0,0,0,0,0,0,0,0,0,0,0,0,0,0,1,0,0,0,0,0,0,0,0,0,0,0,0,0,0,0,0,0,0,0,1,0,0,0,0,0,0,0,0,0,0,0,0,0,0,0,0,0,0,0,0,0,0,0,0,0,0,0,0,0,0,0,0,0,0,0,0,0,0,0,0,0,1,1,1,0,0,0,0,0,0,0,0,0,2,250.0,5000.0,1250.0,2700,10300,6500.0,0.4545454545454546,0.2142857142857143,0.09424316514781063,"[11, 12, 1, 2, 3]",11|12|1|2|3
137,Chapora Fort,Chapora,Goa,West,Fort,"Historical,Scenic,Trekking","Friends,Couples,Solo",0,0,1800,700,15.601,73.735,4.3,75000,11,3,Mountain,GOA-74,33.6,False,Moderate,Half-day (2-4 hrs),0,0,0,0,0,0,0,0,0,0,0,0,0,0,0,0,0,0,0,0,0,0,0,0,0,0,0,0,0,0,0,0,0,0,0,0,0,0,0,0,0,0,0,0,0,0,0,0,0,0,0,0,0,0,0,0,0,1,0,0,0,0,0,0,0,0,0,0,0,0,0,0,0,0,0,0,0,0,0,0,0,0,0,0,0,0,0,0,0,0,0,0,0,0,0,0,0,0,0,0,0,0,0,0,0,0,0,0,0,0,0,0,1,0,0,0,0,0,0,0,0,0,0,0,0,0,0,0,0,0,0,0,0,0,0,0,1,0,0,0,0,0,0,0,0,0,0,0,0,0,0,0,0,0,1,0,1,0,0,0,0,0,1,0,0,0,2,250.0,4900.0,1250.0,2500,10300,6400.0,0.3636363636363633,0.14285714285714285,0.08312958435207825,"[11, 12, 1, 2, 3]",11|12|1|2|3
138,Colva Beach,Colva,Goa,West,Beach,"Relaxation,Scenic,Romantic","Couples,Family,Friends",0,800,1500,700,15.2792,73.9228,4.3,65000,11,2,Coastal,GOA-74,34.3,False,Easy,Full-day (4-8 hrs),0,0,0,0,0,0,0,0,0,0,0,0,0,0,0,0,0,0,0,0,0,0,0,0,0,0,0,0,0,0,0,0,0,0,0,0,0,0,0,0,0,0,0,0,0,0,0,0,0,0,0,0,0,0,0,0,0,0,0,0,0,0,0,0,0,0,0,0,0,0,0,0,0,0,0,0,0,0,0,0,0,0,0,0,0,0,0,0,0,0,0,0,0,0,0,0,0,0,0,1,0,0,0,0,0,0,0,0,1,0,0,0,1,0,0,0,0,0,0,0,0,0,0,0,0,0,0,0,0,0,0,0,0,0,0,0,0,0,0,0,0,0,0,0,0,0,0,0,0,0,0,0,0,0,1,1,1,0,0,0,0,0,0,0,0,0,1,1900.0,4250.0,1250.0,3000,11800,7400.0,0.3636363636363633,0.15306122448979587,0.07201600355634585,"[11, 12, 1, 2]",11|12|1|2
139,Palolem Beach,Canacona,Goa,West,Beach,"Relaxation,Romantic,Water_Sports","Couples,Friends,Solo",0,1000,2000,800,15.009,74.023,4.6,80000,11,3,Coastal,GOA-74,49.7,False,Easy,Full-day (4-8 hrs),0,0,0,0,0,0,0,0,0,0,0,0,0,0,0,0,0,0,0,0,0,0,0,0,0,0,0,0,0,0,0,0,0,0,0,0,0,0,0,0,0,0,0,0,0,0,0,0,0,0,0,0,0,0,0,0,0,0,0,0,0,0,0,0,0,0,0,0,0,0,0,0,0,0,0,0,0,0,0,0,0,0,0,0,0,0,0,0,0,0,0,0,0,0,0,0,0,0,0,1,0,0,0,0,0,0,0,0,1,0,0,0,0,0,0,0,0,0,0,0,0,0,0,0,0,0,0,0,0,0,0,0,0,0,0,0,0,0,0,0,0,0,0,0,0,0,1,0,0,0,0,0,0,0,1,0,1,0,0,0,0,0,1,0,0,0,1,2250.0,5500.0,1400.0,3800,14500,9150.0,0.6363636363636362,0.37755102040816324,0.08868637474994444,"[11, 12, 1, 2, 3]",11|12|1|2|3
140,Vagator Beach,Vagator,Goa,West,Beach,"Nightlife,Scenic,Relaxation","Friends,Couples,Solo",0,800,2000,800,15.5986,73.7344,4.4,70000,11,2,Coastal,GOA-74,39.4,False,Easy,Full-day (4-8 hrs),0,0,0,0,0,0,0,0,0,0,0,0,0,0,0,0,0,0,0,0,0,0,0,0,0,0,0,0,0,0,0,0,0,0,0,0,0,0,0,0,0,0,0,0,0,0,0,0,0,0,0,0,0,0,0,0,0,0,0,0,0,0,0,0,0,0,0,0,0,0,0,0,0,0,0,0,0,0,0,0,0,0,0,0,0,0,1,0,0,0,0,0,0,0,0,0,0,0,0,1,0,0,0,0,0,0,0,0,0,0,0,0,1,0,0,0,0,0,0,0,0,0,0,0,0,0,0,0,0,0,0,0,0,0,0,0,0,0,0,0,0,0,0,0,0,0,0,0,0,0,0,0,0,0,1,0,1,0,0,0,0,0,1,0,0,0,1,2150.0,5500.0,1400.0,3600,14500,9050.0,0.4545454545454546,0.22740524781341098,0.07757279395421206,"[11, 12, 1, 2]",11|12|1|2
141,Reis Magos Fort,Reis Magos,Goa,West,Fort,"Historical,Heritage,Architecture","Family,Couples,Friends",50,0,2000,700,15.4986,73.8076,4.5,20000,11,3,Coastal,GOA-74,50.8,False,Moderate,Half-day (2-4 hrs),0,0,0,0,1,0,0,0,0,0,0,0,0,0,0,0,0,0,0,0,0,0,0,0,0,0,0,0,0,0,0,0,0,0,0,0,0,0,0,0,0,0,0,0,0,0,0,0,0,0,0,0,0,1,0,0,0,1,0,0,0,0,0,0,0,0,0,0,0,0,0,0,0,0,0,0,0,0,0,0,0,0,0,0,0,0,0,0,0,0,0,0,0,0,0,0,0,0,0,0,0,0,0,0,0,0,0,0,0,0,0,0,0,0,0,0,0,0,0,0,0,0,0,0,0,0,0,0,0,0,0,0,0,0,0,0,0,0,0,0,0,0,0,0,0,0,0,0,0,0,0,0,0,0,1,1,1,0,0,0,0,0,0,0,0,0,2,250.0,5000.0,1250.0,2750,10350,6550.0,0.5454545454545454,0.39358600583090364,0.022004889975550123,"[11, 12, 1, 2, 3]",11|12|1|2|3
142,Arambol Beach,Arambol,Goa,West,Beach,"Relaxation,Scenic,Bohemian","Solo,Friends,Couples",0,800,1500,700,15.6868,73.7046,4.4,60000,11,2,Coastal,GOA-74,40.2,False,Easy,Full-day (4-8 hrs),0,0,0,0,0,0,0,0,0,0,0,0,0,0,0,0,0,1,0,0,0,0,0,0,0,0,0,0,0,0,0,0,0,0,0,0,0,0,0,0,0,0,0,0,0,0,0,0,0,0,0,0,0,0,0,0,0,0,0,0,0,0,0,0,0,0,0,0,0,0,0,0,0,0,0,0,0,0,0,0,0,0,0,0,0,0,0,0,0,0,0,0,0,0,0,0,0,0,0,1,0,0,0,0,0,0,0,0,0,0,0,0,1,0,0,0,0,0,0,0,0,0,0,0,0,0,0,0,0,0,0,0,0,0,0,0,0,0,0,0,0,0,0,0,0,0,0,0,0,0,0,0,0,0,1,0,1,0,0,0,0,0,1,0,0,0,1,1900.0,4250.0,1250.0,3000,11800,7400.0,0.4545454545454546,0.23906705539358597,0.06645921315847966,"[11, 12, 1, 2]",11|12|1|2
143,Miramar Beach,Panaji,Goa,West,Beach,"Scenic,Relaxation,Photography","Family,Couples,Friends",0,500,2000,800,15.4833,73.807,4.3,40000,11,2,Coastal,GOA-74,36.6,False,Easy,Full-day (4-8 hrs),0,0,0,0,0,0,0,0,0,0,0,0,0,0,0,0,0,0,0,0,0,0,0,0,0,0,0,0,0,0,0,0,0,0,0,0,0,0,0,0,0,0,0,0,0,0,0,0,0,0,0,0,0,0,0,0,0,0,0,0,0,0,0,0,0,0,0,0,0,0,0,0,0,0,0,0,0,0,0,0,0,0,0,0,0,0,0,0,0,0,0,0,1,0,0,0,0,0,0,1,0,0,0,0,0,0,0,0,0,0,0,0,1,0,0,0,0,0,0,0,0,0,0,0,0,0,0,0,0,0,0,0,0,0,0,0,0,0,0,0,0,0,0,0,0,0,0,0,0,0,0,0,0,0,1,1,1,0,0,0,0,0,0,0,0,0,1,1250.0,5500.0,1400.0,3300,13000,8150.0,0.3636363636363633,0.1865889212827988,0.044232051567014895,"[11, 12, 1, 2]",11|12|1|2
144,Se Cathedral,Old Goa,Goa,West,Church,"Historical,Spiritual,Heritage","Family,Couples,Solo",0,0,1500,600,15.5024,73.912,4.4,30000,11,3,Urban,GOA-74,43.5,False,Easy,Short (1-2 hrs),0,0,0,0,0,0,0,0,0,0,0,0,0,0,0,0,0,0,0,0,0,0,0,0,0,0,0,0,0,0,0,0,0,0,0,0,0,0,0,0,0,0,0,0,0,0,0,0,0,0,0,0,0,1,0,0,0,1,0,0,0,0,0,0,0,0,0,0,0,0,0,0,0,0,0,0,0,0,0,0,0,0,0,0,0,0,0,0,0,0,0,0,0,0,0,0,0,0,0,0,0,0,0,0,0,0,0,0,0,0,0,0,0,0,0,0,0,0,0,0,0,0,1,0,0,0,0,0,0,0,0,0,0,0,0,0,0,0,0,0,0,0,0,0,0,0,0,0,0,0,0,0,0,0,1,1,0,0,0,0,0,0,1,0,0,0,1,250.0,3750.0,1050.0,2100,8000,5050.0,0.4545454545454546,0.2871720116618075,0.03311847077128251,"[11, 12, 1, 2, 3]",11|12|1|2|3
145,Butterfly Beach,Canacona,Goa,West,Beach,"Romantic,Scenic,Adventure","Couples,Solo,Friends",0,1000,2000,800,15.01,74.017,4.5,15000,11,3,Coastal,GOA-74,52.2,False,Easy,Full-day (4-8 hrs),1,0,0,0,0,0,0,0,0,0,0,0,0,0,0,0,0,0,0,0,0,0,0,0,0,0,0,0,0,0,0,0,0,0,0,0,0,0,0,0,0,0,0,0,0,0,0,0,0,0,0,0,0,0,0,0,0,0,0,0,0,0,0,0,0,0,0,0,0,0,0,0,0,0,0,0,0,0,0,0,0,0,0,0,0,0,0,0,0,0,0,0,0,0,0,0,0,0,0,0,0,0,0,0,0,0,0,0,1,0,0,0,1,0,0,0,0,0,0,0,0,0,0,0,0,0,0,0,0,0,0,0,0,0,0,0,0,0,0,0,0,0,0,0,0,0,0,0,0,0,0,0,0,0,1,0,1,0,0,0,0,0,1,0,0,0,1,2000.0,5500.0,1400.0,3800,14000,8900.0,0.5454545454545454,0.4139941690962099,0.01644809957768393,"[11, 12, 1, 2, 3]",11|12|1|2|3
146,Sanchi Stupa,Sanchi,Madhya Pradesh,Central,Monument,"Historical,Spiritual","Couples,Family,Solo",10,0,1500,300,23.4853,77.735,4.6,13000,7,3,Mountain,MAD-153,58.3,False,Moderate,Short (1-2 hrs),0,0,0,0,0,0,0,0,0,0,0,0,0,0,0,0,0,0,0,0,0,0,0,0,0,0,0,0,0,0,0,0,0,0,0,0,0,0,0,0,0,0,0,0,0,0,0,0,0,0,0,0,0,0,0,0,0,1,0,0,0,0,0,0,0,0,0,0,0,0,0,0,0,0,0,0,0,0,0,0,0,0,0,0,0,0,0,0,0,0,0,0,0,0,0,0,0,0,0,0,0,0,0,0,0,0,0,0,0,0,0,0,0,0,0,0,0,0,0,0,0,0,1,0,0,0,0,0,0,0,0,0,0,0,0,0,0,0,0,0,0,0,0,0,0,0,0,0,0,0,0,0,0,0,1,1,0,0,0,0,0,0,1,0,0,0,2,0.0,3250.0,650.0,1810,6010,3910.0,0.6363636363636362,0.5029154518950436,0.014225383418537454,"[7, 8, 9, 10, 11, 12, 1, 2, 3]",7|8|9|10|11|12|1|2|3
147,Khajuraho Group Of Monuments,Khajuraho,Madhya Pradesh,Central,Monument,"Historical,Romantic","Couples,Family,Solo",40,1000,2000,500,24.8545,79.919,4.7,28000,10,3,Urban,MAD-154,60.1,False,Easy,Short (1-2 hrs),0,0,0,0,0,0,0,0,0,0,0,0,0,0,0,0,0,0,0,0,0,0,0,0,0,0,0,0,0,0,0,0,0,0,0,0,0,0,0,0,0,0,0,0,0,0,0,0,0,0,0,0,0,0,0,0,0,1,0,0,0,0,0,0,0,0,0,0,0,0,0,0,0,0,0,0,0,0,0,0,0,0,0,0,0,0,0,0,0,0,0,0,0,0,0,0,0,0,0,0,0,0,0,0,0,0,0,0,1,0,0,0,0,0,0,0,0,0,0,0,0,0,0,0,0,0,0,0,0,0,0,0,0,0,0,0,0,0,0,0,0,0,0,0,0,0,0,0,0,0,0,0,0,0,1,1,0,0,0,0,0,0,1,0,0,0,1,2000.0,4000.0,1000.0,3540,10540,7040.0,0.7272727272727271,0.5291545189504373,0.03089575461213603,"[10, 11, 12, 1, 2, 3]",10|11|12|1|2|3
148,Bhimbetka Rock Shelters,Bhimbetka,Madhya Pradesh,Central,Archaeological Site,"Historical,","Solo,Family",10,0,1500,300,22.9265,77.585,4.5,8000,10,3,Mountain,MAD-159,55.2,False,Moderate,Half-day (2-4 hrs),0,0,0,0,0,0,0,0,0,0,0,0,0,0,0,0,0,0,0,0,0,0,0,0,0,0,0,0,0,0,0,0,0,0,0,0,0,0,0,0,0,0,0,0,0,0,0,0,0,0,0,0,0,0,0,0,0,1,0,0,0,0,0,0,0,0,0,0,0,0,0,0,0,0,0,0,0,0,0,0,0,0,0,0,0,0,0,0,0,0,0,0,0,0,0,0,0,0,0,0,0,0,0,0,0,0,0,0,0,0,0,0,0,0,0,0,0,0,0,0,0,0,0,0,0,0,0,0,0,0,0,0,0,0,0,0,0,0,0,0,0,0,0,0,0,0,0,0,0,0,0,0,0,0,0,1,0,0,0,0,0,0,1,0,0,0,2,0.0,2750.0,600.0,1810,4910,3360.0,0.5454545454545454,0.4577259475218659,0.008668593020671262,"[10, 11, 12, 1, 2, 3]",10|11|12|1|2|3
149,Pachmarhi,Sohagpur,Madhya Pradesh,Central,Hill Station,"Nature,Adventure","Couples,Family,Friends",0,500,2500,400,22.4788,78.2606,4.7,36000,10,3,Mountain,MAD-160,59.0,False,Moderate,Full-day (4-8 hrs),1,0,0,0,0,0,0,0,0,0,0,0,0,0,0,0,0,0,0,0,0,0,0,0,0,0,0,0,0,0,0,0,0,0,0,0,0,0,0,0,0,0,0,0,0,0,0,0,0,0,0,0,0,0,0,0,0,0,0,0,0,0,0,0,0,0,0,0,0,0,0,0,0,0,0,0,0,0,0,0,0,0,0,0,1,0,0,0,0,0,0,0,0,0,0,0,0,0,0,0,0,0,0,0,0,0,0,0,0,0,0,0,0,0,0,0,0,0,0,0,0,0,0,0,0,0,0,0,0,0,0,0,0,0,0,0,0,0,0,0,0,0,0,0,0,0,0,0,0,0,0,0,0,0,1,1,1,0,0,0,0,0,0,0,0,0,2,1250.0,4750.0,800.0,3400,10200,6800.0,0.7272727272727271,0.5131195335276967,0.03978661924872194,"[10, 11, 12, 1, 2, 3]",10|11|12|1|2|3
150,Kanha National Park,Mandla,Madhya Pradesh,Central,Wildlife,"Nature,Adventure","Family,Friends",1000,2500,3000,500,22.334,80.6116,4.8,26000,10,6,Forest,MAD-161,66.0,True,Moderate,Full-day (4-8 hrs),1,0,0,0,0,0,0,0,0,0,0,0,0,0,0,0,0,0,0,0,0,0,0,0,0,0,0,0,0,0,0,0,0,0,0,0,0,0,0,0,0,0,0,0,0,0,0,0,0,0,0,0,0,0,0,0,0,0,0,0,0,0,0,0,0,0,0,0,0,0,0,0,0,0,0,0,0,0,0,0,0,0,0,0,1,0,0,0,0,0,0,0,0,0,0,0,0,0,0,0,0,0,0,0,0,0,0,0,0,0,0,0,0,0,0,0,0,0,0,0,0,0,0,0,0,0,0,0,0,0,0,0,0,0,0,0,0,0,0,0,0,0,0,0,0,0,0,0,0,0,0,0,0,0,0,1,1,0,0,0,0,0,0,0,0,0,2,3750.0,6500.0,1000.0,7000,17500,12250.0,0.8181818181818179,0.6151603498542273,0.028673038452989554,"[10, 11, 12, 1, 2, 3, 4, 5, 6]",10|11|12|1|2|3|4|5|6
151,Bandhavgarh National Park,Umaria,Madhya Pradesh,Central,Wildlife,"Nature,Adventure","Family,Friends",1500,2500,4000,500,23.6529,81.0465,4.8,24000,10,6,Forest,MAD-162,66.3,True,Moderate,Full-day (4-8 hrs),1,0,0,0,0,0,0,0,0,0,0,0,0,0,0,0,0,0,0,0,0,0,0,0,0,0,0,0,0,0,0,0,0,0,0,0,0,0,0,0,0,0,0,0,0,0,0,0,0,0,0,0,0,0,0,0,0,0,0,0,0,0,0,0,0,0,0,0,0,0,0,0,0,0,0,0,0,0,0,0,0,0,0,0,1,0,0,0,0,0,0,0,0,0,0,0,0,0,0,0,0,0,0,0,0,0,0,0,0,0,0,0,0,0,0,0,0,0,0,0,0,0,0,0,0,0,0,0,0,0,0,0,0,0,0,0,0,0,0,0,0,0,0,0,0,0,0,0,0,0,0,0,0,0,0,1,1,0,0,0,0,0,0,0,0,0,2,3750.0,7000.0,1000.0,8500,18000,13250.0,0.8181818181818179,0.6195335276967928,0.026450322293843077,"[10, 11, 12, 1, 2, 3, 4, 5, 6]",10|11|12|1|2|3|4|5|6
152,Marble Rocks and Dhuandhar Falls,Jabalpur,Madhya Pradesh,Central,Nature,"Nature,Romantic","Family,Solo",300,500,2500,500,23.1815,79.9864,4.7,34000,10,3,Valley,MAD-155,59.2,False,Moderate,Half-day (2-4 hrs),0,0,0,0,0,0,0,0,0,0,0,0,0,0,0,0,0,0,0,0,0,0,0,0,0,0,0,0,0,0,0,0,0,0,0,0,0,0,0,0,0,0,0,0,0,0,0,0,0,0,0,0,0,0,0,0,0,0,0,0,0,0,0,0,0,0,0,0,0,0,0,0,0,0,0,0,0,0,0,0,0,0,0,0,1,0,0,0,0,0,0,0,0,0,0,0,0,0,0,0,0,0,0,0,0,0,0,0,1,0,0,0,0,0,0,0,0,0,0,0,0,0,0,0,0,0,0,0,0,0,0,0,0,0,0,0,0,0,0,0,0,0,0,0,0,0,0,0,0,0,0,0,0,0,0,1,0,0,0,0,0,0,1,0,0,0,2,1000.0,5250.0,1000.0,3800,11300,7550.0,0.7272727272727271,0.5160349854227405,0.03756390308957546,"[10, 11, 12, 1, 2, 3]",10|11|12|1|2|3
153,Mandu,Dhar,Madhya Pradesh,Central,Historic Town,"Romantic,Historical","Couples,Family,Friends",25,0,2000,400,22.0259,75.2944,4.6,19000,10,3,Mountain,MAD-163,56.5,False,Moderate,Half-day (2-4 hrs),0,0,0,0,0,0,0,0,0,0,0,0,0,0,0,0,0,0,0,0,0,0,0,0,0,0,0,0,0,0,0,0,0,0,0,0,0,0,0,0,0,0,0,0,0,0,0,0,0,0,0,0,0,0,0,0,0,1,0,0,0,0,0,0,0,0,0,0,0,0,0,0,0,0,0,0,0,0,0,0,0,0,0,0,0,0,0,0,0,0,0,0,0,0,0,0,0,0,0,0,0,0,0,0,0,0,0,0,1,0,0,0,0,0,0,0,0,0,0,0,0,0,0,0,0,0,0,0,0,0,0,0,0,0,0,0,0,0,0,0,0,0,0,0,0,0,0,0,0,0,0,0,0,0,1,1,1,0,0,0,0,0,0,0,0,0,2,0.0,4500.0,800.0,2425,8225,5325.0,0.6363636363636362,0.47667638483965,0.020893531895976883,"[10, 11, 12, 1, 2, 3]",10|11|12|1|2|3
154,Gwalior Fort,Gwalior,Madhya Pradesh,Central,Fort,"Historical,Adventure","Family,Couples",75,0,1500,400,26.227,78.1798,4.6,49000,7,3,Mountain,MAD-156,52.0,False,Moderate,Half-day (2-4 hrs),1,0,0,0,0,0,0,0,0,0,0,0,0,0,0,0,0,0,0,0,0,0,0,0,0,0,0,0,0,0,0,0,0,0,0,0,0,0,0,0,0,0,0,0,0,0,0,0,0,0,0,0,0,0,0,0,0,1,0,0,0,0,0,0,0,0,0,0,0,0,0,0,0,0,0,0,0,0,0,0,0,0,0,0,0,0,0,0,0,0,0,0,0,0,0,0,0,0,0,0,0,0,0,0,0,0,0,0,0,0,0,0,0,0,0,0,0,0,0,0,0,0,0,0,0,0,0,0,0,0,0,0,0,0,0,0,0,0,0,0,0,0,0,0,0,0,0,0,0,0,0,0,0,0,1,1,0,0,0,0,0,0,0,0,0,0,2,0.0,3750.0,750.0,1975,7175,4575.0,0.6363636363636362,0.41107871720116607,0.05423427428317404,"[7, 8, 9, 10, 11, 12, 1, 2, 3]",7|8|9|10|11|12|1|2|3
155,Omkareshwar,Omkareshwar,Madhya Pradesh,Central,Temple,"Spiritual,Pilgrimage","Family,Solo",0,0,2000,300,22.2541,76.2443,4.5,16000,9,3,Urban,MAD-157,51.9,False,Easy,Short (1-2 hrs),0,0,0,0,0,0,0,0,0,0,0,0,0,0,0,0,0,0,0,0,0,0,0,0,0,0,0,0,0,0,0,0,0,0,0,0,0,0,0,0,0,0,0,0,0,0,0,0,0,0,0,0,0,0,0,0,0,0,0,0,0,0,0,0,0,0,0,0,0,0,0,0,0,0,0,0,0,0,0,0,0,0,0,0,0,0,0,0,0,0,0,0,0,0,1,0,0,0,0,0,0,0,0,0,0,0,0,0,0,0,0,0,0,0,0,0,0,0,0,0,0,0,1,0,0,0,0,0,0,0,0,0,0,0,0,0,0,0,0,0,0,0,0,0,0,0,0,0,0,0,0,0,0,0,0,1,0,0,0,0,0,0,1,0,0,0,1,0.0,4000.0,600.0,2300,6900,4600.0,0.5454545454545454,0.40962099125364426,0.01755945765725717,"[9, 10, 11, 12, 1, 2, 3]",9|10|11|12|1|2|3
156,Mahakaleshwar Temple,Ujjain,Madhya Pradesh,Central,Temple,"Spiritual,Pilgrimage","Family,Solo",0,0,1500,300,23.1793,75.784,4.7,52000,9,3,Urban,MAD-164,57.2,False,Easy,Short (1-2 hrs),0,0,0,0,0,0,0,0,0,0,0,0,0,0,0,0,0,0,0,0,0,0,0,0,0,0,0,0,0,0,0,0,0,0,0,0,0,0,0,0,0,0,0,0,0,0,0,0,0,0,0,0,0,0,0,0,0,0,0,0,0,0,0,0,0,0,0,0,0,0,0,0,0,0,0,0,0,0,0,0,0,0,0,0,0,0,0,0,0,0,0,0,0,0,1,0,0,0,0,0,0,0,0,0,0,0,0,0,0,0,0,0,0,0,0,0,0,0,0,0,0,0,1,0,0,0,0,0,0,0,0,0,0,0,0,0,0,0,0,0,0,0,0,0,0,0,0,0,0,0,0,0,0,0,0,1,0,0,0,0,0,0,1,0,0,0,1,0.0,3250.0,600.0,1800,5900,3850.0,0.7272727272727271,0.4868804664723032,0.057568348521893756,"[9, 10, 11, 12, 1, 2, 3]",9|10|11|12|1|2|3
157,Taj-Ul-Masjid,Bhopal,Madhya Pradesh,Central,Religious Site,"Historical,Spiritual","Family,Solo",0,0,1500,300,23.253,77.4126,4.5,25000,10,3,Urban,MAD-153,49.8,False,Moderate,Half-day (2-4 hrs),0,0,0,0,0,0,0,0,0,0,0,0,0,0,0,0,0,0,0,0,0,0,0,0,0,0,0,0,0,0,0,0,0,0,0,0,0,0,0,0,0,0,0,0,0,0,0,0,0,0,0,0,0,0,0,0,0,1,0,0,0,0,0,0,0,0,0,0,0,0,0,0,0,0,0,0,0,0,0,0,0,0,0,0,0,0,0,0,0,0,0,0,0,0,0,0,0,0,0,0,0,0,0,0,0,0,0,0,0,0,0,0,0,0,0,0,0,0,0,0,0,0,1,0,0,0,0,0,0,0,0,0,0,0,0,0,0,0,0,0,0,0,0,0,0,0,0,0,0,0,0,0,0,0,0,1,0,0,0,0,0,0,1,0,0,0,2,0.0,3250.0,600.0,1800,5900,3850.0,0.5454545454545454,0.37900874635568504,0.027561680373416317,"[10, 11, 12, 1, 2, 3]",10|11|12|1|2|3
158,Tribal Museum,Bhopal,Madhya Pradesh,Central,Museum,"Cultural,","Family,Solo",60,0,1500,300,23.2558,77.403,4.4,8500,10,3,Urban,MAD-153,49.5,False,Easy,Half-day (2-4 hrs),0,0,0,0,0,0,0,0,0,0,0,0,0,0,0,0,0,0,0,0,0,0,0,0,0,0,0,0,0,0,0,1,0,0,0,0,0,0,0,0,0,0,0,0,0,0,0,0,0,0,0,0,0,0,0,0,0,0,0,0,0,0,0,0,0,0,0,0,0,0,0,0,0,0,0,0,0,0,0,0,0,0,0,0,0,0,0,0,0,0,0,0,0,0,0,0,0,0,0,0,0,0,0,0,0,0,0,0,0,0,0,0,0,0,0,0,0,0,0,0,0,0,0,0,0,0,0,0,0,0,0,0,0,0,0,0,0,0,0,0,0,0,0,0,0,0,0,0,0,0,0,0,0,0,0,1,0,0,0,0,0,0,1,0,0,0,1,0.0,3250.0,600.0,1860,5960,3910.0,0.4545454545454546,0.3746355685131195,0.00922427206045788,"[10, 11, 12, 1, 2, 3]",10|11|12|1|2|3
159,Patalpani Waterfall,Indore,Madhya Pradesh,Central,Nature,"Adventure,Nature","Family,Friends",0,0,1500,300,22.5391,75.7511,4.4,10400,7,9,Mountain,MAD-157,48.5,False,Moderate,Half-day (2-4 hrs),1,0,0,0,0,0,0,0,0,0,0,0,0,0,0,0,0,0,0,0,0,0,0,0,0,0,0,0,0,0,0,0,0,0,0,0,0,0,0,0,0,0,0,0,0,0,0,0,0,0,0,0,0,0,0,0,0,0,0,0,0,0,0,0,0,0,0,0,0,0,0,0,0,0,0,0,0,0,0,0,0,0,0,0,1,0,0,0,0,0,0,0,0,0,0,0,0,0,0,0,0,0,0,0,0,0,0,0,0,0,0,0,0,0,0,0,0,0,0,0,0,0,0,0,0,0,0,0,0,0,0,0,0,0,0,0,0,0,0,0,0,0,0,0,0,0,0,0,0,0,0,0,0,0,0,1,1,0,0,0,0,0,0,0,0,0,2,0.0,3750.0,600.0,1800,6900,4350.0,0.4545454545454546,0.3600583090379008,0.011335852411647035,"[7, 8, 9]",7|8|9
160,Atal Bihari Vajpayee Regional Park,Indore,Madhya Pradesh,Central,Park,"Nature,Relaxation","Family,Friends",30,100,1500,300,22.7319,75.8791,4.3,7400,10,3,Urban,MAD-157,44.7,False,Easy,Half-day (2-4 hrs),0,0,0,0,0,0,0,0,0,0,0,0,0,0,0,0,0,0,0,0,0,0,0,0,0,0,0,0,0,0,0,0,0,0,0,0,0,0,0,0,0,0,0,0,0,0,0,0,0,0,0,0,0,0,0,0,0,0,0,0,0,0,0,0,0,0,0,0,0,0,0,0,0,0,0,0,0,0,0,0,0,0,0,0,1,0,0,0,0,0,0,0,0,0,0,0,0,0,0,1,0,0,0,0,0,0,0,0,0,0,0,0,0,0,0,0,0,0,0,0,0,0,0,0,0,0,0,0,0,0,0,0,0,0,0,0,0,0,0,0,0,0,0,0,0,0,0,0,0,0,0,0,0,0,0,1,1,0,0,0,0,0,0,0,0,0,1,200.0,3750.0,600.0,1930,7230,4580.0,0.3636363636363633,0.30466472303206993,0.00800177817292732,"[10, 11, 12, 1, 2, 3]",10|11|12|1|2|3
161,Chitrakote Waterfall,Jagdalpur,Chhattisgarh,Central,Waterfall,"Nature,Adventure","Family,Friends,Solo",50,200,1200,300,19.207,81.694,4.6,21000,7,2,Mountain,CHH-54,56.1,False,Moderate,Half-day (2-4 hrs),1,0,0,0,0,0,0,0,0,0,0,0,0,0,0,0,0,0,0,0,0,0,0,0,0,0,0,0,0,0,0,0,0,0,0,0,0,0,0,0,0,0,0,0,0,0,0,0,0,0,0,0,0,0,0,0,0,0,0,0,0,0,0,0,0,0,0,0,0,0,0,0,0,0,0,0,0,0,0,0,0,0,0,0,1,0,0,0,0,0,0,0,0,0,0,0,0,0,0,0,0,0,0,0,0,0,0,0,0,0,0,0,0,0,0,0,0,0,0,0,0,0,0,0,0,0,0,0,0,0,0,0,0,0,0,0,0,0,0,0,0,0,0,0,0,0,0,0,0,0,0,0,0,0,0,1,1,0,0,0,0,0,1,0,0,0,2,600.0,3100.0,600.0,1750,6950,4350.0,0.6363636363636362,0.4708454810495626,0.023116248055123363,"[7, 8, 9, 10, 11, 12, 1, 2]",7|8|9|10|11|12|1|2
162,Tirathgarh Falls,Jagdalpur,Chhattisgarh,Central,Waterfall,"Nature,Adventure","Family,Friends",50,200,1200,300,18.9187,81.9289,4.5,12000,7,2,Urban,CHH-54,53.3,False,Moderate,Half-day (2-4 hrs),1,0,0,0,0,0,0,0,0,0,0,0,0,0,0,0,0,0,0,0,0,0,0,0,0,0,0,0,0,0,0,0,0,0,0,0,0,0,0,0,0,0,0,0,0,0,0,0,0,0,0,0,0,0,0,0,0,0,0,0,0,0,0,0,0,0,0,0,0,0,0,0,0,0,0,0,0,0,0,0,0,0,0,0,1,0,0,0,0,0,0,0,0,0,0,0,0,0,0,0,0,0,0,0,0,0,0,0,0,0,0,0,0,0,0,0,0,0,0,0,0,0,0,0,0,0,0,0,0,0,0,0,0,0,0,0,0,0,0,0,0,0,0,0,0,0,0,0,0,0,0,0,0,0,0,1,1,0,0,0,0,0,0,0,0,0,2,500.0,3100.0,600.0,1750,6750,4250.0,0.5454545454545454,0.4300291545189503,0.013114025338964216,"[7, 8, 9, 10, 11, 12, 1, 2]",7|8|9|10|11|12|1|2
163,Barnawapara Wildlife Sanctuary,Mahasamund,Chhattisgarh,Central,Wildlife,"Nature,Wildlife,Adventure","Family,Friends",150,1500,1500,300,21.289,82.5,4.4,6000,11,6,Forest,CHH-55,51.1,False,Moderate,Full-day (4-8 hrs),1,0,0,0,0,0,0,0,0,0,0,0,0,0,0,0,0,0,0,0,0,0,0,0,0,0,0,0,0,0,0,0,0,0,0,0,0,0,0,0,0,0,0,0,0,0,0,0,0,0,0,0,0,0,0,0,0,0,0,0,0,0,0,0,0,0,0,0,0,0,0,0,0,0,0,0,0,0,0,0,0,0,0,0,1,0,0,0,0,0,0,0,0,0,0,0,0,0,0,0,0,0,0,0,0,0,0,0,0,0,0,0,0,0,0,0,0,0,0,0,0,0,0,0,0,0,0,0,0,0,0,0,0,0,0,0,0,0,0,0,0,0,0,0,0,0,0,0,0,1,0,0,0,0,0,1,1,0,0,0,0,0,0,0,0,0,2,2750.0,3750.0,600.0,3450,11050,7250.0,0.4545454545454546,0.3979591836734694,0.0064458768615247835,"[11, 12, 1, 2, 3, 4, 5, 6]",11|12|1|2|3|4|5|6
164,Kanger Valley National Park,Jagdalpur,Chhattisgarh,Central,National Park,"Nature,Wildlife,Adventure","Family,Friends",100,1000,1200,300,18.8686,81.95,4.6,9000,11,6,Forest,CHH-54,60.1,False,Moderate,Full-day (4-8 hrs),1,0,0,0,0,0,0,0,0,0,0,0,0,0,0,0,0,0,0,0,0,0,0,0,0,0,0,0,0,0,0,0,0,0,0,0,0,0,0,0,0,0,0,0,0,0,0,0,0,0,0,0,0,0,0,0,0,0,0,0,0,0,0,0,0,0,0,0,0,0,0,0,0,0,0,0,0,0,0,0,0,0,0,0,1,0,0,0,0,0,0,0,0,0,0,0,0,0,0,0,0,0,0,0,0,0,0,0,0,0,0,0,0,0,0,0,0,0,0,0,0,0,0,0,0,0,0,0,0,0,0,0,0,0,0,0,0,0,0,0,0,0,0,0,0,0,0,0,0,1,0,0,0,0,0,1,1,0,0,0,0,0,0,0,0,0,2,2000.0,3100.0,600.0,2600,9000,5800.0,0.6363636363636362,0.5291545189504373,0.0097799511002445,"[11, 12, 1, 2, 3, 4, 5, 6]",11|12|1|2|3|4|5|6
165,Bhoramdeo Temple,Kawardha,Chhattisgarh,Central,Temple,"Historical,Spiritual","Family,Solo",25,0,1000,250,22.0087,81.2523,4.4,5000,10,3,Forest,CHH-60,52.0,False,Moderate,Short (1-2 hrs),0,0,0,0,0,0,0,0,0,0,0,0,0,0,0,0,0,0,0,0,0,0,0,0,0,0,0,0,0,0,0,0,0,0,0,0,0,0,0,0,0,0,0,0,0,0,0,0,0,0,0,0,0,0,0,0,0,1,0,0,0,0,0,0,0,0,0,0,0,0,0,0,0,0,0,0,0,0,0,0,0,0,0,0,0,0,0,0,0,0,0,0,0,0,0,0,0,0,0,0,0,0,0,0,0,0,0,0,0,0,0,0,0,0,0,0,0,0,0,0,0,0,1,0,0,0,0,0,0,0,0,0,0,0,0,0,0,0,0,0,0,0,0,0,0,0,0,0,0,0,0,0,0,0,0,1,0,0,0,0,0,0,1,0,0,0,2,0.0,2500.0,525.0,1275,4825,3050.0,0.4545454545454546,0.41107871720116607,0.005334518781951545,"[10, 11, 12, 1, 2, 3]",10|11|12|1|2|3
166,Sirpur,Mahasamund,Chhattisgarh,Central,Archaeological Site,"Historical,Spiritual","Family,Solo",20,0,1200,300,21.35,82.1833,4.3,4000,10,3,Forest,CHH-55,47.6,False,Moderate,Half-day (2-4 hrs),0,0,0,0,0,0,0,0,0,0,0,0,0,0,0,0,0,0,0,0,0,0,0,0,0,0,0,0,0,0,0,0,0,0,0,0,0,0,0,0,0,0,0,0,0,0,0,0,0,0,0,0,0,0,0,0,0,1,0,0,0,0,0,0,0,0,0,0,0,0,0,0,0,0,0,0,0,0,0,0,0,0,0,0,0,0,0,0,0,0,0,0,0,0,0,0,0,0,0,0,0,0,0,0,0,0,0,0,0,0,0,0,0,0,0,0,0,0,0,0,0,0,1,0,0,0,0,0,0,0,0,0,0,0,0,0,0,0,0,0,0,0,0,0,0,0,0,0,0,0,0,0,0,0,0,1,0,0,0,0,0,0,1,0,0,0,2,0.0,2850.0,600.0,1520,5420,3470.0,0.3636363636363633,0.346938775510204,0.004223160702378307,"[10, 11, 12, 1, 2, 3]",10|11|12|1|2|3
167,Dongargarh (Maa Bamleshwari Temple),Dongargarh,Chhattisgarh,Central,Temple,"Spiritual,Pilgrimage","Family,Solo",0,100,1000,250,21.1886,80.7547,4.5,15000,10,3,Urban,CHH-56,52.2,False,Easy,Short (1-2 hrs),0,0,0,0,0,0,0,0,0,0,0,0,0,0,0,0,0,0,0,0,0,0,0,0,0,0,0,0,0,0,0,0,0,0,0,0,0,0,0,0,0,0,0,0,0,0,0,0,0,0,0,0,0,0,0,0,0,0,0,0,0,0,0,0,0,0,0,0,0,0,0,0,0,0,0,0,0,0,0,0,0,0,0,0,0,0,0,0,0,0,0,0,0,0,1,0,0,0,0,0,0,0,0,0,0,0,0,0,0,0,0,0,0,0,0,0,0,0,0,0,0,0,1,0,0,0,0,0,0,0,0,0,0,0,0,0,0,0,0,0,0,0,0,0,0,0,0,0,0,0,0,0,0,0,0,1,0,0,0,0,0,0,1,0,0,0,1,300.0,2250.0,525.0,1350,4800,3075.0,0.5454545454545454,0.4139941690962099,0.01644809957768393,"[10, 11, 12, 1, 2, 3]",10|11|12|1|2|3
168,Rajim,Rajim,Chhattisgarh,Central,Religious Site,"Spiritual,Pilgrimage","Family,Solo",0,0,1000,250,20.9667,81.8833,4.3,3000,10,3,Urban,CHH-61,49.0,False,Moderate,Half-day (2-4 hrs),0,0,0,0,0,0,0,0,0,0,0,0,0,0,0,0,0,0,0,0,0,0,0,0,0,0,0,0,0,0,0,0,0,0,0,0,0,0,0,0,0,0,0,0,0,0,0,0,0,0,0,0,0,0,0,0,0,0,0,0,0,0,0,0,0,0,0,0,0,0,0,0,0,0,0,0,0,0,0,0,0,0,0,0,0,0,0,0,0,0,0,0,0,0,1,0,0,0,0,0,0,0,0,0,0,0,0,0,0,0,0,0,0,0,0,0,0,0,0,0,0,0,1,0,0,0,0,0,0,0,0,0,0,0,0,0,0,0,0,0,0,0,0,0,0,0,0,0,0,0,0,0,0,0,0,1,0,0,0,0,0,0,1,0,0,0,2,0.0,2250.0,525.0,1250,4300,2775.0,0.3636363636363633,0.36734693877551017,0.003111802622805068,"[10, 11, 12, 1, 2, 3]",10|11|12|1|2|3
169,Mainpat,Mainpat,Chhattisgarh,Central,Hill Station,"Nature,Romantic","Couples,Family,Friends",0,200,1500,300,22.8833,83.2833,4.4,7000,10,3,Mountain,CHH-62,50.4,False,Moderate,Full-day (4-8 hrs),0,0,0,0,0,0,0,0,0,0,0,0,0,0,0,0,0,0,0,0,0,0,0,0,0,0,0,0,0,0,0,0,0,0,0,0,0,0,0,0,0,0,0,0,0,0,0,0,0,0,0,0,0,0,0,0,0,0,0,0,0,0,0,0,0,0,0,0,0,0,0,0,0,0,0,0,0,0,0,0,0,0,0,0,1,0,0,0,0,0,0,0,0,0,0,0,0,0,0,0,0,0,0,0,0,0,0,0,1,0,0,0,0,0,0,0,0,0,0,0,0,0,0,0,0,0,0,0,0,0,0,0,0,0,0,0,0,0,0,0,0,0,0,0,0,0,0,0,0,0,0,0,0,0,1,1,1,0,0,0,0,0,0,0,0,0,2,600.0,3750.0,600.0,2000,7900,4950.0,0.4545454545454546,0.3877551020408162,0.007557234941098022,"[10, 11, 12, 1, 2, 3]",10|11|12|1|2|3
170,Achanakmar Wildlife Sanctuary,Bilaspur,Chhattisgarh,Central,Wildlife,"Nature,Wildlife","Family,Friends",150,1500,1500,300,22.4667,81.7333,4.4,5500,11,6,Forest,CHH-57,51.5,False,Moderate,Full-day (4-8 hrs),0,0,0,0,0,0,0,0,0,0,0,0,0,0,0,0,0,0,0,0,0,0,0,0,0,0,0,0,0,0,0,0,0,0,0,0,0,0,0,0,0,0,0,0,0,0,0,0,0,0,0,0,0,0,0,0,0,0,0,0,0,0,0,0,0,0,0,0,0,0,0,0,0,0,0,0,0,0,0,0,0,0,0,0,1,0,0,0,0,0,0,0,0,0,0,0,0,0,0,0,0,0,0,0,0,0,0,0,0,0,0,0,0,0,0,0,0,0,0,0,0,0,0,0,0,0,0,0,0,0,0,0,0,0,0,0,0,0,0,0,0,0,0,0,0,0,0,0,0,1,0,0,0,0,0,1,1,0,0,0,0,0,0,0,0,0,2,2750.0,3750.0,600.0,3450,11050,7250.0,0.4545454545454546,0.4037900874635568,0.005890197821738164,"[11, 12, 1, 2, 3, 4, 5, 6]",11|12|1|2|3|4|5|6
171,Danteshwari Temple,Dantewada,Chhattisgarh,Central,Temple,"Spiritual,Pilgrimage","Family,Solo",0,0,1000,250,18.9,81.35,4.6,8000,10,3,Urban,CHH-63,60.7,False,Easy,Short (1-2 hrs),0,0,0,0,0,0,0,0,0,0,0,0,0,0,0,0,0,0,0,0,0,0,0,0,0,0,0,0,0,0,0,0,0,0,0,0,0,0,0,0,0,0,0,0,0,0,0,0,0,0,0,0,0,0,0,0,0,0,0,0,0,0,0,0,0,0,0,0,0,0,0,0,0,0,0,0,0,0,0,0,0,0,0,0,0,0,0,0,0,0,0,0,0,0,1,0,0,0,0,0,0,0,0,0,0,0,0,0,0,0,0,0,0,0,0,0,0,0,0,0,0,0,1,0,0,0,0,0,0,0,0,0,0,0,0,0,0,0,0,0,0,0,0,0,0,0,0,0,0,0,0,0,0,0,0,1,0,0,0,0,0,0,1,0,0,0,1,0.0,2250.0,525.0,1250,4300,2775.0,0.6363636363636362,0.5379008746355685,0.008668593020671262,"[10, 11, 12, 1, 2, 3]",10|11|12|1|2|3
172,Madku Dweep,Bilaspur,Chhattisgarh,Central,Island,"Nature,Relaxation","Family,Solo",20,0,1200,300,21.95,81.95,4.2,2500,10,3,Island,CHH-64,44.4,False,Moderate,Full-day (4-8 hrs),0,0,0,0,0,0,0,0,0,0,0,0,0,0,0,0,0,0,0,0,0,0,0,0,0,0,0,0,0,0,0,0,0,0,0,0,0,0,0,0,0,0,0,0,0,0,0,0,0,0,0,0,0,0,0,0,0,0,0,0,0,0,0,0,0,0,0,0,0,0,0,0,0,0,0,0,0,0,0,0,0,0,0,0,1,0,0,0,0,0,0,0,0,0,0,0,0,0,0,1,0,0,0,0,0,0,0,0,0,0,0,0,0,0,0,0,0,0,0,0,0,0,0,0,0,0,0,0,0,0,0,0,0,0,0,0,0,0,0,0,0,0,0,0,0,0,0,0,0,0,0,0,0,0,0,1,0,0,0,0,0,0,1,0,0,0,2,0.0,2850.0,600.0,1520,5420,3470.0,0.27272727272727293,0.3002915451895043,0.0025561235830184486,"[10, 11, 12, 1, 2, 3]",10|11|12|1|2|3
173,Kotumsar Cave,Jagdalpur,Chhattisgarh,Central,Cave,"Adventure,Nature","Friends,Solo",30,200,1200,300,18.8588,81.9595,4.4,4500,11,6,Mountain,CHH-54,52.5,False,Moderate,Half-day (2-4 hrs),1,0,0,0,0,0,0,0,0,0,0,0,0,0,0,0,0,0,0,0,0,0,0,0,0,0,0,0,0,0,0,0,0,0,0,0,0,0,0,0,0,0,0,0,0,0,0,0,0,0,0,0,0,0,0,0,0,0,0,0,0,0,0,0,0,0,0,0,0,0,0,0,0,0,0,0,0,0,0,0,0,0,0,0,1,0,0,0,0,0,0,0,0,0,0,0,0,0,0,0,0,0,0,0,0,0,0,0,0,0,0,0,0,0,0,0,0,0,0,0,0,0,0,0,0,0,0,0,0,0,0,0,0,0,0,0,0,0,0,0,0,0,0,0,0,0,0,0,0,0,0,0,0,0,0,0,1,0,0,0,0,0,1,0,0,0,2,500.0,3100.0,600.0,1730,6730,4230.0,0.4545454545454546,0.4183673469387754,0.004778839742164926,"[11, 12, 1, 2, 3, 4, 5, 6]",11|12|1|2|3|4|5|6
174,Charre Marre Waterfalls,Jagdalpur,Chhattisgarh,Central,Waterfall,"Nature,Adventure","Friends,Solo",0,0,1200,300,19.15,81.75,4.3,2000,7,2,Mountain,CHH-54,50.9,False,Moderate,Half-day (2-4 hrs),1,0,0,0,0,0,0,0,0,0,0,0,0,0,0,0,0,0,0,0,0,0,0,0,0,0,0,0,0,0,0,0,0,0,0,0,0,0,0,0,0,0,0,0,0,0,0,0,0,0,0,0,0,0,0,0,0,0,0,0,0,0,0,0,0,0,0,0,0,0,0,0,0,0,0,0,0,0,0,0,0,0,0,0,1,0,0,0,0,0,0,0,0,0,0,0,0,0,0,0,0,0,0,0,0,0,0,0,0,0,0,0,0,0,0,0,0,0,0,0,0,0,0,0,0,0,0,0,0,0,0,0,0,0,0,0,0,0,0,0,0,0,0,0,0,0,0,0,0,0,0,0,0,0,0,0,1,0,0,0,0,0,1,0,0,0,2,250.0,3100.0,600.0,1500,6400,3950.0,0.3636363636363633,0.39504373177842556,0.0020004445432318294,"[7, 8, 9, 10, 11, 12, 1, 2]",7|8|9|10|11|12|1|2
175,Gadiya Mountain,Kanker,Chhattisgarh,Central,Hill,"Nature,Adventure","Friends,Solo",0,0,1000,250,20.271,81.493,4.2,1800,10,2,Urban,CHH-58,45.9,False,Moderate,Half-day (2-4 hrs),1,0,0,0,0,0,0,0,0,0,0,0,0,0,0,0,0,0,0,0,0,0,0,0,0,0,0,0,0,0,0,0,0,0,0,0,0,0,0,0,0,0,0,0,0,0,0,0,0,0,0,0,0,0,0,0,0,0,0,0,0,0,0,0,0,0,0,0,0,0,0,0,0,0,0,0,0,0,0,0,0,0,0,0,1,0,0,0,0,0,0,0,0,0,0,0,0,0,0,0,0,0,0,0,0,0,0,0,0,0,0,0,0,0,0,0,0,0,0,0,0,0,0,0,0,0,0,0,0,0,0,0,0,0,0,0,0,0,0,0,0,0,0,0,0,0,0,0,0,0,0,0,0,0,0,0,1,0,0,0,0,0,1,0,0,0,2,250.0,2250.0,525.0,1250,4800,3025.0,0.27272727272727293,0.32215743440233224,0.0017781729273171818,"[10, 11, 12, 1, 2]",10|11|12|1|2
176,Mahabodhi Temple,Bodh Gaya,Bihar,East,Temple,"Pilgrimage,Spiritual,Historical","Solo,Family,Couples",0,100,1200,300,24.695,84.9916,4.8,95000,10,3,Mountain,BIH-41,59.8,False,Moderate,Short (1-2 hrs),0,0,0,0,0,0,0,0,0,0,0,0,0,0,0,0,0,0,0,0,0,0,0,0,0,0,0,0,0,0,0,0,0,0,0,0,0,0,0,0,0,0,0,0,0,0,0,0,0,0,0,0,0,0,0,0,0,1,0,0,0,0,0,0,0,0,0,0,0,0,0,0,0,0,0,0,0,0,0,0,0,0,0,0,0,0,0,0,0,0,0,0,0,0,1,0,0,0,0,0,0,0,0,0,0,0,0,0,0,0,0,0,0,0,0,0,0,0,0,0,0,0,1,0,0,0,0,0,0,0,0,0,0,0,0,0,0,0,0,0,0,0,0,0,0,0,0,0,0,0,0,0,0,0,1,1,0,0,0,0,0,0,1,0,0,0,2,300.0,2850.0,600.0,1600,5900,3750.0,0.8181818181818179,0.5247813411078716,0.10535674594354302,"[10, 11, 12, 1, 2, 3]",10|11|12|1|2|3
177,Vishnupad Temple,Gaya,Bihar,East,Temple,"Pilgrimage,Ritual,Spiritual","Family,Solo",0,50,1200,300,24.795,85.005,4.6,42000,10,3,Urban,BIH-41,52.8,False,Easy,Short (1-2 hrs),0,0,0,0,0,0,0,0,0,0,0,0,0,0,0,0,0,0,0,0,0,0,0,0,0,0,0,0,0,0,0,0,0,0,0,0,0,0,0,0,0,0,0,0,0,0,0,0,0,0,0,0,0,0,0,0,0,0,0,0,0,0,0,0,0,0,0,0,0,0,0,0,0,0,0,0,0,0,0,0,0,0,0,0,0,0,0,0,0,0,0,0,0,0,1,0,0,0,0,0,0,0,0,1,0,0,0,0,0,0,0,0,0,0,0,0,0,0,0,0,0,0,1,0,0,0,0,0,0,0,0,0,0,0,0,0,0,0,0,0,0,0,0,0,0,0,0,0,0,0,0,0,0,0,0,1,0,0,0,0,0,0,1,0,0,0,1,175.0,2850.0,600.0,1550,5700,3625.0,0.6363636363636362,0.42274052478134105,0.046454767726161375,"[10, 11, 12, 1, 2, 3]",10|11|12|1|2|3
178,Nalanda Ruins,Nalanda,Bihar,East,Heritage Site,"Archaeological,Historical,Cultural","Friends,Family,Solo",0,200,900,300,25.1811,85.443,4.7,38000,10,2,Forest,BIH-42,58.7,False,Moderate,Half-day (2-4 hrs),0,0,0,1,0,0,0,0,0,0,0,0,0,0,0,0,0,0,0,0,0,0,0,0,0,0,0,0,0,0,0,1,0,0,0,0,0,0,0,0,0,0,0,0,0,0,0,0,0,0,0,0,0,0,0,0,0,1,0,0,0,0,0,0,0,0,0,0,0,0,0,0,0,0,0,0,0,0,0,0,0,0,0,0,0,0,0,0,0,0,0,0,0,0,0,0,0,0,0,0,0,0,0,0,0,0,0,0,0,0,0,0,0,0,0,0,0,0,0,0,0,0,0,0,0,0,0,0,0,0,0,0,0,0,0,0,0,0,0,0,0,0,0,0,0,0,0,0,0,0,0,0,0,0,0,1,1,0,0,0,0,0,1,0,0,0,2,450.0,2200.0,550.0,1400,5000,3200.0,0.7272727272727271,0.5087463556851312,0.042009335407868414,"[10, 11, 12, 1, 2]",10|11|12|1|2
179,Rajgir Hot Springs,Rajgir,Bihar,East,Natural Site,"Nature,Relaxation,Wellness","Friends,Couples,Family",0,300,900,300,25.0294,85.4236,4.5,25000,11,3,Mountain,BIH-42,49.8,False,Moderate,Half-day (2-4 hrs),0,0,0,0,0,0,0,0,0,0,0,0,0,0,0,0,0,0,0,0,0,0,0,0,0,0,0,0,0,0,0,0,0,0,0,0,0,0,0,0,0,0,0,0,0,0,0,0,0,0,0,0,0,0,0,0,0,0,0,0,0,0,0,0,0,0,0,0,0,0,0,0,0,0,0,0,0,0,0,0,0,0,0,0,1,0,0,0,0,0,0,0,0,0,0,0,0,0,0,1,0,0,0,0,0,0,0,0,0,0,0,0,0,0,0,0,0,0,0,0,0,0,0,0,0,0,0,0,0,0,0,0,0,0,0,0,0,0,0,0,0,0,0,0,0,0,0,0,1,0,0,0,0,0,1,1,1,0,0,0,0,0,0,0,0,0,2,550.0,2200.0,550.0,1500,5100,3300.0,0.5454545454545454,0.37900874635568504,0.027561680373416317,"[11, 12, 1, 2, 3]",11|12|1|2|3
180,Vishwa Shanti Stupa,Rajgir,Bihar,East,Monument,"Peaceful,Photography,Spiritual","Friends,Couples,Family",0,150,900,300,25.0298,85.4291,4.6,22000,11,3,Urban,BIH-42,55.8,False,Easy,Short (1-2 hrs),0,0,0,0,0,0,0,0,0,0,0,0,0,0,0,0,0,0,0,0,0,0,0,0,0,0,0,0,0,0,0,0,0,0,0,0,0,0,0,0,0,0,0,0,0,0,0,0,0,0,0,0,0,0,0,0,0,0,0,0,0,0,0,0,0,0,0,0,0,0,0,0,0,0,0,0,0,0,0,0,0,0,0,0,0,0,0,0,0,0,0,1,1,0,0,0,0,0,0,0,0,0,0,0,0,0,0,0,0,0,0,0,0,0,0,0,0,0,0,0,0,0,1,0,0,0,0,0,0,0,0,0,0,0,0,0,0,0,0,0,0,0,0,0,0,0,0,0,0,0,0,0,0,0,1,1,1,0,0,0,0,0,0,0,0,0,1,300.0,2200.0,550.0,1350,4750,3050.0,0.6363636363636362,0.46647230320699695,0.0242276061346966,"[11, 12, 1, 2, 3]",11|12|1|2|3
181,Valmiki Tiger Reserve,West Champaran,Bihar,East,Wildlife,"Wildlife Safari,Nature,Adventure","Friends,Couples,Solo",50,800,900,350,27.048,84.615,4.4,12000,10,1,Urban,BIH-47,47.8,False,Moderate,Full-day (4-8 hrs),1,0,0,0,0,0,0,0,0,0,0,0,0,0,0,0,0,0,0,0,0,0,0,0,0,0,0,0,0,0,0,0,0,0,0,0,0,0,0,0,0,0,0,0,0,0,0,0,0,0,0,0,0,0,0,0,0,0,0,0,0,0,0,0,0,0,0,0,0,0,0,0,0,0,0,0,0,0,0,0,0,0,0,0,1,0,0,0,0,0,0,0,0,0,0,0,0,0,0,0,0,0,0,0,0,0,0,0,0,0,0,0,0,0,0,0,0,0,0,0,0,0,0,0,0,0,0,0,0,0,0,0,0,0,0,0,0,0,0,0,0,0,0,0,0,0,0,0,0,0,1,0,0,0,1,0,1,0,0,0,0,0,1,0,0,0,2,1300.0,2350.0,675.0,2100,6650,4375.0,0.4545454545454546,0.34985422740524774,0.013114025338964216,"[10, 11, 12, 1]",10|11|12|1
182,Barabar Caves,Jehanabad,Bihar,East,Cave,"Historical,Archaeological,Cultural","Friends,Family,Solo",0,100,900,300,24.8667,84.9833,4.3,9000,10,2,Mountain,BIH-41,43.7,False,Moderate,Half-day (2-4 hrs),0,0,0,1,0,0,0,0,0,0,0,0,0,0,0,0,0,0,0,0,0,0,0,0,0,0,0,0,0,0,0,1,0,0,0,0,0,0,0,0,0,0,0,0,0,0,0,0,0,0,0,0,0,0,0,0,0,1,0,0,0,0,0,0,0,0,0,0,0,0,0,0,0,0,0,0,0,0,0,0,0,0,0,0,0,0,0,0,0,0,0,0,0,0,0,0,0,0,0,0,0,0,0,0,0,0,0,0,0,0,0,0,0,0,0,0,0,0,0,0,0,0,0,0,0,0,0,0,0,0,0,0,0,0,0,0,0,0,0,0,0,0,0,0,0,0,0,0,0,0,0,0,0,0,0,1,1,0,0,0,0,0,1,0,0,0,2,250.0,2200.0,550.0,1300,4700,3000.0,0.3636363636363633,0.29008746355685133,0.0097799511002445,"[10, 11, 12, 1, 2]",10|11|12|1|2
183,Takht Sri Patna Sahib,Patna,Bihar,East,Gurdwara,"Spiritual,Pilgrimage,Cultural","Family,Solo",0,50,1000,300,25.6141,85.142,4.7,50000,10,3,Urban,BIH-43,57.4,False,Easy,Short (1-2 hrs),0,0,0,0,0,0,0,0,0,0,0,0,0,0,0,0,0,0,0,0,0,0,0,0,0,0,0,0,0,0,0,1,0,0,0,0,0,0,0,0,0,0,0,0,0,0,0,0,0,0,0,0,0,0,0,0,0,0,0,0,0,0,0,0,0,0,0,0,0,0,0,0,0,0,0,0,0,0,0,0,0,0,0,0,0,0,0,0,0,0,0,0,0,0,1,0,0,0,0,0,0,0,0,0,0,0,0,0,0,0,0,0,0,0,0,0,0,0,0,0,0,0,1,0,0,0,0,0,0,0,0,0,0,0,0,0,0,0,0,0,0,0,0,0,0,0,0,0,0,0,0,0,0,0,0,1,0,0,0,0,0,0,1,0,0,0,1,125.0,2400.0,550.0,1350,4800,3075.0,0.7272727272727271,0.4897959183673468,0.05534563236274728,"[10, 11, 12, 1, 2, 3]",10|11|12|1|2|3
184,Buddha Smriti Park,Patna,Bihar,East,Park,"Nature,Relaxation,","Family,Couples,Friends",30,100,1000,300,25.6094,85.121,4.6,29000,10,3,Urban,BIH-43,54.5,False,Easy,Half-day (2-4 hrs),0,0,0,0,0,0,0,0,0,0,0,0,0,0,0,0,0,0,0,0,0,0,0,0,0,0,0,0,0,0,0,0,0,0,0,0,0,0,0,0,0,0,0,0,0,0,0,0,0,0,0,0,0,0,0,0,0,0,0,0,0,0,0,0,0,0,0,0,0,0,0,0,0,0,0,0,0,0,0,0,0,0,0,0,1,0,0,0,0,0,0,0,0,0,0,0,0,0,0,1,0,0,0,0,0,0,0,0,0,0,0,0,0,0,0,0,0,0,0,0,0,0,0,0,0,0,0,0,0,0,0,0,0,0,0,0,0,0,0,0,0,0,0,0,0,0,0,0,0,0,0,0,0,0,1,1,1,0,0,0,0,0,0,0,0,0,1,200.0,2400.0,550.0,1430,4930,3180.0,0.6363636363636362,0.4475218658892127,0.03200711269170927,"[10, 11, 12, 1, 2, 3]",10|11|12|1|2|3
185,Rohtasgarh Fort,Rohtas,Bihar,East,Fort,"Historical,Adventure,Cultural","Friends,Solo,Family",20,300,800,300,24.9387,84.042,4.2,11000,10,2,Urban,BIH-44,37.3,False,Moderate,Half-day (2-4 hrs),1,0,0,0,0,0,0,0,0,0,0,0,0,0,0,0,0,0,0,0,0,0,0,0,0,0,0,0,0,0,0,1,0,0,0,0,0,0,0,0,0,0,0,0,0,0,0,0,0,0,0,0,0,0,0,0,0,1,0,0,0,0,0,0,0,0,0,0,0,0,0,0,0,0,0,0,0,0,0,0,0,0,0,0,0,0,0,0,0,0,0,0,0,0,0,0,0,0,0,0,0,0,0,0,0,0,0,0,0,0,0,0,0,0,0,0,0,0,0,0,0,0,0,0,0,0,0,0,0,0,0,0,0,0,0,0,0,0,0,0,0,0,0,0,0,0,0,0,0,0,0,0,0,0,0,1,1,0,0,0,0,0,1,0,0,0,2,600.0,1800.0,550.0,1420,4520,2970.0,0.27272727272727293,0.19679300291545188,0.012002667259390977,"[10, 11, 12, 1, 2]",10|11|12|1|2
186,Sher Shah Suri Tomb,Sasaram,Bihar,East,Mausoleum,"Historical,Architecture,Cultural","Friends,Family,Solo",0,100,800,300,24.9451,84.0034,4.5,18000,10,3,Urban,BIH-44,51.3,False,Moderate,Half-day (2-4 hrs),0,0,0,0,1,0,0,0,0,0,0,0,0,0,0,0,0,0,0,0,0,0,0,0,0,0,0,0,0,0,0,1,0,0,0,0,0,0,0,0,0,0,0,0,0,0,0,0,0,0,0,0,0,0,0,0,0,1,0,0,0,0,0,0,0,0,0,0,0,0,0,0,0,0,0,0,0,0,0,0,0,0,0,0,0,0,0,0,0,0,0,0,0,0,0,0,0,0,0,0,0,0,0,0,0,0,0,0,0,0,0,0,0,0,0,0,0,0,0,0,0,0,0,0,0,0,0,0,0,0,0,0,0,0,0,0,0,0,0,0,0,0,0,0,0,0,0,0,0,0,0,0,0,0,0,1,1,0,0,0,0,0,1,0,0,0,2,200.0,1850.0,550.0,1200,4000,2600.0,0.5454545454545454,0.400874635568513,0.019782173816403646,"[10, 11, 12, 1, 2, 3]",10|11|12|1|2|3
187,Mundeshwari Temple,Kaimur,Bihar,East,Temple,"Historical,Spiritual,Architecture","Family,Solo",0,100,800,300,24.878,83.696,4.4,15000,10,2,Urban,BIH-44,46.8,False,Easy,Short (1-2 hrs),0,0,0,0,1,0,0,0,0,0,0,0,0,0,0,0,0,0,0,0,0,0,0,0,0,0,0,0,0,0,0,0,0,0,0,0,0,0,0,0,0,0,0,0,0,0,0,0,0,0,0,0,0,0,0,0,0,1,0,0,0,0,0,0,0,0,0,0,0,0,0,0,0,0,0,0,0,0,0,0,0,0,0,0,0,0,0,0,0,0,0,0,0,0,0,0,0,0,0,0,0,0,0,0,0,0,0,0,0,0,0,0,0,0,0,0,0,0,0,0,0,0,1,0,0,0,0,0,0,0,0,0,0,0,0,0,0,0,0,0,0,0,0,0,0,0,0,0,0,0,0,0,0,0,0,1,0,0,0,0,0,0,1,0,0,0,1,200.0,1850.0,550.0,1200,4000,2600.0,0.4545454545454546,0.33527696793002904,0.01644809957768393,"[10, 11, 12, 1, 2]",10|11|12|1|2
188,Pawapuri Jal Mandir,Pawapuri,Bihar,East,Temple,"Pilgrimage,Spiritual,Cultural","Family,Solo",0,50,800,300,24.9567,84.45,4.6,18000,10,3,Urban,BIH-48,56.8,False,Easy,Short (1-2 hrs),0,0,0,0,0,0,0,0,0,0,0,0,0,0,0,0,0,0,0,0,0,0,0,0,0,0,0,0,0,0,0,1,0,0,0,0,0,0,0,0,0,0,0,0,0,0,0,0,0,0,0,0,0,0,0,0,0,0,0,0,0,0,0,0,0,0,0,0,0,0,0,0,0,0,0,0,0,0,0,0,0,0,0,0,0,0,0,0,0,0,0,0,0,0,1,0,0,0,0,0,0,0,0,0,0,0,0,0,0,0,0,0,0,0,0,0,0,0,0,0,0,0,1,0,0,0,0,0,0,0,0,0,0,0,0,0,0,0,0,0,0,0,0,0,0,0,0,0,0,0,0,0,0,0,0,1,0,0,0,0,0,0,1,0,0,0,1,125.0,1800.0,550.0,1150,3800,2475.0,0.6363636363636362,0.48104956268221566,0.019782173816403646,"[10, 11, 12, 1, 2, 3]",10|11|12|1|2|3
189,Patan Devi Temple,Patna,Bihar,East,Temple,"Pilgrimage,Spiritual","Family,Solo,Couples",0,50,1000,300,25.625,85.141,4.3,14000,10,3,Urban,BIH-43,41.6,False,Easy,Short (1-2 hrs),0,0,0,0,0,0,0,0,0,0,0,0,0,0,0,0,0,0,0,0,0,0,0,0,0,0,0,0,0,0,0,0,0,0,0,0,0,0,0,0,0,0,0,0,0,0,0,0,0,0,0,0,0,0,0,0,0,0,0,0,0,0,0,0,0,0,0,0,0,0,0,0,0,0,0,0,0,0,0,0,0,0,0,0,0,0,0,0,0,0,0,0,0,0,1,0,0,0,0,0,0,0,0,0,0,0,0,0,0,0,0,0,0,0,0,0,0,0,0,0,0,0,1,0,0,0,0,0,0,0,0,0,0,0,0,0,0,0,0,0,0,0,0,0,0,0,0,0,0,0,0,0,0,0,1,1,0,0,0,0,0,0,1,0,0,0,1,125.0,2400.0,550.0,1350,4800,3075.0,0.3636363636363633,0.2594752186588921,0.015336741498110693,"[10, 11, 12, 1, 2, 3]",10|11|12|1|2|3
190,Janki Mandir,Sitamarhi,Bihar,East,Temple,"Spiritual,Pilgrimage,Cultural","Family,Solo",0,100,800,300,26.589,85.489,4.8,35000,10,3,Urban,BIH-49,64.5,True,Easy,Short (1-2 hrs),0,0,0,0,0,0,0,0,0,0,0,0,0,0,0,0,0,0,0,0,0,0,0,0,0,0,0,0,0,0,0,1,0,0,0,0,0,0,0,0,0,0,0,0,0,0,0,0,0,0,0,0,0,0,0,0,0,0,0,0,0,0,0,0,0,0,0,0,0,0,0,0,0,0,0,0,0,0,0,0,0,0,0,0,0,0,0,0,0,0,0,0,0,0,1,0,0,0,0,0,0,0,0,0,0,0,0,0,0,0,0,0,0,0,0,0,0,0,0,0,0,0,1,0,0,0,0,0,0,0,0,0,0,0,0,0,0,0,0,0,0,0,0,0,0,0,0,0,0,0,0,0,0,0,0,1,0,0,0,0,0,0,1,0,0,0,1,200.0,1800.0,550.0,1200,3900,2550.0,0.8181818181818179,0.5932944606413993,0.038675261169148704,"[10, 11, 12, 1, 2, 3]",10|11|12|1|2|3
191,Hundru Falls,Ranchi,Jharkhand,East,Waterfall,"Nature,Adventure,Photography","Friends,Couples,Solo",50,200,1200,300,23.4056,85.4972,4.6,21000,10,3,Urban,JHA-116,56.1,False,Moderate,Half-day (2-4 hrs),1,0,0,0,0,0,0,0,0,0,0,0,0,0,0,0,0,0,0,0,0,0,0,0,0,0,0,0,0,0,0,0,0,0,0,0,0,0,0,0,0,0,0,0,0,0,0,0,0,0,0,0,0,0,0,0,0,0,0,0,0,0,0,0,0,0,0,0,0,0,0,0,0,0,0,0,0,0,0,0,0,0,0,0,1,0,0,0,0,0,0,0,1,0,0,0,0,0,0,0,0,0,0,0,0,0,0,0,0,0,0,0,0,0,0,0,0,0,0,0,0,0,0,0,0,0,0,0,0,0,0,0,0,0,0,0,0,0,0,0,0,0,0,0,0,0,0,0,0,0,0,0,0,0,1,0,1,0,0,0,0,0,1,0,0,0,2,400.0,2600.0,600.0,1750,5550,3650.0,0.6363636363636362,0.4708454810495626,0.023116248055123363,"[10, 11, 12, 1, 2, 3]",10|11|12|1|2|3
192,Dassam Falls,Ranchi,Jharkhand,East,Waterfall,"Nature,Adventure,Photography","Friends,Couples,Family",50,200,1200,300,23.2775,85.5425,4.5,18000,10,3,Urban,JHA-116,51.3,False,Moderate,Half-day (2-4 hrs),1,0,0,0,0,0,0,0,0,0,0,0,0,0,0,0,0,0,0,0,0,0,0,0,0,0,0,0,0,0,0,0,0,0,0,0,0,0,0,0,0,0,0,0,0,0,0,0,0,0,0,0,0,0,0,0,0,0,0,0,0,0,0,0,0,0,0,0,0,0,0,0,0,0,0,0,0,0,0,0,0,0,0,0,1,0,0,0,0,0,0,0,1,0,0,0,0,0,0,0,0,0,0,0,0,0,0,0,0,0,0,0,0,0,0,0,0,0,0,0,0,0,0,0,0,0,0,0,0,0,0,0,0,0,0,0,0,0,0,0,0,0,0,0,0,0,0,0,0,0,0,0,0,0,1,1,1,0,0,0,0,0,0,0,0,0,2,400.0,2600.0,600.0,1750,5550,3650.0,0.5454545454545454,0.400874635568513,0.019782173816403646,"[10, 11, 12, 1, 2, 3]",10|11|12|1|2|3
193,Jonha Falls,Ranchi,Jharkhand,East,Waterfall,"Nature,Adventure,Photography","Friends,Couples,Solo",30,150,1200,300,23.373,85.5164,4.4,15000,10,3,Mountain,JHA-116,46.8,False,Moderate,Half-day (2-4 hrs),1,0,0,0,0,0,0,0,0,0,0,0,0,0,0,0,0,0,0,0,0,0,0,0,0,0,0,0,0,0,0,0,0,0,0,0,0,0,0,0,0,0,0,0,0,0,0,0,0,0,0,0,0,0,0,0,0,0,0,0,0,0,0,0,0,0,0,0,0,0,0,0,0,0,0,0,0,0,0,0,0,0,0,0,1,0,0,0,0,0,0,0,1,0,0,0,0,0,0,0,0,0,0,0,0,0,0,0,0,0,0,0,0,0,0,0,0,0,0,0,0,0,0,0,0,0,0,0,0,0,0,0,0,0,0,0,0,0,0,0,0,0,0,0,0,0,0,0,0,0,0,0,0,0,1,0,1,0,0,0,0,0,1,0,0,0,2,325.0,2500.0,575.0,1680,5180,3430.0,0.4545454545454546,0.33527696793002904,0.01644809957768393,"[10, 11, 12, 1, 2, 3]",10|11|12|1|2|3
194,Patratu Valley & Dam,Ramgarh,Jharkhand,East,Valley,"Nature,Roadtrip,Photography","Friends,Couples,Solo",0,200,1000,300,23.665,85.3,4.7,25000,10,3,Forest,JHA-116,60.7,False,Moderate,Full-day (4-8 hrs),0,0,0,0,0,0,0,0,0,0,0,0,0,0,0,0,0,0,0,0,0,0,0,0,0,0,0,0,0,0,0,0,0,0,0,0,0,0,0,0,0,0,0,0,0,0,0,0,0,0,0,0,0,0,0,0,0,0,0,0,0,0,0,0,0,0,0,0,0,0,0,0,0,0,0,0,0,0,0,0,0,0,0,0,1,0,0,0,0,0,0,0,1,0,0,0,0,0,0,0,0,0,0,0,0,0,1,0,0,0,0,0,0,0,0,0,0,0,0,0,0,0,0,0,0,0,0,0,0,0,0,0,0,0,0,0,0,0,0,0,0,0,0,0,0,0,0,0,0,0,0,0,0,0,1,0,1,0,0,0,0,0,1,0,0,0,2,450.0,2250.0,575.0,1500,5050,3275.0,0.7272727272727271,0.5379008746355685,0.027561680373416317,"[10, 11, 12, 1, 2, 3]",10|11|12|1|2|3
195,Netarhat Hill Station,Latehar,Jharkhand,East,Hill Station,"Nature,Romantic,Photography","Couples,Friends,Solo",0,300,1000,300,23.474,84.27,4.6,12000,10,3,Urban,JHA-117,58.7,False,Moderate,Full-day (4-8 hrs),0,0,0,0,0,0,0,0,0,0,0,0,0,0,0,0,0,0,0,0,0,0,0,0,0,0,0,0,0,0,0,0,0,0,0,0,0,0,0,0,0,0,0,0,0,0,0,0,0,0,0,0,0,0,0,0,0,0,0,0,0,0,0,0,0,0,0,0,0,0,0,0,0,0,0,0,0,0,0,0,0,0,0,0,1,0,0,0,0,0,0,0,1,0,0,0,0,0,0,0,0,0,0,0,0,0,0,0,1,0,0,0,0,0,0,0,0,0,0,0,0,0,0,0,0,0,0,0,0,0,0,0,0,0,0,0,0,0,0,0,0,0,0,0,0,0,0,0,0,0,0,0,0,0,1,0,1,0,0,0,0,0,1,0,0,0,2,600.0,2100.0,550.0,1600,4900,3250.0,0.6363636363636362,0.5087463556851312,0.013114025338964216,"[10, 11, 12, 1, 2, 3]",10|11|12|1|2|3
196,Betla National Park,Latehar,Jharkhand,East,Wildlife,"Wildlife,Nature,Adventure","Friends,Family,Solo",100,800,1200,350,23.88,84.2,4.4,14000,11,4,Forest,JHA-117,47.1,False,Moderate,Full-day (4-8 hrs),1,0,0,0,0,0,0,0,0,0,0,0,0,0,0,0,0,0,0,0,0,0,0,0,0,0,0,0,0,0,0,0,0,0,0,0,0,0,0,0,0,0,0,0,0,0,0,0,0,0,0,0,0,0,0,0,0,0,0,0,0,0,0,0,0,0,0,0,0,0,0,0,0,0,0,0,0,0,0,0,0,0,0,0,1,0,0,0,0,0,0,0,0,0,0,0,0,0,0,0,0,0,0,0,0,0,0,0,0,0,0,0,0,0,0,0,0,0,0,0,0,0,0,0,0,0,0,0,0,0,0,0,0,0,0,0,0,0,0,0,0,0,0,0,0,0,0,0,0,1,0,0,0,0,0,1,1,0,0,0,0,0,1,0,0,0,2,1300.0,2350.0,675.0,2450,6400,4425.0,0.4545454545454546,0.33965014577259467,0.015336741498110693,"[11, 12, 1, 2, 3, 4]",11|12|1|2|3|4
197,Baidhyanath Dham,Deoghar,Jharkhand,East,Temple,"Pilgrimage,Spiritual,Cultural","Family,Solo,Couples",0,100,900,300,24.4925,86.6996,4.8,90000,10,3,Urban,JHA-120,60.0,False,Easy,Short (1-2 hrs),0,0,0,0,0,0,0,0,0,0,0,0,0,0,0,0,0,0,0,0,0,0,0,0,0,0,0,0,0,0,0,1,0,0,0,0,0,0,0,0,0,0,0,0,0,0,0,0,0,0,0,0,0,0,0,0,0,0,0,0,0,0,0,0,0,0,0,0,0,0,0,0,0,0,0,0,0,0,0,0,0,0,0,0,0,0,0,0,0,0,0,0,0,0,1,0,0,0,0,0,0,0,0,0,0,0,0,0,0,0,0,0,0,0,0,0,0,0,0,0,0,0,1,0,0,0,0,0,0,0,0,0,0,0,0,0,0,0,0,0,0,0,0,0,0,0,0,0,0,0,0,0,0,0,1,1,0,0,0,0,0,0,1,0,0,0,1,250.0,2050.0,550.0,1300,4400,2850.0,0.8181818181818179,0.5276967930029154,0.09979995554567682,"[10, 11, 12, 1, 2, 3]",10|11|12|1|2|3
198,Parasnath Hill,Giridih,Jharkhand,East,Hill,"Spiritual,Trekking,Nature","Solo,Friends,Spiritual",0,300,800,300,23.963,86.139,4.7,22000,10,3,Forest,JHA-118,61.3,False,Moderate,Half-day (2-4 hrs),0,0,0,0,0,0,0,0,0,0,0,0,0,0,0,0,0,0,0,0,0,0,0,0,0,0,0,0,0,0,0,0,0,0,0,0,0,0,0,0,0,0,0,0,0,0,0,0,0,0,0,0,0,0,0,0,0,0,0,0,0,0,0,0,0,0,0,0,0,0,0,0,0,0,0,0,0,0,0,0,0,0,0,0,1,0,0,0,0,0,0,0,0,0,0,0,0,0,0,0,0,0,0,0,0,0,0,0,0,0,0,0,0,0,0,0,0,0,0,0,0,0,1,0,0,0,0,0,0,0,0,0,0,0,0,0,1,0,0,0,0,0,0,0,0,0,0,0,0,0,0,0,0,0,0,0,1,0,0,0,0,0,1,1,0,0,2,600.0,1800.0,525.0,1400,4450,2925.0,0.7272727272727271,0.5466472303206996,0.0242276061346966,"[10, 11, 12, 1, 2, 3]",10|11|12|1|2|3
199,Rajrappa Temple,Ramgarh,Jharkhand,East,Temple,"Pilgrimage,Spiritual,Nature","Family,Solo",0,100,900,300,23.631,85.516,4.5,20000,10,3,Urban,JHA-116,50.8,False,Easy,Short (1-2 hrs),0,0,0,0,0,0,0,0,0,0,0,0,0,0,0,0,0,0,0,0,0,0,0,0,0,0,0,0,0,0,0,0,0,0,0,0,0,0,0,0,0,0,0,0,0,0,0,0,0,0,0,0,0,0,0,0,0,0,0,0,0,0,0,0,0,0,0,0,0,0,0,0,0,0,0,0,0,0,0,0,0,0,0,0,1,0,0,0,0,0,0,0,0,0,1,0,0,0,0,0,0,0,0,0,0,0,0,0,0,0,0,0,0,0,0,0,0,0,0,0,0,0,1,0,0,0,0,0,0,0,0,0,0,0,0,0,0,0,0,0,0,0,0,0,0,0,0,0,0,0,0,0,0,0,0,1,0,0,0,0,0,0,1,0,0,0,1,200.0,1950.0,525.0,1300,4050,2675.0,0.5454545454545454,0.39358600583090364,0.022004889975550123,"[10, 11, 12, 1, 2, 3]",10|11|12|1|2|3
200,Birsa Zoological Park,Ranchi,Jharkhand,East,Zoo,"Wildlife,Family","Family,Friends",50,150,1200,300,23.438,85.312,4.4,17000,10,3,Urban,JHA-116,46.2,False,Easy,Half-day (2-4 hrs),0,0,0,0,0,0,0,0,0,0,0,0,0,0,0,0,0,0,0,0,0,0,0,0,0,0,0,0,0,0,0,0,0,0,0,0,0,0,0,0,1,0,0,0,0,0,0,0,0,0,0,0,0,0,0,0,0,0,0,0,0,0,0,0,0,0,0,0,0,0,0,0,0,0,0,0,0,0,0,0,0,0,0,0,0,0,0,0,0,0,0,0,0,0,0,0,0,0,0,0,0,0,0,0,0,0,0,0,0,0,0,0,0,0,0,0,0,0,0,0,0,0,0,0,0,0,0,0,0,0,0,0,0,0,0,0,0,0,0,0,0,0,0,0,0,0,0,0,0,1,0,0,0,0,0,1,1,0,0,0,0,0,0,0,0,0,1,275.0,2500.0,575.0,1700,5100,3400.0,0.4545454545454546,0.326530612244898,0.018670815736830406,"[10, 11, 12, 1, 2, 3]",10|11|12|1|2|3
201,Rock Garden Ranchi,Ranchi,Jharkhand,East,Park,"Nature,Photography,Relaxation","Family,Couples,Friends",30,100,1200,300,23.392,85.318,4.3,16000,10,3,Urban,JHA-116,41.0,False,Easy,Half-day (2-4 hrs),0,0,0,0,0,0,0,0,0,0,0,0,0,0,0,0,0,0,0,0,0,0,0,0,0,0,0,0,0,0,0,0,0,0,0,0,0,0,0,0,0,0,0,0,0,0,0,0,0,0,0,0,0,0,0,0,0,0,0,0,0,0,0,0,0,0,0,0,0,0,0,0,0,0,0,0,0,0,0,0,0,0,0,0,1,0,0,0,0,0,0,0,1,0,0,0,0,0,0,1,0,0,0,0,0,0,0,0,0,0,0,0,0,0,0,0,0,0,0,0,0,0,0,0,0,0,0,0,0,0,0,0,0,0,0,0,0,0,0,0,0,0,0,0,0,0,0,0,0,0,0,0,0,0,1,1,1,0,0,0,0,0,0,0,0,0,1,200.0,2500.0,575.0,1630,4980,3305.0,0.3636363636363633,0.25072886297376085,0.01755945765725717,"[10, 11, 12, 1, 2, 3]",10|11|12|1|2|3
202,Tagore Hill,Ranchi,Jharkhand,East,Hill,"Historical,Photography,Peaceful","Solo,Couples,Friends",0,100,1200,300,23.3924,85.3096,4.5,19000,10,3,Urban,JHA-116,51.1,False,Moderate,Half-day (2-4 hrs),0,0,0,0,0,0,0,0,0,0,0,0,0,0,0,0,0,0,0,0,0,0,0,0,0,0,0,0,0,0,0,0,0,0,0,0,0,0,0,0,0,0,0,0,0,0,0,0,0,0,0,0,0,0,0,0,0,1,0,0,0,0,0,0,0,0,0,0,0,0,0,0,0,0,0,0,0,0,0,0,0,0,0,0,0,0,0,0,0,0,0,1,1,0,0,0,0,0,0,0,0,0,0,0,0,0,0,0,0,0,0,0,0,0,0,0,0,0,0,0,0,0,0,0,0,0,0,0,0,0,0,0,0,0,0,0,0,0,0,0,0,0,0,0,0,0,0,0,0,0,0,0,0,0,1,0,1,0,0,0,0,0,1,0,0,0,2,175.0,2500.0,575.0,1600,4900,3250.0,0.5454545454545454,0.3979591836734694,0.020893531895976883,"[10, 11, 12, 1, 2, 3]",10|11|12|1|2|3
203,Deori Temple,Ranchi,Jharkhand,East,Temple,"Spiritual,Pilgrimage","Family,Solo",0,50,1200,300,23.455,85.639,4.6,21000,10,3,Urban,JHA-116,56.1,False,Easy,Short (1-2 hrs),0,0,0,0,0,0,0,0,0,0,0,0,0,0,0,0,0,0,0,0,0,0,0,0,0,0,0,0,0,0,0,0,0,0,0,0,0,0,0,0,0,0,0,0,0,0,0,0,0,0,0,0,0,0,0,0,0,0,0,0,0,0,0,0,0,0,0,0,0,0,0,0,0,0,0,0,0,0,0,0,0,0,0,0,0,0,0,0,0,0,0,0,0,0,1,0,0,0,0,0,0,0,0,0,0,0,0,0,0,0,0,0,0,0,0,0,0,0,0,0,0,0,1,0,0,0,0,0,0,0,0,0,0,0,0,0,0,0,0,0,0,0,0,0,0,0,0,0,0,0,0,0,0,0,0,1,0,0,0,0,0,0,1,0,0,0,1,125.0,2350.0,575.0,1550,4550,3050.0,0.6363636363636362,0.4708454810495626,0.023116248055123363,"[10, 11, 12, 1, 2, 3]",10|11|12|1|2|3
204,Jagannath Temple Ranchi,Ranchi,Jharkhand,East,Temple,"Spiritual,Cultural","Family,Solo,Couples",0,50,1200,300,23.345,85.309,4.5,15000,10,3,Mountain,JHA-116,52.2,False,Moderate,Short (1-2 hrs),0,0,0,0,0,0,0,0,0,0,0,0,0,0,0,0,0,0,0,0,0,0,0,0,0,0,0,0,0,0,0,1,0,0,0,0,0,0,0,0,0,0,0,0,0,0,0,0,0,0,0,0,0,0,0,0,0,0,0,0,0,0,0,0,0,0,0,0,0,0,0,0,0,0,0,0,0,0,0,0,0,0,0,0,0,0,0,0,0,0,0,0,0,0,0,0,0,0,0,0,0,0,0,0,0,0,0,0,0,0,0,0,0,0,0,0,0,0,0,0,0,0,1,0,0,0,0,0,0,0,0,0,0,0,0,0,0,0,0,0,0,0,0,0,0,0,0,0,0,0,0,0,0,0,1,1,0,0,0,0,0,0,1,0,0,0,2,125.0,2350.0,575.0,1550,4550,3050.0,0.5454545454545454,0.4139941690962099,0.01644809957768393,"[10, 11, 12, 1, 2, 3]",10|11|12|1|2|3
205,Lodh Falls,Latehar,Jharkhand,East,Waterfall,"Nature,Adventure,Photography","Friends,Solo,Couples",50,200,1000,300,23.556,84.176,4.6,9000,10,3,Mountain,JHA-117,60.1,False,Moderate,Half-day (2-4 hrs),1,0,0,0,0,0,0,0,0,0,0,0,0,0,0,0,0,0,0,0,0,0,0,0,0,0,0,0,0,0,0,0,0,0,0,0,0,0,0,0,0,0,0,0,0,0,0,0,0,0,0,0,0,0,0,0,0,0,0,0,0,0,0,0,0,0,0,0,0,0,0,0,0,0,0,0,0,0,0,0,0,0,0,0,1,0,0,0,0,0,0,0,1,0,0,0,0,0,0,0,0,0,0,0,0,0,0,0,0,0,0,0,0,0,0,0,0,0,0,0,0,0,0,0,0,0,0,0,0,0,0,0,0,0,0,0,0,0,0,0,0,0,0,0,0,0,0,0,0,0,0,0,0,0,1,0,1,0,0,0,0,0,1,0,0,0,2,400.0,2100.0,550.0,1550,4650,3100.0,0.6363636363636362,0.5291545189504373,0.0097799511002445,"[10, 11, 12, 1, 2, 3]",10|11|12|1|2|3
206,Victoria Memorial,Kolkata,West Bengal,East,Monument,"Historical,Architecture,Cultural","Family,Solo,Friends,Couples",30,0,1500,300,22.5448,88.3426,4.7,75000,10,3,Mountain,WES-288,55.5,False,Moderate,Short (1-2 hrs),0,0,0,0,1,0,0,0,0,0,0,0,0,0,0,0,0,0,0,0,0,0,0,0,0,0,0,0,0,0,0,1,0,0,0,0,0,0,0,0,0,0,0,0,0,0,0,0,0,0,0,0,0,0,0,0,0,1,0,0,0,0,0,0,0,0,0,0,0,0,0,0,0,0,0,0,0,0,0,0,0,0,0,0,0,0,0,0,0,0,0,0,0,0,0,0,0,0,0,0,0,0,0,0,0,0,0,0,0,0,0,0,0,0,0,0,0,0,0,0,0,0,0,0,0,0,0,0,0,0,0,0,0,0,0,0,0,0,0,0,0,0,0,0,0,0,0,0,0,0,0,0,0,0,1,1,1,0,0,0,0,0,1,0,0,0,2,100.0,4750.0,600.0,1830,9130,5480.0,0.7272727272727271,0.46209912536443143,0.08312958435207825,"[10, 11, 12, 1, 2, 3]",10|11|12|1|2|3
207,Howrah Bridge,Kolkata,West Bengal,East,Bridge,"Architecture,Cultural","Family,Solo,Friends",0,0,1500,300,22.585,88.3468,4.7,65000,10,3,Forest,WES-288,56.1,False,Moderate,Short (1-2 hrs),0,0,0,0,1,0,0,0,0,0,0,0,0,0,0,0,0,0,0,0,0,0,0,0,0,0,0,0,0,0,0,1,0,0,0,0,0,0,0,0,0,0,0,0,0,0,0,0,0,0,0,0,0,0,0,0,0,0,0,0,0,0,0,0,0,0,0,0,0,0,0,0,0,0,0,0,0,0,0,0,0,0,0,0,0,0,0,0,0,0,0,0,0,0,0,0,0,0,0,0,0,0,0,0,0,0,0,0,0,0,0,0,0,0,0,0,0,0,0,0,0,0,0,0,0,0,0,0,0,0,0,0,0,0,0,0,0,0,0,0,0,0,0,0,0,0,0,0,0,0,0,0,0,0,0,1,1,0,0,0,0,0,1,0,0,0,2,0.0,4750.0,600.0,1800,8900,5350.0,0.7272727272727271,0.4708454810495626,0.07201600355634585,"[10, 11, 12, 1, 2, 3]",10|11|12|1|2|3
208,Dakshineswar Kali Temple,Kolkata,West Bengal,East,Temple,"Spiritual,Pilgrimage","Family,Solo",0,50,1200,300,22.6547,88.3572,4.8,90000,10,3,Coastal,WES-288,60.0,False,Easy,Short (1-2 hrs),0,0,0,0,0,0,0,0,0,0,0,0,0,0,0,0,0,0,0,0,0,0,0,0,0,0,0,0,0,0,0,0,0,0,0,0,0,0,0,0,0,0,0,0,0,0,0,0,0,0,0,0,0,0,0,0,0,0,0,0,0,0,0,0,0,0,0,0,0,0,0,0,0,0,0,0,0,0,0,0,0,0,0,0,0,0,0,0,0,0,0,0,0,0,1,0,0,0,0,0,0,0,0,0,0,0,0,0,0,0,0,0,0,0,0,0,0,0,0,0,0,0,1,0,0,0,0,0,0,0,0,0,0,0,0,0,0,0,0,0,0,0,0,0,0,0,0,0,0,0,0,0,0,0,0,1,0,0,0,0,0,0,1,0,0,0,1,125.0,4100.0,550.0,1550,8000,4775.0,0.8181818181818179,0.5276967930029154,0.09979995554567682,"[10, 11, 12, 1, 2, 3]",10|11|12|1|2|3
209,Kalighat Temple,Kolkata,West Bengal,East,Temple,"Spiritual,Pilgrimage","Family,Solo",0,50,1200,300,22.52,88.3426,4.6,60000,10,3,Coastal,WES-288,51.1,False,Easy,Short (1-2 hrs),0,0,0,0,0,0,0,0,0,0,0,0,0,0,0,0,0,0,0,0,0,0,0,0,0,0,0,0,0,0,0,0,0,0,0,0,0,0,0,0,0,0,0,0,0,0,0,0,0,0,0,0,0,0,0,0,0,0,0,0,0,0,0,0,0,0,0,0,0,0,0,0,0,0,0,0,0,0,0,0,0,0,0,0,0,0,0,0,0,0,0,0,0,0,1,0,0,0,0,0,0,0,0,0,0,0,0,0,0,0,0,0,0,0,0,0,0,0,0,0,0,0,1,0,0,0,0,0,0,0,0,0,0,0,0,0,0,0,0,0,0,0,0,0,0,0,0,0,0,0,0,0,0,0,0,1,0,0,0,0,0,0,1,0,0,0,1,175.0,4100.0,550.0,1550,8100,4825.0,0.6363636363636362,0.3979591836734694,0.06645921315847966,"[10, 11, 12, 1, 2, 3]",10|11|12|1|2|3
210,Indian Museum,Kolkata,West Bengal,East,Museum,"Historical,","Family,Solo,Friends",75,0,1500,300,22.5579,88.3515,4.6,42000,10,3,Urban,WES-288,52.8,False,Easy,Half-day (2-4 hrs),0,0,0,0,0,0,0,0,0,0,0,0,0,0,0,0,0,0,0,0,0,0,0,0,0,0,0,0,0,0,0,0,0,0,0,0,0,0,0,0,0,0,0,0,0,0,0,0,0,0,0,0,0,0,0,0,0,1,0,0,0,0,0,0,0,0,0,0,0,0,0,0,0,0,0,0,0,0,0,0,0,0,0,0,0,0,0,0,0,0,0,0,0,0,0,0,0,0,0,0,0,0,0,0,0,0,0,0,0,0,0,0,0,0,0,0,0,0,0,0,0,0,0,0,0,0,0,0,0,0,0,0,0,0,0,0,0,0,0,0,0,0,0,0,0,0,0,0,0,0,0,0,0,0,0,1,1,0,0,0,0,0,1,0,0,0,1,100.0,4750.0,600.0,1875,9175,5525.0,0.6363636363636362,0.42274052478134105,0.046454767726161375,"[10, 11, 12, 1, 2, 3]",10|11|12|1|2|3
211,Darjeeling Himalayan Railway,Darjeeling,West Bengal,East,Mountain Railway,"Historical,Adventure,Scenic","Family,Couples,Friends",100,1000,2000,400,27.041,88.2663,4.7,35000,3,6,Urban,WES-289,59.1,False,Moderate,Half-day (2-4 hrs),1,0,0,0,0,0,0,0,0,0,0,0,0,0,0,0,0,0,0,0,0,0,0,0,0,0,0,0,0,0,0,0,0,0,0,0,0,0,0,0,0,0,0,0,0,0,0,0,0,0,0,0,0,0,0,0,0,1,0,0,0,0,0,0,0,0,0,0,0,0,0,0,0,0,0,0,0,0,0,0,0,0,0,0,0,0,0,0,0,0,0,0,0,0,0,0,0,0,0,0,0,0,0,0,0,0,0,0,0,0,0,0,1,0,0,0,0,0,0,0,0,0,0,0,0,0,0,0,0,0,0,0,0,0,0,0,0,0,0,0,0,0,0,0,0,0,0,0,0,0,0,0,0,0,1,1,1,0,0,0,0,0,0,0,0,0,2,1750.0,5500.0,700.0,3500,12600,8050.0,0.7272727272727271,0.5145772594752186,0.038675261169148704,"[3, 4, 5, 6]",3|4|5|6
212,Tiger Hill,Darjeeling,West Bengal,East,Hill Viewpoint,"Nature,Scenic,Romantic","Couples,Family,Friends",50,100,2000,400,27.0106,88.2636,4.6,30000,3,6,Urban,WES-289,54.4,False,Moderate,Short (1-2 hrs),0,0,0,0,0,0,0,0,0,0,0,0,0,0,0,0,0,0,0,0,0,0,0,0,0,0,0,0,0,0,0,0,0,0,0,0,0,0,0,0,0,0,0,0,0,0,0,0,0,0,0,0,0,0,0,0,0,0,0,0,0,0,0,0,0,0,0,0,0,0,0,0,0,0,0,0,0,0,0,0,0,0,0,0,1,0,0,0,0,0,0,0,0,0,0,0,0,0,0,0,0,0,0,0,0,0,0,0,1,0,0,0,1,0,0,0,0,0,0,0,0,0,0,0,0,0,0,0,0,0,0,0,0,0,0,0,0,0,0,0,0,0,0,0,0,0,0,0,0,0,0,0,0,0,1,1,1,0,0,0,0,0,0,0,0,0,2,200.0,5500.0,700.0,2550,10350,6450.0,0.6363636363636362,0.4460641399416909,0.03311847077128251,"[3, 4, 5, 6]",3|4|5|6
213,Batasia Loop,Darjeeling,West Bengal,East,Scenic Railway Point,"Nature,Architecture","Family,Couples,Friends",20,50,2000,400,27.0343,88.2627,4.6,22000,3,6,Forest,WES-289,55.8,False,Moderate,Half-day (2-4 hrs),0,0,0,0,1,0,0,0,0,0,0,0,0,0,0,0,0,0,0,0,0,0,0,0,0,0,0,0,0,0,0,0,0,0,0,0,0,0,0,0,0,0,0,0,0,0,0,0,0,0,0,0,0,0,0,0,0,0,0,0,0,0,0,0,0,0,0,0,0,0,0,0,0,0,0,0,0,0,0,0,0,0,0,0,1,0,0,0,0,0,0,0,0,0,0,0,0,0,0,0,0,0,0,0,0,0,0,0,0,0,0,0,0,0,0,0,0,0,0,0,0,0,0,0,0,0,0,0,0,0,0,0,0,0,0,0,0,0,0,0,0,0,0,0,0,0,0,0,0,0,0,0,0,0,1,1,1,0,0,0,0,0,0,0,0,0,2,125.0,5500.0,700.0,2470,10220,6345.0,0.6363636363636362,0.46647230320699695,0.0242276061346966,"[3, 4, 5, 6]",3|4|5|6
214,Sundarbans National Park,South 24 Parganas,West Bengal,East,National Park,"Wildlife,Adventure,Nature","Friends,Solo,Family",60,2000,2500,500,21.9497,89.1833,4.5,18000,11,3,Coastal,WES-295,51.3,False,Moderate,Full-day (4-8 hrs),1,0,0,0,0,0,0,0,0,0,0,0,0,0,0,0,0,0,0,0,0,0,0,0,0,0,0,0,0,0,0,0,0,0,0,0,0,0,0,0,0,0,0,0,0,0,0,0,0,0,0,0,0,0,0,0,0,0,0,0,0,0,0,0,0,0,0,0,0,0,0,0,0,0,0,0,0,0,0,0,0,0,0,0,1,0,0,0,0,0,0,0,0,0,0,0,0,0,0,0,0,0,0,0,0,0,0,0,0,0,0,0,0,0,0,0,0,0,0,0,0,0,0,0,0,0,0,0,0,0,0,0,0,0,0,0,0,0,0,0,0,0,0,0,0,0,0,0,0,1,0,0,0,0,0,1,1,0,0,0,0,0,1,0,0,0,2,3500.0,6250.0,850.0,5060,16260,10660.0,0.5454545454545454,0.400874635568513,0.019782173816403646,"[11, 12, 1, 2, 3]",11|12|1|2|3
215,Digha Beach,Digha,West Bengal,East,Beach,"Nature,Romantic","Couples,Family,Friends",0,200,1500,400,21.6266,87.5076,4.4,40000,10,3,Coastal,WES-290,42.1,False,Easy,Full-day (4-8 hrs),0,0,0,0,0,0,0,0,0,0,0,0,0,0,0,0,0,0,0,0,0,0,0,0,0,0,0,0,0,0,0,0,0,0,0,0,0,0,0,0,0,0,0,0,0,0,0,0,0,0,0,0,0,0,0,0,0,0,0,0,0,0,0,0,0,0,0,0,0,0,0,0,0,0,0,0,0,0,0,0,0,0,0,0,1,0,0,0,0,0,0,0,0,0,0,0,0,0,0,0,0,0,0,0,0,0,0,0,1,0,0,0,0,0,0,0,0,0,0,0,0,0,0,0,0,0,0,0,0,0,0,0,0,0,0,0,0,0,0,0,0,0,0,0,0,0,0,0,0,0,0,0,0,0,1,1,1,0,0,0,0,0,0,0,0,0,1,600.0,4250.0,700.0,2100,9000,5550.0,0.4545454545454546,0.26676384839650147,0.044232051567014895,"[10, 11, 12, 1, 2, 3]",10|11|12|1|2|3
216,Mandarmani Beach,Mandarmani,West Bengal,East,Beach,"Romantic,Nature","Couples,Friends",0,200,1500,400,21.6568,87.65,4.4,28000,10,3,Urban,WES-290,43.8,False,Easy,Full-day (4-8 hrs),0,0,0,0,0,0,0,0,0,0,0,0,0,0,0,0,0,0,0,0,0,0,0,0,0,0,0,0,0,0,0,0,0,0,0,0,0,0,0,0,0,0,0,0,0,0,0,0,0,0,0,0,0,0,0,0,0,0,0,0,0,0,0,0,0,0,0,0,0,0,0,0,0,0,0,0,0,0,0,0,0,0,0,0,1,0,0,0,0,0,0,0,0,0,0,0,0,0,0,0,0,0,0,0,0,0,0,0,1,0,0,0,0,0,0,0,0,0,0,0,0,0,0,0,0,0,0,0,0,0,0,0,0,0,0,0,0,0,0,0,0,0,0,0,0,0,0,0,0,0,0,0,0,0,1,0,1,0,0,0,0,0,0,0,0,0,1,600.0,4250.0,700.0,2100,9000,5550.0,0.4545454545454546,0.29154518950437314,0.03089575461213603,"[10, 11, 12, 1, 2, 3]",10|11|12|1|2|3
217,Bishnupur Terracotta Temples,Bishnupur,West Bengal,East,Temple Complex,"Historical,Architecture","Family,Solo,Friends",25,50,1200,300,23.075,87.3199,4.6,15000,10,3,Urban,WES-296,57.7,False,Easy,Short (1-2 hrs),0,0,0,0,1,0,0,0,0,0,0,0,0,0,0,0,0,0,0,0,0,0,0,0,0,0,0,0,0,0,0,0,0,0,0,0,0,0,0,0,0,0,0,0,0,0,0,0,0,0,0,0,0,0,0,0,0,1,0,0,0,0,0,0,0,0,0,0,0,0,0,0,0,0,0,0,0,0,0,0,0,0,0,0,0,0,0,0,0,0,0,0,0,0,0,0,0,0,0,0,0,0,0,0,0,0,0,0,0,0,0,0,0,0,0,0,0,0,0,0,0,0,0,0,0,0,0,0,0,0,0,0,0,0,0,0,0,0,0,0,0,0,0,0,0,0,0,0,0,0,0,0,0,0,0,1,1,0,0,0,0,0,1,0,0,0,1,125.0,3100.0,550.0,1575,6025,3800.0,0.6363636363636362,0.49416909620991245,0.01644809957768393,"[10, 11, 12, 1, 2, 3]",10|11|12|1|2|3
218,Hazarduari Palace,Murshidabad,West Bengal,East,Palace,"Historical,Architecture","Family,Solo",50,0,1200,300,24.183,88.2717,4.5,16000,10,3,Urban,WES-291,51.9,False,Easy,Half-day (2-4 hrs),0,0,0,0,1,0,0,0,0,0,0,0,0,0,0,0,0,0,0,0,0,0,0,0,0,0,0,0,0,0,0,0,0,0,0,0,0,0,0,0,0,0,0,0,0,0,0,0,0,0,0,0,0,0,0,0,0,1,0,0,0,0,0,0,0,0,0,0,0,0,0,0,0,0,0,0,0,0,0,0,0,0,0,0,0,0,0,0,0,0,0,0,0,0,0,0,0,0,0,0,0,0,0,0,0,0,0,0,0,0,0,0,0,0,0,0,0,0,0,0,0,0,0,0,0,0,0,0,0,0,0,0,0,0,0,0,0,0,0,0,0,0,0,0,0,0,0,0,0,0,0,0,0,0,0,1,0,0,0,0,0,0,1,0,0,0,1,100.0,3100.0,550.0,1550,6050,3800.0,0.5454545454545454,0.40962099125364426,0.01755945765725717,"[10, 11, 12, 1, 2, 3]",10|11|12|1|2|3
219,Cooch Behar Palace,Cooch Behar,West Bengal,East,Palace,"Historical,Architecture","Family,Solo,Friends",30,0,1200,300,26.322,89.451,4.5,12000,10,3,Urban,WES-297,53.3,False,Easy,Half-day (2-4 hrs),0,0,0,0,1,0,0,0,0,0,0,0,0,0,0,0,0,0,0,0,0,0,0,0,0,0,0,0,0,0,0,0,0,0,0,0,0,0,0,0,0,0,0,0,0,0,0,0,0,0,0,0,0,0,0,0,0,1,0,0,0,0,0,0,0,0,0,0,0,0,0,0,0,0,0,0,0,0,0,0,0,0,0,0,0,0,0,0,0,0,0,0,0,0,0,0,0,0,0,0,0,0,0,0,0,0,0,0,0,0,0,0,0,0,0,0,0,0,0,0,0,0,0,0,0,0,0,0,0,0,0,0,0,0,0,0,0,0,0,0,0,0,0,0,0,0,0,0,0,0,0,0,0,0,0,1,1,0,0,0,0,0,1,0,0,0,1,100.0,3100.0,550.0,1530,6030,3780.0,0.5454545454545454,0.4300291545189503,0.013114025338964216,"[10, 11, 12, 1, 2, 3]",10|11|12|1|2|3
220,Jaldapara National Park,Alipurduar,West Bengal,East,National Park,"Wildlife,Nature,Adventure","Friends,Family,Solo",200,1500,2000,400,26.683,89.34,4.5,14000,11,4,Urban,WES-292,52.5,False,Moderate,Full-day (4-8 hrs),1,0,0,0,0,0,0,0,0,0,0,0,0,0,0,0,0,0,0,0,0,0,0,0,0,0,0,0,0,0,0,0,0,0,0,0,0,0,0,0,0,0,0,0,0,0,0,0,0,0,0,0,0,0,0,0,0,0,0,0,0,0,0,0,0,0,0,0,0,0,0,0,0,0,0,0,0,0,0,0,0,0,0,0,1,0,0,0,0,0,0,0,0,0,0,0,0,0,0,0,0,0,0,0,0,0,0,0,0,0,0,0,0,0,0,0,0,0,0,0,0,0,0,0,0,0,0,0,0,0,0,0,0,0,0,0,0,0,0,0,0,0,0,0,0,0,0,0,0,1,0,0,0,0,0,1,1,0,0,0,0,0,1,0,0,0,2,2750.0,5000.0,700.0,4100,13200,8650.0,0.5454545454545454,0.4183673469387754,0.015336741498110693,"[11, 12, 1, 2, 3, 4]",11|12|1|2|3|4
221,Gorumara National Park,Lataguri,West Bengal,East,National Park,"Wildlife,Nature","Family,Friends",200,1500,2000,400,26.7,88.8,4.5,13000,11,4,Urban,WES-289,52.9,False,Moderate,Full-day (4-8 hrs),0,0,0,0,0,0,0,0,0,0,0,0,0,0,0,0,0,0,0,0,0,0,0,0,0,0,0,0,0,0,0,0,0,0,0,0,0,0,0,0,0,0,0,0,0,0,0,0,0,0,0,0,0,0,0,0,0,0,0,0,0,0,0,0,0,0,0,0,0,0,0,0,0,0,0,0,0,0,0,0,0,0,0,0,1,0,0,0,0,0,0,0,0,0,0,0,0,0,0,0,0,0,0,0,0,0,0,0,0,0,0,0,0,0,0,0,0,0,0,0,0,0,0,0,0,0,0,0,0,0,0,0,0,0,0,0,0,0,0,0,0,0,0,0,0,0,0,0,0,1,0,0,0,0,0,1,1,0,0,0,0,0,0,0,0,0,2,2750.0,5000.0,700.0,4100,13200,8650.0,0.5454545454545454,0.42419825072886286,0.014225383418537454,"[11, 12, 1, 2, 3, 4]",11|12|1|2|3|4
222,Belur Math,Howrah,West Bengal,East,Temple,"Spiritual,Cultural","Family,Solo",0,50,1200,300,22.6325,88.3553,4.8,50000,10,3,Urban,WES-288,62.8,False,Easy,Short (1-2 hrs),0,0,0,0,0,0,0,0,0,0,0,0,0,0,0,0,0,0,0,0,0,0,0,0,0,0,0,0,0,0,0,1,0,0,0,0,0,0,0,0,0,0,0,0,0,0,0,0,0,0,0,0,0,0,0,0,0,0,0,0,0,0,0,0,0,0,0,0,0,0,0,0,0,0,0,0,0,0,0,0,0,0,0,0,0,0,0,0,0,0,0,0,0,0,0,0,0,0,0,0,0,0,0,0,0,0,0,0,0,0,0,0,0,0,0,0,0,0,0,0,0,0,1,0,0,0,0,0,0,0,0,0,0,0,0,0,0,0,0,0,0,0,0,0,0,0,0,0,0,0,0,0,0,0,0,1,0,0,0,0,0,0,1,0,0,0,1,125.0,3600.0,550.0,1550,7000,4275.0,0.8181818181818179,0.5685131195335276,0.05534563236274728,"[10, 11, 12, 1, 2, 3]",10|11|12|1|2|3
223,Shantiniketan,Bolpur,West Bengal,East,Cultural Town,"Cultural,","Family,Solo,Friends",0,100,1500,300,23.6778,87.6846,4.6,22000,10,3,Forest,WES-298,55.8,False,Moderate,Half-day (2-4 hrs),0,0,0,0,0,0,0,0,0,0,0,0,0,0,0,0,0,0,0,0,0,0,0,0,0,0,0,0,0,0,0,1,0,0,0,0,0,0,0,0,0,0,0,0,0,0,0,0,0,0,0,0,0,0,0,0,0,0,0,0,0,0,0,0,0,0,0,0,0,0,0,0,0,0,0,0,0,0,0,0,0,0,0,0,0,0,0,0,0,0,0,0,0,0,0,0,0,0,0,0,0,0,0,0,0,0,0,0,0,0,0,0,0,0,0,0,0,0,0,0,0,0,0,0,0,0,0,0,0,0,0,0,0,0,0,0,0,0,0,0,0,0,0,0,0,0,0,0,0,0,0,0,0,0,0,1,1,0,0,0,0,0,1,0,0,0,2,250.0,4250.0,600.0,1900,8300,5100.0,0.6363636363636362,0.46647230320699695,0.0242276061346966,"[10, 11, 12, 1, 2, 3]",10|11|12|1|2|3
224,Neora Valley National Park,Kalimpong,West Bengal,East,National Park,"Wildlife,Nature,Adventure","Friends,Solo",200,2000,2000,400,27.05,88.7,4.4,6000,11,4,Urban,WES-289,51.1,False,Moderate,Full-day (4-8 hrs),1,0,0,0,0,0,0,0,0,0,0,0,0,0,0,0,0,0,0,0,0,0,0,0,0,0,0,0,0,0,0,0,0,0,0,0,0,0,0,0,0,0,0,0,0,0,0,0,0,0,0,0,0,0,0,0,0,0,0,0,0,0,0,0,0,0,0,0,0,0,0,0,0,0,0,0,0,0,0,0,0,0,0,0,1,0,0,0,0,0,0,0,0,0,0,0,0,0,0,0,0,0,0,0,0,0,0,0,0,0,0,0,0,0,0,0,0,0,0,0,0,0,0,0,0,0,0,0,0,0,0,0,0,0,0,0,0,0,0,0,0,0,0,0,0,0,0,0,0,1,0,0,0,0,0,0,1,0,0,0,0,0,1,0,0,0,2,3250.0,5500.0,700.0,4600,14700,9650.0,0.4545454545454546,0.3979591836734694,0.0064458768615247835,"[11, 12, 1, 2, 3, 4]",11|12|1|2|3|4
225,Science City,Kolkata,West Bengal,East,Science Museum,",Entertainment","Family,Friends",60,100,1500,300,22.54,88.395,4.5,30000,10,3,Valley,WES-288,48.9,False,Easy,Half-day (2-4 hrs),0,0,0,0,0,0,0,0,0,0,0,0,0,0,0,0,0,0,0,0,0,0,0,0,0,0,0,0,0,0,0,0,0,0,0,0,0,0,1,0,0,0,0,0,0,0,0,0,0,0,0,0,0,0,0,0,0,0,0,0,0,0,0,0,0,0,0,0,0,0,0,0,0,0,0,0,0,0,0,0,0,0,0,0,0,0,0,0,0,0,0,0,0,0,0,0,0,0,0,0,0,0,0,0,0,0,0,0,0,0,0,0,0,0,0,0,0,0,0,0,0,0,0,0,0,0,0,0,0,0,0,0,0,0,0,0,0,0,0,0,0,0,0,0,0,0,0,0,0,0,0,0,0,0,0,1,1,0,0,0,0,0,0,0,0,0,1,200.0,4750.0,600.0,1960,9260,5610.0,0.5454545454545454,0.36588921282798825,0.03311847077128251,"[10, 11, 12, 1, 2, 3]",10|11|12|1|2|3
226,Ecological Park,Kolkata,West Bengal,East,Urban Park,"Nature,Recreation","Family,Couples,Friends",30,100,1500,300,22.5806,88.4666,4.5,45000,10,3,Mountain,WES-288,47.0,False,Moderate,Half-day (2-4 hrs),0,0,0,0,0,0,0,0,0,0,0,0,0,0,0,0,0,0,0,0,0,0,0,0,0,0,0,0,0,0,0,0,0,0,0,0,0,0,0,0,0,0,0,0,0,0,0,0,0,0,0,0,0,0,0,0,0,0,0,0,0,0,0,0,0,0,0,0,0,0,0,0,0,0,0,0,0,0,0,0,0,0,0,0,1,0,0,0,0,0,0,0,0,0,0,0,0,0,1,0,0,0,0,0,0,0,0,0,0,0,0,0,0,0,0,0,0,0,0,0,0,0,0,0,0,0,0,0,0,0,0,0,0,0,0,0,0,0,0,0,0,0,0,0,0,0,0,0,0,0,0,0,0,0,1,1,1,0,0,0,0,0,0,0,0,0,2,300.0,4750.0,600.0,1930,9430,5680.0,0.5454545454545454,0.33819241982507287,0.049788841964881085,"[10, 11, 12, 1, 2, 3]",10|11|12|1|2|3
227,Jagannath Temple,Puri,Odisha,East,Temple,"Spiritual,Pilgrimage,Cultural","Family,Solo",0,100,1200,300,19.8047,85.818,4.8,120000,10,3,Coastal,ODI-191,58.7,False,Easy,Short (1-2 hrs),0,0,0,0,0,0,0,0,0,0,0,0,0,0,0,0,0,0,0,0,0,0,0,0,0,0,0,0,0,0,0,1,0,0,0,0,0,0,0,0,0,0,0,0,0,0,0,0,0,0,0,0,0,0,0,0,0,0,0,0,0,0,0,0,0,0,0,0,0,0,0,0,0,0,0,0,0,0,0,0,0,0,0,0,0,0,0,0,0,0,0,0,0,0,1,0,0,0,0,0,0,0,0,0,0,0,0,0,0,0,0,0,0,0,0,0,0,0,0,0,0,0,1,0,0,0,0,0,0,0,0,0,0,0,0,0,0,0,0,0,0,0,0,0,0,0,0,0,0,0,0,0,0,0,0,1,0,0,0,0,0,0,1,0,0,0,1,200.0,4100.0,550.0,1600,8100,4850.0,0.8181818181818179,0.5087463556851312,0.13314069793287397,"[10, 11, 12, 1, 2, 3]",10|11|12|1|2|3
228,Puri Beach,Puri,Odisha,East,Beach,"Nature,Relaxation,Romantic","Couples,Family,Friends",0,200,1200,400,19.7983,85.8249,4.6,65000,10,3,Coastal,ODI-191,50.7,False,Easy,Full-day (4-8 hrs),0,0,0,0,0,0,0,0,0,0,0,0,0,0,0,0,0,0,0,0,0,0,0,0,0,0,0,0,0,0,0,0,0,0,0,0,0,0,0,0,0,0,0,0,0,0,0,0,0,0,0,0,0,0,0,0,0,0,0,0,0,0,0,0,0,0,0,0,0,0,0,0,0,0,0,0,0,0,0,0,0,0,0,0,1,0,0,0,0,0,0,0,0,0,0,0,0,0,0,1,0,0,0,0,0,0,0,0,1,0,0,0,0,0,0,0,0,0,0,0,0,0,0,0,0,0,0,0,0,0,0,0,0,0,0,0,0,0,0,0,0,0,0,0,0,0,0,0,0,0,0,0,0,0,1,1,1,0,0,0,0,0,0,0,0,0,1,500.0,4100.0,650.0,1800,8700,5250.0,0.6363636363636362,0.39212827988338195,0.07201600355634585,"[10, 11, 12, 1, 2, 3]",10|11|12|1|2|3
229,Konark Sun Temple,Konark,Odisha,East,Monument,"Historical,Architecture,Cultural","Family,Solo,Friends",40,100,1500,400,19.8876,86.0945,4.7,70000,10,3,Forest,ODI-191,55.8,False,Moderate,Short (1-2 hrs),0,0,0,0,1,0,0,0,0,0,0,0,0,0,0,0,0,0,0,0,0,0,0,0,0,0,0,0,0,0,0,1,0,0,0,0,0,0,0,0,0,0,0,0,0,0,0,0,0,0,0,0,0,0,0,0,0,1,0,0,0,0,0,0,0,0,0,0,0,0,0,0,0,0,0,0,0,0,0,0,0,0,0,0,0,0,0,0,0,0,0,0,0,0,0,0,0,0,0,0,0,0,0,0,0,0,0,0,0,0,0,0,0,0,0,0,0,0,0,0,0,0,0,0,0,0,0,0,0,0,0,0,0,0,0,0,0,0,0,0,0,0,0,0,0,0,0,0,0,0,0,0,0,0,0,1,1,0,0,0,0,0,1,0,0,0,2,200.0,4750.0,650.0,2040,9240,5640.0,0.7272727272727271,0.46647230320699695,0.07757279395421206,"[10, 11, 12, 1, 2, 3]",10|11|12|1|2|3
230,Chilika Lake,Satapada,Odisha,East,Lake,"Nature,Wildlife,Scenic","Family,Couples,Friends",20,800,1500,400,19.845,85.478,4.6,32000,11,2,Mountain,ODI-191,54.1,False,Moderate,Full-day (4-8 hrs),0,0,0,0,0,0,0,0,0,0,0,0,0,0,0,0,0,0,0,0,0,0,0,0,0,0,0,0,0,0,0,0,0,0,0,0,0,0,0,0,0,0,0,0,0,0,0,0,0,0,0,0,0,0,0,0,0,0,0,0,0,0,0,0,0,0,0,0,0,0,0,0,0,0,0,0,0,0,0,0,0,0,0,0,1,0,0,0,0,0,0,0,0,0,0,0,0,0,0,0,0,0,0,0,0,0,0,0,0,0,0,0,1,0,0,0,0,0,0,0,0,0,0,0,0,0,0,0,0,0,0,0,0,0,0,0,0,0,0,0,0,0,0,0,0,0,0,0,0,1,0,0,0,0,1,1,1,0,0,0,0,0,0,0,0,0,2,1650.0,4250.0,650.0,2720,10420,6570.0,0.6363636363636362,0.4416909620991253,0.03534118693042899,"[11, 12, 1, 2]",11|12|1|2
231,Udayagiri And Khandagiri Caves,Bhubaneswar,Odisha,East,Cave,"Historical,Architecture","Family,Solo,Friends",25,50,1500,300,20.2425,85.783,4.5,22000,10,3,Urban,ODI-192,50.4,False,Moderate,Half-day (2-4 hrs),0,0,0,0,1,0,0,0,0,0,0,0,0,0,0,0,0,0,0,0,0,0,0,0,0,0,0,0,0,0,0,0,0,0,0,0,0,0,0,0,0,0,0,0,0,0,0,0,0,0,0,0,0,0,0,0,0,1,0,0,0,0,0,0,0,0,0,0,0,0,0,0,0,0,0,0,0,0,0,0,0,0,0,0,0,0,0,0,0,0,0,0,0,0,0,0,0,0,0,0,0,0,0,0,0,0,0,0,0,0,0,0,0,0,0,0,0,0,0,0,0,0,0,0,0,0,0,0,0,0,0,0,0,0,0,0,0,0,0,0,0,0,0,0,0,0,0,0,0,0,0,0,0,0,0,1,1,0,0,0,0,0,1,0,0,0,2,125.0,4250.0,550.0,1875,8025,4950.0,0.5454545454545454,0.3877551020408162,0.0242276061346966,"[10, 11, 12, 1, 2, 3]",10|11|12|1|2|3
232,Lingaraj Temple,Bhubaneswar,Odisha,East,Temple,"Spiritual,Pilgrimage","Family,Solo",0,50,1500,300,20.238,85.833,4.7,45000,10,3,Urban,ODI-192,57.9,False,Easy,Short (1-2 hrs),0,0,0,0,0,0,0,0,0,0,0,0,0,0,0,0,0,0,0,0,0,0,0,0,0,0,0,0,0,0,0,0,0,0,0,0,0,0,0,0,0,0,0,0,0,0,0,0,0,0,0,0,0,0,0,0,0,0,0,0,0,0,0,0,0,0,0,0,0,0,0,0,0,0,0,0,0,0,0,0,0,0,0,0,0,0,0,0,0,0,0,0,0,0,1,0,0,0,0,0,0,0,0,0,0,0,0,0,0,0,0,0,0,0,0,0,0,0,0,0,0,0,1,0,0,0,0,0,0,0,0,0,0,0,0,0,0,0,0,0,0,0,0,0,0,0,0,0,0,0,0,0,0,0,0,1,0,0,0,0,0,0,1,0,0,0,1,125.0,4250.0,550.0,1850,8000,4925.0,0.7272727272727271,0.49708454810495617,0.049788841964881085,"[10, 11, 12, 1, 2, 3]",10|11|12|1|2|3
233,Mukteshwar Temple,Bhubaneswar,Odisha,East,Temple,"Historical,Architecture,Spiritual","Family,Solo",0,50,1500,300,20.2473,85.8337,4.7,18000,10,3,Urban,ODI-192,62.2,False,Easy,Short (1-2 hrs),0,0,0,0,1,0,0,0,0,0,0,0,0,0,0,0,0,0,0,0,0,0,0,0,0,0,0,0,0,0,0,0,0,0,0,0,0,0,0,0,0,0,0,0,0,0,0,0,0,0,0,0,0,0,0,0,0,1,0,0,0,0,0,0,0,0,0,0,0,0,0,0,0,0,0,0,0,0,0,0,0,0,0,0,0,0,0,0,0,0,0,0,0,0,0,0,0,0,0,0,0,0,0,0,0,0,0,0,0,0,0,0,0,0,0,0,0,0,0,0,0,0,1,0,0,0,0,0,0,0,0,0,0,0,0,0,0,0,0,0,0,0,0,0,0,0,0,0,0,0,0,0,0,0,0,1,0,0,0,0,0,0,1,0,0,0,1,125.0,4250.0,550.0,1850,8000,4925.0,0.7272727272727271,0.5597667638483964,0.019782173816403646,"[10, 11, 12, 1, 2, 3]",10|11|12|1|2|3
234,Rajarani Temple,Bhubaneswar,Odisha,East,Temple,"Historical,Architecture","Family,Solo,Friends",25,50,1500,300,20.2513,85.8406,4.6,16000,10,3,Urban,ODI-192,57.4,False,Easy,Short (1-2 hrs),0,0,0,0,1,0,0,0,0,0,0,0,0,0,0,0,0,0,0,0,0,0,0,0,0,0,0,0,0,0,0,0,0,0,0,0,0,0,0,0,0,0,0,0,0,0,0,0,0,0,0,0,0,0,0,0,0,1,0,0,0,0,0,0,0,0,0,0,0,0,0,0,0,0,0,0,0,0,0,0,0,0,0,0,0,0,0,0,0,0,0,0,0,0,0,0,0,0,0,0,0,0,0,0,0,0,0,0,0,0,0,0,0,0,0,0,0,0,0,0,0,0,0,0,0,0,0,0,0,0,0,0,0,0,0,0,0,0,0,0,0,0,0,0,0,0,0,0,0,0,0,0,0,0,0,1,1,0,0,0,0,0,1,0,0,0,1,125.0,4250.0,550.0,1875,8025,4950.0,0.6363636363636362,0.4897959183673468,0.01755945765725717,"[10, 11, 12, 1, 2, 3]",10|11|12|1|2|3
235,Dhauli Shanti Stupa,Bhubaneswar,Odisha,East,Stupa,"Historical,Spiritual","Family,Solo,Friends",25,50,1500,300,20.192,85.843,4.6,20000,10,3,Urban,ODI-192,56.3,False,Easy,Short (1-2 hrs),0,0,0,0,0,0,0,0,0,0,0,0,0,0,0,0,0,0,0,0,0,0,0,0,0,0,0,0,0,0,0,0,0,0,0,0,0,0,0,0,0,0,0,0,0,0,0,0,0,0,0,0,0,0,0,0,0,1,0,0,0,0,0,0,0,0,0,0,0,0,0,0,0,0,0,0,0,0,0,0,0,0,0,0,0,0,0,0,0,0,0,0,0,0,0,0,0,0,0,0,0,0,0,0,0,0,0,0,0,0,0,0,0,0,0,0,0,0,0,0,0,0,1,0,0,0,0,0,0,0,0,0,0,0,0,0,0,0,0,0,0,0,0,0,0,0,0,0,0,0,0,0,0,0,0,1,1,0,0,0,0,0,1,0,0,0,1,125.0,4250.0,550.0,1875,8025,4950.0,0.6363636363636362,0.4737609329446063,0.022004889975550123,"[10, 11, 12, 1, 2, 3]",10|11|12|1|2|3
236,Nandankanan Zoological Park,Bhubaneswar,Odisha,East,Zoo,"Wildlife,Nature,","Family,Friends",50,200,1500,400,20.395,85.819,4.5,35000,10,3,Forest,ODI-192,48.2,False,Moderate,Half-day (2-4 hrs),0,0,0,0,0,0,0,0,0,0,0,0,0,0,0,0,0,0,0,0,0,0,0,0,0,0,0,0,0,0,0,0,0,0,0,0,0,0,0,0,0,0,0,0,0,0,0,0,0,0,0,0,0,0,0,0,0,0,0,0,0,0,0,0,0,0,0,0,0,0,0,0,0,0,0,0,0,0,0,0,0,0,0,0,1,0,0,0,0,0,0,0,0,0,0,0,0,0,0,0,0,0,0,0,0,0,0,0,0,0,0,0,0,0,0,0,0,0,0,0,0,0,0,0,0,0,0,0,0,0,0,0,0,0,0,0,0,0,0,0,0,0,0,0,0,0,0,0,0,1,0,0,0,0,0,1,1,0,0,0,0,0,0,0,0,0,2,350.0,4250.0,650.0,2150,8450,5300.0,0.5454545454545454,0.3556851311953353,0.038675261169148704,"[10, 11, 12, 1, 2, 3]",10|11|12|1|2|3
237,Simlipal National Park,Mayurbhanj,Odisha,East,National Park,"Wildlife,Nature,Adventure","Friends,Solo,Family",200,1500,2000,400,21.95,86.35,4.5,12000,11,4,Island,ODI-194,53.3,False,Moderate,Full-day (4-8 hrs),1,0,0,0,0,0,0,0,0,0,0,0,0,0,0,0,0,0,0,0,0,0,0,0,0,0,0,0,0,0,0,0,0,0,0,0,0,0,0,0,0,0,0,0,0,0,0,0,0,0,0,0,0,0,0,0,0,0,0,0,0,0,0,0,0,0,0,0,0,0,0,0,0,0,0,0,0,0,0,0,0,0,0,0,1,0,0,0,0,0,0,0,0,0,0,0,0,0,0,0,0,0,0,0,0,0,0,0,0,0,0,0,0,0,0,0,0,0,0,0,0,0,0,0,0,0,0,0,0,0,0,0,0,0,0,0,0,0,0,0,0,0,0,0,0,0,0,0,0,1,0,0,0,0,0,1,1,0,0,0,0,0,1,0,0,0,2,2750.0,5500.0,700.0,4100,14200,9150.0,0.5454545454545454,0.4300291545189503,0.013114025338964216,"[11, 12, 1, 2, 3, 4]",11|12|1|2|3|4
238,Hirakud Dam,Sambalpur,Odisha,East,Dam,"Nature,Scenic","Family,Friends",0,50,1200,300,21.52,83.87,4.5,14000,10,3,Urban,ODI-195,52.5,False,Moderate,Half-day (2-4 hrs),0,0,0,0,0,0,0,0,0,0,0,0,0,0,0,0,0,0,0,0,0,0,0,0,0,0,0,0,0,0,0,0,0,0,0,0,0,0,0,0,0,0,0,0,0,0,0,0,0,0,0,0,0,0,0,0,0,0,0,0,0,0,0,0,0,0,0,0,0,0,0,0,0,0,0,0,0,0,0,0,0,0,0,0,1,0,0,0,0,0,0,0,0,0,0,0,0,0,0,0,0,0,0,0,0,0,0,0,0,0,0,0,1,0,0,0,0,0,0,0,0,0,0,0,0,0,0,0,0,0,0,0,0,0,0,0,0,0,0,0,0,0,0,0,0,0,0,0,0,0,0,0,0,0,0,1,1,0,0,0,0,0,0,0,0,0,2,125.0,3600.0,550.0,1550,7000,4275.0,0.5454545454545454,0.4183673469387754,0.015336741498110693,"[10, 11, 12, 1, 2, 3]",10|11|12|1|2|3
239,Satkosia Gorge,Angul,Odisha,East,River Gorge,"Nature,Adventure","Friends,Solo",100,1000,1500,400,20.58,84.8,4.4,6000,11,3,Forest,ODI-196,51.1,False,Strenuous,Half-day (2-4 hrs),1,0,0,0,0,0,0,0,0,0,0,0,0,0,0,0,0,0,0,0,0,0,0,0,0,0,0,0,0,0,0,0,0,0,0,0,0,0,0,0,0,0,0,0,0,0,0,0,0,0,0,0,0,0,0,0,0,0,0,0,0,0,0,0,0,0,0,0,0,0,0,0,0,0,0,0,0,0,0,0,0,0,0,0,1,0,0,0,0,0,0,0,0,0,0,0,0,0,0,0,0,0,0,0,0,0,0,0,0,0,0,0,0,0,0,0,0,0,0,0,0,0,0,0,0,0,0,0,0,0,0,0,0,0,0,0,0,0,0,0,0,0,0,0,0,0,0,0,0,0,0,0,0,0,0,0,1,0,0,0,0,0,1,0,0,0,3,2000.0,4250.0,650.0,3000,11000,7000.0,0.4545454545454546,0.3979591836734694,0.0064458768615247835,"[11, 12, 1, 2, 3]",11|12|1|2|3
240,Daringbadi,Daringbadi,Odisha,East,Hill Station,"Nature,Romantic,Scenic","Couples,Family,Friends",0,200,1500,400,19.905,84.122,4.4,10000,10,3,Island,ODI-197,48.7,False,Moderate,Full-day (4-8 hrs),0,0,0,0,0,0,0,0,0,0,0,0,0,0,0,0,0,0,0,0,0,0,0,0,0,0,0,0,0,0,0,0,0,0,0,0,0,0,0,0,0,0,0,0,0,0,0,0,0,0,0,0,0,0,0,0,0,0,0,0,0,0,0,0,0,0,0,0,0,0,0,0,0,0,0,0,0,0,0,0,0,0,0,0,1,0,0,0,0,0,0,0,0,0,0,0,0,0,0,0,0,0,0,0,0,0,0,0,1,0,0,0,1,0,0,0,0,0,0,0,0,0,0,0,0,0,0,0,0,0,0,0,0,0,0,0,0,0,0,0,0,0,0,0,0,0,0,0,0,0,0,0,0,0,1,1,1,0,0,0,0,0,0,0,0,0,2,500.0,4250.0,650.0,2100,8700,5400.0,0.4545454545454546,0.36297376093294464,0.010891309179817739,"[10, 11, 12, 1, 2, 3]",10|11|12|1|2|3
241,Chandipur Beach,Balasore,Odisha,East,Beach,"Nature,Scenic","Family,Couples,Friends",0,200,1200,400,21.467,87.013,4.4,12000,10,3,Mountain,ODI-198,47.8,False,Moderate,Full-day (4-8 hrs),0,0,0,0,0,0,0,0,0,0,0,0,0,0,0,0,0,0,0,0,0,0,0,0,0,0,0,0,0,0,0,0,0,0,0,0,0,0,0,0,0,0,0,0,0,0,0,0,0,0,0,0,0,0,0,0,0,0,0,0,0,0,0,0,0,0,0,0,0,0,0,0,0,0,0,0,0,0,0,0,0,0,0,0,1,0,0,0,0,0,0,0,0,0,0,0,0,0,0,0,0,0,0,0,0,0,0,0,0,0,0,0,1,0,0,0,0,0,0,0,0,0,0,0,0,0,0,0,0,0,0,0,0,0,0,0,0,0,0,0,0,0,0,0,0,0,0,0,0,0,0,0,0,0,1,1,1,0,0,0,0,0,0,0,0,0,2,400.0,3600.0,650.0,1800,7500,4650.0,0.4545454545454546,0.34985422740524774,0.013114025338964216,"[10, 11, 12, 1, 2, 3]",10|11|12|1|2|3
242,Gopalpur Beach,Gopalpur,Odisha,East,Beach,"Nature,Romantic,Relaxation","Couples,Family",0,200,1500,400,19.258,84.907,4.5,15000,10,3,Forest,ODI-199,52.2,False,Moderate,Full-day (4-8 hrs),0,0,0,0,0,0,0,0,0,0,0,0,0,0,0,0,0,0,0,0,0,0,0,0,0,0,0,0,0,0,0,0,0,0,0,0,0,0,0,0,0,0,0,0,0,0,0,0,0,0,0,0,0,0,0,0,0,0,0,0,0,0,0,0,0,0,0,0,0,0,0,0,0,0,0,0,0,0,0,0,0,0,0,0,1,0,0,0,0,0,0,0,0,0,0,0,0,0,0,1,0,0,0,0,0,0,0,0,1,0,0,0,0,0,0,0,0,0,0,0,0,0,0,0,0,0,0,0,0,0,0,0,0,0,0,0,0,0,0,0,0,0,0,0,0,0,0,0,0,0,0,0,0,0,1,1,0,0,0,0,0,0,0,0,0,0,2,450.0,4250.0,650.0,2100,8600,5350.0,0.5454545454545454,0.4139941690962099,0.01644809957768393,"[10, 11, 12, 1, 2, 3]",10|11|12|1|2|3
243,Bhitarkanika National Park,Kendrapara,Odisha,East,National Park,"Wildlife,Nature","Friends,Solo,Family",100,1500,1500,400,20.7,86.9,4.5,9000,11,3,Urban,ODI-200,54.6,False,Moderate,Full-day (4-8 hrs),0,0,0,0,0,0,0,0,0,0,0,0,0,0,0,0,0,0,0,0,0,0,0,0,0,0,0,0,0,0,0,0,0,0,0,0,0,0,0,0,0,0,0,0,0,0,0,0,0,0,0,0,0,0,0,0,0,0,0,0,0,0,0,0,0,0,0,0,0,0,0,0,0,0,0,0,0,0,0,0,0,0,0,0,1,0,0,0,0,0,0,0,0,0,0,0,0,0,0,0,0,0,0,0,0,0,0,0,0,0,0,0,0,0,0,0,0,0,0,0,0,0,0,0,0,0,0,0,0,0,0,0,0,0,0,0,0,0,0,0,0,0,0,0,0,0,0,0,0,1,0,0,0,0,0,1,1,0,0,0,0,0,1,0,0,0,2,2500.0,4250.0,650.0,3500,11500,7500.0,0.5454545454545454,0.44897959183673464,0.0097799511002445,"[11, 12, 1, 2, 3]",11|12|1|2|3
244,Ratnagiri Buddhist Cultural Site,Jajpur,Odisha,East,Archaeological Site,"Historical,Spiritual","Family,Solo,Friends",25,50,1200,300,20.65,86.33,4.4,5000,10,3,Urban,ODI-193,52.0,False,Moderate,Half-day (2-4 hrs),0,0,0,0,0,0,0,0,0,0,0,0,0,0,0,0,0,0,0,0,0,0,0,0,0,0,0,0,0,0,0,0,0,0,0,0,0,0,0,0,0,0,0,0,0,0,0,0,0,0,0,0,0,0,0,0,0,1,0,0,0,0,0,0,0,0,0,0,0,0,0,0,0,0,0,0,0,0,0,0,0,0,0,0,0,0,0,0,0,0,0,0,0,0,0,0,0,0,0,0,0,0,0,0,0,0,0,0,0,0,0,0,0,0,0,0,0,0,0,0,0,0,1,0,0,0,0,0,0,0,0,0,0,0,0,0,0,0,0,0,0,0,0,0,0,0,0,0,0,0,0,0,0,0,0,1,1,0,0,0,0,0,1,0,0,0,2,125.0,3600.0,550.0,1575,7025,4300.0,0.4545454545454546,0.41107871720116607,0.005334518781951545,"[10, 11, 12, 1, 2, 3]",10|11|12|1|2|3
245,Lalitgiri,Jajpur,Odisha,East,Archaeological Site,"Historical,Spiritual","Family,Solo",25,50,1200,300,20.62,86.32,4.4,4500,10,3,Urban,ODI-193,52.5,False,Moderate,Half-day (2-4 hrs),0,0,0,0,0,0,0,0,0,0,0,0,0,0,0,0,0,0,0,0,0,0,0,0,0,0,0,0,0,0,0,0,0,0,0,0,0,0,0,0,0,0,0,0,0,0,0,0,0,0,0,0,0,0,0,0,0,1,0,0,0,0,0,0,0,0,0,0,0,0,0,0,0,0,0,0,0,0,0,0,0,0,0,0,0,0,0,0,0,0,0,0,0,0,0,0,0,0,0,0,0,0,0,0,0,0,0,0,0,0,0,0,0,0,0,0,0,0,0,0,0,0,1,0,0,0,0,0,0,0,0,0,0,0,0,0,0,0,0,0,0,0,0,0,0,0,0,0,0,0,0,0,0,0,0,1,0,0,0,0,0,0,1,0,0,0,2,125.0,3600.0,550.0,1575,7025,4300.0,0.4545454545454546,0.4183673469387754,0.004778839742164926,"[10, 11, 12, 1, 2, 3]",10|11|12|1|2|3
246,Netaji Birth Place Museum,Cuttack,Odisha,East,Museum,"Historical,Cultural","Family,Solo,Friends",20,50,1200,300,20.4625,85.8828,4.6,8000,10,3,Forest,ODI-192,60.7,False,Moderate,Half-day (2-4 hrs),0,0,0,0,0,0,0,0,0,0,0,0,0,0,0,0,0,0,0,0,0,0,0,0,0,0,0,0,0,0,0,1,0,0,0,0,0,0,0,0,0,0,0,0,0,0,0,0,0,0,0,0,0,0,0,0,0,1,0,0,0,0,0,0,0,0,0,0,0,0,0,0,0,0,0,0,0,0,0,0,0,0,0,0,0,0,0,0,0,0,0,0,0,0,0,0,0,0,0,0,0,0,0,0,0,0,0,0,0,0,0,0,0,0,0,0,0,0,0,0,0,0,0,0,0,0,0,0,0,0,0,0,0,0,0,0,0,0,0,0,0,0,0,0,0,0,0,0,0,0,0,0,0,0,0,1,1,0,0,0,0,0,1,0,0,0,2,125.0,3600.0,550.0,1570,7020,4295.0,0.6363636363636362,0.5379008746355685,0.008668593020671262,"[10, 11, 12, 1, 2, 3]",10|11|12|1|2|3
247,Barabati Fort,Cuttack,Odisha,East,Fort,"Historical,Architecture","Family,Solo,Friends",0,50,1200,300,20.484,85.858,4.3,7000,10,3,Forest,ODI-192,44.9,False,Moderate,Half-day (2-4 hrs),0,0,0,0,1,0,0,0,0,0,0,0,0,0,0,0,0,0,0,0,0,0,0,0,0,0,0,0,0,0,0,0,0,0,0,0,0,0,0,0,0,0,0,0,0,0,0,0,0,0,0,0,0,0,0,0,0,1,0,0,0,0,0,0,0,0,0,0,0,0,0,0,0,0,0,0,0,0,0,0,0,0,0,0,0,0,0,0,0,0,0,0,0,0,0,0,0,0,0,0,0,0,0,0,0,0,0,0,0,0,0,0,0,0,0,0,0,0,0,0,0,0,0,0,0,0,0,0,0,0,0,0,0,0,0,0,0,0,0,0,0,0,0,0,0,0,0,0,0,0,0,0,0,0,0,1,1,0,0,0,0,0,1,0,0,0,2,125.0,3600.0,550.0,1550,7000,4275.0,0.3636363636363633,0.30758017492711365,0.007557234941098022,"[10, 11, 12, 1, 2, 3]",10|11|12|1|2|3
248,Kapilash Temple,Dhenkanal,Odisha,East,Temple,"Spiritual,Pilgrimage","Family,Solo",0,100,1200,300,20.65,85.58,4.6,9000,10,3,Forest,ODI-192,60.1,False,Moderate,Short (1-2 hrs),0,0,0,0,0,0,0,0,0,0,0,0,0,0,0,0,0,0,0,0,0,0,0,0,0,0,0,0,0,0,0,0,0,0,0,0,0,0,0,0,0,0,0,0,0,0,0,0,0,0,0,0,0,0,0,0,0,0,0,0,0,0,0,0,0,0,0,0,0,0,0,0,0,0,0,0,0,0,0,0,0,0,0,0,0,0,0,0,0,0,0,0,0,0,1,0,0,0,0,0,0,0,0,0,0,0,0,0,0,0,0,0,0,0,0,0,0,0,0,0,0,0,1,0,0,0,0,0,0,0,0,0,0,0,0,0,0,0,0,0,0,0,0,0,0,0,0,0,0,0,0,0,0,0,0,1,0,0,0,0,0,0,1,0,0,0,2,200.0,3600.0,550.0,1600,7100,4350.0,0.6363636363636362,0.5291545189504373,0.0097799511002445,"[10, 11, 12, 1, 2, 3]",10|11|12|1|2|3
249,Kaziranga National Park,Golaghat,Assam,Northeast,Wildlife,"Wildlife,Safari,Nature","Friends,Family,Couples,Solo",100,1500,2000,400,26.5775,93.1711,4.8,82000,11,4,Mountain,ASS-30,60.5,False,Moderate,Full-day (4-8 hrs),0,0,0,0,0,0,0,0,0,0,0,0,0,0,0,0,0,0,0,0,0,0,0,0,0,0,0,0,0,0,0,0,0,0,0,0,0,0,0,0,0,0,0,0,0,0,0,0,0,0,0,0,0,0,0,0,0,0,0,0,0,0,0,0,0,0,0,0,0,0,0,0,0,0,0,0,0,0,0,0,0,0,0,0,1,0,0,0,0,0,0,0,0,0,0,0,0,0,0,0,0,0,0,0,0,0,0,0,0,0,0,1,0,0,0,0,0,0,0,0,0,0,0,0,0,0,0,0,0,0,0,0,0,0,0,0,0,0,0,0,0,0,0,0,0,0,0,0,0,1,0,0,0,0,1,1,1,0,0,0,0,0,1,0,0,0,2,3000.0,4500.0,800.0,4000,12800,8400.0,0.8181818181818179,0.5349854227405247,0.09090909090909091,"[11, 12, 1, 2, 3, 4]",11|12|1|2|3|4
250,Majuli Island,Majuli,Assam,Northeast,Island,"Cultural,Nature,Photography","Friends,Solo,Couples",0,300,1200,350,26.95,94.2,4.7,32000,10,4,Forest,ASS-31,59.5,False,Moderate,Full-day (4-8 hrs),0,0,0,0,0,0,0,0,0,0,0,0,0,0,0,0,0,0,0,0,0,0,0,0,0,0,0,0,0,0,0,1,0,0,0,0,0,0,0,0,0,0,0,0,0,0,0,0,0,0,0,0,0,0,0,0,0,0,0,0,0,0,0,0,0,0,0,0,0,0,0,0,0,0,0,0,0,0,0,0,0,0,0,0,1,0,0,0,0,0,0,0,1,0,0,0,0,0,0,0,0,0,0,0,0,0,0,0,0,0,0,0,0,0,0,0,0,0,0,0,0,0,0,0,0,0,0,0,0,0,0,0,0,0,0,0,0,0,0,0,0,0,0,0,0,0,0,0,0,0,0,0,0,0,1,0,1,0,0,0,0,0,1,0,0,0,2,600.0,2600.0,675.0,1850,5900,3875.0,0.7272727272727271,0.520408163265306,0.03534118693042899,"[10, 11, 12, 1, 2, 3, 4]",10|11|12|1|2|3|4
251,Kamakhya Temple,Guwahati,Assam,Northeast,Temple,"Spiritual,Pilgrimage,Cultural","Family,Solo,Couples",0,100,1500,350,26.1665,91.705,4.7,120000,10,4,Mountain,ASS-32,53.2,False,Moderate,Short (1-2 hrs),0,0,0,0,0,0,0,0,0,0,0,0,0,0,0,0,0,0,0,0,0,0,0,0,0,0,0,0,0,0,0,1,0,0,0,0,0,0,0,0,0,0,0,0,0,0,0,0,0,0,0,0,0,0,0,0,0,0,0,0,0,0,0,0,0,0,0,0,0,0,0,0,0,0,0,0,0,0,0,0,0,0,0,0,0,0,0,0,0,0,0,0,0,0,1,0,0,0,0,0,0,0,0,0,0,0,0,0,0,0,0,0,0,0,0,0,0,0,0,0,0,0,1,0,0,0,0,0,0,0,0,0,0,0,0,0,0,0,0,0,0,0,0,0,0,0,0,0,0,0,0,0,0,0,1,1,0,0,0,0,0,0,1,0,0,0,2,250.0,3750.0,675.0,1950,7400,4675.0,0.7272727272727271,0.4285714285714285,0.13314069793287397,"[10, 11, 12, 1, 2, 3, 4]",10|11|12|1|2|3|4
252,Manas National Park,Baksa,Assam,Northeast,Wildlife,"Wildlife,Adventure,Nature","Friends,Solo,Couples",100,1200,1800,350,26.6595,91.0011,4.7,28000,11,4,Urban,ASS-33,60.1,False,Moderate,Full-day (4-8 hrs),1,0,0,0,0,0,0,0,0,0,0,0,0,0,0,0,0,0,0,0,0,0,0,0,0,0,0,0,0,0,0,0,0,0,0,0,0,0,0,0,0,0,0,0,0,0,0,0,0,0,0,0,0,0,0,0,0,0,0,0,0,0,0,0,0,0,0,0,0,0,0,0,0,0,0,0,0,0,0,0,0,0,0,0,1,0,0,0,0,0,0,0,0,0,0,0,0,0,0,0,0,0,0,0,0,0,0,0,0,0,0,0,0,0,0,0,0,0,0,0,0,0,0,0,0,0,0,0,0,0,0,0,0,0,0,0,0,0,0,0,0,0,0,0,0,0,0,0,0,1,0,0,0,0,1,0,1,0,0,0,0,0,1,0,0,0,2,2600.0,4150.0,725.0,3450,11700,7575.0,0.7272727272727271,0.5291545189504373,0.03089575461213603,"[11, 12, 1, 2, 3, 4]",11|12|1|2|3|4
253,Umananda Island,Guwahati,Assam,Northeast,Island,"Spiritual,Nature,Photography","Friends,Couples,Solo",20,200,1500,350,26.1965,91.744,4.5,21000,10,4,Mountain,ASS-32,50.6,False,Moderate,Full-day (4-8 hrs),0,0,0,0,0,0,0,0,0,0,0,0,0,0,0,0,0,0,0,0,0,0,0,0,0,0,0,0,0,0,0,0,0,0,0,0,0,0,0,0,0,0,0,0,0,0,0,0,0,0,0,0,0,0,0,0,0,0,0,0,0,0,0,0,0,0,0,0,0,0,0,0,0,0,0,0,0,0,0,0,0,0,0,0,1,0,0,0,0,0,0,0,1,0,0,0,0,0,0,0,0,0,0,0,0,0,0,0,0,0,0,0,0,0,0,0,0,0,0,0,0,0,1,0,0,0,0,0,0,0,0,0,0,0,0,0,0,0,0,0,0,0,0,0,0,0,0,0,0,0,0,0,0,0,1,0,1,0,0,0,0,0,1,0,0,0,2,350.0,3750.0,675.0,2070,7520,4795.0,0.5454545454545454,0.39067055393586003,0.023116248055123363,"[10, 11, 12, 1, 2, 3, 4]",10|11|12|1|2|3|4
254,Haflong Hill Station,Haflong,Assam,Northeast,Hill Station,"Nature,Romantic,Photography","Couples,Friends,Solo",0,400,1500,350,25.164,93.017,4.5,14000,10,4,Forest,ASS-34,52.5,False,Moderate,Full-day (4-8 hrs),0,0,0,0,0,0,0,0,0,0,0,0,0,0,0,0,0,0,0,0,0,0,0,0,0,0,0,0,0,0,0,0,0,0,0,0,0,0,0,0,0,0,0,0,0,0,0,0,0,0,0,0,0,0,0,0,0,0,0,0,0,0,0,0,0,0,0,0,0,0,0,0,0,0,0,0,0,0,0,0,0,0,0,0,1,0,0,0,0,0,0,0,1,0,0,0,0,0,0,0,0,0,0,0,0,0,0,0,1,0,0,0,0,0,0,0,0,0,0,0,0,0,0,0,0,0,0,0,0,0,0,0,0,0,0,0,0,0,0,0,0,0,0,0,0,0,0,0,0,0,0,0,0,0,1,0,1,0,0,0,0,0,1,0,0,0,2,800.0,3000.0,625.0,2250,6600,4425.0,0.5454545454545454,0.4183673469387754,0.015336741498110693,"[10, 11, 12, 1, 2, 3, 4]",10|11|12|1|2|3|4
255,Pobitora Wildlife Sanctuary,Morigaon,Assam,Northeast,Wildlife,"Wildlife,Safari,Nature","Friends,Solo,Family",50,800,1500,350,26.225,92.05,4.6,17000,11,4,Urban,ASS-32,57.1,False,Moderate,Full-day (4-8 hrs),0,0,0,0,0,0,0,0,0,0,0,0,0,0,0,0,0,0,0,0,0,0,0,0,0,0,0,0,0,0,0,0,0,0,0,0,0,0,0,0,0,0,0,0,0,0,0,0,0,0,0,0,0,0,0,0,0,0,0,0,0,0,0,0,0,0,0,0,0,0,0,0,0,0,0,0,0,0,0,0,0,0,0,0,1,0,0,0,0,0,0,0,0,0,0,0,0,0,0,0,0,0,0,0,0,0,0,0,0,0,0,1,0,0,0,0,0,0,0,0,0,0,0,0,0,0,0,0,0,0,0,0,0,0,0,0,0,0,0,0,0,0,0,0,0,0,0,0,0,1,0,0,0,0,0,1,1,0,0,0,0,0,1,0,0,0,2,1650.0,3000.0,625.0,2700,7950,5325.0,0.6363636363636362,0.4854227405247813,0.018670815736830406,"[11, 12, 1, 2, 3, 4]",11|12|1|2|3|4
256,Sivasagar Ahom Monuments,Sivasagar,Assam,Northeast,Monument,"Historical,Cultural,Architecture","Friends,Family,Solo",30,200,1200,300,26.984,94.637,4.5,12000,10,3,Urban,ASS-31,53.3,False,Easy,Short (1-2 hrs),0,0,0,0,1,0,0,0,0,0,0,0,0,0,0,0,0,0,0,0,0,0,0,0,0,0,0,0,0,0,0,1,0,0,0,0,0,0,0,0,0,0,0,0,0,0,0,0,0,0,0,0,0,0,0,0,0,1,0,0,0,0,0,0,0,0,0,0,0,0,0,0,0,0,0,0,0,0,0,0,0,0,0,0,0,0,0,0,0,0,0,0,0,0,0,0,0,0,0,0,0,0,0,0,0,0,0,0,0,0,0,0,0,0,0,0,0,0,0,0,0,0,0,0,0,0,0,0,0,0,0,0,0,0,0,0,0,0,0,0,0,0,0,0,0,0,0,0,0,0,0,0,0,0,0,1,1,0,0,0,0,0,1,0,0,0,1,400.0,2350.0,575.0,1730,4980,3355.0,0.5454545454545454,0.4300291545189503,0.013114025338964216,"[10, 11, 12, 1, 2, 3]",10|11|12|1|2|3
257,Talatal Ghar,Sivasagar,Assam,Northeast,Monument,"Historical,Architecture,Cultural","Friends,Family,Solo",30,150,1200,300,26.9845,94.64,4.4,10000,10,3,Urban,ASS-31,48.7,False,Easy,Short (1-2 hrs),0,0,0,0,1,0,0,0,0,0,0,0,0,0,0,0,0,0,0,0,0,0,0,0,0,0,0,0,0,0,0,1,0,0,0,0,0,0,0,0,0,0,0,0,0,0,0,0,0,0,0,0,0,0,0,0,0,1,0,0,0,0,0,0,0,0,0,0,0,0,0,0,0,0,0,0,0,0,0,0,0,0,0,0,0,0,0,0,0,0,0,0,0,0,0,0,0,0,0,0,0,0,0,0,0,0,0,0,0,0,0,0,0,0,0,0,0,0,0,0,0,0,0,0,0,0,0,0,0,0,0,0,0,0,0,0,0,0,0,0,0,0,0,0,0,0,0,0,0,0,0,0,0,0,0,1,1,0,0,0,0,0,1,0,0,0,1,325.0,2350.0,575.0,1680,4880,3280.0,0.4545454545454546,0.36297376093294464,0.010891309179817739,"[10, 11, 12, 1, 2, 3]",10|11|12|1|2|3
258,Rang Ghar,Sivasagar,Assam,Northeast,Monument,"Historical,Architecture,Cultural","Friends,Family,Solo",30,150,1200,300,26.9842,94.6395,4.4,9500,10,3,Mountain,ASS-31,48.9,False,Moderate,Short (1-2 hrs),0,0,0,0,1,0,0,0,0,0,0,0,0,0,0,0,0,0,0,0,0,0,0,0,0,0,0,0,0,0,0,1,0,0,0,0,0,0,0,0,0,0,0,0,0,0,0,0,0,0,0,0,0,0,0,0,0,1,0,0,0,0,0,0,0,0,0,0,0,0,0,0,0,0,0,0,0,0,0,0,0,0,0,0,0,0,0,0,0,0,0,0,0,0,0,0,0,0,0,0,0,0,0,0,0,0,0,0,0,0,0,0,0,0,0,0,0,0,0,0,0,0,0,0,0,0,0,0,0,0,0,0,0,0,0,0,0,0,0,0,0,0,0,0,0,0,0,0,0,0,0,0,0,0,0,1,1,0,0,0,0,0,1,0,0,0,2,325.0,2350.0,575.0,1680,4880,3280.0,0.4545454545454546,0.36588921282798825,0.010335630140031119,"[10, 11, 12, 1, 2, 3]",10|11|12|1|2|3
259,Dibru Saikhowa National Park,Tinsukia,Assam,Northeast,Wildlife,"Wildlife,Birdwatching,Nature","Friends,Solo,Couples",100,1200,1500,350,27.7,95.35,4.6,9000,11,4,Mountain,ASS-35,60.1,False,Moderate,Full-day (4-8 hrs),0,0,0,0,0,0,0,0,0,0,0,0,0,0,0,1,0,0,0,0,0,0,0,0,0,0,0,0,0,0,0,0,0,0,0,0,0,0,0,0,0,0,0,0,0,0,0,0,0,0,0,0,0,0,0,0,0,0,0,0,0,0,0,0,0,0,0,0,0,0,0,0,0,0,0,0,0,0,0,0,0,0,0,0,1,0,0,0,0,0,0,0,0,0,0,0,0,0,0,0,0,0,0,0,0,0,0,0,0,0,0,0,0,0,0,0,0,0,0,0,0,0,0,0,0,0,0,0,0,0,0,0,0,0,0,0,0,0,0,0,0,0,0,0,0,0,0,0,0,1,0,0,0,0,1,0,1,0,0,0,0,0,1,0,0,0,2,2350.0,3000.0,625.0,3150,9000,6075.0,0.6363636363636362,0.5291545189504373,0.0097799511002445,"[11, 12, 1, 2, 3, 4]",11|12|1|2|3|4
260,Orang National Park,Darrang,Assam,Northeast,Wildlife,"Wildlife,Safari,Nature","Friends,Family,Solo",100,1000,1500,350,26.56,92.266,4.5,8000,11,4,Forest,ASS-38,55.2,False,Moderate,Full-day (4-8 hrs),0,0,0,0,0,0,0,0,0,0,0,0,0,0,0,0,0,0,0,0,0,0,0,0,0,0,0,0,0,0,0,0,0,0,0,0,0,0,0,0,0,0,0,0,0,0,0,0,0,0,0,0,0,0,0,0,0,0,0,0,0,0,0,0,0,0,0,0,0,0,0,0,0,0,0,0,0,0,0,0,0,0,0,0,1,0,0,0,0,0,0,0,0,0,0,0,0,0,0,0,0,0,0,0,0,0,0,0,0,0,0,1,0,0,0,0,0,0,0,0,0,0,0,0,0,0,0,0,0,0,0,0,0,0,0,0,0,0,0,0,0,0,0,0,0,0,0,0,0,1,0,0,0,0,0,1,1,0,0,0,0,0,1,0,0,0,2,2000.0,2750.0,625.0,2950,8000,5475.0,0.5454545454545454,0.4577259475218659,0.008668593020671262,"[11, 12, 1, 2, 3, 4]",11|12|1|2|3|4
261,Dipor Bil,Guwahati,Assam,Northeast,Lake,"Nature,Birdwatching,Photography","Friends,Solo",0,150,1500,350,26.12,91.65,4.4,6000,10,3,Mountain,ASS-32,51.1,False,Moderate,Full-day (4-8 hrs),0,0,0,0,0,0,0,0,0,0,0,0,0,0,0,1,0,0,0,0,0,0,0,0,0,0,0,0,0,0,0,0,0,0,0,0,0,0,0,0,0,0,0,0,0,0,0,0,0,0,0,0,0,0,0,0,0,0,0,0,0,0,0,0,0,0,0,0,0,0,0,0,0,0,0,0,0,0,0,0,0,0,0,0,1,0,0,0,0,0,0,0,1,0,0,0,0,0,0,0,0,0,0,0,0,0,0,0,0,0,0,0,0,0,0,0,0,0,0,0,0,0,0,0,0,0,0,0,0,0,0,0,0,0,0,0,0,0,0,0,0,0,0,0,0,0,0,0,0,0,0,0,0,0,0,0,1,0,0,0,0,0,1,0,0,0,2,275.0,3750.0,675.0,2000,7400,4700.0,0.4545454545454546,0.3979591836734694,0.0064458768615247835,"[10, 11, 12, 1, 2, 3]",10|11|12|1|2|3
262,Kakochang Waterfalls,Bokakhat,Assam,Northeast,Waterfall,"Nature,Photography,Adventure","Friends,Couples,Solo",20,200,1500,350,26.56,93.65,4.4,7000,10,3,Forest,ASS-39,50.4,False,Moderate,Half-day (2-4 hrs),1,0,0,0,0,0,0,0,0,0,0,0,0,0,0,0,0,0,0,0,0,0,0,0,0,0,0,0,0,0,0,0,0,0,0,0,0,0,0,0,0,0,0,0,0,0,0,0,0,0,0,0,0,0,0,0,0,0,0,0,0,0,0,0,0,0,0,0,0,0,0,0,0,0,0,0,0,0,0,0,0,0,0,0,1,0,0,0,0,0,0,0,1,0,0,0,0,0,0,0,0,0,0,0,0,0,0,0,0,0,0,0,0,0,0,0,0,0,0,0,0,0,0,0,0,0,0,0,0,0,0,0,0,0,0,0,0,0,0,0,0,0,0,0,0,0,0,0,0,0,0,0,0,0,1,0,1,0,0,0,0,0,1,0,0,0,2,350.0,3000.0,625.0,2070,5920,3995.0,0.4545454545454546,0.3877551020408162,0.007557234941098022,"[10, 11, 12, 1, 2, 3]",10|11|12|1|2|3
263,Nameri National Park,Sonitpur,Assam,Northeast,Wildlife,"Nature,Rafting,Wildlife","Friends,Solo,Couples",100,1200,1500,350,27.033,92.82,4.6,9000,11,4,Forest,ASS-36,60.1,False,Moderate,Full-day (4-8 hrs),0,0,0,0,0,0,0,0,0,0,0,0,0,0,0,0,0,0,0,0,0,0,0,0,0,0,0,0,0,0,0,0,0,0,0,0,0,0,0,0,0,0,0,0,0,0,0,0,0,0,0,0,0,0,0,0,0,0,0,0,0,0,0,0,0,0,0,0,0,0,0,0,0,0,0,0,0,0,0,0,0,0,0,0,1,0,0,0,0,0,0,0,0,0,0,0,1,0,0,0,0,0,0,0,0,0,0,0,0,0,0,0,0,0,0,0,0,0,0,0,0,0,0,0,0,0,0,0,0,0,0,0,0,0,0,0,0,0,0,0,0,0,0,0,0,0,0,0,0,1,0,0,0,0,1,0,1,0,0,0,0,0,1,0,0,0,2,2350.0,3000.0,625.0,3150,9000,6075.0,0.6363636363636362,0.5291545189504373,0.0097799511002445,"[11, 12, 1, 2, 3, 4]",11|12|1|2|3|4
264,Chandubi Lake,Kamrup,Assam,Northeast,Lake,"Nature,Relaxation,Photography","Friends,Couples,Family",50,300,1200,300,25.96,91.43,4.5,6500,10,3,Urban,ASS-32,56.2,False,Easy,Full-day (4-8 hrs),0,0,0,0,0,0,0,0,0,0,0,0,0,0,0,0,0,0,0,0,0,0,0,0,0,0,0,0,0,0,0,0,0,0,0,0,0,0,0,0,0,0,0,0,0,0,0,0,0,0,0,0,0,0,0,0,0,0,0,0,0,0,0,0,0,0,0,0,0,0,0,0,0,0,0,0,0,0,0,0,0,0,0,0,1,0,0,0,0,0,0,0,1,0,0,0,0,0,0,1,0,0,0,0,0,0,0,0,0,0,0,0,0,0,0,0,0,0,0,0,0,0,0,0,0,0,0,0,0,0,0,0,0,0,0,0,0,0,0,0,0,0,0,0,0,0,0,0,0,0,0,0,0,0,1,1,1,0,0,0,0,0,0,0,0,0,1,550.0,2350.0,575.0,1850,5200,3525.0,0.5454545454545454,0.4723032069970845,0.007001555901311403,"[10, 11, 12, 1, 2, 3]",10|11|12|1|2|3
265,Hajo,Hajo,Assam,Northeast,Temple Town,"Spiritual,Pilgrimage,Cultural","Family,Solo",0,100,1200,300,26.25,91.51,4.5,8000,10,4,Mountain,ASS-32,55.2,False,Moderate,Short (1-2 hrs),0,0,0,0,0,0,0,0,0,0,0,0,0,0,0,0,0,0,0,0,0,0,0,0,0,0,0,0,0,0,0,1,0,0,0,0,0,0,0,0,0,0,0,0,0,0,0,0,0,0,0,0,0,0,0,0,0,0,0,0,0,0,0,0,0,0,0,0,0,0,0,0,0,0,0,0,0,0,0,0,0,0,0,0,0,0,0,0,0,0,0,0,0,0,1,0,0,0,0,0,0,0,0,0,0,0,0,0,0,0,0,0,0,0,0,0,0,0,0,0,0,0,1,0,0,0,0,0,0,0,0,0,0,0,0,0,0,0,0,0,0,0,0,0,0,0,0,0,0,0,0,0,0,0,0,1,0,0,0,0,0,0,1,0,0,0,2,200.0,2350.0,575.0,1600,4650,3125.0,0.5454545454545454,0.4577259475218659,0.008668593020671262,"[10, 11, 12, 1, 2, 3, 4]",10|11|12|1|2|3|4
266,Sri Surya Pahar,Goalpara,Assam,Northeast,Archaeological Site,"Historical,Archaeological,Cultural","Friends,Solo",20,150,1000,300,26.1,90.62,4.3,4000,10,3,Mountain,ASS-40,47.6,False,Moderate,Half-day (2-4 hrs),0,0,0,1,0,0,0,0,0,0,0,0,0,0,0,0,0,0,0,0,0,0,0,0,0,0,0,0,0,0,0,1,0,0,0,0,0,0,0,0,0,0,0,0,0,0,0,0,0,0,0,0,0,0,0,0,0,1,0,0,0,0,0,0,0,0,0,0,0,0,0,0,0,0,0,0,0,0,0,0,0,0,0,0,0,0,0,0,0,0,0,0,0,0,0,0,0,0,0,0,0,0,0,0,0,0,0,0,0,0,0,0,0,0,0,0,0,0,0,0,0,0,0,0,0,0,0,0,0,0,0,0,0,0,0,0,0,0,0,0,0,0,0,0,0,0,0,0,0,0,0,0,0,0,0,0,1,0,0,0,0,0,1,0,0,0,2,275.0,2000.0,550.0,1470,4220,2845.0,0.3636363636363633,0.346938775510204,0.004223160702378307,"[10, 11, 12, 1, 2, 3]",10|11|12|1|2|3
267,Barpeta Satra,Barpeta,Assam,Northeast,Monastery,"Spiritual,Cultural,Heritage","Family,Solo",0,100,1000,300,26.32,91.0,4.4,5000,10,3,Mountain,ASS-33,52.0,False,Moderate,Half-day (2-4 hrs),0,0,0,0,0,0,0,0,0,0,0,0,0,0,0,0,0,0,0,0,0,0,0,0,0,0,0,0,0,0,0,1,0,0,0,0,0,0,0,0,0,0,0,0,0,0,0,0,0,0,0,0,0,1,0,0,0,0,0,0,0,0,0,0,0,0,0,0,0,0,0,0,0,0,0,0,0,0,0,0,0,0,0,0,0,0,0,0,0,0,0,0,0,0,0,0,0,0,0,0,0,0,0,0,0,0,0,0,0,0,0,0,0,0,0,0,0,0,0,0,0,0,1,0,0,0,0,0,0,0,0,0,0,0,0,0,0,0,0,0,0,0,0,0,0,0,0,0,0,0,0,0,0,0,0,1,0,0,0,0,0,0,1,0,0,0,2,175.0,2000.0,550.0,1400,4050,2725.0,0.4545454545454546,0.41107871720116607,0.005334518781951545,"[10, 11, 12, 1, 2, 3]",10|11|12|1|2|3
268,Tezpur Agnigarh,Tezpur,Assam,Northeast,Hill,"Historical,Romantic,Photography","Couples,Friends,Solo",20,150,1200,300,26.652,92.79,4.4,7000,10,3,Mountain,ASS-30,50.4,False,Moderate,Half-day (2-4 hrs),0,0,0,0,0,0,0,0,0,0,0,0,0,0,0,0,0,0,0,0,0,0,0,0,0,0,0,0,0,0,0,0,0,0,0,0,0,0,0,0,0,0,0,0,0,0,0,0,0,0,0,0,0,0,0,0,0,1,0,0,0,0,0,0,0,0,0,0,0,0,0,0,0,0,0,0,0,0,0,0,0,0,0,0,0,0,0,0,0,0,0,0,1,0,0,0,0,0,0,0,0,0,0,0,0,0,0,0,1,0,0,0,0,0,0,0,0,0,0,0,0,0,0,0,0,0,0,0,0,0,0,0,0,0,0,0,0,0,0,0,0,0,0,0,0,0,0,0,0,0,0,0,0,0,1,0,1,0,0,0,0,0,1,0,0,0,2,275.0,2350.0,575.0,1670,4770,3220.0,0.4545454545454546,0.3877551020408162,0.007557234941098022,"[10, 11, 12, 1, 2, 3]",10|11|12|1|2|3
269,Bhalukpong,Bhalukpong,Assam,Northeast,Nature Spot,"Adventure,Nature,Rafting","Friends,Solo,Couples",50,500,1500,350,27.017,92.573,4.6,9000,10,4,Mountain,ASS-36,60.1,False,Moderate,Half-day (2-4 hrs),1,0,0,0,0,0,0,0,0,0,0,0,0,0,0,0,0,0,0,0,0,0,0,0,0,0,0,0,0,0,0,0,0,0,0,0,0,0,0,0,0,0,0,0,0,0,0,0,0,0,0,0,0,0,0,0,0,0,0,0,0,0,0,0,0,0,0,0,0,0,0,0,0,0,0,0,0,0,0,0,0,0,0,0,1,0,0,0,0,0,0,0,0,0,0,0,1,0,0,0,0,0,0,0,0,0,0,0,0,0,0,0,0,0,0,0,0,0,0,0,0,0,0,0,0,0,0,0,0,0,0,0,0,0,0,0,0,0,0,0,0,0,0,0,0,0,0,0,0,0,0,0,0,0,1,0,1,0,0,0,0,0,1,0,0,0,2,1000.0,3000.0,625.0,2400,6950,4675.0,0.6363636363636362,0.5291545189504373,0.0097799511002445,"[10, 11, 12, 1, 2, 3, 4]",10|11|12|1|2|3|4
270,Hoollongapar Gibbon Sanctuary,Jorhat,Assam,Northeast,Wildlife,"Wildlife,Nature,Photography","Friends,Solo",50,300,1200,300,26.75,94.35,4.5,6000,10,4,Mountain,ASS-31,56.6,False,Moderate,Full-day (4-8 hrs),0,0,0,0,0,0,0,0,0,0,0,0,0,0,0,0,0,0,0,0,0,0,0,0,0,0,0,0,0,0,0,0,0,0,0,0,0,0,0,0,0,0,0,0,0,0,0,0,0,0,0,0,0,0,0,0,0,0,0,0,0,0,0,0,0,0,0,0,0,0,0,0,0,0,0,0,0,0,0,0,0,0,0,0,1,0,0,0,0,0,0,0,1,0,0,0,0,0,0,0,0,0,0,0,0,0,0,0,0,0,0,0,0,0,0,0,0,0,0,0,0,0,0,0,0,0,0,0,0,0,0,0,0,0,0,0,0,0,0,0,0,0,0,0,0,0,0,0,0,1,0,0,0,0,0,0,1,0,0,0,0,0,1,0,0,0,2,600.0,2350.0,575.0,1850,5300,3575.0,0.5454545454545454,0.47813411078717194,0.0064458768615247835,"[10, 11, 12, 1, 2, 3, 4]",10|11|12|1|2|3|4
271,Panimoor Waterfall,Dima Hasao,Assam,Northeast,Waterfall,"Nature,Adventure,Photography","Friends,Couples,Solo",20,200,1200,300,25.2,92.75,4.5,5000,10,3,Urban,ASS-34,57.4,False,Moderate,Half-day (2-4 hrs),1,0,0,0,0,0,0,0,0,0,0,0,0,0,0,0,0,0,0,0,0,0,0,0,0,0,0,0,0,0,0,0,0,0,0,0,0,0,0,0,0,0,0,0,0,0,0,0,0,0,0,0,0,0,0,0,0,0,0,0,0,0,0,0,0,0,0,0,0,0,0,0,0,0,0,0,0,0,0,0,0,0,0,0,1,0,0,0,0,0,0,0,1,0,0,0,0,0,0,0,0,0,0,0,0,0,0,0,0,0,0,0,0,0,0,0,0,0,0,0,0,0,0,0,0,0,0,0,0,0,0,0,0,0,0,0,0,0,0,0,0,0,0,0,0,0,0,0,0,0,0,0,0,0,1,0,1,0,0,0,0,0,1,0,0,0,2,400.0,2350.0,575.0,1720,4970,3345.0,0.5454545454545454,0.4897959183673468,0.005334518781951545,"[10, 11, 12, 1, 2, 3]",10|11|12|1|2|3
272,Dehing Patkai National Park,Dibrugarh,Assam,Northeast,Wildlife,"Wildlife,Rainforest,Nature","Friends,Solo,Couples",100,1200,1500,350,27.283,95.55,4.6,7000,11,4,Mountain,ASS-37,61.3,False,Moderate,Full-day (4-8 hrs),0,0,0,0,0,0,0,0,0,0,0,0,0,0,0,0,0,0,0,0,0,0,0,0,0,0,0,0,0,0,0,0,0,0,0,0,0,0,0,0,0,0,0,0,0,0,0,0,0,0,0,0,0,0,0,0,0,0,0,0,0,0,0,0,0,0,0,0,0,0,0,0,0,0,0,0,0,0,0,0,0,0,0,0,1,0,0,0,0,0,0,0,0,0,0,0,0,1,0,0,0,0,0,0,0,0,0,0,0,0,0,0,0,0,0,0,0,0,0,0,0,0,0,0,0,0,0,0,0,0,0,0,0,0,0,0,0,0,0,0,0,0,0,0,0,0,0,0,0,1,0,0,0,0,1,0,1,0,0,0,0,0,1,0,0,0,2,2350.0,3000.0,625.0,3150,9000,6075.0,0.6363636363636362,0.5466472303206996,0.007557234941098022,"[11, 12, 1, 2, 3, 4]",11|12|1|2|3|4
273,Sualkuchi,Sualkuchi,Assam,Northeast,Village,"Cultural,Handloom,Heritage","Friends,Family,Solo",0,200,1200,300,26.17,91.57,4.4,6000,10,3,Urban,ASS-32,51.1,False,Easy,Half-day (2-4 hrs),0,0,0,0,0,0,0,0,0,0,0,0,0,0,0,0,0,0,0,0,0,0,0,0,0,0,0,0,0,0,0,1,0,0,0,0,0,0,0,0,0,0,0,0,0,0,0,0,0,0,0,1,0,1,0,0,0,0,0,0,0,0,0,0,0,0,0,0,0,0,0,0,0,0,0,0,0,0,0,0,0,0,0,0,0,0,0,0,0,0,0,0,0,0,0,0,0,0,0,0,0,0,0,0,0,0,0,0,0,0,0,0,0,0,0,0,0,0,0,0,0,0,0,0,0,0,0,0,0,0,0,0,0,0,0,0,0,0,0,0,0,0,0,0,0,0,0,0,0,0,0,0,0,0,0,1,1,0,0,0,0,0,1,0,0,0,1,350.0,2350.0,575.0,1700,4850,3275.0,0.4545454545454546,0.3979591836734694,0.0064458768615247835,"[10, 11, 12, 1, 2, 3]",10|11|12|1|2|3
274,Digboi Oil Town,Digboi,Assam,Northeast,Heritage Town,"Historical,Industrial,Heritage","Friends,Solo",50,200,1200,300,27.39,95.63,4.3,4000,10,3,Valley,ASS-37,47.6,False,Easy,Half-day (2-4 hrs),0,0,0,0,0,0,0,0,0,0,0,0,0,0,0,0,0,0,0,0,0,0,0,0,0,0,0,0,0,0,0,0,0,0,0,0,0,0,0,0,0,0,0,0,0,0,0,0,0,0,0,0,0,1,0,0,0,1,0,0,1,0,0,0,0,0,0,0,0,0,0,0,0,0,0,0,0,0,0,0,0,0,0,0,0,0,0,0,0,0,0,0,0,0,0,0,0,0,0,0,0,0,0,0,0,0,0,0,0,0,0,0,0,0,0,0,0,0,0,0,0,0,0,0,0,0,0,0,0,0,0,0,0,0,0,0,0,0,0,0,0,0,0,0,0,0,0,0,0,0,0,0,0,0,0,0,1,0,0,0,0,0,1,0,0,0,1,350.0,2350.0,575.0,1750,4900,3325.0,0.3636363636363633,0.346938775510204,0.004223160702378307,"[10, 11, 12, 1, 2, 3]",10|11|12|1|2|3
275,Sadiya,Tinsukia,Assam,Northeast,Nature Spot,"Nature,River,Photography","Friends,Solo,Couples",0,200,1200,300,27.84,95.67,4.3,3000,10,3,Mountain,ASS-35,49.0,False,Moderate,Half-day (2-4 hrs),0,0,0,0,0,0,0,0,0,0,0,0,0,0,0,0,0,0,0,0,0,0,0,0,0,0,0,0,0,0,0,0,0,0,0,0,0,0,0,0,0,0,0,0,0,0,0,0,0,0,0,0,0,0,0,0,0,0,0,0,0,0,0,0,0,0,0,0,0,0,0,0,0,0,0,0,0,0,0,0,0,0,0,0,1,0,0,0,0,0,0,0,1,0,0,0,0,0,0,0,0,0,0,0,1,0,0,0,0,0,0,0,0,0,0,0,0,0,0,0,0,0,0,0,0,0,0,0,0,0,0,0,0,0,0,0,0,0,0,0,0,0,0,0,0,0,0,0,0,0,0,0,0,0,1,0,1,0,0,0,0,0,1,0,0,0,2,400.0,2350.0,575.0,1700,4950,3325.0,0.3636363636363633,0.36734693877551017,0.003111802622805068,"[10, 11, 12, 1, 2, 3]",10|11|12|1|2|3
276,Tawang Monastery,Tawang,Arunachal Pradesh,Northeast,Monastery,"Spiritual,Historical,Cultural","Family,Solo,Couples",0,0,1500,300,27.5862,91.8696,4.8,21000,3,10,Mountain,ARU-17,67.0,True,Moderate,Half-day (2-4 hrs),0,0,0,0,0,0,0,0,0,0,0,0,0,0,0,0,0,0,0,0,0,0,0,0,0,0,0,0,0,0,0,1,0,0,0,0,0,0,0,0,0,0,0,0,0,0,0,0,0,0,0,0,0,0,0,0,0,1,0,0,0,0,0,0,0,0,0,0,0,0,0,0,0,0,0,0,0,0,0,0,0,0,0,0,0,0,0,0,0,0,0,0,0,0,0,0,0,0,0,0,0,0,0,0,0,0,0,0,0,0,0,0,0,0,0,0,0,0,0,0,0,0,1,0,0,0,0,0,0,0,0,0,0,0,0,0,0,0,0,0,0,0,0,0,0,0,0,0,0,0,0,0,0,0,1,1,0,0,0,0,0,0,1,0,0,0,2,250.0,3750.0,600.0,1800,7400,4600.0,0.8181818181818179,0.629737609329446,0.023116248055123363,"[3, 4, 5, 6, 7, 8, 9, 10]",3|4|5|6|7|8|9|10
277,Sela Pass,Tawang,Arunachal Pradesh,Northeast,Mountain Pass,"Nature,Adventure","Friends,Solo,Couples",0,200,1500,300,27.5013,92.114,4.8,18000,3,6,Urban,ARU-17,67.7,True,Strenuous,Half-day (2-4 hrs),1,0,0,0,0,0,0,0,0,0,0,0,0,0,0,0,0,0,0,0,0,0,0,0,0,0,0,0,0,0,0,0,0,0,0,0,0,0,0,0,0,0,0,0,0,0,0,0,0,0,0,0,0,0,0,0,0,0,0,0,0,0,0,0,0,0,0,0,0,0,0,0,0,0,0,0,0,0,0,0,0,0,0,0,1,0,0,0,0,0,0,0,0,0,0,0,0,0,0,0,0,0,0,0,0,0,0,0,0,0,0,0,0,0,0,0,0,0,0,0,0,0,0,0,0,0,0,0,0,0,0,0,0,0,0,0,0,0,0,0,0,0,0,0,0,0,0,0,0,0,0,0,0,0,1,0,1,0,0,0,0,0,1,0,0,0,3,850.0,3250.0,600.0,2000,7400,4700.0,0.8181818181818179,0.6399416909620991,0.019782173816403646,"[3, 4, 5, 6]",3|4|5|6
278,Ziro Valley,Ziro,Arunachal Pradesh,Northeast,Valley,"Nature,Cultural,Romantic","Couples,Friends,Family",0,300,2000,400,27.5949,93.8381,4.7,16000,3,5,Mountain,ARU-18,62.8,False,Moderate,Full-day (4-8 hrs),0,0,0,0,0,0,0,0,0,0,0,0,0,0,0,0,0,0,0,0,0,0,0,0,0,0,0,0,0,0,0,1,0,0,0,0,0,0,0,0,0,0,0,0,0,0,0,0,0,0,0,0,0,0,0,0,0,0,0,0,0,0,0,0,0,0,0,0,0,0,0,0,0,0,0,0,0,0,0,0,0,0,0,0,1,0,0,0,0,0,0,0,0,0,0,0,0,0,0,0,0,0,0,0,0,0,0,0,1,0,0,0,0,0,0,0,0,0,0,0,0,0,0,0,0,0,0,0,0,0,0,0,0,0,0,0,0,0,0,0,0,0,0,0,0,0,0,0,0,0,0,0,0,0,1,1,1,0,0,0,0,0,0,0,0,0,2,900.0,4500.0,700.0,2700,9500,6100.0,0.7272727272727271,0.5685131195335276,0.01755945765725717,"[3, 4, 5]",3|4|5
279,Namdapha National Park,Miao,Arunachal Pradesh,Northeast,National Park,"Nature,Wildlife,Adventure","Friends,Solo,Family",200,1500,2000,400,27.5167,96.3833,4.6,6000,11,4,Valley,ARU-19,62.0,False,Moderate,Full-day (4-8 hrs),1,0,0,0,0,0,0,0,0,0,0,0,0,0,0,0,0,0,0,0,0,0,0,0,0,0,0,0,0,0,0,0,0,0,0,0,0,0,0,0,0,0,0,0,0,0,0,0,0,0,0,0,0,0,0,0,0,0,0,0,0,0,0,0,0,0,0,0,0,0,0,0,0,0,0,0,0,0,0,0,0,0,0,0,1,0,0,0,0,0,0,0,0,0,0,0,0,0,0,0,0,0,0,0,0,0,0,0,0,0,0,0,0,0,0,0,0,0,0,0,0,0,0,0,0,0,0,0,0,0,0,0,0,0,0,0,0,0,0,0,0,0,0,0,0,0,0,0,0,1,0,0,0,0,0,1,1,0,0,0,0,0,1,0,0,0,2,3250.0,4500.0,700.0,4100,13200,8650.0,0.6363636363636362,0.5568513119533527,0.0064458768615247835,"[11, 12, 1, 2, 3, 4]",11|12|1|2|3|4
280,Bomdila Monastery,Bomdila,Arunachal Pradesh,Northeast,Monastery,"Spiritual,Cultural","Family,Solo",0,0,1500,300,27.2648,92.4154,4.5,7000,10,4,Mountain,ARU-17,55.8,False,Moderate,Half-day (2-4 hrs),0,0,0,0,0,0,0,0,0,0,0,0,0,0,0,0,0,0,0,0,0,0,0,0,0,0,0,0,0,0,0,1,0,0,0,0,0,0,0,0,0,0,0,0,0,0,0,0,0,0,0,0,0,0,0,0,0,0,0,0,0,0,0,0,0,0,0,0,0,0,0,0,0,0,0,0,0,0,0,0,0,0,0,0,0,0,0,0,0,0,0,0,0,0,0,0,0,0,0,0,0,0,0,0,0,0,0,0,0,0,0,0,0,0,0,0,0,0,0,0,0,0,1,0,0,0,0,0,0,0,0,0,0,0,0,0,0,0,0,0,0,0,0,0,0,0,0,0,0,0,0,0,0,0,0,1,0,0,0,0,0,0,1,0,0,0,2,150.0,3250.0,600.0,1800,6200,4000.0,0.5454545454545454,0.46647230320699695,0.007557234941098022,"[10, 11, 12, 1, 2, 3, 4]",10|11|12|1|2|3|4
281,Dirang Valley,Dirang,Arunachal Pradesh,Northeast,Valley,"Nature,Romantic","Couples,Family,Friends",0,200,1500,300,27.36,92.245,4.6,9000,3,6,Mountain,ARU-17,60.1,False,Moderate,Full-day (4-8 hrs),0,0,0,0,0,0,0,0,0,0,0,0,0,0,0,0,0,0,0,0,0,0,0,0,0,0,0,0,0,0,0,0,0,0,0,0,0,0,0,0,0,0,0,0,0,0,0,0,0,0,0,0,0,0,0,0,0,0,0,0,0,0,0,0,0,0,0,0,0,0,0,0,0,0,0,0,0,0,0,0,0,0,0,0,1,0,0,0,0,0,0,0,0,0,0,0,0,0,0,0,0,0,0,0,0,0,0,0,1,0,0,0,0,0,0,0,0,0,0,0,0,0,0,0,0,0,0,0,0,0,0,0,0,0,0,0,0,0,0,0,0,0,0,0,0,0,0,0,0,0,0,0,0,0,1,1,1,0,0,0,0,0,0,0,0,0,2,600.0,3250.0,600.0,2000,6900,4450.0,0.6363636363636362,0.5291545189504373,0.0097799511002445,"[3, 4, 5, 6]",3|4|5|6
282,Gorichen Peak,Tawang,Arunachal Pradesh,Northeast,Mountain,"Adventure,Nature","Friends,Solo",0,1500,1500,300,27.7025,92.0333,4.6,2000,4,10,Mountain,ARU-17,67.2,True,Moderate,Half-day (2-4 hrs),1,0,0,0,0,0,0,0,0,0,0,0,0,0,0,0,0,0,0,0,0,0,0,0,0,0,0,0,0,0,0,0,0,0,0,0,0,0,0,0,0,0,0,0,0,0,0,0,0,0,0,0,0,0,0,0,0,0,0,0,0,0,0,0,0,0,0,0,0,0,0,0,0,0,0,0,0,0,0,0,0,0,0,0,1,0,0,0,0,0,0,0,0,0,0,0,0,0,0,0,0,0,0,0,0,0,0,0,0,0,0,0,0,0,0,0,0,0,0,0,0,0,0,0,0,0,0,0,0,0,0,0,0,0,0,0,0,0,0,0,0,0,0,0,0,0,0,0,0,0,0,0,0,0,0,0,1,0,0,0,0,0,1,0,0,0,2,3250.0,3250.0,600.0,3300,10900,7100.0,0.6363636363636362,0.6326530612244897,0.0020004445432318294,"[4, 5, 6, 7, 8, 9, 10]",4|5|6|7|8|9|10
283,Madhuri Lake (Sangetsar Lake),Tawang,Arunachal Pradesh,Northeast,Lake,"Nature,Romantic","Couples,Friends,Family",50,200,1500,300,27.6963,91.8416,4.8,14000,4,10,Mountain,ARU-17,68.9,True,Moderate,Full-day (4-8 hrs),0,0,0,0,0,0,0,0,0,0,0,0,0,0,0,0,0,0,0,0,0,0,0,0,0,0,0,0,0,0,0,0,0,0,0,0,0,0,0,0,0,0,0,0,0,0,0,0,0,0,0,0,0,0,0,0,0,0,0,0,0,0,0,0,0,0,0,0,0,0,0,0,0,0,0,0,0,0,0,0,0,0,0,0,1,0,0,0,0,0,0,0,0,0,0,0,0,0,0,0,0,0,0,0,0,0,0,0,1,0,0,0,0,0,0,0,0,0,0,0,0,0,0,0,0,0,0,0,0,0,0,0,0,0,0,0,0,0,0,0,0,0,0,0,0,0,0,0,0,0,0,0,0,0,1,1,1,0,0,0,0,0,0,0,0,0,2,600.0,3250.0,600.0,2050,6950,4500.0,0.8181818181818179,0.6574344023323615,0.015336741498110693,"[4, 5, 6, 7, 8, 9, 10]",4|5|6|7|8|9|10
284,Bum La Pass,Tawang,Arunachal Pradesh,Northeast,Mountain Pass,"Adventure,Nature","Friends,Solo",0,500,1500,300,27.7344,91.8497,4.8,12000,5,10,Forest,ARU-17,69.6,True,Strenuous,Half-day (2-4 hrs),1,0,0,0,0,0,0,0,0,0,0,0,0,0,0,0,0,0,0,0,0,0,0,0,0,0,0,0,0,0,0,0,0,0,0,0,0,0,0,0,0,0,0,0,0,0,0,0,0,0,0,0,0,0,0,0,0,0,0,0,0,0,0,0,0,0,0,0,0,0,0,0,0,0,0,0,0,0,0,0,0,0,0,0,1,0,0,0,0,0,0,0,0,0,0,0,0,0,0,0,0,0,0,0,0,0,0,0,0,0,0,0,0,0,0,0,0,0,0,0,0,0,0,0,0,0,0,0,0,0,0,0,0,0,0,0,0,0,0,0,0,0,0,0,0,0,0,0,0,0,0,0,0,0,0,0,1,0,0,0,0,0,1,0,0,0,3,1250.0,3250.0,600.0,2300,7900,5100.0,0.8181818181818179,0.6676384839650145,0.013114025338964216,"[5, 6, 7, 8, 9, 10]",5|6|7|8|9|10
285,Itanagar Fort,Itanagar,Arunachal Pradesh,Northeast,Fort,Historical,"Family,Solo",20,0,1200,300,27.0844,93.6053,4.2,2500,10,4,Forest,ARU-20,44.4,False,Moderate,Half-day (2-4 hrs),0,0,0,0,0,0,0,0,0,0,0,0,0,0,0,0,0,0,0,0,0,0,0,0,0,0,0,0,0,0,0,0,0,0,0,0,0,0,0,0,0,0,0,0,0,0,0,0,0,0,0,0,0,0,0,0,0,1,0,0,0,0,0,0,0,0,0,0,0,0,0,0,0,0,0,0,0,0,0,0,0,0,0,0,0,0,0,0,0,0,0,0,0,0,0,0,0,0,0,0,0,0,0,0,0,0,0,0,0,0,0,0,0,0,0,0,0,0,0,0,0,0,0,0,0,0,0,0,0,0,0,0,0,0,0,0,0,0,0,0,0,0,0,0,0,0,0,0,0,0,0,0,0,0,0,1,0,0,0,0,0,0,1,0,0,0,2,100.0,2600.0,600.0,1520,5120,3320.0,0.27272727272727293,0.3002915451895043,0.0025561235830184486,"[10, 11, 12, 1, 2, 3, 4]",10|11|12|1|2|3|4
286,Ganga Lake (Gyakar Sinyi),Itanagar,Arunachal Pradesh,Northeast,Lake,"Nature,Relaxation","Family,Couples,Friends",50,200,1200,300,27.0615,93.658,4.4,5000,10,4,Mountain,ARU-20,52.0,False,Moderate,Full-day (4-8 hrs),0,0,0,0,0,0,0,0,0,0,0,0,0,0,0,0,0,0,0,0,0,0,0,0,0,0,0,0,0,0,0,0,0,0,0,0,0,0,0,0,0,0,0,0,0,0,0,0,0,0,0,0,0,0,0,0,0,0,0,0,0,0,0,0,0,0,0,0,0,0,0,0,0,0,0,0,0,0,0,0,0,0,0,0,1,0,0,0,0,0,0,0,0,0,0,0,0,0,0,1,0,0,0,0,0,0,0,0,0,0,0,0,0,0,0,0,0,0,0,0,0,0,0,0,0,0,0,0,0,0,0,0,0,0,0,0,0,0,0,0,0,0,0,0,0,0,0,0,0,0,0,0,0,0,1,1,1,0,0,0,0,0,0,0,0,0,2,500.0,2600.0,600.0,1750,5750,3750.0,0.4545454545454546,0.41107871720116607,0.005334518781951545,"[10, 11, 12, 1, 2, 3, 4]",10|11|12|1|2|3|4
287,Pasighat,Pasighat,Arunachal Pradesh,Northeast,Town,"Nature,Adventure","Friends,Family",0,500,1500,300,28.0667,95.3333,4.4,3500,10,4,Urban,ARU-21,53.7,False,Easy,Half-day (2-4 hrs),1,0,0,0,0,0,0,0,0,0,0,0,0,0,0,0,0,0,0,0,0,0,0,0,0,0,0,0,0,0,0,0,0,0,0,0,0,0,0,0,0,0,0,0,0,0,0,0,0,0,0,0,0,0,0,0,0,0,0,0,0,0,0,0,0,0,0,0,0,0,0,0,0,0,0,0,0,0,0,0,0,0,0,0,1,0,0,0,0,0,0,0,0,0,0,0,0,0,0,0,0,0,0,0,0,0,0,0,0,0,0,0,0,0,0,0,0,0,0,0,0,0,0,0,0,0,0,0,0,0,0,0,0,0,0,0,0,0,0,0,0,0,0,0,0,0,0,0,0,0,0,0,0,0,0,1,1,0,0,0,0,0,0,0,0,0,1,1250.0,3250.0,600.0,2300,7900,5100.0,0.4545454545454546,0.43586005830903785,0.003667481662591687,"[10, 11, 12, 1, 2, 3, 4]",10|11|12|1|2|3|4
288,Mechuka Valley,Mechuka,Arunachal Pradesh,Northeast,Valley,"Nature,Romantic,Adventure","Couples,Friends,Solo",0,500,2000,400,28.5975,94.1261,4.7,6000,11,4,Mountain,ARU-23,67.5,True,Moderate,Full-day (4-8 hrs),1,0,0,0,0,0,0,0,0,0,0,0,0,0,0,0,0,0,0,0,0,0,0,0,0,0,0,0,0,0,0,0,0,0,0,0,0,0,0,0,0,0,0,0,0,0,0,0,0,0,0,0,0,0,0,0,0,0,0,0,0,0,0,0,0,0,0,0,0,0,0,0,0,0,0,0,0,0,0,0,0,0,0,0,1,0,0,0,0,0,0,0,0,0,0,0,0,0,0,0,0,0,0,0,0,0,0,0,1,0,0,0,0,0,0,0,0,0,0,0,0,0,0,0,0,0,0,0,0,0,0,0,0,0,0,0,0,0,0,0,0,0,0,0,0,0,0,0,0,0,0,0,0,0,1,0,1,0,0,0,0,0,1,0,0,0,2,1250.0,4500.0,700.0,2900,10000,6450.0,0.7272727272727271,0.6370262390670552,0.0064458768615247835,"[11, 12, 1, 2, 3, 4]",11|12|1|2|3|4
289,Roing,Roing,Arunachal Pradesh,Northeast,Town,"Nature,Cultural","Family,Friends",0,300,1500,300,28.15,95.8333,4.3,2200,10,4,Mountain,ARU-22,50.4,False,Moderate,Half-day (2-4 hrs),0,0,0,0,0,0,0,0,0,0,0,0,0,0,0,0,0,0,0,0,0,0,0,0,0,0,0,0,0,0,0,1,0,0,0,0,0,0,0,0,0,0,0,0,0,0,0,0,0,0,0,0,0,0,0,0,0,0,0,0,0,0,0,0,0,0,0,0,0,0,0,0,0,0,0,0,0,0,0,0,0,0,0,0,1,0,0,0,0,0,0,0,0,0,0,0,0,0,0,0,0,0,0,0,0,0,0,0,0,0,0,0,0,0,0,0,0,0,0,0,0,0,0,0,0,0,0,0,0,0,0,0,0,0,0,0,0,0,0,0,0,0,0,0,0,0,0,0,0,0,0,0,0,0,0,1,1,0,0,0,0,0,0,0,0,0,2,900.0,3250.0,600.0,2100,7400,4750.0,0.3636363636363633,0.3877551020408162,0.002222716159146477,"[10, 11, 12, 1, 2, 3, 4]",10|11|12|1|2|3|4
290,Mayodia Pass,Roing,Arunachal Pradesh,Northeast,Mountain Pass,"Nature,Adventure","Friends,Solo",0,200,1500,300,28.2833,95.6833,4.5,4000,11,4,Urban,ARU-22,58.5,False,Strenuous,Half-day (2-4 hrs),1,0,0,0,0,0,0,0,0,0,0,0,0,0,0,0,0,0,0,0,0,0,0,0,0,0,0,0,0,0,0,0,0,0,0,0,0,0,0,0,0,0,0,0,0,0,0,0,0,0,0,0,0,0,0,0,0,0,0,0,0,0,0,0,0,0,0,0,0,0,0,0,0,0,0,0,0,0,0,0,0,0,0,0,1,0,0,0,0,0,0,0,0,0,0,0,0,0,0,0,0,0,0,0,0,0,0,0,0,0,0,0,0,0,0,0,0,0,0,0,0,0,0,0,0,0,0,0,0,0,0,0,0,0,0,0,0,0,0,0,0,0,0,0,0,0,0,0,0,0,0,0,0,0,0,0,1,0,0,0,0,0,1,0,0,0,3,600.0,3250.0,600.0,2000,6900,4450.0,0.5454545454545454,0.5058309037900873,0.004223160702378307,"[11, 12, 1, 2, 3, 4]",11|12|1|2|3|4
291,Tezu,Tezu,Arunachal Pradesh,Northeast,Town,"Nature,Cultural","Family,Friends",0,200,1500,300,27.9167,96.1667,4.2,1800,10,4,Urban,ARU-19,45.9,False,Easy,Half-day (2-4 hrs),0,0,0,0,0,0,0,0,0,0,0,0,0,0,0,0,0,0,0,0,0,0,0,0,0,0,0,0,0,0,0,1,0,0,0,0,0,0,0,0,0,0,0,0,0,0,0,0,0,0,0,0,0,0,0,0,0,0,0,0,0,0,0,0,0,0,0,0,0,0,0,0,0,0,0,0,0,0,0,0,0,0,0,0,1,0,0,0,0,0,0,0,0,0,0,0,0,0,0,0,0,0,0,0,0,0,0,0,0,0,0,0,0,0,0,0,0,0,0,0,0,0,0,0,0,0,0,0,0,0,0,0,0,0,0,0,0,0,0,0,0,0,0,0,0,0,0,0,0,0,0,0,0,0,0,1,1,0,0,0,0,0,0,0,0,0,1,600.0,3250.0,600.0,2000,6900,4450.0,0.27272727272727293,0.32215743440233224,0.0017781729273171818,"[10, 11, 12, 1, 2, 3, 4]",10|11|12|1|2|3|4
292,Parshuram Kund,Lohit,Arunachal Pradesh,Northeast,Pilgrimage Site,"Spiritual,Pilgrimage","Family,Solo",0,0,1200,300,27.822,96.32,4.6,8000,10,4,Urban,ARU-19,60.7,False,Moderate,Half-day (2-4 hrs),0,0,0,0,0,0,0,0,0,0,0,0,0,0,0,0,0,0,0,0,0,0,0,0,0,0,0,0,0,0,0,0,0,0,0,0,0,0,0,0,0,0,0,0,0,0,0,0,0,0,0,0,0,0,0,0,0,0,0,0,0,0,0,0,0,0,0,0,0,0,0,0,0,0,0,0,0,0,0,0,0,0,0,0,0,0,0,0,0,0,0,0,0,0,1,0,0,0,0,0,0,0,0,0,0,0,0,0,0,0,0,0,0,0,0,0,0,0,0,0,0,0,1,0,0,0,0,0,0,0,0,0,0,0,0,0,0,0,0,0,0,0,0,0,0,0,0,0,0,0,0,0,0,0,0,1,0,0,0,0,0,0,1,0,0,0,2,100.0,2600.0,600.0,1500,5100,3300.0,0.6363636363636362,0.5379008746355685,0.008668593020671262,"[10, 11, 12, 1, 2, 3, 4]",10|11|12|1|2|3|4
293,Daporijo,Daporijo,Arunachal Pradesh,Northeast,Town,"Nature,Relaxation","Family,Friends",0,200,1200,300,27.9868,94.2228,4.1,1500,10,4,Urban,ARU-24,41.3,False,Easy,Half-day (2-4 hrs),0,0,0,0,0,0,0,0,0,0,0,0,0,0,0,0,0,0,0,0,0,0,0,0,0,0,0,0,0,0,0,0,0,0,0,0,0,0,0,0,0,0,0,0,0,0,0,0,0,0,0,0,0,0,0,0,0,0,0,0,0,0,0,0,0,0,0,0,0,0,0,0,0,0,0,0,0,0,0,0,0,0,0,0,1,0,0,0,0,0,0,0,0,0,0,0,0,0,0,1,0,0,0,0,0,0,0,0,0,0,0,0,0,0,0,0,0,0,0,0,0,0,0,0,0,0,0,0,0,0,0,0,0,0,0,0,0,0,0,0,0,0,0,0,0,0,0,0,0,0,0,0,0,0,0,1,1,0,0,0,0,0,0,0,0,0,1,600.0,2600.0,600.0,1700,5900,3800.0,0.1818181818181812,0.2551020408163265,0.0014447655034452102,"[10, 11, 12, 1, 2, 3, 4]",10|11|12|1|2|3|4
294,Aalo,Aalo,Arunachal Pradesh,Northeast,Town,"Nature,Cultural","Family,Friends",0,200,1200,300,28.1667,94.7667,4.2,1700,10,4,Mountain,ARU-25,46.2,False,Moderate,Half-day (2-4 hrs),0,0,0,0,0,0,0,0,0,0,0,0,0,0,0,0,0,0,0,0,0,0,0,0,0,0,0,0,0,0,0,1,0,0,0,0,0,0,0,0,0,0,0,0,0,0,0,0,0,0,0,0,0,0,0,0,0,0,0,0,0,0,0,0,0,0,0,0,0,0,0,0,0,0,0,0,0,0,0,0,0,0,0,0,1,0,0,0,0,0,0,0,0,0,0,0,0,0,0,0,0,0,0,0,0,0,0,0,0,0,0,0,0,0,0,0,0,0,0,0,0,0,0,0,0,0,0,0,0,0,0,0,0,0,0,0,0,0,0,0,0,0,0,0,0,0,0,0,0,0,0,0,0,0,0,1,1,0,0,0,0,0,0,0,0,0,2,600.0,2600.0,600.0,1700,5900,3800.0,0.27272727272727293,0.326530612244898,0.001667037119359858,"[10, 11, 12, 1, 2, 3, 4]",10|11|12|1|2|3|4
295,Yingkiong,Yingkiong,Arunachal Pradesh,Northeast,Town,Nature,"Family,Friends",0,200,1200,300,28.6167,95.05,4.0,900,10,4,Mountain,ARU-26,38.3,False,Moderate,Half-day (2-4 hrs),0,0,0,0,0,0,0,0,0,0,0,0,0,0,0,0,0,0,0,0,0,0,0,0,0,0,0,0,0,0,0,0,0,0,0,0,0,0,0,0,0,0,0,0,0,0,0,0,0,0,0,0,0,0,0,0,0,0,0,0,0,0,0,0,0,0,0,0,0,0,0,0,0,0,0,0,0,0,0,0,0,0,0,0,1,0,0,0,0,0,0,0,0,0,0,0,0,0,0,0,0,0,0,0,0,0,0,0,0,0,0,0,0,0,0,0,0,0,0,0,0,0,0,0,0,0,0,0,0,0,0,0,0,0,0,0,0,0,0,0,0,0,0,0,0,0,0,0,0,0,0,0,0,0,0,1,1,0,0,0,0,0,0,0,0,0,2,600.0,2600.0,600.0,1700,5900,3800.0,0.09090909090909083,0.21137026239067047,0.000777950655701267,"[10, 11, 12, 1, 2, 3, 4]",10|11|12|1|2|3|4
296,Anini,Anini,Arunachal Pradesh,Northeast,Town,"Nature,Adventure","Friends,Solo",0,300,1500,300,28.8,95.9,4.3,1100,10,4,Mountain,ARU-27,53.7,False,Moderate,Half-day (2-4 hrs),1,0,0,0,0,0,0,0,0,0,0,0,0,0,0,0,0,0,0,0,0,0,0,0,0,0,0,0,0,0,0,0,0,0,0,0,0,0,0,0,0,0,0,0,0,0,0,0,0,0,0,0,0,0,0,0,0,0,0,0,0,0,0,0,0,0,0,0,0,0,0,0,0,0,0,0,0,0,0,0,0,0,0,0,1,0,0,0,0,0,0,0,0,0,0,0,0,0,0,0,0,0,0,0,0,0,0,0,0,0,0,0,0,0,0,0,0,0,0,0,0,0,0,0,0,0,0,0,0,0,0,0,0,0,0,0,0,0,0,0,0,0,0,0,0,0,0,0,0,0,0,0,0,0,0,0,1,0,0,0,0,0,1,0,0,0,2,900.0,3250.0,600.0,2100,7400,4750.0,0.3636363636363633,0.43586005830903785,0.0010002222716159147,"[10, 11, 12, 1, 2, 3, 4]",10|11|12|1|2|3|4
297,Khonsa,Khonsa,Arunachal Pradesh,Northeast,Town,"Nature,Cultural","Family,Friends",0,200,1200,300,27.0167,95.5667,4.1,1000,11,4,Urban,ARU-28,43.3,False,Easy,Half-day (2-4 hrs),0,0,0,0,0,0,0,0,0,0,0,0,0,0,0,0,0,0,0,0,0,0,0,0,0,0,0,0,0,0,0,1,0,0,0,0,0,0,0,0,0,0,0,0,0,0,0,0,0,0,0,0,0,0,0,0,0,0,0,0,0,0,0,0,0,0,0,0,0,0,0,0,0,0,0,0,0,0,0,0,0,0,0,0,1,0,0,0,0,0,0,0,0,0,0,0,0,0,0,0,0,0,0,0,0,0,0,0,0,0,0,0,0,0,0,0,0,0,0,0,0,0,0,0,0,0,0,0,0,0,0,0,0,0,0,0,0,0,0,0,0,0,0,0,0,0,0,0,0,0,0,0,0,0,0,1,1,0,0,0,0,0,0,0,0,0,1,600.0,2600.0,600.0,1700,5900,3800.0,0.1818181818181812,0.2842565597667638,0.0008890864636585909,"[11, 12, 1, 2, 3, 4]",11|12|1|2|3|4
298,Talley Valley Wildlife Sanctuary,Ziro,Arunachal Pradesh,Northeast,Wildlife Sanctuary,"Nature,Wildlife,Adventure","Friends,Solo,Family",100,1000,2000,400,27.5833,93.8333,4.5,3000,11,4,Urban,ARU-18,59.9,False,Moderate,Full-day (4-8 hrs),1,0,0,0,0,0,0,0,0,0,0,0,0,0,0,0,0,0,0,0,0,0,0,0,0,0,0,0,0,0,0,0,0,0,0,0,0,0,0,0,0,0,0,0,0,0,0,0,0,0,0,0,0,0,0,0,0,0,0,0,0,0,0,0,0,0,0,0,0,0,0,0,0,0,0,0,0,0,0,0,0,0,0,0,1,0,0,0,0,0,0,0,0,0,0,0,0,0,0,0,0,0,0,0,0,0,0,0,0,0,0,0,0,0,0,0,0,0,0,0,0,0,0,0,0,0,0,0,0,0,0,0,0,0,0,0,0,0,0,0,0,0,0,0,0,0,0,0,0,1,0,0,0,0,0,1,1,0,0,0,0,0,1,0,0,0,2,2000.0,4500.0,700.0,3500,11100,7300.0,0.5454545454545454,0.5262390670553935,0.003111802622805068,"[11, 12, 1, 2, 3, 4]",11|12|1|2|3|4
299,Pakke Tiger Reserve,Seijosa,Arunachal Pradesh,Northeast,Tiger Reserve,"Nature,Wildlife,Adventure","Friends,Family",200,1500,2000,400,26.9,92.7,4.6,3500,11,4,Mountain,ARU-17,64.6,True,Moderate,Full-day (4-8 hrs),1,0,0,0,0,0,0,0,0,0,0,0,0,0,0,0,0,0,0,0,0,0,0,0,0,0,0,0,0,0,0,0,0,0,0,0,0,0,0,0,0,0,0,0,0,0,0,0,0,0,0,0,0,0,0,0,0,0,0,0,0,0,0,0,0,0,0,0,0,0,0,0,0,0,0,0,0,0,0,0,0,0,0,0,1,0,0,0,0,0,0,0,0,0,0,0,0,0,0,0,0,0,0,0,0,0,0,0,0,0,0,0,0,0,0,0,0,0,0,0,0,0,0,0,0,0,0,0,0,0,0,0,0,0,0,0,0,0,0,0,0,0,0,0,0,0,0,0,0,1,0,0,0,0,0,1,1,0,0,0,0,0,0,0,0,0,2,2750.0,4500.0,700.0,4100,12200,8150.0,0.6363636363636362,0.5947521865889212,0.003667481662591687,"[11, 12, 1, 2, 3, 4]",11|12|1|2|3|4
300,Nuranang Falls,Tawang,Arunachal Pradesh,Northeast,Waterfall,"Nature,Adventure","Friends,Family",50,200,1500,300,27.4955,92.0219,4.7,10000,4,10,Mountain,ARU-17,65.0,True,Moderate,Half-day (2-4 hrs),1,0,0,0,0,0,0,0,0,0,0,0,0,0,0,0,0,0,0,0,0,0,0,0,0,0,0,0,0,0,0,0,0,0,0,0,0,0,0,0,0,0,0,0,0,0,0,0,0,0,0,0,0,0,0,0,0,0,0,0,0,0,0,0,0,0,0,0,0,0,0,0,0,0,0,0,0,0,0,0,0,0,0,0,1,0,0,0,0,0,0,0,0,0,0,0,0,0,0,0,0,0,0,0,0,0,0,0,0,0,0,0,0,0,0,0,0,0,0,0,0,0,0,0,0,0,0,0,0,0,0,0,0,0,0,0,0,0,0,0,0,0,0,0,0,0,0,0,0,0,0,0,0,0,0,1,1,0,0,0,0,0,0,0,0,0,2,600.0,3250.0,600.0,2050,6950,4500.0,0.7272727272727271,0.6005830903790087,0.010891309179817739,"[4, 5, 6, 7, 8, 9, 10]",4|5|6|7|8|9|10
301,Golden Pagoda (Kongmu Kham),Namsai,Arunachal Pradesh,Northeast,Temple,"Spiritual,Cultural","Family,Solo",20,0,1500,300,27.5671,95.9807,4.7,9000,10,4,Island,ARU-29,65.5,True,Easy,Short (1-2 hrs),0,0,0,0,0,0,0,0,0,0,0,0,0,0,0,0,0,0,0,0,0,0,0,0,0,0,0,0,0,0,0,1,0,0,0,0,0,0,0,0,0,0,0,0,0,0,0,0,0,0,0,0,0,0,0,0,0,0,0,0,0,0,0,0,0,0,0,0,0,0,0,0,0,0,0,0,0,0,0,0,0,0,0,0,0,0,0,0,0,0,0,0,0,0,0,0,0,0,0,0,0,0,0,0,0,0,0,0,0,0,0,0,0,0,0,0,0,0,0,0,0,0,1,0,0,0,0,0,0,0,0,0,0,0,0,0,0,0,0,0,0,0,0,0,0,0,0,0,0,0,0,0,0,0,0,1,0,0,0,0,0,0,1,0,0,0,1,100.0,3250.0,600.0,1820,6120,3970.0,0.7272727272727271,0.6078717201166179,0.0097799511002445,"[10, 11, 12, 1, 2, 3, 4]",10|11|12|1|2|3|4
302,Siang River,Pasighat,Arunachal Pradesh,Northeast,River,"Nature,Adventure","Friends,Family",0,500,1500,300,28.0669,95.3353,4.6,4200,10,4,Urban,ARU-21,63.7,True,Moderate,Half-day (2-4 hrs),1,0,0,0,0,0,0,0,0,0,0,0,0,0,0,0,0,0,0,0,0,0,0,0,0,0,0,0,0,0,0,0,0,0,0,0,0,0,0,0,0,0,0,0,0,0,0,0,0,0,0,0,0,0,0,0,0,0,0,0,0,0,0,0,0,0,0,0,0,0,0,0,0,0,0,0,0,0,0,0,0,0,0,0,1,0,0,0,0,0,0,0,0,0,0,0,0,0,0,0,0,0,0,0,0,0,0,0,0,0,0,0,0,0,0,0,0,0,0,0,0,0,0,0,0,0,0,0,0,0,0,0,0,0,0,0,0,0,0,0,0,0,0,0,0,0,0,0,0,0,0,0,0,0,0,1,1,0,0,0,0,0,0,0,0,0,2,1250.0,3250.0,600.0,2300,7900,5100.0,0.6363636363636362,0.5816326530612245,0.0044454323182929545,"[10, 11, 12, 1, 2, 3, 4]",10|11|12|1|2|3|4
303,Bhalukpong,Bhalukpong,Arunachal Pradesh,Northeast,Town,"Nature,Adventure","Friends,Family",0,500,1500,300,26.9906,92.6426,4.4,6500,10,4,Urban,ARU-17,50.7,False,Easy,Half-day (2-4 hrs),1,0,0,0,0,0,0,0,0,0,0,0,0,0,0,0,0,0,0,0,0,0,0,0,0,0,0,0,0,0,0,0,0,0,0,0,0,0,0,0,0,0,0,0,0,0,0,0,0,0,0,0,0,0,0,0,0,0,0,0,0,0,0,0,0,0,0,0,0,0,0,0,0,0,0,0,0,0,0,0,0,0,0,0,1,0,0,0,0,0,0,0,0,0,0,0,0,0,0,0,0,0,0,0,0,0,0,0,0,0,0,0,0,0,0,0,0,0,0,0,0,0,0,0,0,0,0,0,0,0,0,0,0,0,0,0,0,0,0,0,0,0,0,0,0,0,0,0,0,0,0,0,0,0,0,1,1,0,0,0,0,0,0,0,0,0,1,1250.0,3250.0,600.0,2300,7900,5100.0,0.4545454545454546,0.39212827988338195,0.007001555901311403,"[10, 11, 12, 1, 2, 3, 4]",10|11|12|1|2|3|4
304,Loktak Lake,Bishnupur,Manipur,Northeast,Lake,"Nature,Romantic,Adventure","Couples,Friends,Family",0,300,1500,300,24.55,93.8,4.7,15000,10,4,Urban,MAN-182,63.1,True,Easy,Full-day (4-8 hrs),1,0,0,0,0,0,0,0,0,0,0,0,0,0,0,0,0,0,0,0,0,0,0,0,0,0,0,0,0,0,0,0,0,0,0,0,0,0,0,0,0,0,0,0,0,0,0,0,0,0,0,0,0,0,0,0,0,0,0,0,0,0,0,0,0,0,0,0,0,0,0,0,0,0,0,0,0,0,0,0,0,0,0,0,1,0,0,0,0,0,0,0,0,0,0,0,0,0,0,0,0,0,0,0,0,0,0,0,1,0,0,0,0,0,0,0,0,0,0,0,0,0,0,0,0,0,0,0,0,0,0,0,0,0,0,0,0,0,0,0,0,0,0,0,0,0,0,0,0,0,0,0,0,0,1,1,1,0,0,0,0,0,0,0,0,0,1,900.0,3750.0,600.0,2100,8400,5250.0,0.7272727272727271,0.5728862973760932,0.01644809957768393,"[10, 11, 12, 1, 2, 3, 4]",10|11|12|1|2|3|4
305,Keibul Lamjao National Park,Bishnupur,Manipur,Northeast,National Park,"Nature,Wildlife,Adventure","Friends,Family,Solo",100,800,1500,300,24.5,93.8,4.6,7000,10,4,Urban,MAN-182,61.3,False,Moderate,Full-day (4-8 hrs),1,0,0,0,0,0,0,0,0,0,0,0,0,0,0,0,0,0,0,0,0,0,0,0,0,0,0,0,0,0,0,0,0,0,0,0,0,0,0,0,0,0,0,0,0,0,0,0,0,0,0,0,0,0,0,0,0,0,0,0,0,0,0,0,0,0,0,0,0,0,0,0,0,0,0,0,0,0,0,0,0,0,0,0,1,0,0,0,0,0,0,0,0,0,0,0,0,0,0,0,0,0,0,0,0,0,0,0,0,0,0,0,0,0,0,0,0,0,0,0,0,0,0,0,0,0,0,0,0,0,0,0,0,0,0,0,0,0,0,0,0,0,0,0,0,0,0,0,0,1,0,0,0,0,0,1,1,0,0,0,0,0,1,0,0,0,2,1650.0,3750.0,600.0,2700,9500,6100.0,0.6363636363636362,0.5466472303206996,0.007557234941098022,"[10, 11, 12, 1, 2, 3, 4]",10|11|12|1|2|3|4
306,Kangla Fort,Imphal,Manipur,Northeast,Fort,"Historical,Cultural","Family,Solo,Friends",20,0,1200,300,24.807,93.9368,4.5,9000,10,4,Urban,MAN-182,54.6,False,Moderate,Half-day (2-4 hrs),0,0,0,0,0,0,0,0,0,0,0,0,0,0,0,0,0,0,0,0,0,0,0,0,0,0,0,0,0,0,0,1,0,0,0,0,0,0,0,0,0,0,0,0,0,0,0,0,0,0,0,0,0,0,0,0,0,1,0,0,0,0,0,0,0,0,0,0,0,0,0,0,0,0,0,0,0,0,0,0,0,0,0,0,0,0,0,0,0,0,0,0,0,0,0,0,0,0,0,0,0,0,0,0,0,0,0,0,0,0,0,0,0,0,0,0,0,0,0,0,0,0,0,0,0,0,0,0,0,0,0,0,0,0,0,0,0,0,0,0,0,0,0,0,0,0,0,0,0,0,0,0,0,0,0,1,1,0,0,0,0,0,1,0,0,0,2,100.0,3100.0,600.0,1520,6120,3820.0,0.5454545454545454,0.44897959183673464,0.0097799511002445,"[10, 11, 12, 1, 2, 3, 4]",10|11|12|1|2|3|4
307,Shree Govindajee Temple,Imphal,Manipur,Northeast,Temple,"Spiritual,Pilgrimage","Family,Solo",0,0,1200,300,24.8075,93.94,4.6,8000,10,4,Urban,MAN-182,60.7,False,Easy,Short (1-2 hrs),0,0,0,0,0,0,0,0,0,0,0,0,0,0,0,0,0,0,0,0,0,0,0,0,0,0,0,0,0,0,0,0,0,0,0,0,0,0,0,0,0,0,0,0,0,0,0,0,0,0,0,0,0,0,0,0,0,0,0,0,0,0,0,0,0,0,0,0,0,0,0,0,0,0,0,0,0,0,0,0,0,0,0,0,0,0,0,0,0,0,0,0,0,0,1,0,0,0,0,0,0,0,0,0,0,0,0,0,0,0,0,0,0,0,0,0,0,0,0,0,0,0,1,0,0,0,0,0,0,0,0,0,0,0,0,0,0,0,0,0,0,0,0,0,0,0,0,0,0,0,0,0,0,0,0,1,0,0,0,0,0,0,1,0,0,0,1,100.0,3100.0,600.0,1500,6100,3800.0,0.6363636363636362,0.5379008746355685,0.008668593020671262,"[10, 11, 12, 1, 2, 3, 4]",10|11|12|1|2|3|4
308,Ima Keithel (Mothers Market),Imphal,Manipur,Northeast,Market,"Cultural,Shopping","Friends,Family,Solo",0,200,1200,300,24.808,93.944,4.5,12000,10,4,Mountain,MAN-182,53.3,False,Moderate,Short (1-2 hrs),0,0,0,0,0,0,0,0,0,0,0,0,0,0,0,0,0,0,0,0,0,0,0,0,0,0,0,0,0,0,0,1,0,0,0,0,0,0,0,0,0,0,0,0,0,0,0,0,0,0,0,0,0,0,0,0,0,0,0,0,0,0,0,0,0,0,0,0,0,0,0,0,0,0,0,0,0,0,0,0,0,0,0,0,0,0,0,0,0,0,0,0,0,0,0,0,0,0,0,0,0,0,0,0,0,0,0,0,0,0,0,0,0,0,0,0,0,1,0,0,0,0,0,0,0,0,0,0,0,0,0,0,0,0,0,0,0,0,0,0,0,0,0,0,0,0,0,0,0,0,0,0,0,0,0,1,1,0,0,0,0,0,1,0,0,0,2,600.0,3100.0,600.0,1700,6900,4300.0,0.5454545454545454,0.4300291545189503,0.013114025338964216,"[10, 11, 12, 1, 2, 3, 4]",10|11|12|1|2|3|4
309,Andro Village,Imphal East,Manipur,Northeast,Village,"Cultural,Heritage","Friends,Family,Solo",50,200,1200,300,24.871,94.055,4.4,3500,10,4,Valley,MAN-182,53.7,False,Easy,Half-day (2-4 hrs),0,0,0,0,0,0,0,0,0,0,0,0,0,0,0,0,0,0,0,0,0,0,0,0,0,0,0,0,0,0,0,1,0,0,0,0,0,0,0,0,0,0,0,0,0,0,0,0,0,0,0,0,0,1,0,0,0,0,0,0,0,0,0,0,0,0,0,0,0,0,0,0,0,0,0,0,0,0,0,0,0,0,0,0,0,0,0,0,0,0,0,0,0,0,0,0,0,0,0,0,0,0,0,0,0,0,0,0,0,0,0,0,0,0,0,0,0,0,0,0,0,0,0,0,0,0,0,0,0,0,0,0,0,0,0,0,0,0,0,0,0,0,0,0,0,0,0,0,0,0,0,0,0,0,0,1,1,0,0,0,0,0,1,0,0,0,1,500.0,3100.0,600.0,1750,6750,4250.0,0.4545454545454546,0.43586005830903785,0.003667481662591687,"[10, 11, 12, 1, 2, 3, 4]",10|11|12|1|2|3|4
310,Dzukou Valley,Senapati,Manipur,Northeast,Valley,"Nature,Adventure,Romantic","Friends,Solo,Couples",100,800,1500,300,25.233,94.02,4.8,18000,6,9,Mountain,MAN-182,67.7,True,Moderate,Full-day (4-8 hrs),1,0,0,0,0,0,0,0,0,0,0,0,0,0,0,0,0,0,0,0,0,0,0,0,0,0,0,0,0,0,0,0,0,0,0,0,0,0,0,0,0,0,0,0,0,0,0,0,0,0,0,0,0,0,0,0,0,0,0,0,0,0,0,0,0,0,0,0,0,0,0,0,0,0,0,0,0,0,0,0,0,0,0,0,1,0,0,0,0,0,0,0,0,0,0,0,0,0,0,0,0,0,0,0,0,0,0,0,1,0,0,0,0,0,0,0,0,0,0,0,0,0,0,0,0,0,0,0,0,0,0,0,0,0,0,0,0,0,0,0,0,0,0,0,0,0,0,0,0,0,0,0,0,0,1,0,1,0,0,0,0,0,1,0,0,0,2,1900.0,3750.0,600.0,2700,10000,6350.0,0.8181818181818179,0.6399416909620991,0.019782173816403646,"[6, 7, 8, 9]",6|7|8|9
311,Ukhrul,Ukhrul,Manipur,Northeast,Hill Town,"Nature,Romantic","Friends,Couples,Family",0,300,1500,300,25.11,94.36,4.5,6000,10,4,Forest,MAN-182,56.6,False,Moderate,Half-day (2-4 hrs),0,0,0,0,0,0,0,0,0,0,0,0,0,0,0,0,0,0,0,0,0,0,0,0,0,0,0,0,0,0,0,0,0,0,0,0,0,0,0,0,0,0,0,0,0,0,0,0,0,0,0,0,0,0,0,0,0,0,0,0,0,0,0,0,0,0,0,0,0,0,0,0,0,0,0,0,0,0,0,0,0,0,0,0,1,0,0,0,0,0,0,0,0,0,0,0,0,0,0,0,0,0,0,0,0,0,0,0,1,0,0,0,0,0,0,0,0,0,0,0,0,0,0,0,0,0,0,0,0,0,0,0,0,0,0,0,0,0,0,0,0,0,0,0,0,0,0,0,0,0,0,0,0,0,1,1,1,0,0,0,0,0,0,0,0,0,2,900.0,3750.0,600.0,2100,8400,5250.0,0.5454545454545454,0.47813411078717194,0.0064458768615247835,"[10, 11, 12, 1, 2, 3, 4]",10|11|12|1|2|3|4
312,Shirui Hills,Ukhrul,Manipur,Northeast,Hill,"Nature,Adventure","Friends,Solo",0,500,1500,300,25.135,94.45,4.6,4000,4,7,Mountain,MAN-182,64.0,True,Moderate,Half-day (2-4 hrs),1,0,0,0,0,0,0,0,0,0,0,0,0,0,0,0,0,0,0,0,0,0,0,0,0,0,0,0,0,0,0,0,0,0,0,0,0,0,0,0,0,0,0,0,0,0,0,0,0,0,0,0,0,0,0,0,0,0,0,0,0,0,0,0,0,0,0,0,0,0,0,0,0,0,0,0,0,0,0,0,0,0,0,0,1,0,0,0,0,0,0,0,0,0,0,0,0,0,0,0,0,0,0,0,0,0,0,0,0,0,0,0,0,0,0,0,0,0,0,0,0,0,0,0,0,0,0,0,0,0,0,0,0,0,0,0,0,0,0,0,0,0,0,0,0,0,0,0,0,0,0,0,0,0,0,0,1,0,0,0,0,0,1,0,0,0,2,1250.0,3750.0,600.0,2300,8900,5600.0,0.6363636363636362,0.58600583090379,0.004223160702378307,"[4, 5, 6, 7]",4|5|6|7
313,Khongjom War Memorial,Thoubal,Manipur,Northeast,Memorial,Historical,"Family,Solo",20,0,1200,300,24.53,94.02,4.3,2500,10,4,Mountain,MAN-182,49.8,False,Moderate,Short (1-2 hrs),0,0,0,0,0,0,0,0,0,0,0,0,0,0,0,0,0,0,0,0,0,0,0,0,0,0,0,0,0,0,0,0,0,0,0,0,0,0,0,0,0,0,0,0,0,0,0,0,0,0,0,0,0,0,0,0,0,1,0,0,0,0,0,0,0,0,0,0,0,0,0,0,0,0,0,0,0,0,0,0,0,0,0,0,0,0,0,0,0,0,0,0,0,0,0,0,0,0,0,0,0,0,0,0,0,0,0,0,0,0,0,0,0,0,0,0,0,0,0,0,0,0,0,0,0,0,0,0,0,0,0,0,0,0,0,0,0,0,0,0,0,0,0,0,0,0,0,0,0,0,0,0,0,0,0,1,0,0,0,0,0,0,1,0,0,0,2,100.0,3100.0,600.0,1520,6120,3820.0,0.3636363636363633,0.37900874635568504,0.0025561235830184486,"[10, 11, 12, 1, 2, 3, 4]",10|11|12|1|2|3|4
314,Tharon Cave,Tamenglong,Manipur,Northeast,Cave,"Adventure,Nature","Friends,Solo",50,500,1500,300,25.12,93.5,4.2,1500,10,4,Mountain,MAN-182,46.8,False,Moderate,Half-day (2-4 hrs),1,0,0,0,0,0,0,0,0,0,0,0,0,0,0,0,0,0,0,0,0,0,0,0,0,0,0,0,0,0,0,0,0,0,0,0,0,0,0,0,0,0,0,0,0,0,0,0,0,0,0,0,0,0,0,0,0,0,0,0,0,0,0,0,0,0,0,0,0,0,0,0,0,0,0,0,0,0,0,0,0,0,0,0,1,0,0,0,0,0,0,0,0,0,0,0,0,0,0,0,0,0,0,0,0,0,0,0,0,0,0,0,0,0,0,0,0,0,0,0,0,0,0,0,0,0,0,0,0,0,0,0,0,0,0,0,0,0,0,0,0,0,0,0,0,0,0,0,0,0,0,0,0,0,0,0,1,0,0,0,0,0,1,0,0,0,2,1250.0,3750.0,600.0,2350,8950,5650.0,0.27272727272727293,0.33527696793002904,0.0014447655034452102,"[10, 11, 12, 1, 2, 3, 4]",10|11|12|1|2|3|4
315,Barak Waterfalls,Tamenglong,Manipur,Northeast,Waterfall,"Nature,Adventure","Friends,Family",0,200,1500,300,25.15,93.45,4.4,2200,10,4,Mountain,MAN-182,55.9,False,Moderate,Half-day (2-4 hrs),1,0,0,0,0,0,0,0,0,0,0,0,0,0,0,0,0,0,0,0,0,0,0,0,0,0,0,0,0,0,0,0,0,0,0,0,0,0,0,0,0,0,0,0,0,0,0,0,0,0,0,0,0,0,0,0,0,0,0,0,0,0,0,0,0,0,0,0,0,0,0,0,0,0,0,0,0,0,0,0,0,0,0,0,1,0,0,0,0,0,0,0,0,0,0,0,0,0,0,0,0,0,0,0,0,0,0,0,0,0,0,0,0,0,0,0,0,0,0,0,0,0,0,0,0,0,0,0,0,0,0,0,0,0,0,0,0,0,0,0,0,0,0,0,0,0,0,0,0,0,0,0,0,0,0,1,1,0,0,0,0,0,0,0,0,0,2,600.0,3750.0,600.0,2000,7900,4950.0,0.4545454545454546,0.46793002915451887,0.002222716159146477,"[10, 11, 12, 1, 2, 3, 4]",10|11|12|1|2|3|4
316,Nongda Lairen Pakhangba Temple,Imphal,Manipur,Northeast,Temple,Spiritual,"Family,Solo",0,0,1200,300,24.8,93.94,4.3,1200,10,4,Mountain,MAN-182,53.3,False,Moderate,Short (1-2 hrs),0,0,0,0,0,0,0,0,0,0,0,0,0,0,0,0,0,0,0,0,0,0,0,0,0,0,0,0,0,0,0,0,0,0,0,0,0,0,0,0,0,0,0,0,0,0,0,0,0,0,0,0,0,0,0,0,0,0,0,0,0,0,0,0,0,0,0,0,0,0,0,0,0,0,0,0,0,0,0,0,0,0,0,0,0,0,0,0,0,0,0,0,0,0,0,0,0,0,0,0,0,0,0,0,0,0,0,0,0,0,0,0,0,0,0,0,0,0,0,0,0,0,1,0,0,0,0,0,0,0,0,0,0,0,0,0,0,0,0,0,0,0,0,0,0,0,0,0,0,0,0,0,0,0,0,1,0,0,0,0,0,0,1,0,0,0,2,100.0,3100.0,600.0,1500,6100,3800.0,0.3636363636363633,0.4300291545189503,0.0011113580795732386,"[10, 11, 12, 1, 2, 3, 4]",10|11|12|1|2|3|4
317,Sekta Archaeological Living Museum,Imphal East,Manipur,Northeast,Museum,"Historical,","Family,Solo",20,0,1200,300,24.9,94.05,4.2,900,10,4,Mountain,MAN-182,49.2,False,Moderate,Half-day (2-4 hrs),0,0,0,0,0,0,0,0,0,0,0,0,0,0,0,0,0,0,0,0,0,0,0,0,0,0,0,0,0,0,0,0,0,0,0,0,0,0,0,0,0,0,0,0,0,0,0,0,0,0,0,0,0,0,0,0,0,1,0,0,0,0,0,0,0,0,0,0,0,0,0,0,0,0,0,0,0,0,0,0,0,0,0,0,0,0,0,0,0,0,0,0,0,0,0,0,0,0,0,0,0,0,0,0,0,0,0,0,0,0,0,0,0,0,0,0,0,0,0,0,0,0,0,0,0,0,0,0,0,0,0,0,0,0,0,0,0,0,0,0,0,0,0,0,0,0,0,0,0,0,0,0,0,0,0,1,0,0,0,0,0,0,1,0,0,0,2,100.0,3100.0,600.0,1520,6120,3820.0,0.27272727272727293,0.3702623906705539,0.000777950655701267,"[10, 11, 12, 1, 2, 3, 4]",10|11|12|1|2|3|4
318,Manipur State Museum,Imphal,Manipur,Northeast,Museum,"Historical,Cultural","Family,Solo",10,0,1200,300,24.8078,93.9445,4.4,2000,10,4,Mountain,MAN-182,56.3,False,Moderate,Half-day (2-4 hrs),0,0,0,0,0,0,0,0,0,0,0,0,0,0,0,0,0,0,0,0,0,0,0,0,0,0,0,0,0,0,0,1,0,0,0,0,0,0,0,0,0,0,0,0,0,0,0,0,0,0,0,0,0,0,0,0,0,1,0,0,0,0,0,0,0,0,0,0,0,0,0,0,0,0,0,0,0,0,0,0,0,0,0,0,0,0,0,0,0,0,0,0,0,0,0,0,0,0,0,0,0,0,0,0,0,0,0,0,0,0,0,0,0,0,0,0,0,0,0,0,0,0,0,0,0,0,0,0,0,0,0,0,0,0,0,0,0,0,0,0,0,0,0,0,0,0,0,0,0,0,0,0,0,0,0,1,0,0,0,0,0,0,1,0,0,0,2,100.0,3100.0,600.0,1510,6110,3810.0,0.4545454545454546,0.4737609329446063,0.0020004445432318294,"[10, 11, 12, 1, 2, 3, 4]",10|11|12|1|2|3|4
319,Langthabal (Canchipur),Imphal West,Manipur,Northeast,Historic Site,"Historical,Cultural","Family,Solo",0,0,1200,300,24.76,93.88,4.1,800,10,4,Mountain,MAN-182,44.3,False,Moderate,Half-day (2-4 hrs),0,0,0,0,0,0,0,0,0,0,0,0,0,0,0,0,0,0,0,0,0,0,0,0,0,0,0,0,0,0,0,1,0,0,0,0,0,0,0,0,0,0,0,0,0,0,0,0,0,0,0,0,0,0,0,0,0,1,0,0,0,0,0,0,0,0,0,0,0,0,0,0,0,0,0,0,0,0,0,0,0,0,0,0,0,0,0,0,0,0,0,0,0,0,0,0,0,0,0,0,0,0,0,0,0,0,0,0,0,0,0,0,0,0,0,0,0,0,0,0,0,0,0,0,0,0,0,0,0,0,0,0,0,0,0,0,0,0,0,0,0,0,0,0,0,0,0,0,0,0,0,0,0,0,0,1,0,0,0,0,0,0,1,0,0,0,2,100.0,3100.0,600.0,1500,6100,3800.0,0.1818181818181812,0.2988338192419824,0.0006668148477439431,"[10, 11, 12, 1, 2, 3, 4]",10|11|12|1|2|3|4
320,Red Hill (Maibam Lokpa Ching),Bishnupur,Manipur,Northeast,Historic Site,Historical,"Family,Solo",20,0,1200,300,24.73,93.82,4.2,1000,10,4,Mountain,MAN-182,48.7,False,Moderate,Half-day (2-4 hrs),0,0,0,0,0,0,0,0,0,0,0,0,0,0,0,0,0,0,0,0,0,0,0,0,0,0,0,0,0,0,0,0,0,0,0,0,0,0,0,0,0,0,0,0,0,0,0,0,0,0,0,0,0,0,0,0,0,1,0,0,0,0,0,0,0,0,0,0,0,0,0,0,0,0,0,0,0,0,0,0,0,0,0,0,0,0,0,0,0,0,0,0,0,0,0,0,0,0,0,0,0,0,0,0,0,0,0,0,0,0,0,0,0,0,0,0,0,0,0,0,0,0,0,0,0,0,0,0,0,0,0,0,0,0,0,0,0,0,0,0,0,0,0,0,0,0,0,0,0,0,0,0,0,0,0,1,0,0,0,0,0,0,1,0,0,0,2,100.0,3100.0,600.0,1520,6120,3820.0,0.27272727272727293,0.36297376093294464,0.0008890864636585909,"[10, 11, 12, 1, 2, 3, 4]",10|11|12|1|2|3|4
321,Singda Dam,Imphal West,Manipur,Northeast,Dam,"Nature,Relaxation","Family,Friends",0,200,1200,300,24.77,93.78,4.3,1800,10,4,Mountain,MAN-182,51.4,False,Moderate,Half-day (2-4 hrs),0,0,0,0,0,0,0,0,0,0,0,0,0,0,0,0,0,0,0,0,0,0,0,0,0,0,0,0,0,0,0,0,0,0,0,0,0,0,0,0,0,0,0,0,0,0,0,0,0,0,0,0,0,0,0,0,0,0,0,0,0,0,0,0,0,0,0,0,0,0,0,0,0,0,0,0,0,0,0,0,0,0,0,0,1,0,0,0,0,0,0,0,0,0,0,0,0,0,0,1,0,0,0,0,0,0,0,0,0,0,0,0,0,0,0,0,0,0,0,0,0,0,0,0,0,0,0,0,0,0,0,0,0,0,0,0,0,0,0,0,0,0,0,0,0,0,0,0,0,0,0,0,0,0,0,1,1,0,0,0,0,0,0,0,0,0,2,500.0,3100.0,600.0,1700,6700,4200.0,0.3636363636363633,0.4023323615160349,0.0017781729273171818,"[10, 11, 12, 1, 2, 3, 4]",10|11|12|1|2|3|4
322,Khoupum Valley,Tamenglong,Manipur,Northeast,Valley,"Nature,Romantic","Couples,Friends",0,200,1500,300,24.95,93.65,4.4,1200,10,4,Mountain,MAN-182,58.8,False,Moderate,Full-day (4-8 hrs),0,0,0,0,0,0,0,0,0,0,0,0,0,0,0,0,0,0,0,0,0,0,0,0,0,0,0,0,0,0,0,0,0,0,0,0,0,0,0,0,0,0,0,0,0,0,0,0,0,0,0,0,0,0,0,0,0,0,0,0,0,0,0,0,0,0,0,0,0,0,0,0,0,0,0,0,0,0,0,0,0,0,0,0,1,0,0,0,0,0,0,0,0,0,0,0,0,0,0,0,0,0,0,0,0,0,0,0,1,0,0,0,0,0,0,0,0,0,0,0,0,0,0,0,0,0,0,0,0,0,0,0,0,0,0,0,0,0,0,0,0,0,0,0,0,0,0,0,0,0,0,0,0,0,1,0,1,0,0,0,0,0,0,0,0,0,2,600.0,3750.0,600.0,2000,7900,4950.0,0.4545454545454546,0.510204081632653,0.0011113580795732386,"[10, 11, 12, 1, 2, 3, 4]",10|11|12|1|2|3|4
323,Leimaram Waterfall,Bishnupur,Manipur,Northeast,Waterfall,"Nature,Adventure","Friends,Family",20,200,1500,300,24.65,93.78,4.4,2600,10,4,Mountain,MAN-182,55.1,False,Moderate,Half-day (2-4 hrs),1,0,0,0,0,0,0,0,0,0,0,0,0,0,0,0,0,0,0,0,0,0,0,0,0,0,0,0,0,0,0,0,0,0,0,0,0,0,0,0,0,0,0,0,0,0,0,0,0,0,0,0,0,0,0,0,0,0,0,0,0,0,0,0,0,0,0,0,0,0,0,0,0,0,0,0,0,0,0,0,0,0,0,0,1,0,0,0,0,0,0,0,0,0,0,0,0,0,0,0,0,0,0,0,0,0,0,0,0,0,0,0,0,0,0,0,0,0,0,0,0,0,0,0,0,0,0,0,0,0,0,0,0,0,0,0,0,0,0,0,0,0,0,0,0,0,0,0,0,0,0,0,0,0,0,1,1,0,0,0,0,0,0,0,0,0,2,600.0,3750.0,600.0,2020,7920,4970.0,0.4545454545454546,0.456268221574344,0.0026672593909757725,"[10, 11, 12, 1, 2, 3, 4]",10|11|12|1|2|3|4
324,Sendra Island,Bishnupur,Manipur,Northeast,Island,"Nature,Romantic","Couples,Friends,Family",50,200,1500,300,24.56,93.82,4.5,3000,10,4,Mountain,MAN-182,59.9,False,Moderate,Full-day (4-8 hrs),0,0,0,0,0,0,0,0,0,0,0,0,0,0,0,0,0,0,0,0,0,0,0,0,0,0,0,0,0,0,0,0,0,0,0,0,0,0,0,0,0,0,0,0,0,0,0,0,0,0,0,0,0,0,0,0,0,0,0,0,0,0,0,0,0,0,0,0,0,0,0,0,0,0,0,0,0,0,0,0,0,0,0,0,1,0,0,0,0,0,0,0,0,0,0,0,0,0,0,0,0,0,0,0,0,0,0,0,1,0,0,0,0,0,0,0,0,0,0,0,0,0,0,0,0,0,0,0,0,0,0,0,0,0,0,0,0,0,0,0,0,0,0,0,0,0,0,0,0,0,0,0,0,0,1,1,1,0,0,0,0,0,0,0,0,0,2,600.0,3750.0,600.0,2050,7950,5000.0,0.5454545454545454,0.5262390670553935,0.003111802622805068,"[10, 11, 12, 1, 2, 3, 4]",10|11|12|1|2|3|4
325,Ina Memorial Moirang,Bishnupur,Manipur,Northeast,Memorial,Historical,"Family,Solo",20,0,1200,300,24.5,93.78,4.4,3500,10,4,Mountain,MAN-182,53.7,False,Moderate,Short (1-2 hrs),0,0,0,0,0,0,0,0,0,0,0,0,0,0,0,0,0,0,0,0,0,0,0,0,0,0,0,0,0,0,0,0,0,0,0,0,0,0,0,0,0,0,0,0,0,0,0,0,0,0,0,0,0,0,0,0,0,1,0,0,0,0,0,0,0,0,0,0,0,0,0,0,0,0,0,0,0,0,0,0,0,0,0,0,0,0,0,0,0,0,0,0,0,0,0,0,0,0,0,0,0,0,0,0,0,0,0,0,0,0,0,0,0,0,0,0,0,0,0,0,0,0,0,0,0,0,0,0,0,0,0,0,0,0,0,0,0,0,0,0,0,0,0,0,0,0,0,0,0,0,0,0,0,0,0,1,0,0,0,0,0,0,1,0,0,0,2,100.0,3100.0,600.0,1520,6120,3820.0,0.4545454545454546,0.43586005830903785,0.003667481662591687,"[10, 11, 12, 1, 2, 3, 4]",10|11|12|1|2|3|4
326,Moirang,Bishnupur,Manipur,Northeast,Town,"Cultural,Historical","Family,Friends",0,200,1200,300,24.5,93.78,4.3,2500,10,4,Mountain,MAN-182,49.8,False,Moderate,Half-day (2-4 hrs),0,0,0,0,0,0,0,0,0,0,0,0,0,0,0,0,0,0,0,0,0,0,0,0,0,0,0,0,0,0,0,1,0,0,0,0,0,0,0,0,0,0,0,0,0,0,0,0,0,0,0,0,0,0,0,0,0,1,0,0,0,0,0,0,0,0,0,0,0,0,0,0,0,0,0,0,0,0,0,0,0,0,0,0,0,0,0,0,0,0,0,0,0,0,0,0,0,0,0,0,0,0,0,0,0,0,0,0,0,0,0,0,0,0,0,0,0,0,0,0,0,0,0,0,0,0,0,0,0,0,0,0,0,0,0,0,0,0,0,0,0,0,0,0,0,0,0,0,0,0,0,0,0,0,0,1,1,0,0,0,0,0,0,0,0,0,2,600.0,3100.0,600.0,1700,6900,4300.0,0.3636363636363633,0.37900874635568504,0.0025561235830184486,"[10, 11, 12, 1, 2, 3, 4]",10|11|12|1|2|3|4
327,Churachandpur,Churachandpur,Manipur,Northeast,Town,"Cultural,Nature","Family,Friends",0,200,1200,300,24.333,93.683,4.1,900,10,4,Mountain,MAN-182,43.8,False,Moderate,Half-day (2-4 hrs),0,0,0,0,0,0,0,0,0,0,0,0,0,0,0,0,0,0,0,0,0,0,0,0,0,0,0,0,0,0,0,1,0,0,0,0,0,0,0,0,0,0,0,0,0,0,0,0,0,0,0,0,0,0,0,0,0,0,0,0,0,0,0,0,0,0,0,0,0,0,0,0,0,0,0,0,0,0,0,0,0,0,0,0,1,0,0,0,0,0,0,0,0,0,0,0,0,0,0,0,0,0,0,0,0,0,0,0,0,0,0,0,0,0,0,0,0,0,0,0,0,0,0,0,0,0,0,0,0,0,0,0,0,0,0,0,0,0,0,0,0,0,0,0,0,0,0,0,0,0,0,0,0,0,0,1,1,0,0,0,0,0,0,0,0,0,2,600.0,3100.0,600.0,1700,6900,4300.0,0.1818181818181812,0.29154518950437314,0.000777950655701267,"[10, 11, 12, 1, 2, 3, 4]",10|11|12|1|2|3|4
328,Tamenglong,Tamenglong,Manipur,Northeast,Hill Town,"Nature,Adventure","Friends,Family",0,300,1500,300,24.98,93.5,4.2,1000,10,4,Mountain,MAN-182,48.7,False,Moderate,Half-day (2-4 hrs),1,0,0,0,0,0,0,0,0,0,0,0,0,0,0,0,0,0,0,0,0,0,0,0,0,0,0,0,0,0,0,0,0,0,0,0,0,0,0,0,0,0,0,0,0,0,0,0,0,0,0,0,0,0,0,0,0,0,0,0,0,0,0,0,0,0,0,0,0,0,0,0,0,0,0,0,0,0,0,0,0,0,0,0,1,0,0,0,0,0,0,0,0,0,0,0,0,0,0,0,0,0,0,0,0,0,0,0,0,0,0,0,0,0,0,0,0,0,0,0,0,0,0,0,0,0,0,0,0,0,0,0,0,0,0,0,0,0,0,0,0,0,0,0,0,0,0,0,0,0,0,0,0,0,0,1,1,0,0,0,0,0,0,0,0,0,2,900.0,3750.0,600.0,2100,8400,5250.0,0.27272727272727293,0.36297376093294464,0.0008890864636585909,"[10, 11, 12, 1, 2, 3, 4]",10|11|12|1|2|3|4
329,Living Root Bridge Nongriat,Cherrapunji,Meghalaya,Northeast,Bridge,"Adventure,Nature,Trekking","Friends,Solo",20,500,1200,300,25.2706,91.7286,4.7,12000,10,4,Mountain,MEG-183,64.2,True,Moderate,Short (1-2 hrs),1,0,0,0,0,0,0,0,0,0,0,0,0,0,0,0,0,0,0,0,0,0,0,0,0,0,0,0,0,0,0,0,0,0,0,0,0,0,0,0,0,0,0,0,0,0,0,0,0,0,0,0,0,0,0,0,0,0,0,0,0,0,0,0,0,0,0,0,0,0,0,0,0,0,0,0,0,0,0,0,0,0,0,0,1,0,0,0,0,0,0,0,0,0,0,0,0,0,0,0,0,0,0,0,0,0,0,0,0,0,0,0,0,0,0,0,0,0,0,0,0,0,0,0,0,0,0,0,0,0,0,0,0,0,0,0,1,0,0,0,0,0,0,0,0,0,0,0,0,0,0,0,0,0,0,0,1,0,0,0,0,0,1,0,0,0,2,1000.0,2350.0,550.0,2020,5820,3920.0,0.7272727272727271,0.5889212827988337,0.013114025338964216,"[10, 11, 12, 1, 2, 3, 4]",10|11|12|1|2|3|4
330,Double Decker Living Root Bridge,Nongriat,Meghalaya,Northeast,Bridge,"Adventure,Trekking,Nature","Friends,Solo",20,700,1200,300,25.2685,91.7294,4.8,15000,10,4,Mountain,MEG-183,68.6,True,Moderate,Short (1-2 hrs),1,0,0,0,0,0,0,0,0,0,0,0,0,0,0,0,0,0,0,0,0,0,0,0,0,0,0,0,0,0,0,0,0,0,0,0,0,0,0,0,0,0,0,0,0,0,0,0,0,0,0,0,0,0,0,0,0,0,0,0,0,0,0,0,0,0,0,0,0,0,0,0,0,0,0,0,0,0,0,0,0,0,0,0,1,0,0,0,0,0,0,0,0,0,0,0,0,0,0,0,0,0,0,0,0,0,0,0,0,0,0,0,0,0,0,0,0,0,0,0,0,0,0,0,0,0,0,0,0,0,0,0,0,0,0,0,1,0,0,0,0,0,0,0,0,0,0,0,0,0,0,0,0,0,0,0,1,0,0,0,0,0,1,0,0,0,2,1250.0,2350.0,550.0,2220,6120,4170.0,0.8181818181818179,0.6530612244897958,0.01644809957768393,"[10, 11, 12, 1, 2, 3, 4]",10|11|12|1|2|3|4
331,Nohkalikai Falls,Cherrapunji,Meghalaya,Northeast,Waterfall,"Nature,Photography","Friends,Family",50,100,1200,300,25.2756,91.6952,4.7,18000,10,5,Mountain,MEG-183,62.2,False,Moderate,Half-day (2-4 hrs),0,0,0,0,0,0,0,0,0,0,0,0,0,0,0,0,0,0,0,0,0,0,0,0,0,0,0,0,0,0,0,0,0,0,0,0,0,0,0,0,0,0,0,0,0,0,0,0,0,0,0,0,0,0,0,0,0,0,0,0,0,0,0,0,0,0,0,0,0,0,0,0,0,0,0,0,0,0,0,0,0,0,0,0,1,0,0,0,0,0,0,0,1,0,0,0,0,0,0,0,0,0,0,0,0,0,0,0,0,0,0,0,0,0,0,0,0,0,0,0,0,0,0,0,0,0,0,0,0,0,0,0,0,0,0,0,0,0,0,0,0,0,0,0,0,0,0,0,0,0,0,0,0,0,0,1,1,0,0,0,0,0,0,0,0,0,2,200.0,2350.0,550.0,1650,4650,3150.0,0.7272727272727271,0.5597667638483964,0.019782173816403646,"[10, 11, 12, 1, 2, 3, 4, 5]",10|11|12|1|2|3|4|5
332,Seven Sisters Falls,Cherrapunji,Meghalaya,Northeast,Waterfall,"Nature,Photography","Friends,Family",20,100,1200,300,25.2931,91.6872,4.5,9000,6,9,Mountain,MEG-183,54.6,False,Moderate,Half-day (2-4 hrs),0,0,0,0,0,0,0,0,0,0,0,0,0,0,0,0,0,0,0,0,0,0,0,0,0,0,0,0,0,0,0,0,0,0,0,0,0,0,0,0,0,0,0,0,0,0,0,0,0,0,0,0,0,0,0,0,0,0,0,0,0,0,0,0,0,0,0,0,0,0,0,0,0,0,0,0,0,0,0,0,0,0,0,0,1,0,0,0,0,0,0,0,1,0,0,0,0,0,0,0,0,0,0,0,0,0,0,0,0,0,0,0,0,0,0,0,0,0,0,0,0,0,0,0,0,0,0,0,0,0,0,0,0,0,0,0,0,0,0,0,0,0,0,0,0,0,0,0,0,0,0,0,0,0,0,1,1,0,0,0,0,0,0,0,0,0,2,200.0,2350.0,550.0,1620,4620,3120.0,0.5454545454545454,0.44897959183673464,0.0097799511002445,"[6, 7, 8, 9]",6|7|8|9
333,Mawsmai Cave,Cherrapunji,Meghalaya,Northeast,Cave,"Adventure,Nature","Friends,Family",20,200,1200,300,25.2748,91.7074,4.5,11000,10,4,Coastal,MEG-183,53.7,False,Moderate,Half-day (2-4 hrs),1,0,0,0,0,0,0,0,0,0,0,0,0,0,0,0,0,0,0,0,0,0,0,0,0,0,0,0,0,0,0,0,0,0,0,0,0,0,0,0,0,0,0,0,0,0,0,0,0,0,0,0,0,0,0,0,0,0,0,0,0,0,0,0,0,0,0,0,0,0,0,0,0,0,0,0,0,0,0,0,0,0,0,0,1,0,0,0,0,0,0,0,0,0,0,0,0,0,0,0,0,0,0,0,0,0,0,0,0,0,0,0,0,0,0,0,0,0,0,0,0,0,0,0,0,0,0,0,0,0,0,0,0,0,0,0,0,0,0,0,0,0,0,0,0,0,0,0,0,0,0,0,0,0,0,1,1,0,0,0,0,0,0,0,0,0,2,400.0,2350.0,550.0,1720,4920,3320.0,0.5454545454545454,0.43586005830903785,0.012002667259390977,"[10, 11, 12, 1, 2, 3, 4]",10|11|12|1|2|3|4
334,Dawki River,Shnongpdeng,Meghalaya,Northeast,River,"Adventure,Boating,Nature","Friends,Couples",50,500,1500,400,25.2016,92.0192,4.8,20000,11,4,Coastal,MEG-183,67.2,True,Moderate,Half-day (2-4 hrs),1,0,0,0,0,0,0,0,0,0,0,0,0,0,0,0,1,0,0,0,0,0,0,0,0,0,0,0,0,0,0,0,0,0,0,0,0,0,0,0,0,0,0,0,0,0,0,0,0,0,0,0,0,0,0,0,0,0,0,0,0,0,0,0,0,0,0,0,0,0,0,0,0,0,0,0,0,0,0,0,0,0,0,0,1,0,0,0,0,0,0,0,0,0,0,0,0,0,0,0,0,0,0,0,0,0,0,0,0,0,0,0,0,0,0,0,0,0,0,0,0,0,0,0,0,0,0,0,0,0,0,0,0,0,0,0,0,0,0,0,0,0,0,0,0,0,0,0,0,0,0,0,0,0,1,0,1,0,0,0,0,0,0,0,0,0,2,1000.0,2750.0,650.0,2450,6450,4450.0,0.8181818181818179,0.6326530612244897,0.022004889975550123,"[11, 12, 1, 2, 3, 4]",11|12|1|2|3|4
335,Umngot River,Dawki,Meghalaya,Northeast,River,"Nature,Boating,Photography","Couples,Friends",50,500,1500,400,25.2018,92.0187,4.9,23000,11,4,Coastal,MEG-183,72.0,True,Moderate,Half-day (2-4 hrs),0,0,0,0,0,0,0,0,0,0,0,0,0,0,0,0,1,0,0,0,0,0,0,0,0,0,0,0,0,0,0,0,0,0,0,0,0,0,0,0,0,0,0,0,0,0,0,0,0,0,0,0,0,0,0,0,0,0,0,0,0,0,0,0,0,0,0,0,0,0,0,0,0,0,0,0,0,0,0,0,0,0,0,0,1,0,0,0,0,0,0,0,1,0,0,0,0,0,0,0,0,0,0,0,0,0,0,0,0,0,0,0,0,0,0,0,0,0,0,0,0,0,0,0,0,0,0,0,0,0,0,0,0,0,0,0,0,0,0,0,0,0,0,0,0,0,0,0,0,0,0,0,0,0,1,0,1,0,0,0,0,0,0,0,0,0,2,1000.0,2750.0,650.0,2450,6450,4450.0,0.9090909090909096,0.7026239067055393,0.02533896421426984,"[11, 12, 1, 2, 3, 4]",11|12|1|2|3|4
336,Umiam Lake,Shillong,Meghalaya,Northeast,Lake,"Nature,Boating,Romantic","Couples,Family",20,300,1500,400,25.6712,91.9014,4.6,14000,10,4,Forest,MEG-183,58.0,False,Moderate,Full-day (4-8 hrs),0,0,0,0,0,0,0,0,0,0,0,0,0,0,0,0,1,0,0,0,0,0,0,0,0,0,0,0,0,0,0,0,0,0,0,0,0,0,0,0,0,0,0,0,0,0,0,0,0,0,0,0,0,0,0,0,0,0,0,0,0,0,0,0,0,0,0,0,0,0,0,0,0,0,0,0,0,0,0,0,0,0,0,0,1,0,0,0,0,0,0,0,0,0,0,0,0,0,0,0,0,0,0,0,0,0,0,0,1,0,0,0,0,0,0,0,0,0,0,0,0,0,0,0,0,0,0,0,0,0,0,0,0,0,0,0,0,0,0,0,0,0,0,0,0,0,0,0,0,0,0,0,0,0,1,1,0,0,0,0,0,0,0,0,0,0,2,650.0,3000.0,650.0,2220,6420,4320.0,0.6363636363636362,0.4985422740524781,0.015336741498110693,"[10, 11, 12, 1, 2, 3, 4]",10|11|12|1|2|3|4
337,Elephant Falls,Shillong,Meghalaya,Northeast,Waterfall,"Nature,Photography","Family,Friends",30,100,1500,400,25.5355,91.8265,4.5,22000,10,4,Mountain,MEG-183,50.4,False,Moderate,Half-day (2-4 hrs),0,0,0,0,0,0,0,0,0,0,0,0,0,0,0,0,0,0,0,0,0,0,0,0,0,0,0,0,0,0,0,0,0,0,0,0,0,0,0,0,0,0,0,0,0,0,0,0,0,0,0,0,0,0,0,0,0,0,0,0,0,0,0,0,0,0,0,0,0,0,0,0,0,0,0,0,0,0,0,0,0,0,0,0,1,0,0,0,0,0,0,0,1,0,0,0,0,0,0,0,0,0,0,0,0,0,0,0,0,0,0,0,0,0,0,0,0,0,0,0,0,0,0,0,0,0,0,0,0,0,0,0,0,0,0,0,0,0,0,0,0,0,0,0,0,0,0,0,0,0,0,0,0,0,0,1,1,0,0,0,0,0,0,0,0,0,2,200.0,3000.0,650.0,2030,5730,3880.0,0.5454545454545454,0.3877551020408162,0.0242276061346966,"[10, 11, 12, 1, 2, 3, 4]",10|11|12|1|2|3|4
338,Shillong Peak,Shillong,Meghalaya,Northeast,Viewpoint,"Nature,Photography,Romantic","Couples,Friends",30,100,1500,400,25.5789,91.8801,4.6,8000,10,4,Coastal,MEG-183,60.7,False,Moderate,Short (1-2 hrs),0,0,0,0,0,0,0,0,0,0,0,0,0,0,0,0,0,0,0,0,0,0,0,0,0,0,0,0,0,0,0,0,0,0,0,0,0,0,0,0,0,0,0,0,0,0,0,0,0,0,0,0,0,0,0,0,0,0,0,0,0,0,0,0,0,0,0,0,0,0,0,0,0,0,0,0,0,0,0,0,0,0,0,0,1,0,0,0,0,0,0,0,1,0,0,0,0,0,0,0,0,0,0,0,0,0,0,0,1,0,0,0,0,0,0,0,0,0,0,0,0,0,0,0,0,0,0,0,0,0,0,0,0,0,0,0,0,0,0,0,0,0,0,0,0,0,0,0,0,0,0,0,0,0,1,0,1,0,0,0,0,0,0,0,0,0,2,200.0,3000.0,650.0,2030,5730,3880.0,0.6363636363636362,0.5379008746355685,0.008668593020671262,"[10, 11, 12, 1, 2, 3, 4]",10|11|12|1|2|3|4
339,Laitlum Canyon,Shillong,Meghalaya,Northeast,Canyon,"Nature,Trekking,Photography","Friends,Solo",0,200,1500,350,25.5712,91.8615,4.7,10000,10,4,Coastal,MEG-183,65.0,True,Strenuous,Half-day (2-4 hrs),0,0,0,0,0,0,0,0,0,0,0,0,0,0,0,0,0,0,0,0,0,0,0,0,0,0,0,0,0,0,0,0,0,0,0,0,0,0,0,0,0,0,0,0,0,0,0,0,0,0,0,0,0,0,0,0,0,0,0,0,0,0,0,0,0,0,0,0,0,0,0,0,0,0,0,0,0,0,0,0,0,0,0,0,1,0,0,0,0,0,0,0,1,0,0,0,0,0,0,0,0,0,0,0,0,0,0,0,0,0,0,0,0,0,0,0,0,0,0,0,0,0,0,0,0,0,0,0,0,0,0,0,0,0,0,0,1,0,0,0,0,0,0,0,0,0,0,0,0,0,0,0,0,0,0,0,1,0,0,0,0,0,1,0,0,0,3,500.0,2750.0,625.0,2050,5700,3875.0,0.7272727272727271,0.6005830903790087,0.010891309179817739,"[10, 11, 12, 1, 2, 3, 4]",10|11|12|1|2|3|4
340,Ward'S Lake,Shillong,Meghalaya,Northeast,Lake,"Nature,Romantic,Leisure","Couples,Family",20,100,1500,350,25.5693,91.8831,4.4,9000,3,11,Urban,MEG-183,49.2,False,Easy,Full-day (4-8 hrs),0,0,0,0,0,0,0,0,0,0,0,0,0,0,0,0,0,0,0,0,0,0,0,0,0,0,0,0,0,0,0,0,0,0,0,0,0,0,0,0,0,0,0,0,0,0,0,0,0,0,0,0,0,0,0,0,0,0,0,0,0,0,0,0,0,0,0,0,0,1,0,0,0,0,0,0,0,0,0,0,0,0,0,0,1,0,0,0,0,0,0,0,0,0,0,0,0,0,0,0,0,0,0,0,0,0,0,0,1,0,0,0,0,0,0,0,0,0,0,0,0,0,0,0,0,0,0,0,0,0,0,0,0,0,0,0,0,0,0,0,0,0,0,0,0,0,0,0,0,0,0,0,0,0,1,1,0,0,0,0,0,0,0,0,0,0,1,200.0,2750.0,625.0,1970,5220,3595.0,0.4545454545454546,0.3702623906705539,0.0097799511002445,"[3, 4, 5, 6, 7, 8, 9, 10, 11]",3|4|5|6|7|8|9|10|11
341,Don Bosco Museum,Shillong,Meghalaya,Northeast,Museum,"Historical,Cultural","Family,Solo",100,100,1500,350,25.5856,91.8925,4.6,7000,1,12,Urban,MEG-183,61.3,False,Easy,Half-day (2-4 hrs),0,0,0,0,0,0,0,0,0,0,0,0,0,0,0,0,0,0,0,0,0,0,0,0,0,0,0,0,0,0,0,1,0,0,0,0,0,0,0,0,0,0,0,0,0,0,0,0,0,0,0,0,0,0,0,0,0,1,0,0,0,0,0,0,0,0,0,0,0,0,0,0,0,0,0,0,0,0,0,0,0,0,0,0,0,0,0,0,0,0,0,0,0,0,0,0,0,0,0,0,0,0,0,0,0,0,0,0,0,0,0,0,0,0,0,0,0,0,0,0,0,0,0,0,0,0,0,0,0,0,0,0,0,0,0,0,0,0,0,0,0,0,0,0,0,0,0,0,0,0,0,0,0,0,0,1,0,0,0,0,0,0,1,0,0,0,1,150.0,2750.0,625.0,2050,5200,3625.0,0.6363636363636362,0.5466472303206996,0.007557234941098022,"[1, 2, 3, 4, 5, 6, 7, 8, 9, 10, 11, 12]",1|2|3|4|5|6|7|8|9|10|11|12
342,Mawlynnong Village,Mawlynnong,Meghalaya,Northeast,Village,"Nature,Cultural","Family,Friends",30,100,1200,300,25.2035,91.9061,4.6,16000,10,4,Urban,MEG-183,57.4,False,Easy,Half-day (2-4 hrs),0,0,0,0,0,0,0,0,0,0,0,0,0,0,0,0,0,0,0,0,0,0,0,0,0,0,0,0,0,0,0,1,0,0,0,0,0,0,0,0,0,0,0,0,0,0,0,0,0,0,0,0,0,0,0,0,0,0,0,0,0,0,0,0,0,0,0,0,0,0,0,0,0,0,0,0,0,0,0,0,0,0,0,0,1,0,0,0,0,0,0,0,0,0,0,0,0,0,0,0,0,0,0,0,0,0,0,0,0,0,0,0,0,0,0,0,0,0,0,0,0,0,0,0,0,0,0,0,0,0,0,0,0,0,0,0,0,0,0,0,0,0,0,0,0,0,0,0,0,0,0,0,0,0,0,1,1,0,0,0,0,0,0,0,0,0,1,200.0,2100.0,500.0,1630,4030,2830.0,0.6363636363636362,0.4897959183673468,0.01755945765725717,"[10, 11, 12, 1, 2, 3, 4]",10|11|12|1|2|3|4
343,Balpakram National Park,South Garo Hills,Meghalaya,Northeast,National Park,"Nature,Wildlife,Adventure","Friends,Solo",50,500,1500,300,25.245,90.933,4.5,3000,11,4,Urban,MEG-184,59.9,False,Moderate,Full-day (4-8 hrs),1,0,0,0,0,0,0,0,0,0,0,0,0,0,0,0,0,0,0,0,0,0,0,0,0,0,0,0,0,0,0,0,0,0,0,0,0,0,0,0,0,0,0,0,0,0,0,0,0,0,0,0,0,0,0,0,0,0,0,0,0,0,0,0,0,0,0,0,0,0,0,0,0,0,0,0,0,0,0,0,0,0,0,0,1,0,0,0,0,0,0,0,0,0,0,0,0,0,0,0,0,0,0,0,0,0,0,0,0,0,0,0,0,0,0,0,0,0,0,0,0,0,0,0,0,0,0,0,0,0,0,0,0,0,0,0,0,0,0,0,0,0,0,0,0,0,0,0,0,1,0,0,0,0,0,0,1,0,0,0,0,0,1,0,0,0,2,1000.0,2500.0,500.0,2350,5750,4050.0,0.5454545454545454,0.5262390670553935,0.003111802622805068,"[11, 12, 1, 2, 3, 4]",11|12|1|2|3|4
344,Nokrek National Park,West Garo Hills,Meghalaya,Northeast,National Park,"Nature,Wildlife,Adventure","Friends,Solo",50,500,1500,300,25.4885,90.3215,4.4,2500,11,4,Island,MEG-184,55.3,False,Moderate,Full-day (4-8 hrs),1,0,0,0,0,0,0,0,0,0,0,0,0,0,0,0,0,0,0,0,0,0,0,0,0,0,0,0,0,0,0,0,0,0,0,0,0,0,0,0,0,0,0,0,0,0,0,0,0,0,0,0,0,0,0,0,0,0,0,0,0,0,0,0,0,0,0,0,0,0,0,0,0,0,0,0,0,0,0,0,0,0,0,0,1,0,0,0,0,0,0,0,0,0,0,0,0,0,0,0,0,0,0,0,0,0,0,0,0,0,0,0,0,0,0,0,0,0,0,0,0,0,0,0,0,0,0,0,0,0,0,0,0,0,0,0,0,0,0,0,0,0,0,0,0,0,0,0,0,1,0,0,0,0,0,0,1,0,0,0,0,0,1,0,0,0,2,1000.0,2500.0,500.0,2350,5750,4050.0,0.4545454545454546,0.4591836734693876,0.0025561235830184486,"[11, 12, 1, 2, 3, 4]",11|12|1|2|3|4
345,Krang Suri Falls,Jaintia Hills,Meghalaya,Northeast,Waterfall,"Nature,Photography","Friends,Couples",50,200,1200,300,25.3562,92.36,4.8,12000,10,4,Valley,MEG-183,69.6,True,Moderate,Half-day (2-4 hrs),0,0,0,0,0,0,0,0,0,0,0,0,0,0,0,0,0,0,0,0,0,0,0,0,0,0,0,0,0,0,0,0,0,0,0,0,0,0,0,0,0,0,0,0,0,0,0,0,0,0,0,0,0,0,0,0,0,0,0,0,0,0,0,0,0,0,0,0,0,0,0,0,0,0,0,0,0,0,0,0,0,0,0,0,1,0,0,0,0,0,0,0,1,0,0,0,0,0,0,0,0,0,0,0,0,0,0,0,0,0,0,0,0,0,0,0,0,0,0,0,0,0,0,0,0,0,0,0,0,0,0,0,0,0,0,0,0,0,0,0,0,0,0,0,0,0,0,0,0,0,0,0,0,0,1,0,1,0,0,0,0,0,0,0,0,0,2,350.0,2100.0,500.0,1750,4250,3000.0,0.8181818181818179,0.6676384839650145,0.013114025338964216,"[10, 11, 12, 1, 2, 3, 4]",10|11|12|1|2|3|4
346,Wei Sawdong Falls,Cherrapunji,Meghalaya,Northeast,Waterfall,"Nature,Trekking","Friends,Solo",20,200,1200,300,25.2702,91.705,4.7,8000,10,4,Forest,MEG-183,66.1,True,Moderate,Half-day (2-4 hrs),0,0,0,0,0,0,0,0,0,0,0,0,0,0,0,0,0,0,0,0,0,0,0,0,0,0,0,0,0,0,0,0,0,0,0,0,0,0,0,0,0,0,0,0,0,0,0,0,0,0,0,0,0,0,0,0,0,0,0,0,0,0,0,0,0,0,0,0,0,0,0,0,0,0,0,0,0,0,0,0,0,0,0,0,1,0,0,0,0,0,0,0,0,0,0,0,0,0,0,0,0,0,0,0,0,0,0,0,0,0,0,0,0,0,0,0,0,0,0,0,0,0,0,0,0,0,0,0,0,0,0,0,0,0,0,0,1,0,0,0,0,0,0,0,0,0,0,0,0,0,0,0,0,0,0,0,1,0,0,0,0,0,1,0,0,0,2,350.0,2350.0,550.0,1720,4820,3270.0,0.7272727272727271,0.6166180758017491,0.008668593020671262,"[10, 11, 12, 1, 2, 3, 4]",10|11|12|1|2|3|4
347,Garden Of Caves,Laitmawsiang,Meghalaya,Northeast,Park,"Nature,Adventure","Family,Friends",20,100,1200,300,25.2877,91.8435,4.5,5000,10,4,Mountain,MEG-183,57.4,False,Moderate,Half-day (2-4 hrs),1,0,0,0,0,0,0,0,0,0,0,0,0,0,0,0,0,0,0,0,0,0,0,0,0,0,0,0,0,0,0,0,0,0,0,0,0,0,0,0,0,0,0,0,0,0,0,0,0,0,0,0,0,0,0,0,0,0,0,0,0,0,0,0,0,0,0,0,0,0,0,0,0,0,0,0,0,0,0,0,0,0,0,0,1,0,0,0,0,0,0,0,0,0,0,0,0,0,0,0,0,0,0,0,0,0,0,0,0,0,0,0,0,0,0,0,0,0,0,0,0,0,0,0,0,0,0,0,0,0,0,0,0,0,0,0,0,0,0,0,0,0,0,0,0,0,0,0,0,0,0,0,0,0,0,1,1,0,0,0,0,0,0,0,0,0,2,200.0,2100.0,500.0,1620,4020,2820.0,0.5454545454545454,0.4897959183673468,0.005334518781951545,"[10, 11, 12, 1, 2, 3, 4]",10|11|12|1|2|3|4
348,Siju Cave,South Garo Hills,Meghalaya,Northeast,Cave,"Adventure,Nature","Friends,Solo",30,200,1200,300,25.3467,90.62,4.4,2000,11,4,Mountain,MEG-184,56.3,False,Moderate,Half-day (2-4 hrs),1,0,0,0,0,0,0,0,0,0,0,0,0,0,0,0,0,0,0,0,0,0,0,0,0,0,0,0,0,0,0,0,0,0,0,0,0,0,0,0,0,0,0,0,0,0,0,0,0,0,0,0,0,0,0,0,0,0,0,0,0,0,0,0,0,0,0,0,0,0,0,0,0,0,0,0,0,0,0,0,0,0,0,0,1,0,0,0,0,0,0,0,0,0,0,0,0,0,0,0,0,0,0,0,0,0,0,0,0,0,0,0,0,0,0,0,0,0,0,0,0,0,0,0,0,0,0,0,0,0,0,0,0,0,0,0,0,0,0,0,0,0,0,0,0,0,0,0,0,0,0,0,0,0,0,0,1,0,0,0,0,0,1,0,0,0,2,400.0,2100.0,500.0,1730,4330,3030.0,0.4545454545454546,0.4737609329446063,0.0020004445432318294,"[11, 12, 1, 2, 3, 4]",11|12|1|2|3|4
349,Thangkharang Park,Cherrapunji,Meghalaya,Northeast,Park,"Nature,","Family,Couples",20,100,1200,300,25.275,91.71,4.5,4000,10,4,Mountain,MEG-183,58.5,False,Moderate,Half-day (2-4 hrs),0,0,0,0,0,0,0,0,0,0,0,0,0,0,0,0,0,0,0,0,0,0,0,0,0,0,0,0,0,0,0,0,0,0,0,0,0,0,0,0,0,0,0,0,0,0,0,0,0,0,0,0,0,0,0,0,0,0,0,0,0,0,0,0,0,0,0,0,0,0,0,0,0,0,0,0,0,0,0,0,0,0,0,0,1,0,0,0,0,0,0,0,0,0,0,0,0,0,0,0,0,0,0,0,0,0,0,0,0,0,0,0,0,0,0,0,0,0,0,0,0,0,0,0,0,0,0,0,0,0,0,0,0,0,0,0,0,0,0,0,0,0,0,0,0,0,0,0,0,0,0,0,0,0,1,1,0,0,0,0,0,0,0,0,0,0,2,200.0,2350.0,550.0,1620,4620,3120.0,0.5454545454545454,0.5058309037900873,0.004223160702378307,"[10, 11, 12, 1, 2, 3, 4]",10|11|12|1|2|3|4
350,Arwah Cave,Cherrapunji,Meghalaya,Northeast,Cave,"Adventure,Geology","Friends,Solo",20,200,1200,300,25.274,91.708,4.4,3500,10,4,Mountain,MEG-183,53.7,False,Moderate,Half-day (2-4 hrs),1,0,0,0,0,0,0,0,0,0,0,0,0,0,0,0,0,0,0,0,0,0,0,0,0,0,0,0,0,0,0,0,0,0,0,0,0,0,0,0,0,0,0,0,0,0,0,0,0,1,0,0,0,0,0,0,0,0,0,0,0,0,0,0,0,0,0,0,0,0,0,0,0,0,0,0,0,0,0,0,0,0,0,0,0,0,0,0,0,0,0,0,0,0,0,0,0,0,0,0,0,0,0,0,0,0,0,0,0,0,0,0,0,0,0,0,0,0,0,0,0,0,0,0,0,0,0,0,0,0,0,0,0,0,0,0,0,0,0,0,0,0,0,0,0,0,0,0,0,0,0,0,0,0,0,0,1,0,0,0,0,0,1,0,0,0,2,350.0,2350.0,550.0,1720,4820,3270.0,0.4545454545454546,0.43586005830903785,0.003667481662591687,"[10, 11, 12, 1, 2, 3, 4]",10|11|12|1|2|3|4
351,Reiek Tlang,Reiek,Mizoram,Northeast,Hill,"Adventure,Nature,Trekking","Friends,Solo",20,300,1200,300,23.6367,92.6997,4.6,2500,10,4,Mountain,MIZ-185,66.2,True,Moderate,Half-day (2-4 hrs),1,0,0,0,0,0,0,0,0,0,0,0,0,0,0,0,0,0,0,0,0,0,0,0,0,0,0,0,0,0,0,0,0,0,0,0,0,0,0,0,0,0,0,0,0,0,0,0,0,0,0,0,0,0,0,0,0,0,0,0,0,0,0,0,0,0,0,0,0,0,0,0,0,0,0,0,0,0,0,0,0,0,0,0,1,0,0,0,0,0,0,0,0,0,0,0,0,0,0,0,0,0,0,0,0,0,0,0,0,0,0,0,0,0,0,0,0,0,0,0,0,0,0,0,0,0,0,0,0,0,0,0,0,0,0,0,1,0,0,0,0,0,0,0,0,0,0,0,0,0,0,0,0,0,0,0,1,0,0,0,0,0,1,0,0,0,2,650.0,2100.0,500.0,1820,4720,3270.0,0.6363636363636362,0.6180758017492711,0.0025561235830184486,"[10, 11, 12, 1, 2, 3, 4]",10|11|12|1|2|3|4
352,Phawngpui National Park,Lawngtlai,Mizoram,Northeast,National Park,"Nature,Wildlife,Adventure","Friends,Solo",50,500,1500,300,22.53,93.05,4.7,1800,10,4,Mountain,MIZ-186,73.2,True,Moderate,Full-day (4-8 hrs),1,0,0,0,0,0,0,0,0,0,0,0,0,0,0,0,0,0,0,0,0,0,0,0,0,0,0,0,0,0,0,0,0,0,0,0,0,0,0,0,0,0,0,0,0,0,0,0,0,0,0,0,0,0,0,0,0,0,0,0,0,0,0,0,0,0,0,0,0,0,0,0,0,0,0,0,0,0,0,0,0,0,0,0,1,0,0,0,0,0,0,0,0,0,0,0,0,0,0,0,0,0,0,0,0,0,0,0,0,0,0,0,0,0,0,0,0,0,0,0,0,0,0,0,0,0,0,0,0,0,0,0,0,0,0,0,0,0,0,0,0,0,0,0,0,0,0,0,0,1,0,0,0,0,0,0,1,0,0,0,0,0,1,0,0,0,2,1000.0,2500.0,500.0,2350,5750,4050.0,0.7272727272727271,0.7201166180758016,0.0017781729273171818,"[10, 11, 12, 1, 2, 3, 4]",10|11|12|1|2|3|4
353,Vantawng Falls,Thenzawl,Mizoram,Northeast,Waterfall,"Nature,Photography","Friends,Family",30,100,1200,300,23.32,92.75,4.7,3200,10,4,Coastal,MIZ-185,70.5,True,Moderate,Half-day (2-4 hrs),0,0,0,0,0,0,0,0,0,0,0,0,0,0,0,0,0,0,0,0,0,0,0,0,0,0,0,0,0,0,0,0,0,0,0,0,0,0,0,0,0,0,0,0,0,0,0,0,0,0,0,0,0,0,0,0,0,0,0,0,0,0,0,0,0,0,0,0,0,0,0,0,0,0,0,0,0,0,0,0,0,0,0,0,1,0,0,0,0,0,0,0,1,0,0,0,0,0,0,0,0,0,0,0,0,0,0,0,0,0,0,0,0,0,0,0,0,0,0,0,0,0,0,0,0,0,0,0,0,0,0,0,0,0,0,0,0,0,0,0,0,0,0,0,0,0,0,0,0,0,0,0,0,0,0,1,1,0,0,0,0,0,0,0,0,0,2,200.0,2100.0,500.0,1630,4030,2830.0,0.7272727272727271,0.6807580174927113,0.0033340742387197157,"[10, 11, 12, 1, 2, 3, 4]",10|11|12|1|2|3|4
354,Tamdil Lake,Saitual,Mizoram,Northeast,Lake,"Nature,Boating,Relaxation","Family,Couples",20,200,1200,300,23.6915,92.98,4.5,2100,10,4,Mountain,MIZ-185,61.6,False,Moderate,Full-day (4-8 hrs),0,0,0,0,0,0,0,0,0,0,0,0,0,0,0,0,1,0,0,0,0,0,0,0,0,0,0,0,0,0,0,0,0,0,0,0,0,0,0,0,0,0,0,0,0,0,0,0,0,0,0,0,0,0,0,0,0,0,0,0,0,0,0,0,0,0,0,0,0,0,0,0,0,0,0,0,0,0,0,0,0,0,0,0,1,0,0,0,0,0,0,0,0,0,0,0,0,0,0,1,0,0,0,0,0,0,0,0,0,0,0,0,0,0,0,0,0,0,0,0,0,0,0,0,0,0,0,0,0,0,0,0,0,0,0,0,0,0,0,0,0,0,0,0,0,0,0,0,0,0,0,0,0,0,1,1,0,0,0,0,0,0,0,0,0,0,2,400.0,2000.0,500.0,1720,4120,2920.0,0.5454545454545454,0.5510204081632653,0.0021115803511891533,"[10, 11, 12, 1, 2, 3, 4]",10|11|12|1|2|3|4
355,Lunglei Viewpointpoint,Lunglei,Mizoram,Northeast,Viewpoint,"Nature,Photography","Friends,Couples",0,100,1200,300,22.9,92.733,4.4,900,10,4,Coastal,MIZ-187,60.1,False,Moderate,Short (1-2 hrs),0,0,0,0,0,0,0,0,0,0,0,0,0,0,0,0,0,0,0,0,0,0,0,0,0,0,0,0,0,0,0,0,0,0,0,0,0,0,0,0,0,0,0,0,0,0,0,0,0,0,0,0,0,0,0,0,0,0,0,0,0,0,0,0,0,0,0,0,0,0,0,0,0,0,0,0,0,0,0,0,0,0,0,0,1,0,0,0,0,0,0,0,1,0,0,0,0,0,0,0,0,0,0,0,0,0,0,0,0,0,0,0,0,0,0,0,0,0,0,0,0,0,0,0,0,0,0,0,0,0,0,0,0,0,0,0,0,0,0,0,0,0,0,0,0,0,0,0,0,0,0,0,0,0,1,0,1,0,0,0,0,0,0,0,0,0,2,200.0,1850.0,500.0,1600,3500,2550.0,0.4545454545454546,0.5291545189504373,0.000777950655701267,"[10, 11, 12, 1, 2, 3, 4]",10|11|12|1|2|3|4
356,Durtlang Hills,Aizawl,Mizoram,Northeast,Hill,"Nature,Photography","Friends,Couples",0,100,1500,350,23.753,92.73,4.6,1500,10,4,Valley,MIZ-185,68.6,True,Moderate,Half-day (2-4 hrs),0,0,0,0,0,0,0,0,0,0,0,0,0,0,0,0,0,0,0,0,0,0,0,0,0,0,0,0,0,0,0,0,0,0,0,0,0,0,0,0,0,0,0,0,0,0,0,0,0,0,0,0,0,0,0,0,0,0,0,0,0,0,0,0,0,0,0,0,0,0,0,0,0,0,0,0,0,0,0,0,0,0,0,0,1,0,0,0,0,0,0,0,1,0,0,0,0,0,0,0,0,0,0,0,0,0,0,0,0,0,0,0,0,0,0,0,0,0,0,0,0,0,0,0,0,0,0,0,0,0,0,0,0,0,0,0,0,0,0,0,0,0,0,0,0,0,0,0,0,0,0,0,0,0,1,0,1,0,0,0,0,0,0,0,0,0,2,200.0,2500.0,575.0,1950,4600,3275.0,0.6363636363636362,0.6530612244897958,0.0014447655034452102,"[10, 11, 12, 1, 2, 3, 4]",10|11|12|1|2|3|4
357,Kv Paradise,Aizawl,Mizoram,Northeast,Memorial,"Historical,Architecture","Family,Solo",20,100,1500,350,23.727,92.717,4.4,1100,1,12,Mountain,MIZ-185,59.2,False,Moderate,Short (1-2 hrs),0,0,0,0,1,0,0,0,0,0,0,0,0,0,0,0,0,0,0,0,0,0,0,0,0,0,0,0,0,0,0,0,0,0,0,0,0,0,0,0,0,0,0,0,0,0,0,0,0,0,0,0,0,0,0,0,0,1,0,0,0,0,0,0,0,0,0,0,0,0,0,0,0,0,0,0,0,0,0,0,0,0,0,0,0,0,0,0,0,0,0,0,0,0,0,0,0,0,0,0,0,0,0,0,0,0,0,0,0,0,0,0,0,0,0,0,0,0,0,0,0,0,0,0,0,0,0,0,0,0,0,0,0,0,0,0,0,0,0,0,0,0,0,0,0,0,0,0,0,0,0,0,0,0,0,1,0,0,0,0,0,0,1,0,0,0,2,150.0,2500.0,575.0,1970,4520,3245.0,0.4545454545454546,0.5160349854227405,0.0010002222716159147,"[1, 2, 3, 4, 5, 6, 7, 8, 9, 10, 11, 12]",1|2|3|4|5|6|7|8|9|10|11|12
358,Solomon'S Temple,Aizawl,Mizoram,Northeast,Temple,"Spiritual,Architecture","Family,Couples",0,100,1500,350,23.741,92.67,4.6,2800,1,12,Mountain,MIZ-185,65.6,True,Moderate,Short (1-2 hrs),0,0,0,0,1,0,0,0,0,0,0,0,0,0,0,0,0,0,0,0,0,0,0,0,0,0,0,0,0,0,0,0,0,0,0,0,0,0,0,0,0,0,0,0,0,0,0,0,0,0,0,0,0,0,0,0,0,0,0,0,0,0,0,0,0,0,0,0,0,0,0,0,0,0,0,0,0,0,0,0,0,0,0,0,0,0,0,0,0,0,0,0,0,0,0,0,0,0,0,0,0,0,0,0,0,0,0,0,0,0,0,0,0,0,0,0,0,0,0,0,0,0,1,0,0,0,0,0,0,0,0,0,0,0,0,0,0,0,0,0,0,0,0,0,0,0,0,0,0,0,0,0,0,0,1,1,0,0,0,0,0,0,0,0,0,0,2,150.0,2500.0,575.0,1950,4500,3225.0,0.6363636363636362,0.6093294460641397,0.0028895310068904204,"[1, 2, 3, 4, 5, 6, 7, 8, 9, 10, 11, 12]",1|2|3|4|5|6|7|8|9|10|11|12
359,Mizoram State Museum,Aizawl,Mizoram,Northeast,Museum,"Historical,Cultural","Family,Solo",20,100,1500,350,23.7275,92.7173,4.3,950,1,12,Forest,MIZ-185,54.4,False,Moderate,Half-day (2-4 hrs),0,0,0,0,0,0,0,0,0,0,0,0,0,0,0,0,0,0,0,0,0,0,0,0,0,0,0,0,0,0,0,1,0,0,0,0,0,0,0,0,0,0,0,0,0,0,0,0,0,0,0,0,0,0,0,0,0,1,0,0,0,0,0,0,0,0,0,0,0,0,0,0,0,0,0,0,0,0,0,0,0,0,0,0,0,0,0,0,0,0,0,0,0,0,0,0,0,0,0,0,0,0,0,0,0,0,0,0,0,0,0,0,0,0,0,0,0,0,0,0,0,0,0,0,0,0,0,0,0,0,0,0,0,0,0,0,0,0,0,0,0,0,0,0,0,0,0,0,0,0,0,0,0,0,0,1,0,0,0,0,0,0,1,0,0,0,2,150.0,2500.0,575.0,1970,4520,3245.0,0.3636363636363633,0.4460641399416909,0.0008335185596799289,"[1, 2, 3, 4, 5, 6, 7, 8, 9, 10, 11, 12]",1|2|3|4|5|6|7|8|9|10|11|12
360,Phulpui Grave,Champhai,Mizoram,Northeast,Memorial,"Historical,Cultural","Friends,Solo",0,100,1200,300,23.456,93.328,4.2,400,10,4,Mountain,MIZ-185,53.1,False,Moderate,Short (1-2 hrs),0,0,0,0,0,0,0,0,0,0,0,0,0,0,0,0,0,0,0,0,0,0,0,0,0,0,0,0,0,0,0,1,0,0,0,0,0,0,0,0,0,0,0,0,0,0,0,0,0,0,0,0,0,0,0,0,0,1,0,0,0,0,0,0,0,0,0,0,0,0,0,0,0,0,0,0,0,0,0,0,0,0,0,0,0,0,0,0,0,0,0,0,0,0,0,0,0,0,0,0,0,0,0,0,0,0,0,0,0,0,0,0,0,0,0,0,0,0,0,0,0,0,0,0,0,0,0,0,0,0,0,0,0,0,0,0,0,0,0,0,0,0,0,0,0,0,0,0,0,0,0,0,0,0,0,0,1,0,0,0,0,0,1,0,0,0,2,150.0,1850.0,500.0,1600,3400,2500.0,0.27272727272727293,0.4271137026239067,0.00022227161591464772,"[10, 11, 12, 1, 2, 3, 4]",10|11|12|1|2|3|4
361,Champhai Valley,Champhai,Mizoram,Northeast,Valley,"Nature,Photography","Friends,Couples",0,200,1200,300,23.4565,93.3282,4.6,1700,10,4,Mountain,MIZ-185,68.0,True,Moderate,Full-day (4-8 hrs),0,0,0,0,0,0,0,0,0,0,0,0,0,0,0,0,0,0,0,0,0,0,0,0,0,0,0,0,0,0,0,0,0,0,0,0,0,0,0,0,0,0,0,0,0,0,0,0,0,0,0,0,0,0,0,0,0,0,0,0,0,0,0,0,0,0,0,0,0,0,0,0,0,0,0,0,0,0,0,0,0,0,0,0,1,0,0,0,0,0,0,0,1,0,0,0,0,0,0,0,0,0,0,0,0,0,0,0,0,0,0,0,0,0,0,0,0,0,0,0,0,0,0,0,0,0,0,0,0,0,0,0,0,0,0,0,0,0,0,0,0,0,0,0,0,0,0,0,0,0,0,0,0,0,1,0,1,0,0,0,0,0,0,0,0,0,2,400.0,2000.0,500.0,1700,4100,2900.0,0.6363636363636362,0.6443148688046646,0.001667037119359858,"[10, 11, 12, 1, 2, 3, 4]",10|11|12|1|2|3|4
362,Rih Dil,Champhai,Mizoram,Northeast,Lake,"Nature,Spiritual","Friends,Couples",50,200,1200,300,23.503,93.295,4.5,800,10,4,Valley,MIZ-185,66.1,True,Easy,Full-day (4-8 hrs),0,0,0,0,0,0,0,0,0,0,0,0,0,0,0,0,0,0,0,0,0,0,0,0,0,0,0,0,0,0,0,0,0,0,0,0,0,0,0,0,0,0,0,0,0,0,0,0,0,0,0,0,0,0,0,0,0,0,0,0,0,0,0,0,0,0,0,0,0,0,0,0,0,0,0,0,0,0,0,0,0,0,0,0,1,0,0,0,0,0,0,0,0,0,0,0,0,0,0,0,0,0,0,0,0,0,0,0,0,0,0,0,0,0,0,0,0,0,0,0,0,0,1,0,0,0,0,0,0,0,0,0,0,0,0,0,0,0,0,0,0,0,0,0,0,0,0,0,0,0,0,0,0,0,1,0,1,0,0,0,0,0,0,0,0,0,1,350.0,1850.0,500.0,1750,3750,2750.0,0.5454545454545454,0.6166180758017491,0.0006668148477439431,"[10, 11, 12, 1, 2, 3, 4]",10|11|12|1|2|3|4
363,Lengteng Wildlife Sanctuary,Champhai,Mizoram,Northeast,Wildlife Sanctuary,"Nature,Wildlife,Trekking","Friends,Solo",50,500,1200,300,23.833,93.333,4.4,600,10,4,Mountain,MIZ-185,62.1,False,Moderate,Full-day (4-8 hrs),0,0,0,0,0,0,0,0,0,0,0,0,0,0,0,0,0,0,0,0,0,0,0,0,0,0,0,0,0,0,0,0,0,0,0,0,0,0,0,0,0,0,0,0,0,0,0,0,0,0,0,0,0,0,0,0,0,0,0,0,0,0,0,0,0,0,0,0,0,0,0,0,0,0,0,0,0,0,0,0,0,0,0,0,1,0,0,0,0,0,0,0,0,0,0,0,0,0,0,0,0,0,0,0,0,0,0,0,0,0,0,0,0,0,0,0,0,0,0,0,0,0,0,0,0,0,0,0,0,0,0,0,0,0,0,0,1,0,0,0,0,0,0,0,0,0,0,0,0,1,0,0,0,0,0,0,1,0,0,0,0,0,1,0,0,0,2,850.0,2000.0,500.0,2050,4750,3400.0,0.4545454545454546,0.5583090379008746,0.0004445432318292954,"[10, 11, 12, 1, 2, 3, 4]",10|11|12|1|2|3|4
364,Khawnglung Wildlife Sanctuary,Serchhip,Mizoram,Northeast,Wildlife Sanctuary,"Nature,Wildlife","Friends,Solo",30,300,1200,300,23.316,92.883,4.3,450,10,4,Forest,MIZ-185,58.0,False,Moderate,Full-day (4-8 hrs),0,0,0,0,0,0,0,0,0,0,0,0,0,0,0,0,0,0,0,0,0,0,0,0,0,0,0,0,0,0,0,0,0,0,0,0,0,0,0,0,0,0,0,0,0,0,0,0,0,0,0,0,0,0,0,0,0,0,0,0,0,0,0,0,0,0,0,0,0,0,0,0,0,0,0,0,0,0,0,0,0,0,0,0,1,0,0,0,0,0,0,0,0,0,0,0,0,0,0,0,0,0,0,0,0,0,0,0,0,0,0,0,0,0,0,0,0,0,0,0,0,0,0,0,0,0,0,0,0,0,0,0,0,0,0,0,0,0,0,0,0,0,0,0,0,0,0,0,0,1,0,0,0,0,0,0,1,0,0,0,0,0,1,0,0,0,2,650.0,1850.0,500.0,1830,4230,3030.0,0.3636363636363633,0.4985422740524781,0.0002778395198933096,"[10, 11, 12, 1, 2, 3, 4]",10|11|12|1|2|3|4
365,Thenzawl Golf Course,Thenzawl,Mizoram,Northeast,Golf Course,"Leisure,Nature","Friends,Couples",50,300,1200,300,23.3165,92.75,4.4,700,10,4,Mountain,MIZ-185,61.3,False,Moderate,Half-day (2-4 hrs),0,0,0,0,0,0,0,0,0,0,0,0,0,0,0,0,0,0,0,0,0,0,0,0,0,0,0,0,0,0,0,0,0,0,0,0,0,0,0,0,0,0,0,0,0,0,0,0,0,0,0,0,0,0,0,0,0,0,0,0,0,0,0,0,0,0,0,0,0,1,0,0,0,0,0,0,0,0,0,0,0,0,0,0,1,0,0,0,0,0,0,0,0,0,0,0,0,0,0,0,0,0,0,0,0,0,0,0,0,0,0,0,0,0,0,0,0,0,0,0,0,0,0,0,0,0,0,0,0,0,0,0,0,0,0,0,0,0,0,0,0,0,0,0,0,0,0,0,0,0,0,0,0,0,1,0,1,0,0,0,0,0,0,0,0,0,2,550.0,2000.0,500.0,1850,4350,3100.0,0.4545454545454546,0.5466472303206996,0.0005556790397866193,"[10, 11, 12, 1, 2, 3, 4]",10|11|12|1|2|3|4
366,Sibuta Lung,Aizawl,Mizoram,Northeast,Monument,"Historical,Cultural","Family,Solo",10,100,1500,350,23.73,92.72,4.2,500,1,12,Valley,MIZ-185,52.0,False,Easy,Short (1-2 hrs),0,0,0,0,0,0,0,0,0,0,0,0,0,0,0,0,0,0,0,0,0,0,0,0,0,0,0,0,0,0,0,1,0,0,0,0,0,0,0,0,0,0,0,0,0,0,0,0,0,0,0,0,0,0,0,0,0,1,0,0,0,0,0,0,0,0,0,0,0,0,0,0,0,0,0,0,0,0,0,0,0,0,0,0,0,0,0,0,0,0,0,0,0,0,0,0,0,0,0,0,0,0,0,0,0,0,0,0,0,0,0,0,0,0,0,0,0,0,0,0,0,0,0,0,0,0,0,0,0,0,0,0,0,0,0,0,0,0,0,0,0,0,0,0,0,0,0,0,0,0,0,0,0,0,0,1,0,0,0,0,0,0,1,0,0,0,1,150.0,2500.0,575.0,1960,4510,3235.0,0.27272727272727293,0.41107871720116607,0.00033340742387197157,"[1, 2, 3, 4, 5, 6, 7, 8, 9, 10, 11, 12]",1|2|3|4|5|6|7|8|9|10|11|12
367,Hmuifang Tlang,Hmuifang,Mizoram,Northeast,Hill Station,"Nature,Trekking","Friends,Solo",20,300,1200,300,23.437,92.754,4.5,1200,10,4,Mountain,MIZ-185,64.2,True,Moderate,Full-day (4-8 hrs),0,0,0,0,0,0,0,0,0,0,0,0,0,0,0,0,0,0,0,0,0,0,0,0,0,0,0,0,0,0,0,0,0,0,0,0,0,0,0,0,0,0,0,0,0,0,0,0,0,0,0,0,0,0,0,0,0,0,0,0,0,0,0,0,0,0,0,0,0,0,0,0,0,0,0,0,0,0,0,0,0,0,0,0,1,0,0,0,0,0,0,0,0,0,0,0,0,0,0,0,0,0,0,0,0,0,0,0,0,0,0,0,0,0,0,0,0,0,0,0,0,0,0,0,0,0,0,0,0,0,0,0,0,0,0,0,1,0,0,0,0,0,0,0,0,0,0,0,0,0,0,0,0,0,0,0,1,0,0,0,0,0,1,0,0,0,2,650.0,2000.0,500.0,1820,4520,3170.0,0.5454545454545454,0.5889212827988337,0.0011113580795732386,"[10, 11, 12, 1, 2, 3, 4]",10|11|12|1|2|3|4
368,Berawtlang Tourist Complex,Aizawl,Mizoram,Northeast,Park,"Leisure,Nature","Family,Friends",20,100,1500,350,23.71,92.7,4.3,900,1,12,Urban,MIZ-185,54.7,False,Easy,Half-day (2-4 hrs),0,0,0,0,0,0,0,0,0,0,0,0,0,0,0,0,0,0,0,0,0,0,0,0,0,0,0,0,0,0,0,0,0,0,0,0,0,0,0,0,0,0,0,0,0,0,0,0,0,0,0,0,0,0,0,0,0,0,0,0,0,0,0,0,0,0,0,0,0,1,0,0,0,0,0,0,0,0,0,0,0,0,0,0,1,0,0,0,0,0,0,0,0,0,0,0,0,0,0,0,0,0,0,0,0,0,0,0,0,0,0,0,0,0,0,0,0,0,0,0,0,0,0,0,0,0,0,0,0,0,0,0,0,0,0,0,0,0,0,0,0,0,0,0,0,0,0,0,0,0,0,0,0,0,0,1,1,0,0,0,0,0,0,0,0,0,1,200.0,2500.0,575.0,1970,4620,3295.0,0.3636363636363633,0.45043731778425655,0.000777950655701267,"[1, 2, 3, 4, 5, 6, 7, 8, 9, 10, 11, 12]",1|2|3|4|5|6|7|8|9|10|11|12
369,Falkawn Village,Aizawl,Mizoram,Northeast,Village,"Cultural,Heritage","Family,Friends",20,100,1500,350,23.745,92.74,4.4,850,10,4,Urban,MIZ-185,60.4,False,Easy,Half-day (2-4 hrs),0,0,0,0,0,0,0,0,0,0,0,0,0,0,0,0,0,0,0,0,0,0,0,0,0,0,0,0,0,0,0,1,0,0,0,0,0,0,0,0,0,0,0,0,0,0,0,0,0,0,0,0,0,1,0,0,0,0,0,0,0,0,0,0,0,0,0,0,0,0,0,0,0,0,0,0,0,0,0,0,0,0,0,0,0,0,0,0,0,0,0,0,0,0,0,0,0,0,0,0,0,0,0,0,0,0,0,0,0,0,0,0,0,0,0,0,0,0,0,0,0,0,0,0,0,0,0,0,0,0,0,0,0,0,0,0,0,0,0,0,0,0,0,0,0,0,0,0,0,0,0,0,0,0,0,1,1,0,0,0,0,0,0,0,0,0,1,150.0,2350.0,575.0,1970,4220,3095.0,0.4545454545454546,0.5335276967930028,0.0007223827517226051,"[10, 11, 12, 1, 2, 3, 4]",10|11|12|1|2|3|4
370,Luangmual Handicrafts Centre,Aizawl,Mizoram,Northeast,Cultural Center,"Shopping,Cultural","Family,Friends",0,100,1500,350,23.717,92.708,4.3,650,1,12,Urban,MIZ-185,56.2,False,Moderate,Half-day (2-4 hrs),0,0,0,0,0,0,0,0,0,0,0,0,0,0,0,0,0,0,0,0,0,0,0,0,0,0,0,0,0,0,0,1,0,0,0,0,0,0,0,0,0,0,0,0,0,0,0,0,0,0,0,0,0,0,0,0,0,0,0,0,0,0,0,0,0,0,0,0,0,0,0,0,0,0,0,0,0,0,0,0,0,0,0,0,0,0,0,0,0,0,0,0,0,0,0,0,0,0,0,0,0,0,0,0,0,0,0,0,0,0,0,0,0,0,0,0,0,1,0,0,0,0,0,0,0,0,0,0,0,0,0,0,0,0,0,0,0,0,0,0,0,0,0,0,0,0,0,0,0,0,0,0,0,0,0,1,1,0,0,0,0,0,0,0,0,0,2,300.0,2500.0,575.0,1950,4800,3375.0,0.3636363636363633,0.4723032069970845,0.0005001111358079574,"[1, 2, 3, 4, 5, 6, 7, 8, 9, 10, 11, 12]",1|2|3|4|5|6|7|8|9|10|11|12
371,Ujjayanta Palace,Agartala,Tripura,Northeast,Palace Museum,"Historical,Cultural","Family,Solo,Couples",50,100,2000,300,23.8315,91.2868,4.6,8000,10,3,Mountain,TRI-263,60.7,False,Moderate,Half-day (2-4 hrs),0,0,0,0,0,0,0,0,0,0,0,0,0,0,0,0,0,0,0,0,0,0,0,0,0,0,0,0,0,0,0,1,0,0,0,0,0,0,0,0,0,0,0,0,0,0,0,0,0,0,0,0,0,0,0,0,0,1,0,0,0,0,0,0,0,0,0,0,0,0,0,0,0,0,0,0,0,0,0,0,0,0,0,0,0,0,0,0,0,0,0,0,0,0,0,0,0,0,0,0,0,0,0,0,0,0,0,0,0,0,0,0,0,0,0,0,0,0,0,0,0,0,0,0,0,0,0,0,0,0,0,0,0,0,0,0,0,0,0,0,0,0,0,0,0,0,0,0,0,0,0,0,0,0,1,1,0,0,0,0,0,0,1,0,0,0,2,200.0,3000.0,550.0,2450,5150,3800.0,0.6363636363636362,0.5379008746355685,0.008668593020671262,"[10, 11, 12, 1, 2, 3]",10|11|12|1|2|3
372,Neermahal,Melaghar,Tripura,Northeast,Water Palace,"Historical,Scenic","Family,Couples,Friends",10,200,1800,300,23.4952,91.32,4.5,6000,10,3,Mountain,TRI-263,56.6,False,Moderate,Full-day (4-8 hrs),0,0,0,0,0,0,0,0,0,0,0,0,0,0,0,0,0,0,0,0,0,0,0,0,0,0,0,0,0,0,0,0,0,0,0,0,0,0,0,0,0,0,0,0,0,0,0,0,0,0,0,0,0,0,0,0,0,1,0,0,0,0,0,0,0,0,0,0,0,0,0,0,0,0,0,0,0,0,0,0,0,0,0,0,0,0,0,0,0,0,0,0,0,0,0,0,0,0,0,0,0,0,0,0,0,0,0,0,0,0,0,0,1,0,0,0,0,0,0,0,0,0,0,0,0,0,0,0,0,0,0,0,0,0,0,0,0,0,0,0,0,0,0,0,0,0,0,0,0,0,0,0,0,0,1,1,1,0,0,0,0,0,0,0,0,0,2,350.0,2650.0,500.0,2310,4710,3510.0,0.5454545454545454,0.47813411078717194,0.0064458768615247835,"[10, 11, 12, 1, 2, 3]",10|11|12|1|2|3
373,Unakoti,Kailashahar,Tripura,Northeast,Archaeological Site,"Historical,Spiritual","Family,Solo,Friends",0,100,1500,250,24.3167,92.0167,4.6,5000,10,3,Mountain,TRI-264,62.9,True,Moderate,Half-day (2-4 hrs),0,0,0,0,0,0,0,0,0,0,0,0,0,0,0,0,0,0,0,0,0,0,0,0,0,0,0,0,0,0,0,0,0,0,0,0,0,0,0,0,0,0,0,0,0,0,0,0,0,0,0,0,0,0,0,0,0,1,0,0,0,0,0,0,0,0,0,0,0,0,0,0,0,0,0,0,0,0,0,0,0,0,0,0,0,0,0,0,0,0,0,0,0,0,0,0,0,0,0,0,0,0,0,0,0,0,0,0,0,0,0,0,0,0,0,0,0,0,0,0,0,0,1,0,0,0,0,0,0,0,0,0,0,0,0,0,0,0,0,0,0,0,0,0,0,0,0,0,0,0,0,0,0,0,0,1,1,0,0,0,0,0,1,0,0,0,2,200.0,2250.0,475.0,1850,4000,2925.0,0.6363636363636362,0.5699708454810495,0.005334518781951545,"[10, 11, 12, 1, 2, 3]",10|11|12|1|2|3
374,Tripura Sundari Temple,Udaipur,Tripura,Northeast,Temple,"Spiritual,Pilgrimage","Family,Solo",0,50,1200,200,23.5333,91.4833,4.7,9000,10,3,Mountain,TRI-263,65.5,True,Moderate,Short (1-2 hrs),0,0,0,0,0,0,0,0,0,0,0,0,0,0,0,0,0,0,0,0,0,0,0,0,0,0,0,0,0,0,0,0,0,0,0,0,0,0,0,0,0,0,0,0,0,0,0,0,0,0,0,0,0,0,0,0,0,0,0,0,0,0,0,0,0,0,0,0,0,0,0,0,0,0,0,0,0,0,0,0,0,0,0,0,0,0,0,0,0,0,0,0,0,0,1,0,0,0,0,0,0,0,0,0,0,0,0,0,0,0,0,0,0,0,0,0,0,0,0,0,0,0,1,0,0,0,0,0,0,0,0,0,0,0,0,0,0,0,0,0,0,0,0,0,0,0,0,0,0,0,0,0,0,0,0,1,0,0,0,0,0,0,1,0,0,0,2,100.0,1850.0,400.0,1450,3250,2350.0,0.7272727272727271,0.6078717201166179,0.0097799511002445,"[10, 11, 12, 1, 2, 3]",10|11|12|1|2|3
375,Sepahijala Wildlife Sanctuary,Bishalgarh,Tripura,Northeast,Wildlife Sanctuary,"Nature,Adventure","Family,Friends",20,300,2000,300,23.657,91.31,4.3,3500,10,4,Forest,TRI-263,48.2,False,Moderate,Full-day (4-8 hrs),1,0,0,0,0,0,0,0,0,0,0,0,0,0,0,0,0,0,0,0,0,0,0,0,0,0,0,0,0,0,0,0,0,0,0,0,0,0,0,0,0,0,0,0,0,0,0,0,0,0,0,0,0,0,0,0,0,0,0,0,0,0,0,0,0,0,0,0,0,0,0,0,0,0,0,0,0,0,0,0,0,0,0,0,1,0,0,0,0,0,0,0,0,0,0,0,0,0,0,0,0,0,0,0,0,0,0,0,0,0,0,0,0,0,0,0,0,0,0,0,0,0,0,0,0,0,0,0,0,0,0,0,0,0,0,0,0,0,0,0,0,0,0,0,0,0,0,0,0,0,0,0,0,0,0,1,1,0,0,0,0,0,0,0,0,0,2,550.0,2750.0,550.0,2620,5120,3870.0,0.3636363636363633,0.3556851311953353,0.003667481662591687,"[10, 11, 12, 1, 2, 3, 4]",10|11|12|1|2|3|4
376,Trishna Wildlife Sanctuary,Belonia,Tripura,Northeast,Wildlife Sanctuary,"Nature,Adventure","Friends,Solo",20,300,1800,300,23.033,91.533,4.2,1500,10,4,Forest,TRI-263,46.8,False,Moderate,Full-day (4-8 hrs),1,0,0,0,0,0,0,0,0,0,0,0,0,0,0,0,0,0,0,0,0,0,0,0,0,0,0,0,0,0,0,0,0,0,0,0,0,0,0,0,0,0,0,0,0,0,0,0,0,0,0,0,0,0,0,0,0,0,0,0,0,0,0,0,0,0,0,0,0,0,0,0,0,0,0,0,0,0,0,0,0,0,0,0,1,0,0,0,0,0,0,0,0,0,0,0,0,0,0,0,0,0,0,0,0,0,0,0,0,0,0,0,0,0,0,0,0,0,0,0,0,0,0,0,0,0,0,0,0,0,0,0,0,0,0,0,0,0,0,0,0,0,0,0,0,0,0,0,0,0,0,0,0,0,0,0,1,0,0,0,0,0,1,0,0,0,2,500.0,2500.0,500.0,2420,4620,3520.0,0.27272727272727293,0.33527696793002904,0.0014447655034452102,"[10, 11, 12, 1, 2, 3, 4]",10|11|12|1|2|3|4
377,Dumboor Lake,Gandacherra,Tripura,Northeast,Lake,"Nature,Scenic","Family,Couples",0,200,1500,250,23.518,91.86,4.2,2000,10,3,Valley,TRI-263,45.4,False,Easy,Full-day (4-8 hrs),0,0,0,0,0,0,0,0,0,0,0,0,0,0,0,0,0,0,0,0,0,0,0,0,0,0,0,0,0,0,0,0,0,0,0,0,0,0,0,0,0,0,0,0,0,0,0,0,0,0,0,0,0,0,0,0,0,0,0,0,0,0,0,0,0,0,0,0,0,0,0,0,0,0,0,0,0,0,0,0,0,0,0,0,1,0,0,0,0,0,0,0,0,0,0,0,0,0,0,0,0,0,0,0,0,0,0,0,0,0,0,0,1,0,0,0,0,0,0,0,0,0,0,0,0,0,0,0,0,0,0,0,0,0,0,0,0,0,0,0,0,0,0,0,0,0,0,0,0,0,0,0,0,0,1,1,0,0,0,0,0,0,0,0,0,0,1,350.0,2150.0,425.0,1950,3900,2925.0,0.27272727272727293,0.314868804664723,0.0020004445432318294,"[10, 11, 12, 1, 2, 3]",10|11|12|1|2|3
378,Jampui Hills,Vanghmun,Tripura,Northeast,Hill Station,"Nature,Romantic","Couples,Friends,Solo",0,200,2000,300,24.2,92.3,4.4,2200,10,4,Mountain,TRI-264,55.9,False,Moderate,Full-day (4-8 hrs),0,0,0,0,0,0,0,0,0,0,0,0,0,0,0,0,0,0,0,0,0,0,0,0,0,0,0,0,0,0,0,0,0,0,0,0,0,0,0,0,0,0,0,0,0,0,0,0,0,0,0,0,0,0,0,0,0,0,0,0,0,0,0,0,0,0,0,0,0,0,0,0,0,0,0,0,0,0,0,0,0,0,0,0,1,0,0,0,0,0,0,0,0,0,0,0,0,0,0,0,0,0,0,0,0,0,0,0,1,0,0,0,0,0,0,0,0,0,0,0,0,0,0,0,0,0,0,0,0,0,0,0,0,0,0,0,0,0,0,0,0,0,0,0,0,0,0,0,0,0,0,0,0,0,1,0,1,0,0,0,0,0,1,0,0,0,2,400.0,3000.0,500.0,2500,5300,3900.0,0.4545454545454546,0.46793002915451887,0.002222716159146477,"[10, 11, 12, 1, 2, 3, 4]",10|11|12|1|2|3|4
379,Pilak Archaeological Site,Santirbazar,Tripura,Northeast,Archaeological Site,"Historical,Cultural","Solo,Friends",0,100,1400,250,23.1667,91.6333,4.1,900,10,3,Urban,TRI-263,43.8,False,Moderate,Half-day (2-4 hrs),0,0,0,0,0,0,0,0,0,0,0,0,0,0,0,0,0,0,0,0,0,0,0,0,0,0,0,0,0,0,0,1,0,0,0,0,0,0,0,0,0,0,0,0,0,0,0,0,0,0,0,0,0,0,0,0,0,1,0,0,0,0,0,0,0,0,0,0,0,0,0,0,0,0,0,0,0,0,0,0,0,0,0,0,0,0,0,0,0,0,0,0,0,0,0,0,0,0,0,0,0,0,0,0,0,0,0,0,0,0,0,0,0,0,0,0,0,0,0,0,0,0,0,0,0,0,0,0,0,0,0,0,0,0,0,0,0,0,0,0,0,0,0,0,0,0,0,0,0,0,0,0,0,0,0,0,1,0,0,0,0,0,1,0,0,0,2,200.0,1950.0,425.0,1750,3400,2575.0,0.1818181818181812,0.29154518950437314,0.000777950655701267,"[10, 11, 12, 1, 2, 3]",10|11|12|1|2|3
380,Heritage Park,Agartala,Tripura,Northeast,Park,"Leisure,Nature","Family,Couples",20,50,2000,250,23.838,91.2794,4.3,2500,10,3,Urban,TRI-263,49.8,False,Easy,Half-day (2-4 hrs),0,0,0,0,0,0,0,0,0,0,0,0,0,0,0,0,0,0,0,0,0,0,0,0,0,0,0,0,0,0,0,0,0,0,0,0,0,0,0,0,0,0,0,0,0,0,0,0,0,0,0,0,0,0,0,0,0,0,0,0,0,0,0,0,0,0,0,0,0,1,0,0,0,0,0,0,0,0,0,0,0,0,0,0,1,0,0,0,0,0,0,0,0,0,0,0,0,0,0,0,0,0,0,0,0,0,0,0,0,0,0,0,0,0,0,0,0,0,0,0,0,0,0,0,0,0,0,0,0,0,0,0,0,0,0,0,0,0,0,0,0,0,0,0,0,0,0,0,0,0,0,0,0,0,1,1,0,0,0,0,0,0,0,0,0,0,1,125.0,2750.0,425.0,2320,4320,3320.0,0.3636363636363633,0.37900874635568504,0.0025561235830184486,"[10, 11, 12, 1, 2, 3]",10|11|12|1|2|3
381,Jagannath Temple,Agartala,Tripura,Northeast,Temple,Spiritual,"Family,Solo",0,50,1800,250,23.829,91.279,4.4,1800,10,3,Urban,TRI-263,56.8,False,Easy,Short (1-2 hrs),0,0,0,0,0,0,0,0,0,0,0,0,0,0,0,0,0,0,0,0,0,0,0,0,0,0,0,0,0,0,0,0,0,0,0,0,0,0,0,0,0,0,0,0,0,0,0,0,0,0,0,0,0,0,0,0,0,0,0,0,0,0,0,0,0,0,0,0,0,0,0,0,0,0,0,0,0,0,0,0,0,0,0,0,0,0,0,0,0,0,0,0,0,0,0,0,0,0,0,0,0,0,0,0,0,0,0,0,0,0,0,0,0,0,0,0,0,0,0,0,0,0,1,0,0,0,0,0,0,0,0,0,0,0,0,0,0,0,0,0,0,0,0,0,0,0,0,0,0,0,0,0,0,0,0,1,0,0,0,0,0,0,1,0,0,0,1,100.0,2500.0,425.0,2100,3950,3025.0,0.4545454545454546,0.48104956268221566,0.0017781729273171818,"[10, 11, 12, 1, 2, 3]",10|11|12|1|2|3
382,Venuban Vihar,Agartala,Tripura,Northeast,Buddhist Cultural Temple,"Spiritual,Cultural","Family,Solo",0,50,1800,250,23.835,91.286,4.1,700,10,3,Urban,TRI-263,45.0,False,Easy,Short (1-2 hrs),0,0,0,0,0,0,0,0,0,0,0,0,0,0,0,0,0,0,0,0,0,0,0,0,0,0,0,0,0,0,0,1,0,0,0,0,0,0,0,0,0,0,0,0,0,0,0,0,0,0,0,0,0,0,0,0,0,0,0,0,0,0,0,0,0,0,0,0,0,0,0,0,0,0,0,0,0,0,0,0,0,0,0,0,0,0,0,0,0,0,0,0,0,0,0,0,0,0,0,0,0,0,0,0,0,0,0,0,0,0,0,0,0,0,0,0,0,0,0,0,0,0,1,0,0,0,0,0,0,0,0,0,0,0,0,0,0,0,0,0,0,0,0,0,0,0,0,0,0,0,0,0,0,0,0,1,0,0,0,0,0,0,1,0,0,0,1,100.0,2500.0,425.0,2100,3950,3025.0,0.1818181818181812,0.30903790087463556,0.0005556790397866193,"[10, 11, 12, 1, 2, 3]",10|11|12|1|2|3
383,Rudrasagar Lake,Melaghar,Tripura,Northeast,Lake,"Nature,Scenic","Family,Couples",0,200,1800,250,23.5,91.31,4.2,1700,10,3,Valley,TRI-263,46.2,False,Easy,Full-day (4-8 hrs),0,0,0,0,0,0,0,0,0,0,0,0,0,0,0,0,0,0,0,0,0,0,0,0,0,0,0,0,0,0,0,0,0,0,0,0,0,0,0,0,0,0,0,0,0,0,0,0,0,0,0,0,0,0,0,0,0,0,0,0,0,0,0,0,0,0,0,0,0,0,0,0,0,0,0,0,0,0,0,0,0,0,0,0,1,0,0,0,0,0,0,0,0,0,0,0,0,0,0,0,0,0,0,0,0,0,0,0,0,0,0,0,1,0,0,0,0,0,0,0,0,0,0,0,0,0,0,0,0,0,0,0,0,0,0,0,0,0,0,0,0,0,0,0,0,0,0,0,0,0,0,0,0,0,1,1,0,0,0,0,0,0,0,0,0,0,1,300.0,2500.0,425.0,2250,4200,3225.0,0.27272727272727293,0.326530612244898,0.001667037119359858,"[10, 11, 12, 1, 2, 3]",10|11|12|1|2|3
384,Kamalasagar Kali Temple,Kamalasagar,Tripura,Northeast,Temple,"Spiritual,Scenic","Family,Couples",0,50,1800,250,23.382,91.31,4.3,1600,10,3,Urban,TRI-263,51.9,False,Easy,Short (1-2 hrs),0,0,0,0,0,0,0,0,0,0,0,0,0,0,0,0,0,0,0,0,0,0,0,0,0,0,0,0,0,0,0,0,0,0,0,0,0,0,0,0,0,0,0,0,0,0,0,0,0,0,0,0,0,0,0,0,0,0,0,0,0,0,0,0,0,0,0,0,0,0,0,0,0,0,0,0,0,0,0,0,0,0,0,0,0,0,0,0,0,0,0,0,0,0,0,0,0,0,0,0,0,0,0,0,0,0,0,0,0,0,0,0,1,0,0,0,0,0,0,0,0,0,1,0,0,0,0,0,0,0,0,0,0,0,0,0,0,0,0,0,0,0,0,0,0,0,0,0,0,0,0,0,0,0,1,1,0,0,0,0,0,0,0,0,0,0,1,125.0,2500.0,425.0,2100,4000,3050.0,0.3636363636363633,0.40962099125364426,0.0015559013114025341,"[10, 11, 12, 1, 2, 3]",10|11|12|1|2|3
385,Chabimura Rock Carvings,Amarpur,Tripura,Northeast,Rock Carvings,"Historical,Adventure","Friends,Solo",0,300,1500,250,23.4333,91.65,4.4,1400,10,3,Mountain,TRI-263,58.0,False,Moderate,Half-day (2-4 hrs),1,0,0,0,0,0,0,0,0,0,0,0,0,0,0,0,0,0,0,0,0,0,0,0,0,0,0,0,0,0,0,0,0,0,0,0,0,0,0,0,0,0,0,0,0,0,0,0,0,0,0,0,0,0,0,0,0,1,0,0,0,0,0,0,0,0,0,0,0,0,0,0,0,0,0,0,0,0,0,0,0,0,0,0,0,0,0,0,0,0,0,0,0,0,0,0,0,0,0,0,0,0,0,0,0,0,0,0,0,0,0,0,0,0,0,0,0,0,0,0,0,0,0,0,0,0,0,0,0,0,0,0,0,0,0,0,0,0,0,0,0,0,0,0,0,0,0,0,0,0,0,0,0,0,0,0,1,0,0,0,0,0,1,0,0,0,2,550.0,2150.0,425.0,2050,4200,3125.0,0.4545454545454546,0.4985422740524781,0.0013336296954878865,"[10, 11, 12, 1, 2, 3]",10|11|12|1|2|3
386,Baramura Ecological Park,Baramura,Tripura,Northeast,Ecological Park,"Nature,Adventure","Family,Friends",20,200,1500,250,23.9,91.5,4.0,600,10,3,Forest,TRI-263,40.2,False,Moderate,Half-day (2-4 hrs),1,0,0,0,0,0,0,0,0,0,0,0,0,0,0,0,0,0,0,0,0,0,0,0,0,0,0,0,0,0,0,0,0,0,0,0,0,0,0,0,0,0,0,0,0,0,0,0,0,0,0,0,0,0,0,0,0,0,0,0,0,0,0,0,0,0,0,0,0,0,0,0,0,0,0,0,0,0,0,0,0,0,0,0,1,0,0,0,0,0,0,0,0,0,0,0,0,0,0,0,0,0,0,0,0,0,0,0,0,0,0,0,0,0,0,0,0,0,0,0,0,0,0,0,0,0,0,0,0,0,0,0,0,0,0,0,0,0,0,0,0,0,0,0,0,0,0,0,0,0,0,0,0,0,0,1,1,0,0,0,0,0,0,0,0,0,2,350.0,2150.0,425.0,1970,3920,2945.0,0.09090909090909083,0.23906705539358597,0.0004445432318292954,"[10, 11, 12, 1, 2, 3]",10|11|12|1|2|3
387,Tepania Ecological Park,Udaipur,Tripura,Northeast,Ecological Park,"Nature,Adventure","Family,Friends",20,200,1500,250,23.53,91.49,4.0,650,10,3,Forest,TRI-263,39.9,False,Moderate,Half-day (2-4 hrs),1,0,0,0,0,0,0,0,0,0,0,0,0,0,0,0,0,0,0,0,0,0,0,0,0,0,0,0,0,0,0,0,0,0,0,0,0,0,0,0,0,0,0,0,0,0,0,0,0,0,0,0,0,0,0,0,0,0,0,0,0,0,0,0,0,0,0,0,0,0,0,0,0,0,0,0,0,0,0,0,0,0,0,0,1,0,0,0,0,0,0,0,0,0,0,0,0,0,0,0,0,0,0,0,0,0,0,0,0,0,0,0,0,0,0,0,0,0,0,0,0,0,0,0,0,0,0,0,0,0,0,0,0,0,0,0,0,0,0,0,0,0,0,0,0,0,0,0,0,0,0,0,0,0,0,1,1,0,0,0,0,0,0,0,0,0,2,350.0,2150.0,425.0,1970,3920,2945.0,0.09090909090909083,0.23469387755102034,0.0005001111358079574,"[10, 11, 12, 1, 2, 3]",10|11|12|1|2|3
388,Rose Valley Amusement Park,Agartala,Tripura,Northeast,Amusement Park,Entertainment,"Family,Friends",300,400,2200,350,23.85,91.27,4.1,1200,10,3,Urban,TRI-263,42.4,False,Easy,Full-day (4-8 hrs),0,0,0,0,0,0,0,0,0,0,0,0,0,0,0,0,0,0,0,0,0,0,0,0,0,0,0,0,0,0,0,0,0,0,0,0,0,0,1,0,0,0,0,0,0,0,0,0,0,0,0,0,0,0,0,0,0,0,0,0,0,0,0,0,0,0,0,0,0,0,0,0,0,0,0,0,0,0,0,0,0,0,0,0,0,0,0,0,0,0,0,0,0,0,0,0,0,0,0,0,0,0,0,0,0,0,0,0,0,0,0,0,0,0,0,0,0,0,0,0,0,0,0,0,0,0,0,0,0,0,0,0,0,0,0,0,0,0,0,0,0,0,0,0,0,0,0,0,0,0,0,0,0,0,0,1,1,0,0,0,0,0,0,0,0,0,1,650.0,3100.0,625.0,3250,6100,4675.0,0.1818181818181812,0.271137026239067,0.0011113580795732386,"[10, 11, 12, 1, 2, 3]",10|11|12|1|2|3
389,Gumti Wildlife Sanctuary,Amarpur,Tripura,Northeast,Wildlife Sanctuary,"Nature,Adventure","Friends,Solo",20,300,1500,300,23.45,91.8,4.0,500,10,4,Forest,TRI-263,41.1,False,Moderate,Full-day (4-8 hrs),1,0,0,0,0,0,0,0,0,0,0,0,0,0,0,0,0,0,0,0,0,0,0,0,0,0,0,0,0,0,0,0,0,0,0,0,0,0,0,0,0,0,0,0,0,0,0,0,0,0,0,0,0,0,0,0,0,0,0,0,0,0,0,0,0,0,0,0,0,0,0,0,0,0,0,0,0,0,0,0,0,0,0,0,1,0,0,0,0,0,0,0,0,0,0,0,0,0,0,0,0,0,0,0,0,0,0,0,0,0,0,0,0,0,0,0,0,0,0,0,0,0,0,0,0,0,0,0,0,0,0,0,0,0,0,0,0,0,0,0,0,0,0,0,0,0,0,0,0,0,0,0,0,0,0,0,1,0,0,0,0,0,1,0,0,0,2,500.0,2150.0,500.0,2120,4220,3170.0,0.09090909090909083,0.25218658892128276,0.00033340742387197157,"[10, 11, 12, 1, 2, 3, 4]",10|11|12|1|2|3|4
390,Boxanagar Mosque,Boxanagar,Tripura,Northeast,Mosque,"Religion,Historical","Solo,Family",0,50,1200,200,23.6,91.2,3.9,300,10,3,Urban,TRI-263,38.1,False,Easy,Short (1-2 hrs),0,0,0,0,0,0,0,0,0,0,0,0,0,0,0,0,0,0,0,0,0,0,0,0,0,0,0,0,0,0,0,0,0,0,0,0,0,0,0,0,0,0,0,0,0,0,0,0,0,0,0,0,0,0,0,0,0,1,0,0,0,0,0,0,0,0,0,0,0,0,0,0,0,0,0,0,0,0,0,0,0,0,0,0,0,0,0,0,0,0,0,0,0,0,0,0,0,0,0,0,1,0,0,0,0,0,0,0,0,0,0,0,0,0,0,0,0,0,0,0,0,0,0,0,0,0,0,0,0,0,0,0,0,0,0,0,0,0,0,0,0,0,0,0,0,0,0,0,0,0,0,0,0,0,0,1,0,0,0,0,0,0,1,0,0,0,1,100.0,1850.0,400.0,1450,3250,2350.0,0.0,0.20845481049562686,0.00011113580795732385,"[10, 11, 12, 1, 2, 3]",10|11|12|1|2|3
391,Kalapania Nature Park,Khowai,Tripura,Northeast,Nature Park,Nature,"Family,Friends",10,150,1400,200,23.95,91.62,4.0,350,10,3,Forest,TRI-263,42.8,False,Moderate,Half-day (2-4 hrs),0,0,0,0,0,0,0,0,0,0,0,0,0,0,0,0,0,0,0,0,0,0,0,0,0,0,0,0,0,0,0,0,0,0,0,0,0,0,0,0,0,0,0,0,0,0,0,0,0,0,0,0,0,0,0,0,0,0,0,0,0,0,0,0,0,0,0,0,0,0,0,0,0,0,0,0,0,0,0,0,0,0,0,0,1,0,0,0,0,0,0,0,0,0,0,0,0,0,0,0,0,0,0,0,0,0,0,0,0,0,0,0,0,0,0,0,0,0,0,0,0,0,0,0,0,0,0,0,0,0,0,0,0,0,0,0,0,0,0,0,0,0,0,0,0,0,0,0,0,0,0,0,0,0,0,1,1,0,0,0,0,0,0,0,0,0,2,275.0,2000.0,400.0,1760,3610,2685.0,0.09090909090909083,0.27696793002915443,0.0001667037119359858,"[10, 11, 12, 1, 2, 3]",10|11|12|1|2|3
392,Vanghmun Village,Vanghmun,Tripura,Northeast,Scenic Village,"Nature,Cultural","Couples,Solo",0,100,1800,250,24.21,92.3,4.1,400,10,4,Mountain,TRI-264,47.6,False,Moderate,Half-day (2-4 hrs),0,0,0,0,0,0,0,0,0,0,0,0,0,0,0,0,0,0,0,0,0,0,0,0,0,0,0,0,0,0,0,1,0,0,0,0,0,0,0,0,0,0,0,0,0,0,0,0,0,0,0,0,0,0,0,0,0,0,0,0,0,0,0,0,0,0,0,0,0,0,0,0,0,0,0,0,0,0,0,0,0,0,0,0,1,0,0,0,0,0,0,0,0,0,0,0,0,0,0,0,0,0,0,0,0,0,0,0,0,0,0,0,0,0,0,0,0,0,0,0,0,0,0,0,0,0,0,0,0,0,0,0,0,0,0,0,0,0,0,0,0,0,0,0,0,0,0,0,0,0,0,0,0,0,1,0,0,0,0,0,0,0,1,0,0,0,2,200.0,2500.0,425.0,2150,4100,3125.0,0.1818181818181812,0.346938775510204,0.00022227161591464772,"[10, 11, 12, 1, 2, 3, 4]",10|11|12|1|2|3|4
393,Mahamuni Pagoda,Dharmanagar,Tripura,Northeast,Buddhist Cultural Temple,"Spiritual,Cultural","Family,Solo",0,50,1500,200,24.37,92.15,4.1,450,10,3,Urban,TRI-264,47.1,False,Easy,Short (1-2 hrs),0,0,0,0,0,0,0,0,0,0,0,0,0,0,0,0,0,0,0,0,0,0,0,0,0,0,0,0,0,0,0,1,0,0,0,0,0,0,0,0,0,0,0,0,0,0,0,0,0,0,0,0,0,0,0,0,0,0,0,0,0,0,0,0,0,0,0,0,0,0,0,0,0,0,0,0,0,0,0,0,0,0,0,0,0,0,0,0,0,0,0,0,0,0,0,0,0,0,0,0,0,0,0,0,0,0,0,0,0,0,0,0,0,0,0,0,0,0,0,0,0,0,1,0,0,0,0,0,0,0,0,0,0,0,0,0,0,0,0,0,0,0,0,0,0,0,0,0,0,0,0,0,0,0,0,1,0,0,0,0,0,0,1,0,0,0,1,100.0,2050.0,400.0,1750,3350,2550.0,0.1818181818181812,0.33965014577259467,0.0002778395198933096,"[10, 11, 12, 1, 2, 3]",10|11|12|1|2|3
394,Kalyan Sagar Lake,Udaipur,Tripura,Northeast,Lake,"Nature,Spiritual","Family,Couples",0,100,1500,200,23.54,91.48,4.2,1300,10,3,Valley,TRI-263,47.5,False,Easy,Full-day (4-8 hrs),0,0,0,0,0,0,0,0,0,0,0,0,0,0,0,0,0,0,0,0,0,0,0,0,0,0,0,0,0,0,0,0,0,0,0,0,0,0,0,0,0,0,0,0,0,0,0,0,0,0,0,0,0,0,0,0,0,0,0,0,0,0,0,0,0,0,0,0,0,0,0,0,0,0,0,0,0,0,0,0,0,0,0,0,1,0,0,0,0,0,0,0,0,0,0,0,0,0,0,0,0,0,0,0,0,0,0,0,0,0,0,0,0,0,0,0,0,0,0,0,0,0,1,0,0,0,0,0,0,0,0,0,0,0,0,0,0,0,0,0,0,0,0,0,0,0,0,0,0,0,0,0,0,0,1,1,0,0,0,0,0,0,0,0,0,0,1,200.0,2050.0,400.0,1800,3500,2650.0,0.27272727272727293,0.3454810495626821,0.0012224938875305626,"[10, 11, 12, 1, 2, 3]",10|11|12|1|2|3
395,College Tilla Viewpointpoint,Agartala,Tripura,Northeast,Viewpoint,Scenic,"Couples,Friends",0,50,1800,250,23.84,91.29,3.9,300,10,3,Mountain,TRI-263,38.1,False,Moderate,Short (1-2 hrs),0,0,0,0,0,0,0,0,0,0,0,0,0,0,0,0,0,0,0,0,0,0,0,0,0,0,0,0,0,0,0,0,0,0,0,0,0,0,0,0,0,0,0,0,0,0,0,0,0,0,0,0,0,0,0,0,0,0,0,0,0,0,0,0,0,0,0,0,0,0,0,0,0,0,0,0,0,0,0,0,0,0,0,0,0,0,0,0,0,0,0,0,0,0,0,0,0,0,0,0,0,0,0,0,0,0,0,0,0,0,0,0,1,0,0,0,0,0,0,0,0,0,0,0,0,0,0,0,0,0,0,0,0,0,0,0,0,0,0,0,0,0,0,0,0,0,0,0,0,0,0,0,0,0,1,0,1,0,0,0,0,0,0,0,0,0,2,100.0,2500.0,425.0,2100,3950,3025.0,0.0,0.20845481049562686,0.00011113580795732385,"[10, 11, 12, 1, 2, 3]",10|11|12|1|2|3
396,Fourteen Gods Temple,Old Agartala,Tripura,Northeast,Temple,"Spiritual,Pilgrimage","Family,Solo",0,50,1800,250,23.88,91.31,4.3,1100,10,3,Urban,TRI-263,53.7,False,Easy,Short (1-2 hrs),0,0,0,0,0,0,0,0,0,0,0,0,0,0,0,0,0,0,0,0,0,0,0,0,0,0,0,0,0,0,0,0,0,0,0,0,0,0,0,0,0,0,0,0,0,0,0,0,0,0,0,0,0,0,0,0,0,0,0,0,0,0,0,0,0,0,0,0,0,0,0,0,0,0,0,0,0,0,0,0,0,0,0,0,0,0,0,0,0,0,0,0,0,0,1,0,0,0,0,0,0,0,0,0,0,0,0,0,0,0,0,0,0,0,0,0,0,0,0,0,0,0,1,0,0,0,0,0,0,0,0,0,0,0,0,0,0,0,0,0,0,0,0,0,0,0,0,0,0,0,0,0,0,0,0,1,0,0,0,0,0,0,1,0,0,0,1,100.0,2500.0,425.0,2100,3950,3025.0,0.3636363636363633,0.43586005830903785,0.0010002222716159147,"[10, 11, 12, 1, 2, 3]",10|11|12|1|2|3
397,Rani Kachari Palace,Udaipur,Tripura,Northeast,Historic Ruins,Historical,"Solo,Friends",0,50,1500,200,23.52,91.48,4.0,500,10,3,Urban,TRI-263,41.1,False,Moderate,Half-day (2-4 hrs),0,0,0,0,0,0,0,0,0,0,0,0,0,0,0,0,0,0,0,0,0,0,0,0,0,0,0,0,0,0,0,0,0,0,0,0,0,0,0,0,0,0,0,0,0,0,0,0,0,0,0,0,0,0,0,0,0,1,0,0,0,0,0,0,0,0,0,0,0,0,0,0,0,0,0,0,0,0,0,0,0,0,0,0,0,0,0,0,0,0,0,0,0,0,0,0,0,0,0,0,0,0,0,0,0,0,0,0,0,0,0,0,0,0,0,0,0,0,0,0,0,0,0,0,0,0,0,0,0,0,0,0,0,0,0,0,0,0,0,0,0,0,0,0,0,0,0,0,0,0,0,0,0,0,0,0,1,0,0,0,0,0,1,0,0,0,2,125.0,2050.0,400.0,1750,3400,2575.0,0.09090909090909083,0.25218658892128276,0.00033340742387197157,"[10, 11, 12, 1, 2, 3]",10|11|12|1|2|3
398,Gunabati Group Of Temples,Udaipur,Tripura,Northeast,Temple Complex,"Historical,Spiritual","Family,Solo",0,50,1500,200,23.5305,91.481,4.1,420,10,3,Urban,TRI-263,47.4,False,Easy,Short (1-2 hrs),0,0,0,0,0,0,0,0,0,0,0,0,0,0,0,0,0,0,0,0,0,0,0,0,0,0,0,0,0,0,0,0,0,0,0,0,0,0,0,0,0,0,0,0,0,0,0,0,0,0,0,0,0,0,0,0,0,1,0,0,0,0,0,0,0,0,0,0,0,0,0,0,0,0,0,0,0,0,0,0,0,0,0,0,0,0,0,0,0,0,0,0,0,0,0,0,0,0,0,0,0,0,0,0,0,0,0,0,0,0,0,0,0,0,0,0,0,0,0,0,0,0,1,0,0,0,0,0,0,0,0,0,0,0,0,0,0,0,0,0,0,0,0,0,0,0,0,0,0,0,0,0,0,0,0,1,0,0,0,0,0,0,1,0,0,0,1,125.0,2050.0,400.0,1750,3400,2575.0,0.1818181818181812,0.3440233236151603,0.00024449877750611245,"[10, 11, 12, 1, 2, 3]",10|11|12|1|2|3
399,Amarpur Lake,Amarpur,Tripura,Northeast,Lake,"Nature,Scenic","Family,Couples",0,100,1500,200,23.52,91.65,4.0,380,10,3,Valley,TRI-263,42.4,False,Easy,Full-day (4-8 hrs),0,0,0,0,0,0,0,0,0,0,0,0,0,0,0,0,0,0,0,0,0,0,0,0,0,0,0,0,0,0,0,0,0,0,0,0,0,0,0,0,0,0,0,0,0,0,0,0,0,0,0,0,0,0,0,0,0,0,0,0,0,0,0,0,0,0,0,0,0,0,0,0,0,0,0,0,0,0,0,0,0,0,0,0,1,0,0,0,0,0,0,0,0,0,0,0,0,0,0,0,0,0,0,0,0,0,0,0,0,0,0,0,1,0,0,0,0,0,0,0,0,0,0,0,0,0,0,0,0,0,0,0,0,0,0,0,0,0,0,0,0,0,0,0,0,0,0,0,0,0,0,0,0,0,1,1,0,0,0,0,0,0,0,0,0,0,1,200.0,2050.0,400.0,1800,3500,2650.0,0.09090909090909083,0.271137026239067,0.00020004445432318297,"[10, 11, 12, 1, 2, 3]",10|11|12|1|2|3
400,Betlingchhip Peak,Jampui Hills,Tripura,Northeast,Mountain Peak,"Adventure,Nature","Friends,Solo",0,300,2000,300,24.23,92.28,4.4,700,10,4,Mountain,TRI-264,61.3,False,Strenuous,Multi-day (1-3 days),1,0,0,0,0,0,0,0,0,0,0,0,0,0,0,0,0,0,0,0,0,0,0,0,0,0,0,0,0,0,0,0,0,0,0,0,0,0,0,0,0,0,0,0,0,0,0,0,0,0,0,0,0,0,0,0,0,0,0,0,0,0,0,0,0,0,0,0,0,0,0,0,0,0,0,0,0,0,0,0,0,0,0,0,1,0,0,0,0,0,0,0,0,0,0,0,0,0,0,0,0,0,0,0,0,0,0,0,0,0,0,0,0,0,0,0,0,0,0,0,0,0,0,0,0,0,0,0,0,0,0,0,0,0,0,0,0,0,0,0,0,0,0,0,0,0,0,0,0,0,0,0,0,0,0,0,1,0,0,0,0,0,1,0,0,0,3,600.0,2750.0,500.0,2600,5100,3850.0,0.4545454545454546,0.5466472303206996,0.0005556790397866193,"[10, 11, 12, 1, 2, 3, 4]",10|11|12|1|2|3|4
401,Kohima War Cemetery,Kohima,Nagaland,Northeast,War Memorial,Historical,"Family,Solo",0,50,2000,300,25.6751,94.1086,4.7,5000,10,4,Urban,NAG-188,68.3,True,Easy,Short (1-2 hrs),0,0,0,0,0,0,0,0,0,0,0,0,0,0,0,0,0,0,0,0,0,0,0,0,0,0,0,0,0,0,0,0,0,0,0,0,0,0,0,0,0,0,0,0,0,0,0,0,0,0,0,0,0,0,0,0,0,1,0,0,0,0,0,0,0,0,0,0,0,0,0,0,0,0,0,0,0,0,0,0,0,0,0,0,0,0,0,0,0,0,0,0,0,0,0,0,0,0,0,0,0,0,0,0,0,0,0,0,0,0,0,0,0,0,0,0,0,0,0,0,0,0,0,0,0,0,0,0,0,0,0,0,0,0,0,0,0,0,0,0,0,0,0,0,0,0,0,0,0,0,0,0,0,0,0,1,0,0,0,0,0,0,1,0,0,0,1,125.0,3000.0,550.0,2350,5000,3675.0,0.7272727272727271,0.6486880466472301,0.005334518781951545,"[10, 11, 12, 1, 2, 3, 4]",10|11|12|1|2|3|4
402,Dzukou Valley,Kohima,Nagaland,Northeast,Valley,"Nature,Trekking,Adventure","Friends,Solo,Couples",0,500,1500,300,25.566,94.123,4.8,8000,10,5,Valley,NAG-188,71.6,True,Moderate,Full-day (4-8 hrs),1,0,0,0,0,0,0,0,0,0,0,0,0,0,0,0,0,0,0,0,0,0,0,0,0,0,0,0,0,0,0,0,0,0,0,0,0,0,0,0,0,0,0,0,0,0,0,0,0,0,0,0,0,0,0,0,0,0,0,0,0,0,0,0,0,0,0,0,0,0,0,0,0,0,0,0,0,0,0,0,0,0,0,0,1,0,0,0,0,0,0,0,0,0,0,0,0,0,0,0,0,0,0,0,0,0,0,0,0,0,0,0,0,0,0,0,0,0,0,0,0,0,0,0,0,0,0,0,0,0,0,0,0,0,0,0,1,0,0,0,0,0,0,0,0,0,0,0,0,0,0,0,0,0,1,0,1,0,0,0,0,0,1,0,0,0,2,1000.0,2500.0,500.0,2300,5700,4000.0,0.8181818181818179,0.6967930029154517,0.008668593020671262,"[10, 11, 12, 1, 2, 3, 4, 5]",10|11|12|1|2|3|4|5
403,Japfu Peak,Kohima,Nagaland,Northeast,Mountain Peak,"Adventure,Trekking,Nature","Friends,Solo",0,400,1500,300,25.579,94.077,4.6,2500,10,4,Mountain,NAG-188,66.2,True,Strenuous,Multi-day (1-3 days),1,0,0,0,0,0,0,0,0,0,0,0,0,0,0,0,0,0,0,0,0,0,0,0,0,0,0,0,0,0,0,0,0,0,0,0,0,0,0,0,0,0,0,0,0,0,0,0,0,0,0,0,0,0,0,0,0,0,0,0,0,0,0,0,0,0,0,0,0,0,0,0,0,0,0,0,0,0,0,0,0,0,0,0,1,0,0,0,0,0,0,0,0,0,0,0,0,0,0,0,0,0,0,0,0,0,0,0,0,0,0,0,0,0,0,0,0,0,0,0,0,0,0,0,0,0,0,0,0,0,0,0,0,0,0,0,1,0,0,0,0,0,0,0,0,0,0,0,0,0,0,0,0,0,0,0,1,0,0,0,0,0,1,0,0,0,3,800.0,2500.0,500.0,2200,5400,3800.0,0.6363636363636362,0.6180758017492711,0.0025561235830184486,"[10, 11, 12, 1, 2, 3, 4]",10|11|12|1|2|3|4
404,Naga Heritage Village,Kisama,Nagaland,Northeast,Cultural Village,"Cultural,Festival","Family,Friends",20,200,2000,300,25.653,94.11,4.6,4000,11,12,Mountain,NAG-188,64.0,True,Moderate,Half-day (2-4 hrs),0,0,0,0,0,0,0,0,0,0,0,0,0,0,0,0,0,0,0,0,0,0,0,0,0,0,0,0,0,0,0,1,0,0,0,0,0,0,0,0,0,1,0,0,0,0,0,0,0,0,0,0,0,0,0,0,0,0,0,0,0,0,0,0,0,0,0,0,0,0,0,0,0,0,0,0,0,0,0,0,0,0,0,0,0,0,0,0,0,0,0,0,0,0,0,0,0,0,0,0,0,0,0,0,0,0,0,0,0,0,0,0,0,0,0,0,0,0,0,0,0,0,0,0,0,0,0,0,0,0,0,0,0,0,0,0,0,0,0,0,0,0,0,0,0,0,0,0,0,0,0,0,0,0,0,1,1,0,0,0,0,0,0,0,0,0,2,350.0,3000.0,550.0,2520,5320,3920.0,0.6363636363636362,0.58600583090379,0.004223160702378307,"[11, 12]",11|12
405,Shilloi Lake,Phek,Nagaland,Northeast,Lake,"Nature,Scenic","Couples,Family",0,200,1500,250,25.45,94.9,4.4,1200,10,4,Valley,NAG-190,58.8,False,Easy,Full-day (4-8 hrs),0,0,0,0,0,0,0,0,0,0,0,0,0,0,0,0,0,0,0,0,0,0,0,0,0,0,0,0,0,0,0,0,0,0,0,0,0,0,0,0,0,0,0,0,0,0,0,0,0,0,0,0,0,0,0,0,0,0,0,0,0,0,0,0,0,0,0,0,0,0,0,0,0,0,0,0,0,0,0,0,0,0,0,0,1,0,0,0,0,0,0,0,0,0,0,0,0,0,0,0,0,0,0,0,0,0,0,0,0,0,0,0,1,0,0,0,0,0,0,0,0,0,0,0,0,0,0,0,0,0,0,0,0,0,0,0,0,0,0,0,0,0,0,0,0,0,0,0,0,0,0,0,0,0,1,1,0,0,0,0,0,0,0,0,0,0,1,300.0,2250.0,475.0,1950,4100,3025.0,0.4545454545454546,0.510204081632653,0.0011113580795732386,"[10, 11, 12, 1, 2, 3, 4]",10|11|12|1|2|3|4
406,Intanki National Park,Dimapur,Nagaland,Northeast,National Park,"Wildlife,Nature","Friends,Solo",50,400,2000,300,25.45,93.73,4.3,1800,10,4,Forest,NAG-188,51.4,False,Moderate,Full-day (4-8 hrs),0,0,0,0,0,0,0,0,0,0,0,0,0,0,0,0,0,0,0,0,0,0,0,0,0,0,0,0,0,0,0,0,0,0,0,0,0,0,0,0,0,0,0,0,0,0,0,0,0,0,0,0,0,0,0,0,0,0,0,0,0,0,0,0,0,0,0,0,0,0,0,0,0,0,0,0,0,0,0,0,0,0,0,0,1,0,0,0,0,0,0,0,0,0,0,0,0,0,0,0,0,0,0,0,0,0,0,0,0,0,0,0,0,0,0,0,0,0,0,0,0,0,0,0,0,0,0,0,0,0,0,0,0,0,0,0,0,0,0,0,0,0,0,0,0,0,0,0,0,1,0,0,0,0,0,0,1,0,0,0,0,0,1,0,0,0,2,650.0,2750.0,550.0,2750,5250,4000.0,0.3636363636363633,0.4023323615160349,0.0017781729273171818,"[10, 11, 12, 1, 2, 3, 4]",10|11|12|1|2|3|4
407,Khonoma Green Village,Khonoma,Nagaland,Northeast,Ecological Village,"Nature,Cultural","Family,Couples,Solo",50,200,1800,300,25.63,94.03,4.7,3000,10,4,Mountain,NAG-188,70.8,True,Moderate,Half-day (2-4 hrs),0,0,0,0,0,0,0,0,0,0,0,0,0,0,0,0,0,0,0,0,0,0,0,0,0,0,0,0,0,0,0,1,0,0,0,0,0,0,0,0,0,0,0,0,0,0,0,0,0,0,0,0,0,0,0,0,0,0,0,0,0,0,0,0,0,0,0,0,0,0,0,0,0,0,0,0,0,0,0,0,0,0,0,0,1,0,0,0,0,0,0,0,0,0,0,0,0,0,0,0,0,0,0,0,0,0,0,0,0,0,0,0,0,0,0,0,0,0,0,0,0,0,0,0,0,0,0,0,0,0,0,0,0,0,0,0,0,0,0,0,0,0,0,0,0,0,0,0,0,0,0,0,0,0,1,1,0,0,0,0,0,0,1,0,0,0,2,350.0,2500.0,500.0,2350,4450,3400.0,0.7272727272727271,0.6851311953352768,0.003111802622805068,"[10, 11, 12, 1, 2, 3, 4]",10|11|12|1|2|3|4
408,Mokokchung Town,Mokokchung,Nagaland,Northeast,Hill Town,"Cultural,Nature","Family,Solo",0,150,1500,250,26.33,94.53,4.3,1000,10,4,Urban,NAG-188,54.2,False,Moderate,Half-day (2-4 hrs),0,0,0,0,0,0,0,0,0,0,0,0,0,0,0,0,0,0,0,0,0,0,0,0,0,0,0,0,0,0,0,1,0,0,0,0,0,0,0,0,0,0,0,0,0,0,0,0,0,0,0,0,0,0,0,0,0,0,0,0,0,0,0,0,0,0,0,0,0,0,0,0,0,0,0,0,0,0,0,0,0,0,0,0,1,0,0,0,0,0,0,0,0,0,0,0,0,0,0,0,0,0,0,0,0,0,0,0,0,0,0,0,0,0,0,0,0,0,0,0,0,0,0,0,0,0,0,0,0,0,0,0,0,0,0,0,0,0,0,0,0,0,0,0,0,0,0,0,0,0,0,0,0,0,0,1,0,0,0,0,0,0,1,0,0,0,2,275.0,2250.0,475.0,1900,4100,3000.0,0.3636363636363633,0.4431486880466472,0.0008890864636585909,"[10, 11, 12, 1, 2, 3, 4]",10|11|12|1|2|3|4
409,Longkhum Village,Mokokchung,Nagaland,Northeast,Scenic Village,"Nature,Cultural","Couples,Friends",0,200,1500,250,26.4,94.6,4.4,900,10,4,Mountain,NAG-188,60.1,False,Moderate,Half-day (2-4 hrs),0,0,0,0,0,0,0,0,0,0,0,0,0,0,0,0,0,0,0,0,0,0,0,0,0,0,0,0,0,0,0,1,0,0,0,0,0,0,0,0,0,0,0,0,0,0,0,0,0,0,0,0,0,0,0,0,0,0,0,0,0,0,0,0,0,0,0,0,0,0,0,0,0,0,0,0,0,0,0,0,0,0,0,0,1,0,0,0,0,0,0,0,0,0,0,0,0,0,0,0,0,0,0,0,0,0,0,0,0,0,0,0,0,0,0,0,0,0,0,0,0,0,0,0,0,0,0,0,0,0,0,0,0,0,0,0,0,0,0,0,0,0,0,0,0,0,0,0,0,0,0,0,0,0,1,0,1,0,0,0,0,0,0,0,0,0,2,350.0,2150.0,425.0,1950,3900,2925.0,0.4545454545454546,0.5291545189504373,0.000777950655701267,"[10, 11, 12, 1, 2, 3, 4]",10|11|12|1|2|3|4
410,Mount Saramati,Kiphire,Nagaland,Northeast,Mountain Peak,"Adventure,Trekking","Friends,Solo",0,500,1500,300,25.84,95.2,4.6,700,10,4,Mountain,NAG-189,72.2,True,Strenuous,Multi-day (1-3 days),1,0,0,0,0,0,0,0,0,0,0,0,0,0,0,0,0,0,0,0,0,0,0,0,0,0,0,0,0,0,0,0,0,0,0,0,0,0,0,0,0,0,0,0,0,0,0,0,0,0,0,0,0,0,0,0,0,0,0,0,0,0,0,0,0,0,0,0,0,0,0,0,0,0,0,0,0,0,0,0,0,0,0,0,0,0,0,0,0,0,0,0,0,0,0,0,0,0,0,0,0,0,0,0,0,0,0,0,0,0,0,0,0,0,0,0,0,0,0,0,0,0,0,0,0,0,0,0,0,0,0,0,0,0,0,0,1,0,0,0,0,0,0,0,0,0,0,0,0,0,0,0,0,0,0,0,1,0,0,0,0,0,1,0,0,0,3,1000.0,2250.0,500.0,2300,5200,3750.0,0.6363636363636362,0.7055393586005829,0.0005556790397866193,"[10, 11, 12, 1, 2, 3, 4]",10|11|12|1|2|3|4
411,Triple Falls,Dimapur,Nagaland,Northeast,Waterfall,"Nature,Scenic","Family,Couples",20,150,1800,250,25.9,93.72,4.2,800,10,4,Mountain,NAG-188,49.8,False,Moderate,Half-day (2-4 hrs),0,0,0,0,0,0,0,0,0,0,0,0,0,0,0,0,0,0,0,0,0,0,0,0,0,0,0,0,0,0,0,0,0,0,0,0,0,0,0,0,0,0,0,0,0,0,0,0,0,0,0,0,0,0,0,0,0,0,0,0,0,0,0,0,0,0,0,0,0,0,0,0,0,0,0,0,0,0,0,0,0,0,0,0,1,0,0,0,0,0,0,0,0,0,0,0,0,0,0,0,0,0,0,0,0,0,0,0,0,0,0,0,1,0,0,0,0,0,0,0,0,0,0,0,0,0,0,0,0,0,0,0,0,0,0,0,0,0,0,0,0,0,0,0,0,0,0,0,0,0,0,0,0,0,1,1,0,0,0,0,0,0,0,0,0,0,2,275.0,2500.0,425.0,2220,4220,3220.0,0.27272727272727293,0.37900874635568504,0.0006668148477439431,"[10, 11, 12, 1, 2, 3, 4]",10|11|12|1|2|3|4
412,Ruzaphema Market,Kohima,Nagaland,Northeast,Market,"Cultural,Shopping","Family,Friends",0,100,2000,300,25.67,94.1,4.1,900,10,4,Urban,NAG-188,43.8,False,Easy,Short (1-2 hrs),0,0,0,0,0,0,0,0,0,0,0,0,0,0,0,0,0,0,0,0,0,0,0,0,0,0,0,0,0,0,0,1,0,0,0,0,0,0,0,0,0,0,0,0,0,0,0,0,0,0,0,0,0,0,0,0,0,0,0,0,0,0,0,0,0,0,0,0,0,0,0,0,0,0,0,0,0,0,0,0,0,0,0,0,0,0,0,0,0,0,0,0,0,0,0,0,0,0,0,0,0,0,0,0,0,0,0,0,0,0,0,0,0,0,0,0,0,1,0,0,0,0,0,0,0,0,0,0,0,0,0,0,0,0,0,0,0,0,0,0,0,0,0,0,0,0,0,0,0,0,0,0,0,0,0,1,1,0,0,0,0,0,0,0,0,0,1,200.0,2750.0,550.0,2400,4600,3500.0,0.1818181818181812,0.29154518950437314,0.000777950655701267,"[10, 11, 12, 1, 2, 3, 4]",10|11|12|1|2|3|4
413,Tuophema Village,Kohima,Nagaland,Northeast,Heritage Village,"Cultural,Tradition","Family,Solo",50,200,2000,300,25.74,94.1,4.5,1200,10,4,Mountain,NAG-188,64.2,True,Moderate,Half-day (2-4 hrs),0,0,0,0,0,0,0,0,0,0,0,0,0,0,0,0,0,0,0,0,0,0,0,0,0,0,0,0,0,0,0,1,0,0,0,0,0,0,0,0,0,0,0,0,0,0,0,0,0,0,0,0,0,0,0,0,0,0,0,0,0,0,0,0,0,0,0,0,0,0,0,0,0,0,0,0,0,0,0,0,0,0,0,0,0,0,0,0,0,0,0,0,0,0,0,0,0,0,0,0,0,0,0,0,0,0,0,0,0,0,0,0,0,0,0,0,0,0,0,0,0,0,0,0,0,0,0,0,0,0,0,0,0,1,0,0,0,0,0,0,0,0,0,0,0,0,0,0,0,0,0,0,0,0,0,1,0,0,0,0,0,0,1,0,0,0,2,350.0,2750.0,550.0,2550,4850,3700.0,0.5454545454545454,0.5889212827988337,0.0011113580795732386,"[10, 11, 12, 1, 2, 3, 4]",10|11|12|1|2|3|4
414,Nagaland State Museum,Kohima,Nagaland,Northeast,Museum,"Historical,Cultural","Family,Solo",10,50,2000,300,25.67,94.11,4.3,1500,10,4,Urban,NAG-188,52.3,False,Easy,Half-day (2-4 hrs),0,0,0,0,0,0,0,0,0,0,0,0,0,0,0,0,0,0,0,0,0,0,0,0,0,0,0,0,0,0,0,1,0,0,0,0,0,0,0,0,0,0,0,0,0,0,0,0,0,0,0,0,0,0,0,0,0,1,0,0,0,0,0,0,0,0,0,0,0,0,0,0,0,0,0,0,0,0,0,0,0,0,0,0,0,0,0,0,0,0,0,0,0,0,0,0,0,0,0,0,0,0,0,0,0,0,0,0,0,0,0,0,0,0,0,0,0,0,0,0,0,0,0,0,0,0,0,0,0,0,0,0,0,0,0,0,0,0,0,0,0,0,0,0,0,0,0,0,0,0,0,0,0,0,0,1,0,0,0,0,0,0,1,0,0,0,1,125.0,2750.0,550.0,2360,4510,3435.0,0.3636363636363633,0.4154518950437317,0.0014447655034452102,"[10, 11, 12, 1, 2, 3, 4]",10|11|12|1|2|3|4
415,Dimapur Ao Baptist Church,Dimapur,Nagaland,Northeast,Church,Spiritual,"Family,Solo",0,50,1800,250,25.91,93.73,4.4,600,10,4,Urban,NAG-188,62.1,False,Easy,Short (1-2 hrs),0,0,0,0,0,0,0,0,0,0,0,0,0,0,0,0,0,0,0,0,0,0,0,0,0,0,0,0,0,0,0,0,0,0,0,0,0,0,0,0,0,0,0,0,0,0,0,0,0,0,0,0,0,0,0,0,0,0,0,0,0,0,0,0,0,0,0,0,0,0,0,0,0,0,0,0,0,0,0,0,0,0,0,0,0,0,0,0,0,0,0,0,0,0,0,0,0,0,0,0,0,0,0,0,0,0,0,0,0,0,0,0,0,0,0,0,0,0,0,0,0,0,1,0,0,0,0,0,0,0,0,0,0,0,0,0,0,0,0,0,0,0,0,0,0,0,0,0,0,0,0,0,0,0,0,1,0,0,0,0,0,0,1,0,0,0,1,100.0,2500.0,425.0,2100,3950,3025.0,0.4545454545454546,0.5583090379008746,0.0004445432318292954,"[10, 11, 12, 1, 2, 3, 4]",10|11|12|1|2|3|4
416,Diezephe Craft Village,Dimapur,Nagaland,Northeast,Craft Village,"Cultural,Handicrafts","Family,Friends",20,100,1800,250,25.89,93.76,4.2,500,10,4,Mountain,NAG-188,52.0,False,Moderate,Half-day (2-4 hrs),0,0,0,0,0,0,0,0,0,0,0,0,0,0,0,0,0,0,0,0,0,0,0,0,0,0,0,0,0,0,0,1,0,0,0,0,0,0,0,0,0,0,0,0,0,0,0,0,0,0,1,0,0,0,0,0,0,0,0,0,0,0,0,0,0,0,0,0,0,0,0,0,0,0,0,0,0,0,0,0,0,0,0,0,0,0,0,0,0,0,0,0,0,0,0,0,0,0,0,0,0,0,0,0,0,0,0,0,0,0,0,0,0,0,0,0,0,0,0,0,0,0,0,0,0,0,0,0,0,0,0,0,0,0,0,0,0,0,0,0,0,0,0,0,0,0,0,0,0,0,0,0,0,0,0,1,1,0,0,0,0,0,0,0,0,0,2,200.0,2500.0,425.0,2170,4120,3145.0,0.27272727272727293,0.41107871720116607,0.00033340742387197157,"[10, 11, 12, 1, 2, 3, 4]",10|11|12|1|2|3|4
417,Touphema Tourist Village,Kohima,Nagaland,Northeast,Tourist Village,"Cultural,Nature","Family,Couples",50,200,2000,300,25.76,94.1,4.5,700,10,4,Mountain,NAG-188,66.8,True,Moderate,Half-day (2-4 hrs),0,0,0,0,0,0,0,0,0,0,0,0,0,0,0,0,0,0,0,0,0,0,0,0,0,0,0,0,0,0,0,1,0,0,0,0,0,0,0,0,0,0,0,0,0,0,0,0,0,0,0,0,0,0,0,0,0,0,0,0,0,0,0,0,0,0,0,0,0,0,0,0,0,0,0,0,0,0,0,0,0,0,0,0,1,0,0,0,0,0,0,0,0,0,0,0,0,0,0,0,0,0,0,0,0,0,0,0,0,0,0,0,0,0,0,0,0,0,0,0,0,0,0,0,0,0,0,0,0,0,0,0,0,0,0,0,0,0,0,0,0,0,0,0,0,0,0,0,0,0,0,0,0,0,1,1,0,0,0,0,0,0,0,0,0,0,2,350.0,2750.0,500.0,2550,4750,3650.0,0.5454545454545454,0.6268221574344022,0.0005556790397866193,"[10, 11, 12, 1, 2, 3, 4]",10|11|12|1|2|3|4
418,Kachari Ruins,Dimapur,Nagaland,Northeast,Archaeological Site,Historical,"Family,Solo",0,50,1800,250,25.9,93.73,4.1,1000,10,4,Urban,NAG-188,43.3,False,Moderate,Half-day (2-4 hrs),0,0,0,0,0,0,0,0,0,0,0,0,0,0,0,0,0,0,0,0,0,0,0,0,0,0,0,0,0,0,0,0,0,0,0,0,0,0,0,0,0,0,0,0,0,0,0,0,0,0,0,0,0,0,0,0,0,1,0,0,0,0,0,0,0,0,0,0,0,0,0,0,0,0,0,0,0,0,0,0,0,0,0,0,0,0,0,0,0,0,0,0,0,0,0,0,0,0,0,0,0,0,0,0,0,0,0,0,0,0,0,0,0,0,0,0,0,0,0,0,0,0,0,0,0,0,0,0,0,0,0,0,0,0,0,0,0,0,0,0,0,0,0,0,0,0,0,0,0,0,0,0,0,0,0,1,0,0,0,0,0,0,1,0,0,0,2,100.0,2500.0,425.0,2100,3950,3025.0,0.1818181818181812,0.2842565597667638,0.0008890864636585909,"[10, 11, 12, 1, 2, 3, 4]",10|11|12|1|2|3|4
419,Doyang River,Wokha,Nagaland,Northeast,River,"Nature,Scenic","Friends,Couples",0,200,1500,250,26.1,94.25,4.3,600,10,4,Valley,NAG-188,56.6,False,Moderate,Half-day (2-4 hrs),0,0,0,0,0,0,0,0,0,0,0,0,0,0,0,0,0,0,0,0,0,0,0,0,0,0,0,0,0,0,0,0,0,0,0,0,0,0,0,0,0,0,0,0,0,0,0,0,0,0,0,0,0,0,0,0,0,0,0,0,0,0,0,0,0,0,0,0,0,0,0,0,0,0,0,0,0,0,0,0,0,0,0,0,1,0,0,0,0,0,0,0,0,0,0,0,0,0,0,0,0,0,0,0,0,0,0,0,0,0,0,0,1,0,0,0,0,0,0,0,0,0,0,0,0,0,0,0,0,0,0,0,0,0,0,0,0,0,0,0,0,0,0,0,0,0,0,0,0,0,0,0,0,0,1,0,1,0,0,0,0,0,0,0,0,0,2,300.0,2150.0,425.0,1950,3800,2875.0,0.3636363636363633,0.47813411078717194,0.0004445432318292954,"[10, 11, 12, 1, 2, 3, 4]",10|11|12|1|2|3|4
420,Liphanyan Governor Camp,Wokha,Nagaland,Northeast,Ecological Camp,"Nature,Adventure","Friends,Couples",50,300,2000,300,26.05,94.26,4.2,350,10,4,Mountain,NAG-188,53.7,False,Moderate,Half-day (2-4 hrs),1,0,0,0,0,0,0,0,0,0,0,0,0,0,0,0,0,0,0,0,0,0,0,0,0,0,0,0,0,0,0,0,0,0,0,0,0,0,0,0,0,0,0,0,0,0,0,0,0,0,0,0,0,0,0,0,0,0,0,0,0,0,0,0,0,0,0,0,0,0,0,0,0,0,0,0,0,0,0,0,0,0,0,0,1,0,0,0,0,0,0,0,0,0,0,0,0,0,0,0,0,0,0,0,0,0,0,0,0,0,0,0,0,0,0,0,0,0,0,0,0,0,0,0,0,0,0,0,0,0,0,0,0,0,0,0,0,0,0,0,0,0,0,0,0,0,0,0,0,0,0,0,0,0,1,0,1,0,0,0,0,0,0,0,0,0,2,550.0,2750.0,500.0,2650,5050,3850.0,0.27272727272727293,0.43586005830903785,0.0001667037119359858,"[10, 11, 12, 1, 2, 3, 4]",10|11|12|1|2|3|4
421,Satoi Range,Zunheboto,Nagaland,Northeast,Mountain Range,"Nature,Trekking","Friends,Solo",0,400,1500,250,26.0,94.7,4.4,300,10,4,Mountain,NAG-188,65.4,True,Moderate,Half-day (2-4 hrs),0,0,0,0,0,0,0,0,0,0,0,0,0,0,0,0,0,0,0,0,0,0,0,0,0,0,0,0,0,0,0,0,0,0,0,0,0,0,0,0,0,0,0,0,0,0,0,0,0,0,0,0,0,0,0,0,0,0,0,0,0,0,0,0,0,0,0,0,0,0,0,0,0,0,0,0,0,0,0,0,0,0,0,0,1,0,0,0,0,0,0,0,0,0,0,0,0,0,0,0,0,0,0,0,0,0,0,0,0,0,0,0,0,0,0,0,0,0,0,0,0,0,0,0,0,0,0,0,0,0,0,0,0,0,0,0,1,0,0,0,0,0,0,0,0,0,0,0,0,0,0,0,0,0,0,0,1,0,0,0,0,0,1,0,0,0,2,700.0,2150.0,425.0,2150,4400,3275.0,0.4545454545454546,0.6064139941690962,0.00011113580795732385,"[10, 11, 12, 1, 2, 3, 4]",10|11|12|1|2|3|4
422,Ghosu Bird Sanctuary,Zunheboto,Nagaland,Northeast,Bird Sanctuary,"Wildlife,Nature","Friends,Solo",20,200,1500,250,26.05,94.73,4.2,250,10,4,Forest,NAG-188,55.3,False,Moderate,Half-day (2-4 hrs),0,0,0,0,0,0,0,0,0,0,0,0,0,0,0,0,0,0,0,0,0,0,0,0,0,0,0,0,0,0,0,0,0,0,0,0,0,0,0,0,0,0,0,0,0,0,0,0,0,0,0,0,0,0,0,0,0,0,0,0,0,0,0,0,0,0,0,0,0,0,0,0,0,0,0,0,0,0,0,0,0,0,0,0,1,0,0,0,0,0,0,0,0,0,0,0,0,0,0,0,0,0,0,0,0,0,0,0,0,0,0,0,0,0,0,0,0,0,0,0,0,0,0,0,0,0,0,0,0,0,0,0,0,0,0,0,0,0,0,0,0,0,0,0,0,0,0,0,0,1,0,0,0,0,0,0,1,0,0,0,0,0,1,0,0,0,2,350.0,2150.0,425.0,1970,3920,2945.0,0.27272727272727293,0.4591836734693876,5.556790397866194e-05,"[10, 11, 12, 1, 2, 3, 4]",10|11|12|1|2|3|4
423,Benreu Village,Peren,Nagaland,Northeast,Scenic Village,"Nature,Cultural","Couples,Solo",0,200,1500,250,25.55,93.8,4.5,400,10,4,Mountain,NAG-188,69.4,True,Moderate,Half-day (2-4 hrs),0,0,0,0,0,0,0,0,0,0,0,0,0,0,0,0,0,0,0,0,0,0,0,0,0,0,0,0,0,0,0,1,0,0,0,0,0,0,0,0,0,0,0,0,0,0,0,0,0,0,0,0,0,0,0,0,0,0,0,0,0,0,0,0,0,0,0,0,0,0,0,0,0,0,0,0,0,0,0,0,0,0,0,0,1,0,0,0,0,0,0,0,0,0,0,0,0,0,0,0,0,0,0,0,0,0,0,0,0,0,0,0,0,0,0,0,0,0,0,0,0,0,0,0,0,0,0,0,0,0,0,0,0,0,0,0,0,0,0,0,0,0,0,0,0,0,0,0,0,0,0,0,0,0,1,0,0,0,0,0,0,0,1,0,0,0,2,350.0,2150.0,425.0,1950,3900,2925.0,0.5454545454545454,0.6647230320699709,0.00022227161591464772,"[10, 11, 12, 1, 2, 3, 4]",10|11|12|1|2|3|4
424,Ntangki National Park,Peren,Nagaland,Northeast,National Park,"Wildlife,Nature","Friends,Solo",50,300,1500,250,25.5,93.7,4.3,500,10,4,Forest,NAG-188,57.5,False,Moderate,Full-day (4-8 hrs),0,0,0,0,0,0,0,0,0,0,0,0,0,0,0,0,0,0,0,0,0,0,0,0,0,0,0,0,0,0,0,0,0,0,0,0,0,0,0,0,0,0,0,0,0,0,0,0,0,0,0,0,0,0,0,0,0,0,0,0,0,0,0,0,0,0,0,0,0,0,0,0,0,0,0,0,0,0,0,0,0,0,0,0,1,0,0,0,0,0,0,0,0,0,0,0,0,0,0,0,0,0,0,0,0,0,0,0,0,0,0,0,0,0,0,0,0,0,0,0,0,0,0,0,0,0,0,0,0,0,0,0,0,0,0,0,0,0,0,0,0,0,0,0,0,0,0,0,0,1,0,0,0,0,0,0,1,0,0,0,0,0,1,0,0,0,2,550.0,2250.0,425.0,2100,4450,3275.0,0.3636363636363633,0.49125364431486873,0.00033340742387197157,"[10, 11, 12, 1, 2, 3, 4]",10|11|12|1|2|3|4
425,Phek Town,Phek,Nagaland,Northeast,Hill Town,"Nature,Cultural","Family,Solo",0,150,1500,250,25.7,94.5,4.1,300,10,4,Mountain,NAG-188,49.0,False,Moderate,Half-day (2-4 hrs),0,0,0,0,0,0,0,0,0,0,0,0,0,0,0,0,0,0,0,0,0,0,0,0,0,0,0,0,0,0,0,1,0,0,0,0,0,0,0,0,0,0,0,0,0,0,0,0,0,0,0,0,0,0,0,0,0,0,0,0,0,0,0,0,0,0,0,0,0,0,0,0,0,0,0,0,0,0,0,0,0,0,0,0,1,0,0,0,0,0,0,0,0,0,0,0,0,0,0,0,0,0,0,0,0,0,0,0,0,0,0,0,0,0,0,0,0,0,0,0,0,0,0,0,0,0,0,0,0,0,0,0,0,0,0,0,0,0,0,0,0,0,0,0,0,0,0,0,0,0,0,0,0,0,0,1,0,0,0,0,0,0,1,0,0,0,2,275.0,2150.0,425.0,1900,3800,2850.0,0.1818181818181812,0.36734693877551017,0.00011113580795732385,"[10, 11, 12, 1, 2, 3, 4]",10|11|12|1|2|3|4
426,Pfutsero,Pfutsero,Nagaland,Northeast,Hill Station,"Nature,Scenic","Couples,Family",0,150,1500,250,25.88,94.37,4.3,600,10,4,Mountain,NAG-188,56.6,False,Moderate,Full-day (4-8 hrs),0,0,0,0,0,0,0,0,0,0,0,0,0,0,0,0,0,0,0,0,0,0,0,0,0,0,0,0,0,0,0,0,0,0,0,0,0,0,0,0,0,0,0,0,0,0,0,0,0,0,0,0,0,0,0,0,0,0,0,0,0,0,0,0,0,0,0,0,0,0,0,0,0,0,0,0,0,0,0,0,0,0,0,0,1,0,0,0,0,0,0,0,0,0,0,0,0,0,0,0,0,0,0,0,0,0,0,0,0,0,0,0,1,0,0,0,0,0,0,0,0,0,0,0,0,0,0,0,0,0,0,0,0,0,0,0,0,0,0,0,0,0,0,0,0,0,0,0,0,0,0,0,0,0,1,1,0,0,0,0,0,0,0,0,0,0,2,275.0,2150.0,425.0,1900,3800,2850.0,0.3636363636363633,0.47813411078717194,0.0004445432318292954,"[10, 11, 12, 1, 2, 3, 4]",10|11|12|1|2|3|4
427,Glory Peak,Phek,Nagaland,Northeast,Viewpoint,"Scenic,Adventure","Friends,Couples",0,200,1500,250,25.9,94.45,4.2,250,10,4,Mountain,NAG-188,55.3,False,Moderate,Short (1-2 hrs),1,0,0,0,0,0,0,0,0,0,0,0,0,0,0,0,0,0,0,0,0,0,0,0,0,0,0,0,0,0,0,0,0,0,0,0,0,0,0,0,0,0,0,0,0,0,0,0,0,0,0,0,0,0,0,0,0,0,0,0,0,0,0,0,0,0,0,0,0,0,0,0,0,0,0,0,0,0,0,0,0,0,0,0,0,0,0,0,0,0,0,0,0,0,0,0,0,0,0,0,0,0,0,0,0,0,0,0,0,0,0,0,1,0,0,0,0,0,0,0,0,0,0,0,0,0,0,0,0,0,0,0,0,0,0,0,0,0,0,0,0,0,0,0,0,0,0,0,0,0,0,0,0,0,1,0,1,0,0,0,0,0,0,0,0,0,2,350.0,2150.0,425.0,1950,3900,2925.0,0.27272727272727293,0.4591836734693876,5.556790397866194e-05,"[10, 11, 12, 1, 2, 3, 4]",10|11|12|1|2|3|4
428,Thanamir Village,Kiphire,Nagaland,Northeast,Scenic Village,"Nature,Cultural","Couples,Solo",0,150,1500,250,25.82,95.1,4.2,200,10,4,Mountain,NAG-189,56.4,False,Moderate,Half-day (2-4 hrs),0,0,0,0,0,0,0,0,0,0,0,0,0,0,0,0,0,0,0,0,0,0,0,0,0,0,0,0,0,0,0,1,0,0,0,0,0,0,0,0,0,0,0,0,0,0,0,0,0,0,0,0,0,0,0,0,0,0,0,0,0,0,0,0,0,0,0,0,0,0,0,0,0,0,0,0,0,0,0,0,0,0,0,0,1,0,0,0,0,0,0,0,0,0,0,0,0,0,0,0,0,0,0,0,0,0,0,0,0,0,0,0,0,0,0,0,0,0,0,0,0,0,0,0,0,0,0,0,0,0,0,0,0,0,0,0,0,0,0,0,0,0,0,0,0,0,0,0,0,0,0,0,0,0,1,0,0,0,0,0,0,0,1,0,0,0,2,275.0,2150.0,425.0,1900,3800,2850.0,0.27272727272727293,0.4752186588921282,0.0,"[10, 11, 12, 1, 2, 3, 4]",10|11|12|1|2|3|4
429,Kohima Cathedral,Kohima,Nagaland,Northeast,Church,"Spiritual,Architecture","Family,Solo",0,50,2000,300,25.6705,94.1077,4.6,2000,10,4,Urban,NAG-188,67.2,True,Easy,Short (1-2 hrs),0,0,0,0,1,0,0,0,0,0,0,0,0,0,0,0,0,0,0,0,0,0,0,0,0,0,0,0,0,0,0,0,0,0,0,0,0,0,0,0,0,0,0,0,0,0,0,0,0,0,0,0,0,0,0,0,0,0,0,0,0,0,0,0,0,0,0,0,0,0,0,0,0,0,0,0,0,0,0,0,0,0,0,0,0,0,0,0,0,0,0,0,0,0,0,0,0,0,0,0,0,0,0,0,0,0,0,0,0,0,0,0,0,0,0,0,0,0,0,0,0,0,1,0,0,0,0,0,0,0,0,0,0,0,0,0,0,0,0,0,0,0,0,0,0,0,0,0,0,0,0,0,0,0,0,1,0,0,0,0,0,0,1,0,0,0,1,100.0,2750.0,550.0,2350,4450,3400.0,0.6363636363636362,0.6326530612244897,0.0020004445432318294,"[10, 11, 12, 1, 2, 3, 4]",10|11|12|1|2|3|4
430,Dzuleke Village,Kohima,Nagaland,Northeast,Ecological Village,"Nature,Cultural","Couples,Solo,Friends",0,200,1800,250,25.62,94.05,4.5,900,10,4,Mountain,NAG-188,65.6,True,Moderate,Half-day (2-4 hrs),0,0,0,0,0,0,0,0,0,0,0,0,0,0,0,0,0,0,0,0,0,0,0,0,0,0,0,0,0,0,0,1,0,0,0,0,0,0,0,0,0,0,0,0,0,0,0,0,0,0,0,0,0,0,0,0,0,0,0,0,0,0,0,0,0,0,0,0,0,0,0,0,0,0,0,0,0,0,0,0,0,0,0,0,1,0,0,0,0,0,0,0,0,0,0,0,0,0,0,0,0,0,0,0,0,0,0,0,0,0,0,0,0,0,0,0,0,0,0,0,0,0,0,0,0,0,0,0,0,0,0,0,0,0,0,0,0,0,0,0,0,0,0,0,0,0,0,0,0,0,0,0,0,0,1,0,1,0,0,0,0,0,1,0,0,0,2,350.0,2500.0,425.0,2250,4300,3275.0,0.5454545454545454,0.6093294460641397,0.000777950655701267,"[10, 11, 12, 1, 2, 3, 4]",10|11|12|1|2|3|4
431,Tsomgo Lake,Gangtok,Sikkim,Northeast,Lake,"Nature,Romantic,Adventure","Couples,Family,Friends,Solo",50,500,1500,400,27.375,88.7615,4.7,19000,4,6,Valley,SIK-232,62.0,False,Easy,Full-day (4-8 hrs),1,0,0,0,0,0,0,0,0,0,0,0,0,0,0,0,0,0,0,0,0,0,0,0,0,0,0,0,0,0,0,0,0,0,0,0,0,0,0,0,0,0,0,0,0,0,0,0,0,0,0,0,0,0,0,0,0,0,0,0,0,0,0,0,0,0,0,0,0,0,0,0,0,0,0,0,0,0,0,0,0,0,0,0,1,0,0,0,0,0,0,0,0,0,0,0,0,0,0,0,0,0,0,0,0,0,0,0,1,0,0,0,0,0,0,0,0,0,0,0,0,0,0,0,0,0,0,0,0,0,0,0,0,0,0,0,0,0,0,0,0,0,0,0,0,0,0,0,0,0,0,0,0,0,1,1,1,0,0,0,0,0,1,0,0,0,1,1500.0,3250.0,800.0,2450,8750,5600.0,0.7272727272727271,0.5568513119533527,0.020893531895976883,"[4, 5, 6]",4|5|6
432,Nathula Pass,Gangtok,Sikkim,Northeast,Mountain Pass,"Adventure,Nature","Friends,Solo",0,1000,1500,400,27.386,88.83,4.8,25000,5,10,Mountain,SIK-232,66.1,True,Strenuous,Half-day (2-4 hrs),1,0,0,0,0,0,0,0,0,0,0,0,0,0,0,0,0,0,0,0,0,0,0,0,0,0,0,0,0,0,0,0,0,0,0,0,0,0,0,0,0,0,0,0,0,0,0,0,0,0,0,0,0,0,0,0,0,0,0,0,0,0,0,0,0,0,0,0,0,0,0,0,0,0,0,0,0,0,0,0,0,0,0,0,1,0,0,0,0,0,0,0,0,0,0,0,0,0,0,0,0,0,0,0,0,0,0,0,0,0,0,0,0,0,0,0,0,0,0,0,0,0,0,0,0,0,0,0,0,0,0,0,0,0,0,0,0,0,0,0,0,0,0,0,0,0,0,0,0,0,0,0,0,0,0,0,1,0,0,0,0,0,1,0,0,0,3,2250.0,3250.0,800.0,2900,9700,6300.0,0.8181818181818179,0.6166180758017491,0.027561680373416317,"[5, 6, 7, 8, 9, 10]",5|6|7|8|9|10
433,Gurudongmar Lake,Mangan,Sikkim,Northeast,Lake,"Nature,Adventure","Friends,Solo",0,1500,2000,500,28.0356,88.7093,4.8,12000,4,6,Mountain,SIK-232,69.6,True,Moderate,Full-day (4-8 hrs),1,0,0,0,0,0,0,0,0,0,0,0,0,0,0,0,0,0,0,0,0,0,0,0,0,0,0,0,0,0,0,0,0,0,0,0,0,0,0,0,0,0,0,0,0,0,0,0,0,0,0,0,0,0,0,0,0,0,0,0,0,0,0,0,0,0,0,0,0,0,0,0,0,0,0,0,0,0,0,0,0,0,0,0,1,0,0,0,0,0,0,0,0,0,0,0,0,0,0,0,0,0,0,0,0,0,0,0,0,0,0,0,0,0,0,0,0,0,0,0,0,0,0,0,0,0,0,0,0,0,0,0,0,0,0,0,0,0,0,0,0,0,0,0,0,0,0,0,0,0,0,0,0,0,0,0,1,0,0,0,0,0,1,0,0,0,2,2750.0,3750.0,900.0,4000,10800,7400.0,0.8181818181818179,0.6676384839650145,0.013114025338964216,"[4, 5, 6]",4|5|6
434,Yumthang Valley,Mangan,Sikkim,Northeast,Valley,"Nature,Romantic","Couples,Family,Friends",0,800,1500,400,27.792,88.693,4.7,15000,3,6,Valley,SIK-232,63.1,True,Moderate,Full-day (4-8 hrs),0,0,0,0,0,0,0,0,0,0,0,0,0,0,0,0,0,0,0,0,0,0,0,0,0,0,0,0,0,0,0,0,0,0,0,0,0,0,0,0,0,0,0,0,0,0,0,0,0,0,0,0,0,0,0,0,0,0,0,0,0,0,0,0,0,0,0,0,0,0,0,0,0,0,0,0,0,0,0,0,0,0,0,0,1,0,0,0,0,0,0,0,0,0,0,0,0,0,0,0,0,0,0,0,0,0,0,0,1,0,0,0,0,0,0,0,0,0,0,0,0,0,0,0,0,0,0,0,0,0,0,0,0,0,0,0,0,0,0,0,0,0,0,0,0,0,0,0,0,0,0,0,0,0,1,1,1,0,0,0,0,0,0,0,0,0,2,1900.0,3250.0,800.0,2700,9200,5950.0,0.7272727272727271,0.5728862973760932,0.01644809957768393,"[3, 4, 5, 6]",3|4|5|6
435,Zero Point (Yumesamdong),Mangan,Sikkim,Northeast,Mountain Point,"Adventure,Nature","Friends,Solo",0,1200,2000,500,28.016,88.7,4.7,8000,4,6,Mountain,SIK-232,66.1,True,Moderate,Half-day (2-4 hrs),1,0,0,0,0,0,0,0,0,0,0,0,0,0,0,0,0,0,0,0,0,0,0,0,0,0,0,0,0,0,0,0,0,0,0,0,0,0,0,0,0,0,0,0,0,0,0,0,0,0,0,0,0,0,0,0,0,0,0,0,0,0,0,0,0,0,0,0,0,0,0,0,0,0,0,0,0,0,0,0,0,0,0,0,1,0,0,0,0,0,0,0,0,0,0,0,0,0,0,0,0,0,0,0,0,0,0,0,0,0,0,0,0,0,0,0,0,0,0,0,0,0,0,0,0,0,0,0,0,0,0,0,0,0,0,0,0,0,0,0,0,0,0,0,0,0,0,0,0,0,0,0,0,0,0,0,1,0,0,0,0,0,1,0,0,0,2,2350.0,3750.0,900.0,3700,10300,7000.0,0.7272727272727271,0.6166180758017491,0.008668593020671262,"[4, 5, 6]",4|5|6
436,Rumtek Monastery,Gangtok,Sikkim,Northeast,Monastery,"Spiritual,Heritage","Family,Solo",10,200,1200,350,27.3035,88.6112,4.6,9000,3,11,Mountain,SIK-232,60.1,False,Moderate,Half-day (2-4 hrs),0,0,0,0,0,0,0,0,0,0,0,0,0,0,0,0,0,0,0,0,0,0,0,0,0,0,0,0,0,0,0,0,0,0,0,0,0,0,0,0,0,0,0,0,0,0,0,0,0,0,0,0,0,1,0,0,0,0,0,0,0,0,0,0,0,0,0,0,0,0,0,0,0,0,0,0,0,0,0,0,0,0,0,0,0,0,0,0,0,0,0,0,0,0,0,0,0,0,0,0,0,0,0,0,0,0,0,0,0,0,0,0,0,0,0,0,0,0,0,0,0,0,1,0,0,0,0,0,0,0,0,0,0,0,0,0,0,0,0,0,0,0,0,0,0,0,0,0,0,0,0,0,0,0,0,1,0,0,0,0,0,0,1,0,0,0,2,500.0,2600.0,675.0,1760,5810,3785.0,0.6363636363636362,0.5291545189504373,0.0097799511002445,"[3, 4, 5, 6, 7, 8, 9, 10, 11]",3|4|5|6|7|8|9|10|11
437,Pelling Skywalk,Pelling,Sikkim,Northeast,Viewpoint,"Adventure,Romantic","Couples,Friends",50,200,1500,400,27.305,88.238,4.6,7000,3,11,Mountain,SIK-232,61.3,False,Moderate,Short (1-2 hrs),1,0,0,0,0,0,0,0,0,0,0,0,0,0,0,0,0,0,0,0,0,0,0,0,0,0,0,0,0,0,0,0,0,0,0,0,0,0,0,0,0,0,0,0,0,0,0,0,0,0,0,0,0,0,0,0,0,0,0,0,0,0,0,0,0,0,0,0,0,0,0,0,0,0,0,0,0,0,0,0,0,0,0,0,0,0,0,0,0,0,0,0,0,0,0,0,0,0,0,0,0,0,0,0,0,0,0,0,1,0,0,0,0,0,0,0,0,0,0,0,0,0,0,0,0,0,0,0,0,0,0,0,0,0,0,0,0,0,0,0,0,0,0,0,0,0,0,0,0,0,0,0,0,0,1,0,1,0,0,0,0,0,0,0,0,0,2,500.0,3000.0,750.0,2150,6450,4300.0,0.6363636363636362,0.5466472303206996,0.007557234941098022,"[3, 4, 5, 6, 7, 8, 9, 10, 11]",3|4|5|6|7|8|9|10|11
438,Pemayangtse Monastery,Pelling,Sikkim,Northeast,Monastery,"Spiritual,Heritage","Family,Solo",20,200,1500,400,27.3005,88.2311,4.6,6000,3,11,Mountain,SIK-232,62.0,False,Moderate,Half-day (2-4 hrs),0,0,0,0,0,0,0,0,0,0,0,0,0,0,0,0,0,0,0,0,0,0,0,0,0,0,0,0,0,0,0,0,0,0,0,0,0,0,0,0,0,0,0,0,0,0,0,0,0,0,0,0,0,1,0,0,0,0,0,0,0,0,0,0,0,0,0,0,0,0,0,0,0,0,0,0,0,0,0,0,0,0,0,0,0,0,0,0,0,0,0,0,0,0,0,0,0,0,0,0,0,0,0,0,0,0,0,0,0,0,0,0,0,0,0,0,0,0,0,0,0,0,1,0,0,0,0,0,0,0,0,0,0,0,0,0,0,0,0,0,0,0,0,0,0,0,0,0,0,0,0,0,0,0,0,1,0,0,0,0,0,0,1,0,0,0,2,500.0,3000.0,750.0,2120,6420,4270.0,0.6363636363636362,0.5568513119533527,0.0064458768615247835,"[3, 4, 5, 6, 7, 8, 9, 10, 11]",3|4|5|6|7|8|9|10|11
439,Khecheopalri Lake,Gyalshing,Sikkim,Northeast,Lake,"Nature,Spiritual","Family,Couples,Solo",20,200,1200,350,27.371,88.201,4.6,5000,3,11,Valley,SIK-232,62.9,True,Easy,Full-day (4-8 hrs),0,0,0,0,0,0,0,0,0,0,0,0,0,0,0,0,0,0,0,0,0,0,0,0,0,0,0,0,0,0,0,0,0,0,0,0,0,0,0,0,0,0,0,0,0,0,0,0,0,0,0,0,0,0,0,0,0,0,0,0,0,0,0,0,0,0,0,0,0,0,0,0,0,0,0,0,0,0,0,0,0,0,0,0,1,0,0,0,0,0,0,0,0,0,0,0,0,0,0,0,0,0,0,0,0,0,0,0,0,0,0,0,0,0,0,0,0,0,0,0,0,0,1,0,0,0,0,0,0,0,0,0,0,0,0,0,0,0,0,0,0,0,0,0,0,0,0,0,0,0,0,0,0,0,1,1,0,0,0,0,0,0,1,0,0,0,1,450.0,2600.0,675.0,1770,5720,3745.0,0.6363636363636362,0.5699708454810495,0.005334518781951545,"[3, 4, 5, 6, 7, 8, 9, 10, 11]",3|4|5|6|7|8|9|10|11
440,Ravangla Buddha Park,Ravangla,Sikkim,Northeast,Park,"Spiritual,Romantic","Family,Couples",50,200,1200,350,27.3064,88.3637,4.7,16000,3,11,Mountain,SIK-232,62.8,False,Moderate,Half-day (2-4 hrs),0,0,0,0,0,0,0,0,0,0,0,0,0,0,0,0,0,0,0,0,0,0,0,0,0,0,0,0,0,0,0,0,0,0,0,0,0,0,0,0,0,0,0,0,0,0,0,0,0,0,0,0,0,0,0,0,0,0,0,0,0,0,0,0,0,0,0,0,0,0,0,0,0,0,0,0,0,0,0,0,0,0,0,0,0,0,0,0,0,0,0,0,0,0,0,0,0,0,0,0,0,0,0,0,0,0,0,0,1,0,0,0,0,0,0,0,0,0,0,0,0,0,1,0,0,0,0,0,0,0,0,0,0,0,0,0,0,0,0,0,0,0,0,0,0,0,0,0,0,0,0,0,0,0,1,1,0,0,0,0,0,0,0,0,0,0,2,450.0,2600.0,675.0,1800,5750,3775.0,0.7272727272727271,0.5685131195335276,0.01755945765725717,"[3, 4, 5, 6, 7, 8, 9, 10, 11]",3|4|5|6|7|8|9|10|11
441,Namchi Chardham,Namchi,Sikkim,Northeast,Temple Complex,"Spiritual,Pilgrimage","Family,Solo",50,200,1200,350,27.1665,88.363,4.6,12000,3,11,Mountain,SIK-232,58.7,False,Moderate,Short (1-2 hrs),0,0,0,0,0,0,0,0,0,0,0,0,0,0,0,0,0,0,0,0,0,0,0,0,0,0,0,0,0,0,0,0,0,0,0,0,0,0,0,0,0,0,0,0,0,0,0,0,0,0,0,0,0,0,0,0,0,0,0,0,0,0,0,0,0,0,0,0,0,0,0,0,0,0,0,0,0,0,0,0,0,0,0,0,0,0,0,0,0,0,0,0,0,0,1,0,0,0,0,0,0,0,0,0,0,0,0,0,0,0,0,0,0,0,0,0,0,0,0,0,0,0,1,0,0,0,0,0,0,0,0,0,0,0,0,0,0,0,0,0,0,0,0,0,0,0,0,0,0,0,0,0,0,0,0,1,0,0,0,0,0,0,1,0,0,0,2,450.0,2600.0,675.0,1800,5750,3775.0,0.6363636363636362,0.5087463556851312,0.013114025338964216,"[3, 4, 5, 6, 7, 8, 9, 10, 11]",3|4|5|6|7|8|9|10|11
442,Temi Tea Garden,Temi,Sikkim,Northeast,Tea Garden,"Nature,Romantic","Couples,Family",0,200,1500,400,27.214,88.389,4.6,4000,3,11,Forest,SIK-232,64.0,True,Moderate,Short (1-2 hrs),0,0,0,0,0,0,0,0,0,0,0,0,0,0,0,0,0,0,0,0,0,0,0,0,0,0,0,0,0,0,0,0,0,0,0,0,0,0,0,0,0,0,0,0,0,0,0,0,0,0,0,0,0,0,0,0,0,0,0,0,0,0,0,0,0,0,0,0,0,0,0,0,0,0,0,0,0,0,0,0,0,0,0,0,1,0,0,0,0,0,0,0,0,0,0,0,0,0,0,0,0,0,0,0,0,0,0,0,1,0,0,0,0,0,0,0,0,0,0,0,0,0,0,0,0,0,0,0,0,0,0,0,0,0,0,0,0,0,0,0,0,0,0,0,0,0,0,0,0,0,0,0,0,0,1,1,0,0,0,0,0,0,0,0,0,0,2,400.0,3000.0,750.0,2100,6200,4150.0,0.6363636363636362,0.58600583090379,0.004223160702378307,"[3, 4, 5, 6, 7, 8, 9, 10, 11]",3|4|5|6|7|8|9|10|11
443,Banjhakri Falls,Gangtok,Sikkim,Northeast,Waterfall,"Nature,Adventure","Family,Friends",50,200,1500,400,27.338,88.643,4.5,10000,3,11,Mountain,SIK-232,54.1,False,Moderate,Half-day (2-4 hrs),1,0,0,0,0,0,0,0,0,0,0,0,0,0,0,0,0,0,0,0,0,0,0,0,0,0,0,0,0,0,0,0,0,0,0,0,0,0,0,0,0,0,0,0,0,0,0,0,0,0,0,0,0,0,0,0,0,0,0,0,0,0,0,0,0,0,0,0,0,0,0,0,0,0,0,0,0,0,0,0,0,0,0,0,1,0,0,0,0,0,0,0,0,0,0,0,0,0,0,0,0,0,0,0,0,0,0,0,0,0,0,0,0,0,0,0,0,0,0,0,0,0,0,0,0,0,0,0,0,0,0,0,0,0,0,0,0,0,0,0,0,0,0,0,0,0,0,0,0,0,0,0,0,0,0,1,1,0,0,0,0,0,0,0,0,0,2,450.0,3000.0,750.0,2150,6350,4250.0,0.5454545454545454,0.4416909620991253,0.010891309179817739,"[3, 4, 5, 6, 7, 8, 9, 10, 11]",3|4|5|6|7|8|9|10|11
444,Hanuman Tok,Gangtok,Sikkim,Northeast,Temple,"Spiritual,","Family,Solo",0,200,1500,400,27.349,88.62,4.7,14000,3,11,Mountain,SIK-232,63.4,True,Moderate,Short (1-2 hrs),0,0,0,0,0,0,0,0,0,0,0,0,0,0,0,0,0,0,0,0,0,0,0,0,0,0,0,0,0,0,0,0,0,0,0,0,0,0,0,0,0,0,0,0,0,0,0,0,0,0,0,0,0,0,0,0,0,0,0,0,0,0,0,0,0,0,0,0,0,0,0,0,0,0,0,0,0,0,0,0,0,0,0,0,0,0,0,0,0,0,0,0,0,0,0,0,0,0,0,0,0,0,0,0,0,0,0,0,0,0,0,0,0,0,0,0,0,0,0,0,0,0,1,0,0,0,0,0,0,0,0,0,0,0,0,0,0,0,0,0,0,0,0,0,0,0,0,0,0,0,0,0,0,0,0,1,0,0,0,0,0,0,1,0,0,0,2,400.0,3000.0,750.0,2100,6200,4150.0,0.7272727272727271,0.5772594752186587,0.015336741498110693,"[3, 4, 5, 6, 7, 8, 9, 10, 11]",3|4|5|6|7|8|9|10|11
445,Tashi Viewpoint Point,Gangtok,Sikkim,Northeast,Viewpoint,"Nature,Romantic","Couples,Family",0,200,1500,400,27.346,88.6215,4.5,8000,3,11,Mountain,SIK-232,55.2,False,Moderate,Short (1-2 hrs),0,0,0,0,0,0,0,0,0,0,0,0,0,0,0,0,0,0,0,0,0,0,0,0,0,0,0,0,0,0,0,0,0,0,0,0,0,0,0,0,0,0,0,0,0,0,0,0,0,0,0,0,0,0,0,0,0,0,0,0,0,0,0,0,0,0,0,0,0,0,0,0,0,0,0,0,0,0,0,0,0,0,0,0,1,0,0,0,0,0,0,0,0,0,0,0,0,0,0,0,0,0,0,0,0,0,0,0,1,0,0,0,0,0,0,0,0,0,0,0,0,0,0,0,0,0,0,0,0,0,0,0,0,0,0,0,0,0,0,0,0,0,0,0,0,0,0,0,0,0,0,0,0,0,1,1,0,0,0,0,0,0,0,0,0,0,2,400.0,3000.0,750.0,2100,6200,4150.0,0.5454545454545454,0.4577259475218659,0.008668593020671262,"[3, 4, 5, 6, 7, 8, 9, 10, 11]",3|4|5|6|7|8|9|10|11
446,Ganesh Tok,Gangtok,Sikkim,Northeast,Temple,"Spiritual,","Family,Couples",0,200,1500,400,27.3382,88.6208,4.5,9000,3,11,Mountain,SIK-232,54.6,False,Moderate,Short (1-2 hrs),0,0,0,0,0,0,0,0,0,0,0,0,0,0,0,0,0,0,0,0,0,0,0,0,0,0,0,0,0,0,0,0,0,0,0,0,0,0,0,0,0,0,0,0,0,0,0,0,0,0,0,0,0,0,0,0,0,0,0,0,0,0,0,0,0,0,0,0,0,0,0,0,0,0,0,0,0,0,0,0,0,0,0,0,0,0,0,0,0,0,0,0,0,0,0,0,0,0,0,0,0,0,0,0,0,0,0,0,0,0,0,0,0,0,0,0,0,0,0,0,0,0,1,0,0,0,0,0,0,0,0,0,0,0,0,0,0,0,0,0,0,0,0,0,0,0,0,0,0,0,0,0,0,0,1,1,0,0,0,0,0,0,0,0,0,0,2,400.0,3000.0,750.0,2100,6200,4150.0,0.5454545454545454,0.44897959183673464,0.0097799511002445,"[3, 4, 5, 6, 7, 8, 9, 10, 11]",3|4|5|6|7|8|9|10|11
447,Singalila National Park,West Sikkim,Sikkim,Northeast,National Park,"Nature,Adventure","Friends,Solo",100,1500,2000,500,27.2,88.1,4.6,3000,3,10,Forest,SIK-232,65.3,True,Moderate,Full-day (4-8 hrs),1,0,0,0,0,0,0,0,0,0,0,0,0,0,0,0,0,0,0,0,0,0,0,0,0,0,0,0,0,0,0,0,0,0,0,0,0,0,0,0,0,0,0,0,0,0,0,0,0,0,0,0,0,0,0,0,0,0,0,0,0,0,0,0,0,0,0,0,0,0,0,0,0,0,0,0,0,0,0,0,0,0,0,0,1,0,0,0,0,0,0,0,0,0,0,0,0,0,0,0,0,0,0,0,0,0,0,0,0,0,0,0,0,0,0,0,0,0,0,0,0,0,0,0,0,0,0,0,0,0,0,0,0,0,0,0,0,0,0,0,0,0,0,0,0,0,0,0,0,0,0,0,0,0,0,0,1,0,0,0,0,0,1,0,0,0,2,2750.0,3750.0,900.0,4100,10900,7500.0,0.6363636363636362,0.6049562682215742,0.003111802622805068,"[3, 4, 5, 6, 7, 8, 9, 10]",3|4|5|6|7|8|9|10
448,Dzongri Trek,Yuksom,Sikkim,Northeast,Trek Route,"Adventure,Nature","Friends,Solo",0,2000,2000,500,27.42,88.2,4.8,2500,4,6,Mountain,SIK-232,77.1,True,Strenuous,Multi-day (1-3 days),1,0,0,0,0,0,0,0,0,0,0,0,0,0,0,0,0,0,0,0,0,0,0,0,0,0,0,0,0,0,0,0,0,0,0,0,0,0,0,0,0,0,0,0,0,0,0,0,0,0,0,0,0,0,0,0,0,0,0,0,0,0,0,0,0,0,0,0,0,0,0,0,0,0,0,0,0,0,0,0,0,0,0,0,1,0,0,0,0,0,0,0,0,0,0,0,0,0,0,0,0,0,0,0,0,0,0,0,0,0,0,0,0,0,0,0,0,0,0,0,0,0,0,0,0,0,0,0,0,0,0,0,0,0,0,0,0,0,0,0,0,0,0,0,0,0,0,0,0,0,0,0,0,0,0,0,1,0,0,0,0,0,1,0,0,0,3,4000.0,3750.0,900.0,4500,12800,8650.0,0.8181818181818179,0.7769679300291543,0.0025561235830184486,"[4, 5, 6]",4|5|6
449,Yuksom,Yuksom,Sikkim,Northeast,Heritage Village,"Heritage,Nature","Family,Solo",0,300,1200,350,27.3693,88.2207,4.6,4500,3,11,Mountain,SIK-232,63.4,True,Moderate,Half-day (2-4 hrs),0,0,0,0,0,0,0,0,0,0,0,0,0,0,0,0,0,0,0,0,0,0,0,0,0,0,0,0,0,0,0,0,0,0,0,0,0,0,0,0,0,0,0,0,0,0,0,0,0,0,0,0,0,1,0,0,0,0,0,0,0,0,0,0,0,0,0,0,0,0,0,0,0,0,0,0,0,0,0,0,0,0,0,0,1,0,0,0,0,0,0,0,0,0,0,0,0,0,0,0,0,0,0,0,0,0,0,0,0,0,0,0,0,0,0,0,0,0,0,0,0,0,0,0,0,0,0,0,0,0,0,0,0,0,0,0,0,0,0,0,0,0,0,0,0,0,0,0,0,0,0,0,0,0,0,1,0,0,0,0,0,0,1,0,0,0,2,600.0,2600.0,675.0,1850,5900,3875.0,0.6363636363636362,0.5772594752186587,0.004778839742164926,"[3, 4, 5, 6, 7, 8, 9, 10, 11]",3|4|5|6|7|8|9|10|11
450,Zuluk,Zuluk,Sikkim,Northeast,Hill Station,"Nature,Adventure","Friends,Couples",0,500,1500,400,27.25,88.8,4.6,3500,4,11,Mountain,SIK-232,64.6,True,Moderate,Full-day (4-8 hrs),1,0,0,0,0,0,0,0,0,0,0,0,0,0,0,0,0,0,0,0,0,0,0,0,0,0,0,0,0,0,0,0,0,0,0,0,0,0,0,0,0,0,0,0,0,0,0,0,0,0,0,0,0,0,0,0,0,0,0,0,0,0,0,0,0,0,0,0,0,0,0,0,0,0,0,0,0,0,0,0,0,0,0,0,1,0,0,0,0,0,0,0,0,0,0,0,0,0,0,0,0,0,0,0,0,0,0,0,0,0,0,0,0,0,0,0,0,0,0,0,0,0,0,0,0,0,0,0,0,0,0,0,0,0,0,0,0,0,0,0,0,0,0,0,0,0,0,0,0,0,0,0,0,0,1,0,1,0,0,0,0,0,0,0,0,0,2,1250.0,3000.0,750.0,2400,7600,5000.0,0.6363636363636362,0.5947521865889212,0.003667481662591687,"[4, 5, 6, 7, 8, 9, 10, 11]",4|5|6|7|8|9|10|11
451,Aritar Lake,Aritar,Sikkim,Northeast,Lake,"Nature,Romantic","Couples,Family",20,200,1200,350,27.233,88.66,4.5,2500,3,11,Valley,SIK-232,60.7,False,Easy,Full-day (4-8 hrs),0,0,0,0,0,0,0,0,0,0,0,0,0,0,0,0,0,0,0,0,0,0,0,0,0,0,0,0,0,0,0,0,0,0,0,0,0,0,0,0,0,0,0,0,0,0,0,0,0,0,0,0,0,0,0,0,0,0,0,0,0,0,0,0,0,0,0,0,0,0,0,0,0,0,0,0,0,0,0,0,0,0,0,0,1,0,0,0,0,0,0,0,0,0,0,0,0,0,0,0,0,0,0,0,0,0,0,0,1,0,0,0,0,0,0,0,0,0,0,0,0,0,0,0,0,0,0,0,0,0,0,0,0,0,0,0,0,0,0,0,0,0,0,0,0,0,0,0,0,0,0,0,0,0,1,1,0,0,0,0,0,0,0,0,0,0,1,450.0,2600.0,675.0,1770,5720,3745.0,0.5454545454545454,0.5379008746355685,0.0025561235830184486,"[3, 4, 5, 6, 7, 8, 9, 10, 11]",3|4|5|6|7|8|9|10|11
452,Phodong Monastery,Phodong,Sikkim,Northeast,Monastery,"Spiritual,Heritage","Family,Solo",0,200,1200,350,27.384,88.561,4.5,1800,3,11,Mountain,SIK-232,62.3,False,Moderate,Half-day (2-4 hrs),0,0,0,0,0,0,0,0,0,0,0,0,0,0,0,0,0,0,0,0,0,0,0,0,0,0,0,0,0,0,0,0,0,0,0,0,0,0,0,0,0,0,0,0,0,0,0,0,0,0,0,0,0,1,0,0,0,0,0,0,0,0,0,0,0,0,0,0,0,0,0,0,0,0,0,0,0,0,0,0,0,0,0,0,0,0,0,0,0,0,0,0,0,0,0,0,0,0,0,0,0,0,0,0,0,0,0,0,0,0,0,0,0,0,0,0,0,0,0,0,0,0,1,0,0,0,0,0,0,0,0,0,0,0,0,0,0,0,0,0,0,0,0,0,0,0,0,0,0,0,0,0,0,0,0,1,0,0,0,0,0,0,1,0,0,0,2,400.0,2600.0,675.0,1750,5600,3675.0,0.5454545454545454,0.5612244897959182,0.0017781729273171818,"[3, 4, 5, 6, 7, 8, 9, 10, 11]",3|4|5|6|7|8|9|10|11
453,Seven Sisters Waterfall,Gangtok,Sikkim,Northeast,Waterfall,Nature,"Family,Friends",20,200,1500,400,27.397,88.718,4.4,3000,4,10,Mountain,SIK-232,54.4,False,Moderate,Half-day (2-4 hrs),0,0,0,0,0,0,0,0,0,0,0,0,0,0,0,0,0,0,0,0,0,0,0,0,0,0,0,0,0,0,0,0,0,0,0,0,0,0,0,0,0,0,0,0,0,0,0,0,0,0,0,0,0,0,0,0,0,0,0,0,0,0,0,0,0,0,0,0,0,0,0,0,0,0,0,0,0,0,0,0,0,0,0,0,1,0,0,0,0,0,0,0,0,0,0,0,0,0,0,0,0,0,0,0,0,0,0,0,0,0,0,0,0,0,0,0,0,0,0,0,0,0,0,0,0,0,0,0,0,0,0,0,0,0,0,0,0,0,0,0,0,0,0,0,0,0,0,0,0,0,0,0,0,0,0,1,1,0,0,0,0,0,0,0,0,0,2,400.0,3000.0,750.0,2120,6220,4170.0,0.4545454545454546,0.4460641399416909,0.003111802622805068,"[4, 5, 6, 7, 8, 9, 10]",4|5|6|7|8|9|10
454,Lachung,Lachung,Sikkim,Northeast,Hill Town,"Nature,Romantic","Couples,Family,Friends",0,800,2000,500,27.689,88.742,4.7,7000,4,6,Mountain,SIK-232,66.7,True,Moderate,Half-day (2-4 hrs),0,0,0,0,0,0,0,0,0,0,0,0,0,0,0,0,0,0,0,0,0,0,0,0,0,0,0,0,0,0,0,0,0,0,0,0,0,0,0,0,0,0,0,0,0,0,0,0,0,0,0,0,0,0,0,0,0,0,0,0,0,0,0,0,0,0,0,0,0,0,0,0,0,0,0,0,0,0,0,0,0,0,0,0,1,0,0,0,0,0,0,0,0,0,0,0,0,0,0,0,0,0,0,0,0,0,0,0,1,0,0,0,0,0,0,0,0,0,0,0,0,0,0,0,0,0,0,0,0,0,0,0,0,0,0,0,0,0,0,0,0,0,0,0,0,0,0,0,0,0,0,0,0,0,1,1,1,0,0,0,0,0,0,0,0,0,2,1650.0,3750.0,900.0,3300,9300,6300.0,0.7272727272727271,0.6253644314868804,0.007557234941098022,"[4, 5, 6]",4|5|6
455,Lachen,Lachen,Sikkim,Northeast,Hill Town,"Nature,Adventure","Friends,Solo",0,800,2000,500,27.7167,88.5583,4.6,5000,4,6,Mountain,SIK-232,62.9,True,Moderate,Half-day (2-4 hrs),1,0,0,0,0,0,0,0,0,0,0,0,0,0,0,0,0,0,0,0,0,0,0,0,0,0,0,0,0,0,0,0,0,0,0,0,0,0,0,0,0,0,0,0,0,0,0,0,0,0,0,0,0,0,0,0,0,0,0,0,0,0,0,0,0,0,0,0,0,0,0,0,0,0,0,0,0,0,0,0,0,0,0,0,1,0,0,0,0,0,0,0,0,0,0,0,0,0,0,0,0,0,0,0,0,0,0,0,0,0,0,0,0,0,0,0,0,0,0,0,0,0,0,0,0,0,0,0,0,0,0,0,0,0,0,0,0,0,0,0,0,0,0,0,0,0,0,0,0,0,0,0,0,0,0,0,1,0,0,0,0,0,1,0,0,0,2,1650.0,3750.0,900.0,3300,9300,6300.0,0.6363636363636362,0.5699708454810495,0.005334518781951545,"[4, 5, 6]",4|5|6
456,Samdruptse Hill,Namchi,Sikkim,Northeast,Statue Viewpoint,Spiritual,"Family,Solo",50,200,1200,350,27.164,88.365,4.5,3500,3,11,Mountain,SIK-232,59.1,False,Moderate,Short (1-2 hrs),0,0,0,0,0,0,0,0,0,0,0,0,0,0,0,0,0,0,0,0,0,0,0,0,0,0,0,0,0,0,0,0,0,0,0,0,0,0,0,0,0,0,0,0,0,0,0,0,0,0,0,0,0,0,0,0,0,0,0,0,0,0,0,0,0,0,0,0,0,0,0,0,0,0,0,0,0,0,0,0,0,0,0,0,0,0,0,0,0,0,0,0,0,0,0,0,0,0,0,0,0,0,0,0,0,0,0,0,0,0,0,0,0,0,0,0,0,0,0,0,0,0,1,0,0,0,0,0,0,0,0,0,0,0,0,0,0,0,0,0,0,0,0,0,0,0,0,0,0,0,0,0,0,0,0,1,0,0,0,0,0,0,1,0,0,0,2,400.0,2600.0,675.0,1800,5650,3725.0,0.5454545454545454,0.5145772594752186,0.003667481662591687,"[3, 4, 5, 6, 7, 8, 9, 10, 11]",3|4|5|6|7|8|9|10|11
457,Ranka Monastery,Gangtok,Sikkim,Northeast,Monastery,"Spiritual,Heritage","Family,Solo",0,200,1500,400,27.323,88.659,4.6,4200,3,11,Mountain,SIK-232,63.7,True,Moderate,Half-day (2-4 hrs),0,0,0,0,0,0,0,0,0,0,0,0,0,0,0,0,0,0,0,0,0,0,0,0,0,0,0,0,0,0,0,0,0,0,0,0,0,0,0,0,0,0,0,0,0,0,0,0,0,0,0,0,0,1,0,0,0,0,0,0,0,0,0,0,0,0,0,0,0,0,0,0,0,0,0,0,0,0,0,0,0,0,0,0,0,0,0,0,0,0,0,0,0,0,0,0,0,0,0,0,0,0,0,0,0,0,0,0,0,0,0,0,0,0,0,0,0,0,0,0,0,0,1,0,0,0,0,0,0,0,0,0,0,0,0,0,0,0,0,0,0,0,0,0,0,0,0,0,0,0,0,0,0,0,0,1,0,0,0,0,0,0,1,0,0,0,2,400.0,3000.0,750.0,2100,6200,4150.0,0.6363636363636362,0.5816326530612245,0.0044454323182929545,"[3, 4, 5, 6, 7, 8, 9, 10, 11]",3|4|5|6|7|8|9|10|11
458,Namgyal Institute Of Tibetology,Gangtok,Sikkim,Northeast,Museum,"Heritage,Educational","Family,Solo",25,200,1500,400,27.3054,88.6143,4.6,6000,3,11,Mountain,SIK-232,62.0,False,Moderate,Half-day (2-4 hrs),0,0,0,0,0,0,0,0,0,0,0,0,0,0,0,0,0,0,0,0,0,0,0,0,0,0,0,0,0,0,0,0,0,0,0,0,1,0,0,0,0,0,0,0,0,0,0,0,0,0,0,0,0,1,0,0,0,0,0,0,0,0,0,0,0,0,0,0,0,0,0,0,0,0,0,0,0,0,0,0,0,0,0,0,0,0,0,0,0,0,0,0,0,0,0,0,0,0,0,0,0,0,0,0,0,0,0,0,0,0,0,0,0,0,0,0,0,0,0,0,0,0,0,0,0,0,0,0,0,0,0,0,0,0,0,0,0,0,0,0,0,0,0,0,0,0,0,0,0,0,0,0,0,0,0,1,0,0,0,0,0,0,1,0,0,0,2,400.0,3000.0,750.0,2125,6225,4175.0,0.6363636363636362,0.5568513119533527,0.0064458768615247835,"[3, 4, 5, 6, 7, 8, 9, 10, 11]",3|4|5|6|7|8|9|10|11
459,Flower Exhibition Centre,Gangtok,Sikkim,Northeast,Garden,Nature,"Family,Couples",10,200,1500,400,27.3315,88.6138,4.4,3000,3,6,Urban,SIK-232,54.4,False,Easy,Short (1-2 hrs),0,0,0,0,0,0,0,0,0,0,0,0,0,0,0,0,0,0,0,0,0,0,0,0,0,0,0,0,0,0,0,0,0,0,0,0,0,0,0,0,0,0,0,0,0,0,0,0,0,0,0,0,0,0,0,0,0,0,0,0,0,0,0,0,0,0,0,0,0,0,0,0,0,0,0,0,0,0,0,0,0,0,0,0,1,0,0,0,0,0,0,0,0,0,0,0,0,0,0,0,0,0,0,0,0,0,0,0,0,0,0,0,0,0,0,0,0,0,0,0,0,0,0,0,0,0,0,0,0,0,0,0,0,0,0,0,0,0,0,0,0,0,0,0,0,0,0,0,0,0,0,0,0,0,1,1,0,0,0,0,0,0,0,0,0,0,1,350.0,3000.0,750.0,2110,6110,4110.0,0.4545454545454546,0.4460641399416909,0.003111802622805068,"[3, 4, 5, 6]",3|4|5|6
460,Teesta River Rafting Point,Melli,Sikkim,Northeast,River,Adventure,"Friends,Solo",0,1500,1200,350,27.1,88.42,4.6,2500,10,4,Urban,SIK-232,66.2,True,Moderate,Half-day (2-4 hrs),1,0,0,0,0,0,0,0,0,0,0,0,0,0,0,0,0,0,0,0,0,0,0,0,0,0,0,0,0,0,0,0,0,0,0,0,0,0,0,0,0,0,0,0,0,0,0,0,0,0,0,0,0,0,0,0,0,0,0,0,0,0,0,0,0,0,0,0,0,0,0,0,0,0,0,0,0,0,0,0,0,0,0,0,0,0,0,0,0,0,0,0,0,0,0,0,0,0,0,0,0,0,0,0,0,0,0,0,0,0,0,0,0,0,0,0,0,0,0,0,0,0,0,0,0,0,0,0,0,0,0,0,0,0,0,0,0,0,0,0,0,0,0,0,0,0,0,0,0,0,0,0,0,0,0,0,1,0,0,0,0,0,1,0,0,0,2,2750.0,2600.0,675.0,3050,9000,6025.0,0.6363636363636362,0.6180758017492711,0.0025561235830184486,"[10, 11, 12, 1, 2, 3, 4]",10|11|12|1|2|3|4
461,Munnar,Munnar,Kerala,South,Hill Station,"Nature,Romantic,Scenic","Couples,Friends,Family",0,500,1500,500,10.0889,77.0595,4.6,120000,9,3,Valley,KER-134,47.8,False,Moderate,Full-day (4-8 hrs),0,0,0,0,0,0,0,0,0,0,0,0,0,0,0,0,0,0,0,0,0,0,0,0,0,0,0,0,0,0,0,0,0,0,0,0,0,0,0,0,0,0,0,0,0,0,0,0,0,0,0,0,0,0,0,0,0,0,0,0,0,0,0,0,0,0,0,0,0,0,0,0,0,0,0,0,0,0,0,0,0,0,0,0,1,0,0,0,0,0,0,0,0,0,0,0,0,0,0,0,0,0,0,0,0,0,0,0,1,0,0,0,1,0,0,0,0,0,0,0,0,0,0,0,0,0,0,0,0,0,0,0,0,0,0,0,0,0,0,0,0,0,0,0,0,0,0,0,0,0,0,0,0,0,1,1,1,0,0,0,0,0,0,0,0,0,2,1500.0,4750.0,1000.0,2500,12000,7250.0,0.6363636363636362,0.34985422740524774,0.13314069793287397,"[9, 10, 11, 12, 1, 2, 3]",9|10|11|12|1|2|3
462,Alleppey Backwaters,Alappuzha,Kerala,South,Backwaters,"Nature,Houseboat,Romantic","Couples,Family,Friends",0,2000,2000,600,9.4981,76.3388,4.6,95000,9,3,Mountain,KER-135,48.9,False,Moderate,Full-day (4-8 hrs),0,0,0,0,0,0,0,0,0,0,0,0,0,0,0,0,0,0,0,0,0,0,0,0,0,0,0,0,0,0,0,0,0,0,0,0,0,0,0,0,0,0,0,0,0,0,0,0,0,0,0,0,0,0,0,0,0,0,1,0,0,0,0,0,0,0,0,0,0,0,0,0,0,0,0,0,0,0,0,0,0,0,0,0,1,0,0,0,0,0,0,0,0,0,0,0,0,0,0,0,0,0,0,0,0,0,0,0,1,0,0,0,0,0,0,0,0,0,0,0,0,0,0,0,0,0,0,0,0,0,0,0,0,0,0,0,0,0,0,0,0,0,0,0,0,0,0,0,0,0,0,0,0,0,1,1,1,0,0,0,0,0,0,0,0,0,2,5000.0,5500.0,1100.0,4600,18600,11600.0,0.6363636363636362,0.36588921282798825,0.10535674594354302,"[9, 10, 11, 12, 1, 2, 3]",9|10|11|12|1|2|3
463,Varkala Beach,Varkala,Kerala,South,Beach,"Relaxation,Scenic,Cliff","Couples,Solo,Friends",0,800,1500,600,8.7379,76.7163,4.5,80000,10,3,Coastal,KER-136,44.2,False,Easy,Full-day (4-8 hrs),0,0,0,0,0,0,0,0,0,0,0,0,0,0,0,0,0,0,0,0,0,0,0,0,1,0,0,0,0,0,0,0,0,0,0,0,0,0,0,0,0,0,0,0,0,0,0,0,0,0,0,0,0,0,0,0,0,0,0,0,0,0,0,0,0,0,0,0,0,0,0,0,0,0,0,0,0,0,0,0,0,0,0,0,0,0,0,0,0,0,0,0,0,0,0,0,0,0,0,1,0,0,0,0,0,0,0,0,0,0,0,0,1,0,0,0,0,0,0,0,0,0,0,0,0,0,0,0,0,0,0,0,0,0,0,0,0,0,0,0,0,0,0,0,0,0,0,0,0,0,0,0,0,0,1,0,1,0,0,0,0,0,1,0,0,0,1,1900.0,4250.0,1050.0,2900,11500,7200.0,0.5454545454545454,0.2973760932944607,0.08868637474994444,"[10, 11, 12, 1, 2, 3]",10|11|12|1|2|3
464,Kovalam Beach,Kovalam,Kerala,South,Beach,"Relaxation,Water_Sports,Scenic","Couples,Friends,Family",0,1000,2000,700,8.4,76.978,4.5,100000,10,3,Coastal,KER-136,43.2,False,Easy,Full-day (4-8 hrs),0,0,0,0,0,0,0,0,0,0,0,0,0,0,0,0,0,0,0,0,0,0,0,0,0,0,0,0,0,0,0,0,0,0,0,0,0,0,0,0,0,0,0,0,0,0,0,0,0,0,0,0,0,0,0,0,0,0,0,0,0,0,0,0,0,0,0,0,0,0,0,0,0,0,0,0,0,0,0,0,0,0,0,0,0,0,0,0,0,0,0,0,0,0,0,0,0,0,0,1,0,0,0,0,0,0,0,0,0,0,0,0,1,0,0,0,0,0,0,0,0,0,0,0,0,0,0,0,0,0,0,0,0,0,0,0,0,0,0,0,0,0,0,0,0,0,1,0,0,0,0,0,0,0,1,1,1,0,0,0,0,0,0,0,0,0,1,2250.0,5500.0,1200.0,3700,14200,8950.0,0.5454545454545454,0.282798833819242,0.11091353634140921,"[10, 11, 12, 1, 2, 3]",10|11|12|1|2|3
465,Periyar National Park,Thekkady,Kerala,South,Wildlife Sanctuary,"Wildlife,Nature,Adventure","Friends,Family,Solo",45,1000,2000,600,9.4627,77.2368,4.6,60000,10,4,Forest,KER-139,51.1,False,Moderate,Full-day (4-8 hrs),1,0,0,0,0,0,0,0,0,0,0,0,0,0,0,0,0,0,0,0,0,0,0,0,0,0,0,0,0,0,0,0,0,0,0,0,0,0,0,0,0,0,0,0,0,0,0,0,0,0,0,0,0,0,0,0,0,0,0,0,0,0,0,0,0,0,0,0,0,0,0,0,0,0,0,0,0,0,0,0,0,0,0,0,1,0,0,0,0,0,0,0,0,0,0,0,0,0,0,0,0,0,0,0,0,0,0,0,0,0,0,0,0,0,0,0,0,0,0,0,0,0,0,0,0,0,0,0,0,0,0,0,0,0,0,0,0,0,0,0,0,0,0,0,0,0,0,0,0,1,0,0,0,0,0,1,1,0,0,0,0,0,1,0,0,0,2,2250.0,4500.0,1050.0,3645,12045,7845.0,0.6363636363636362,0.3979591836734694,0.06645921315847966,"[10, 11, 12, 1, 2, 3, 4]",10|11|12|1|2|3|4
466,Athirappilly Waterfalls,Athirappilly,Kerala,South,Waterfall,"Nature,Photography,Scenic","Couples,Friends,Family",50,300,1500,500,10.2851,76.5697,4.7,85000,9,3,Mountain,KER-137,54.9,False,Moderate,Half-day (2-4 hrs),0,0,0,0,0,0,0,0,0,0,0,0,0,0,0,0,0,0,0,0,0,0,0,0,0,0,0,0,0,0,0,0,0,0,0,0,0,0,0,0,0,0,0,0,0,0,0,0,0,0,0,0,0,0,0,0,0,0,0,0,0,0,0,0,0,0,0,0,0,0,0,0,0,0,0,0,0,0,0,0,0,0,0,0,1,0,0,0,0,0,0,0,1,0,0,0,0,0,0,0,0,0,0,0,0,0,0,0,0,0,0,0,1,0,0,0,0,0,0,0,0,0,0,0,0,0,0,0,0,0,0,0,0,0,0,0,0,0,0,0,0,0,0,0,0,0,0,0,0,0,0,0,0,0,1,1,1,0,0,0,0,0,0,0,0,0,2,750.0,3750.0,950.0,2350,8650,5500.0,0.7272727272727271,0.45335276967930016,0.09424316514781063,"[9, 10, 11, 12, 1, 2, 3]",9|10|11|12|1|2|3
467,Wayanad,Wayanad,Kerala,South,Hill Station,"Nature,Trekking,Adventure","Friends,Couples,Family",0,800,1500,500,11.6854,76.132,4.6,75000,10,4,Forest,KER-138,50.0,False,Moderate,Full-day (4-8 hrs),1,0,0,0,0,0,0,0,0,0,0,0,0,0,0,0,0,0,0,0,0,0,0,0,0,0,0,0,0,0,0,0,0,0,0,0,0,0,0,0,0,0,0,0,0,0,0,0,0,0,0,0,0,0,0,0,0,0,0,0,0,0,0,0,0,0,0,0,0,0,0,0,0,0,0,0,0,0,0,0,0,0,0,0,1,0,0,0,0,0,0,0,0,0,0,0,0,0,0,0,0,0,0,0,0,0,0,0,0,0,0,0,0,0,0,0,0,0,0,0,0,0,0,0,0,0,0,0,0,0,0,0,0,0,0,0,1,0,0,0,0,0,0,0,0,0,0,0,0,0,0,0,0,0,1,1,1,0,0,0,0,0,0,0,0,0,2,1900.0,4250.0,950.0,2800,11400,7100.0,0.6363636363636362,0.38192419825072876,0.08312958435207825,"[10, 11, 12, 1, 2, 3, 4]",10|11|12|1|2|3|4
468,Bekal Fort,Bekal,Kerala,South,Fort,"Historical,Heritage,Scenic","Friends,Couples,Family",20,200,1500,500,12.396,75.0349,4.5,40000,10,3,Coastal,KER-140,47.5,False,Moderate,Half-day (2-4 hrs),0,0,0,0,0,0,0,0,0,0,0,0,0,0,0,0,0,0,0,0,0,0,0,0,0,0,0,0,0,0,0,0,0,0,0,0,0,0,0,0,0,0,0,0,0,0,0,0,0,0,0,0,0,1,0,0,0,1,0,0,0,0,0,0,0,0,0,0,0,0,0,0,0,0,0,0,0,0,0,0,0,0,0,0,0,0,0,0,0,0,0,0,0,0,0,0,0,0,0,0,0,0,0,0,0,0,0,0,0,0,0,0,1,0,0,0,0,0,0,0,0,0,0,0,0,0,0,0,0,0,0,0,0,0,0,0,0,0,0,0,0,0,0,0,0,0,0,0,0,0,0,0,0,0,1,1,1,0,0,0,0,0,0,0,0,0,2,500.0,3750.0,900.0,2220,8120,5170.0,0.5454545454545454,0.3454810495626821,0.044232051567014895,"[10, 11, 12, 1, 2, 3]",10|11|12|1|2|3
469,Fort Kochi,Kochi,Kerala,South,Historic Area,"Heritage,Cultural,Architecture","Solo,Friends,Couples",0,200,2000,600,9.9667,76.2425,4.6,90000,10,3,Coastal,KER-135,49.1,False,Moderate,Half-day (2-4 hrs),0,0,0,0,1,0,0,0,0,0,0,0,0,0,0,0,0,0,0,0,0,0,0,0,0,0,0,0,0,0,0,1,0,0,0,0,0,0,0,0,0,0,0,0,0,0,0,0,0,0,0,0,0,1,0,0,0,0,0,0,0,0,0,0,0,0,0,0,0,0,0,0,0,0,0,0,0,0,0,0,0,0,0,0,0,0,0,0,0,0,0,0,0,0,0,0,0,0,0,0,0,0,0,0,0,0,0,0,0,0,0,0,0,0,0,0,0,0,0,0,0,0,0,0,0,0,0,0,0,0,0,0,0,0,0,0,0,0,0,0,0,0,0,0,0,0,0,0,0,0,0,0,0,0,1,0,1,0,0,0,0,0,1,0,0,0,2,500.0,5000.0,1100.0,2800,10400,6600.0,0.6363636363636362,0.3688046647230321,0.09979995554567682,"[10, 11, 12, 1, 2, 3]",10|11|12|1|2|3
470,Mattancherry Palace,Kochi,Kerala,South,Museum,"Historical,Architecture,Cultural","Family,Solo,Friends",5,200,2000,600,9.957,76.2602,4.4,25000,10,3,Urban,KER-135,44.3,False,Easy,Half-day (2-4 hrs),0,0,0,0,1,0,0,0,0,0,0,0,0,0,0,0,0,0,0,0,0,0,0,0,0,0,0,0,0,0,0,1,0,0,0,0,0,0,0,0,0,0,0,0,0,0,0,0,0,0,0,0,0,0,0,0,0,1,0,0,0,0,0,0,0,0,0,0,0,0,0,0,0,0,0,0,0,0,0,0,0,0,0,0,0,0,0,0,0,0,0,0,0,0,0,0,0,0,0,0,0,0,0,0,0,0,0,0,0,0,0,0,0,0,0,0,0,0,0,0,0,0,0,0,0,0,0,0,0,0,0,0,0,0,0,0,0,0,0,0,0,0,0,0,0,0,0,0,0,0,0,0,0,0,0,1,1,0,0,0,0,0,1,0,0,0,1,400.0,5000.0,1050.0,2805,10105,6455.0,0.4545454545454546,0.2988338192419824,0.027561680373416317,"[10, 11, 12, 1, 2, 3]",10|11|12|1|2|3
471,Padmanabhaswamy Temple,Thiruvananthapuram,Kerala,South,Temple,"Spiritual,Pilgrimage,Religion","Family,Couples,Solo",0,200,2000,600,8.4828,76.9436,4.7,110000,10,3,Urban,KER-136,53.6,False,Easy,Short (1-2 hrs),0,0,0,0,0,0,0,0,0,0,0,0,0,0,0,0,0,0,0,0,0,0,0,0,0,0,0,0,0,0,0,0,0,0,0,0,0,0,0,0,0,0,0,0,0,0,0,0,0,0,0,0,0,0,0,0,0,0,0,0,0,0,0,0,0,0,0,0,0,0,0,0,0,0,0,0,0,0,0,0,0,0,0,0,0,0,0,0,0,0,0,0,0,0,1,0,0,0,0,0,1,0,0,0,0,0,0,0,0,0,0,0,0,0,0,0,0,0,0,0,0,0,1,0,0,0,0,0,0,0,0,0,0,0,0,0,0,0,0,0,0,0,0,0,0,0,0,0,0,0,0,0,0,0,1,1,0,0,0,0,0,0,1,0,0,0,1,500.0,4500.0,1050.0,2800,9300,6050.0,0.7272727272727271,0.43440233236151593,0.1220271171371416,"[10, 11, 12, 1, 2, 3]",10|11|12|1|2|3
472,Poovar Island,Poovar,Kerala,South,Island,"Nature,Romantic,Backwaters","Couples,Friends,Family",0,1500,2000,700,8.31,77.06,4.5,30000,10,3,Island,KER-136,48.9,False,Moderate,Full-day (4-8 hrs),0,0,0,0,0,0,0,0,0,0,1,0,0,0,0,0,0,0,0,0,0,0,0,0,0,0,0,0,0,0,0,0,0,0,0,0,0,0,0,0,0,0,0,0,0,0,0,0,0,0,0,0,0,0,0,0,0,0,0,0,0,0,0,0,0,0,0,0,0,0,0,0,0,0,0,0,0,0,0,0,0,0,0,0,1,0,0,0,0,0,0,0,0,0,0,0,0,0,0,0,0,0,0,0,0,0,0,0,1,0,0,0,0,0,0,0,0,0,0,0,0,0,0,0,0,0,0,0,0,0,0,0,0,0,0,0,0,0,0,0,0,0,0,0,0,0,0,0,0,0,0,0,0,0,1,1,1,0,0,0,0,0,0,0,0,0,2,3250.0,5500.0,1200.0,4200,15700,9950.0,0.5454545454545454,0.36588921282798825,0.03311847077128251,"[10, 11, 12, 1, 2, 3]",10|11|12|1|2|3
473,Kumarakom,Kumarakom,Kerala,South,Backwaters,"Nature,Houseboat,Relaxation","Couples,Family,Friends",0,2000,2000,700,9.6175,76.4319,4.5,50000,9,3,Valley,KER-135,46.5,False,Moderate,Full-day (4-8 hrs),0,0,0,0,0,0,0,0,0,0,0,0,0,0,0,0,0,0,0,0,0,0,0,0,0,0,0,0,0,0,0,0,0,0,0,0,0,0,0,0,0,0,0,0,0,0,0,0,0,0,0,0,0,0,0,0,0,0,1,0,0,0,0,0,0,0,0,0,0,0,0,0,0,0,0,0,0,0,0,0,0,0,0,0,1,0,0,0,0,0,0,0,0,0,0,0,0,0,0,1,0,0,0,0,0,0,0,0,0,0,0,0,0,0,0,0,0,0,0,0,0,0,0,0,0,0,0,0,0,0,0,0,0,0,0,0,0,0,0,0,0,0,0,0,0,0,0,0,0,0,0,0,0,0,1,1,1,0,0,0,0,0,0,0,0,0,2,4500.0,5500.0,1200.0,4700,17700,11200.0,0.5454545454545454,0.3309037900874635,0.05534563236274728,"[9, 10, 11, 12, 1, 2, 3]",9|10|11|12|1|2|3
474,Silent Valley National Park,Palakkad,Kerala,South,National Park,"Wildlife,Nature,Adventure","Friends,Solo,Family",50,800,1500,500,11.0667,76.5333,4.6,15000,11,3,Forest,KER-137,57.7,False,Moderate,Full-day (4-8 hrs),1,0,0,0,0,0,0,0,0,0,0,0,0,0,0,0,0,0,0,0,0,0,0,0,0,0,0,0,0,0,0,0,0,0,0,0,0,0,0,0,0,0,0,0,0,0,0,0,0,0,0,0,0,0,0,0,0,0,0,0,0,0,0,0,0,0,0,0,0,0,0,0,0,0,0,0,0,0,0,0,0,0,0,0,1,0,0,0,0,0,0,0,0,0,0,0,0,0,0,0,0,0,0,0,0,0,0,0,0,0,0,0,0,0,0,0,0,0,0,0,0,0,0,0,0,0,0,0,0,0,0,0,0,0,0,0,0,0,0,0,0,0,0,0,0,0,0,0,0,1,0,0,0,0,0,1,1,0,0,0,0,0,1,0,0,0,2,1650.0,3250.0,900.0,2850,8850,5850.0,0.6363636363636362,0.49416909620991245,0.01644809957768393,"[11, 12, 1, 2, 3]",11|12|1|2|3
475,Edakkal Caves,Wayanad,Kerala,South,Cave,"Historical,Trekking,Heritage","Friends,Solo",50,500,1500,500,11.6247,76.2356,4.5,35000,10,3,Mountain,KER-138,48.2,False,Moderate,Half-day (2-4 hrs),0,0,0,0,0,0,0,0,0,0,0,0,0,0,0,0,0,0,0,0,0,0,0,0,0,0,0,0,0,0,0,0,0,0,0,0,0,0,0,0,0,0,0,0,0,0,0,0,0,0,0,0,0,1,0,0,0,1,0,0,0,0,0,0,0,0,0,0,0,0,0,0,0,0,0,0,0,0,0,0,0,0,0,0,0,0,0,0,0,0,0,0,0,0,0,0,0,0,0,0,0,0,0,0,0,0,0,0,0,0,0,0,0,0,0,0,0,0,0,0,0,0,0,0,0,0,0,0,0,0,0,0,0,0,0,0,1,0,0,0,0,0,0,0,0,0,0,0,0,0,0,0,0,0,0,0,1,0,0,0,0,0,1,0,0,0,2,1000.0,3750.0,900.0,2550,8850,5700.0,0.5454545454545454,0.3556851311953353,0.038675261169148704,"[10, 11, 12, 1, 2, 3]",10|11|12|1|2|3
476,Chembra Peak,Wayanad,Kerala,South,Mountain Peak,"Trekking,Adventure,Nature","Friends,Solo",150,800,1500,500,11.5337,76.0822,4.6,20000,10,2,Mountain,KER-138,56.3,False,Strenuous,Multi-day (1-3 days),1,0,0,0,0,0,0,0,0,0,0,0,0,0,0,0,0,0,0,0,0,0,0,0,0,0,0,0,0,0,0,0,0,0,0,0,0,0,0,0,0,0,0,0,0,0,0,0,0,0,0,0,0,0,0,0,0,0,0,0,0,0,0,0,0,0,0,0,0,0,0,0,0,0,0,0,0,0,0,0,0,0,0,0,1,0,0,0,0,0,0,0,0,0,0,0,0,0,0,0,0,0,0,0,0,0,0,0,0,0,0,0,0,0,0,0,0,0,0,0,0,0,0,0,0,0,0,0,0,0,0,0,0,0,0,0,1,0,0,0,0,0,0,0,0,0,0,0,0,0,0,0,0,0,0,0,1,0,0,0,0,0,1,0,0,0,3,1400.0,3750.0,900.0,2950,9450,6200.0,0.6363636363636362,0.4737609329446063,0.022004889975550123,"[10, 11, 12, 1, 2]",10|11|12|1|2
477,Meesapulimala,Munnar,Kerala,South,Mountain Peak,"Trekking,Adventure,Nature","Friends,Solo",500,1500,2000,600,10.089,77.2403,4.7,12000,10,2,Mountain,KER-134,64.2,True,Strenuous,Multi-day (1-3 days),1,0,0,0,0,0,0,0,0,0,0,0,0,0,0,0,0,0,0,0,0,0,0,0,0,0,0,0,0,0,0,0,0,0,0,0,0,0,0,0,0,0,0,0,0,0,0,0,0,0,0,0,0,0,0,0,0,0,0,0,0,0,0,0,0,0,0,0,0,0,0,0,0,0,0,0,0,0,0,0,0,0,0,0,1,0,0,0,0,0,0,0,0,0,0,0,0,0,0,0,0,0,0,0,0,0,0,0,0,0,0,0,0,0,0,0,0,0,0,0,0,0,0,0,0,0,0,0,0,0,0,0,0,0,0,0,1,0,0,0,0,0,0,0,0,0,0,0,0,0,0,0,0,0,0,0,1,0,0,0,0,0,1,0,0,0,3,2750.0,4500.0,1050.0,4600,13000,8800.0,0.7272727272727271,0.5889212827988337,0.013114025338964216,"[10, 11, 12, 1, 2]",10|11|12|1|2
478,Vagamon,Vagamon,Kerala,South,Hill Station,"Nature,Paragliding,Scenic","Friends,Couples,Family",0,800,1500,500,9.6861,76.905,4.5,45000,9,3,Mountain,KER-134,47.0,False,Moderate,Full-day (4-8 hrs),0,0,0,0,0,0,0,0,0,0,0,0,0,0,0,0,0,0,0,0,0,0,0,0,0,0,0,0,0,0,0,0,0,0,0,0,0,0,0,0,0,0,0,0,0,0,0,0,0,0,0,0,0,0,0,0,0,0,0,0,0,0,0,0,0,0,0,0,0,0,0,0,0,0,0,0,0,0,0,0,0,0,0,0,1,0,0,1,0,0,0,0,0,0,0,0,0,0,0,0,0,0,0,0,0,0,0,0,0,0,0,0,1,0,0,0,0,0,0,0,0,0,0,0,0,0,0,0,0,0,0,0,0,0,0,0,0,0,0,0,0,0,0,0,0,0,0,0,0,0,0,0,0,0,1,1,1,0,0,0,0,0,0,0,0,0,2,1900.0,3750.0,950.0,2800,10400,6600.0,0.5454545454545454,0.33819241982507287,0.049788841964881085,"[9, 10, 11, 12, 1, 2, 3]",9|10|11|12|1|2|3
479,Marari Beach,Mararikulam,Kerala,South,Beach,"Relaxation,Romantic,Scenic","Couples,Friends,Family",0,800,2000,700,9.6,76.296,4.6,30000,10,3,Coastal,KER-135,54.4,False,Easy,Full-day (4-8 hrs),0,0,0,0,0,0,0,0,0,0,0,0,0,0,0,0,0,0,0,0,0,0,0,0,0,0,0,0,0,0,0,0,0,0,0,0,0,0,0,0,0,0,0,0,0,0,0,0,0,0,0,0,0,0,0,0,0,0,0,0,0,0,0,0,0,0,0,0,0,0,0,0,0,0,0,0,0,0,0,0,0,0,0,0,0,0,0,0,0,0,0,0,0,0,0,0,0,0,0,1,0,0,0,0,0,0,0,0,1,0,0,0,1,0,0,0,0,0,0,0,0,0,0,0,0,0,0,0,0,0,0,0,0,0,0,0,0,0,0,0,0,0,0,0,0,0,0,0,0,0,0,0,0,0,1,1,1,0,0,0,0,0,0,0,0,0,1,1900.0,5000.0,1200.0,3500,12700,8100.0,0.6363636363636362,0.4460641399416909,0.03311847077128251,"[10, 11, 12, 1, 2, 3]",10|11|12|1|2|3
480,Thusharagiri Falls,Kozhikode,Kerala,South,Waterfall,"Nature,Trekking,Adventure","Friends,Solo,Family",30,300,1500,500,11.4725,75.9497,4.4,18000,10,2,Mountain,KER-138,45.9,False,Moderate,Half-day (2-4 hrs),1,0,0,0,0,0,0,0,0,0,0,0,0,0,0,0,0,0,0,0,0,0,0,0,0,0,0,0,0,0,0,0,0,0,0,0,0,0,0,0,0,0,0,0,0,0,0,0,0,0,0,0,0,0,0,0,0,0,0,0,0,0,0,0,0,0,0,0,0,0,0,0,0,0,0,0,0,0,0,0,0,0,0,0,1,0,0,0,0,0,0,0,0,0,0,0,0,0,0,0,0,0,0,0,0,0,0,0,0,0,0,0,0,0,0,0,0,0,0,0,0,0,0,0,0,0,0,0,0,0,0,0,0,0,0,0,1,0,0,0,0,0,0,0,0,0,0,0,0,0,0,0,0,0,0,1,1,0,0,0,0,0,1,0,0,0,2,750.0,3250.0,900.0,2330,7530,4930.0,0.4545454545454546,0.32215743440233224,0.019782173816403646,"[10, 11, 12, 1, 2]",10|11|12|1|2
481,Kappad Beach,Kozhikode,Kerala,South,Beach,"Historical,Scenic,Relaxation","Friends,Couples,Family",0,300,1500,500,11.3838,75.7052,4.3,22000,10,3,Coastal,KER-138,39.5,False,Easy,Full-day (4-8 hrs),0,0,0,0,0,0,0,0,0,0,0,0,0,0,0,0,0,0,0,0,0,0,0,0,0,0,0,0,0,0,0,0,0,0,0,0,0,0,0,0,0,0,0,0,0,0,0,0,0,0,0,0,0,0,0,0,0,1,0,0,0,0,0,0,0,0,0,0,0,0,0,0,0,0,0,0,0,0,0,0,0,0,0,0,0,0,0,0,0,0,0,0,0,0,0,0,0,0,0,1,0,0,0,0,0,0,0,0,0,0,0,0,1,0,0,0,0,0,0,0,0,0,0,0,0,0,0,0,0,0,0,0,0,0,0,0,0,0,0,0,0,0,0,0,0,0,0,0,0,0,0,0,0,0,1,1,1,0,0,0,0,0,0,0,0,0,1,750.0,3750.0,900.0,2300,8500,5400.0,0.3636363636363633,0.2288629737609329,0.0242276061346966,"[10, 11, 12, 1, 2, 3]",10|11|12|1|2|3
482,Ashtamudi Lake,Kollam,Kerala,South,Lake,"Nature,Backwaters,Scenic","Couples,Friends,Family",0,800,1500,500,8.952,76.593,4.5,25000,10,3,Valley,KER-136,49.8,False,Easy,Full-day (4-8 hrs),0,0,0,0,0,0,0,0,0,0,1,0,0,0,0,0,0,0,0,0,0,0,0,0,0,0,0,0,0,0,0,0,0,0,0,0,0,0,0,0,0,0,0,0,0,0,0,0,0,0,0,0,0,0,0,0,0,0,0,0,0,0,0,0,0,0,0,0,0,0,0,0,0,0,0,0,0,0,0,0,0,0,0,0,1,0,0,0,0,0,0,0,0,0,0,0,0,0,0,0,0,0,0,0,0,0,0,0,0,0,0,0,1,0,0,0,0,0,0,0,0,0,0,0,0,0,0,0,0,0,0,0,0,0,0,0,0,0,0,0,0,0,0,0,0,0,0,0,0,0,0,0,0,0,1,1,1,0,0,0,0,0,0,0,0,0,1,1900.0,3750.0,950.0,2800,10400,6600.0,0.5454545454545454,0.37900874635568504,0.027561680373416317,"[10, 11, 12, 1, 2, 3]",10|11|12|1|2|3
483,Ponmudi,Thiruvananthapuram,Kerala,South,Hill Station,"Nature,Scenic,Trekking","Friends,Couples,Family",0,500,1500,500,8.759,77.1141,4.5,30000,10,3,Mountain,KER-136,48.9,False,Moderate,Full-day (4-8 hrs),0,0,0,0,0,0,0,0,0,0,0,0,0,0,0,0,0,0,0,0,0,0,0,0,0,0,0,0,0,0,0,0,0,0,0,0,0,0,0,0,0,0,0,0,0,0,0,0,0,0,0,0,0,0,0,0,0,0,0,0,0,0,0,0,0,0,0,0,0,0,0,0,0,0,0,0,0,0,0,0,0,0,0,0,1,0,0,0,0,0,0,0,0,0,0,0,0,0,0,0,0,0,0,0,0,0,0,0,0,0,0,0,1,0,0,0,0,0,0,0,0,0,0,0,0,0,0,0,0,0,0,0,0,0,0,0,1,0,0,0,0,0,0,0,0,0,0,0,0,0,0,0,0,0,1,1,1,0,0,0,0,0,0,0,0,0,2,1250.0,3750.0,950.0,2500,9400,5950.0,0.5454545454545454,0.36588921282798825,0.03311847077128251,"[10, 11, 12, 1, 2, 3]",10|11|12|1|2|3
484,Idukki Dam,Idukki,Kerala,South,Dam,",Scenic,Nature","Friends,Family,Solo",25,200,1500,500,9.844,76.973,4.4,20000,10,3,Valley,KER-134,45.4,False,Moderate,Half-day (2-4 hrs),0,0,0,0,0,0,0,0,0,0,0,0,0,0,0,0,0,0,0,0,0,0,0,0,0,0,0,0,0,0,0,0,0,0,0,0,0,0,0,0,0,0,0,0,0,0,0,0,0,0,0,0,0,0,0,0,0,0,0,0,0,0,0,0,0,0,0,0,0,0,0,0,0,0,0,0,0,0,0,0,0,0,0,0,1,0,0,0,0,0,0,0,0,0,0,0,0,0,0,0,0,0,0,0,0,0,0,0,0,0,0,0,1,0,0,0,0,0,0,0,0,0,0,0,0,0,0,0,0,0,0,0,0,0,0,0,0,0,0,0,0,0,0,0,0,0,0,0,0,0,0,0,0,0,0,1,1,0,0,0,0,0,1,0,0,0,2,500.0,3250.0,900.0,2225,7125,4675.0,0.4545454545454546,0.314868804664723,0.022004889975550123,"[10, 11, 12, 1, 2, 3]",10|11|12|1|2|3
485,Thenmala,Kollam,Kerala,South,Ecological,"Nature,Adventure,Ecologicallogical","Friends,Family,Solo",100,800,1500,500,8.954,77.061,4.4,16000,10,3,Forest,KER-136,46.4,False,Moderate,Half-day (2-4 hrs),1,0,0,0,0,0,0,0,0,0,0,0,0,0,0,0,0,0,0,0,0,0,0,0,0,0,0,0,0,0,0,0,0,0,0,1,0,0,0,0,0,0,0,0,0,0,0,0,0,0,0,0,0,0,0,0,0,0,0,0,0,0,0,0,0,0,0,0,0,0,0,0,0,0,0,0,0,0,0,0,0,0,0,0,1,0,0,0,0,0,0,0,0,0,0,0,0,0,0,0,0,0,0,0,0,0,0,0,0,0,0,0,0,0,0,0,0,0,0,0,0,0,0,0,0,0,0,0,0,0,0,0,0,0,0,0,0,0,0,0,0,0,0,0,0,0,0,0,0,0,0,0,0,0,0,1,1,0,0,0,0,0,1,0,0,0,2,1650.0,3250.0,900.0,2900,8900,5900.0,0.4545454545454546,0.3294460641399416,0.01755945765725717,"[10, 11, 12, 1, 2, 3]",10|11|12|1|2|3
486,Chinnar Wildlife Sanctuary,Munnar,Kerala,South,Wildlife Sanctuary,"Wildlife,Nature,Adventure","Friends,Solo,Family",50,800,1500,500,10.349,77.206,4.4,12000,11,3,Mountain,KER-134,47.8,False,Moderate,Full-day (4-8 hrs),1,0,0,0,0,0,0,0,0,0,0,0,0,0,0,0,0,0,0,0,0,0,0,0,0,0,0,0,0,0,0,0,0,0,0,0,0,0,0,0,0,0,0,0,0,0,0,0,0,0,0,0,0,0,0,0,0,0,0,0,0,0,0,0,0,0,0,0,0,0,0,0,0,0,0,0,0,0,0,0,0,0,0,0,1,0,0,0,0,0,0,0,0,0,0,0,0,0,0,0,0,0,0,0,0,0,0,0,0,0,0,0,0,0,0,0,0,0,0,0,0,0,0,0,0,0,0,0,0,0,0,0,0,0,0,0,0,0,0,0,0,0,0,0,0,0,0,0,0,1,0,0,0,0,0,1,1,0,0,0,0,0,1,0,0,0,2,1400.0,3750.0,900.0,2850,9350,6100.0,0.4545454545454546,0.34985422740524774,0.013114025338964216,"[11, 12, 1, 2, 3]",11|12|1|2|3
487,Nelliampathy,Palakkad,Kerala,South,Hill Station,"Nature,Scenic,Relaxation","Friends,Couples,Family",0,500,1500,500,10.5333,76.7,4.4,14000,10,3,Mountain,KER-137,47.1,False,Moderate,Full-day (4-8 hrs),0,0,0,0,0,0,0,0,0,0,0,0,0,0,0,0,0,0,0,0,0,0,0,0,0,0,0,0,0,0,0,0,0,0,0,0,0,0,0,0,0,0,0,0,0,0,0,0,0,0,0,0,0,0,0,0,0,0,0,0,0,0,0,0,0,0,0,0,0,0,0,0,0,0,0,0,0,0,0,0,0,0,0,0,1,0,0,0,0,0,0,0,0,0,0,0,0,0,0,1,0,0,0,0,0,0,0,0,0,0,0,0,1,0,0,0,0,0,0,0,0,0,0,0,0,0,0,0,0,0,0,0,0,0,0,0,0,0,0,0,0,0,0,0,0,0,0,0,0,0,0,0,0,0,1,1,1,0,0,0,0,0,0,0,0,0,2,1250.0,3250.0,900.0,2500,8300,5400.0,0.4545454545454546,0.33965014577259467,0.015336741498110693,"[10, 11, 12, 1, 2, 3]",10|11|12|1|2|3
488,Malampuzha Dam,Palakkad,Kerala,South,Dam,"Nature,Scenic,Park","Family,Friends,Couples",25,200,1500,500,10.8376,76.688,4.3,20000,10,3,Valley,KER-137,39.9,False,Moderate,Half-day (2-4 hrs),0,0,0,0,0,0,0,0,0,0,0,0,0,0,0,0,0,0,0,0,0,0,0,0,0,0,0,0,0,0,0,0,0,0,0,0,0,0,0,0,0,0,0,0,0,0,0,0,0,0,0,0,0,0,0,0,0,0,0,0,0,0,0,0,0,0,0,0,0,0,0,0,0,0,0,0,0,0,0,0,0,0,0,0,1,0,0,0,1,0,0,0,0,0,0,0,0,0,0,0,0,0,0,0,0,0,0,0,0,0,0,0,1,0,0,0,0,0,0,0,0,0,0,0,0,0,0,0,0,0,0,0,0,0,0,0,0,0,0,0,0,0,0,0,0,0,0,0,0,0,0,0,0,0,1,1,1,0,0,0,0,0,0,0,0,0,2,500.0,3250.0,900.0,2225,7125,4675.0,0.3636363636363633,0.23469387755102034,0.022004889975550123,"[10, 11, 12, 1, 2, 3]",10|11|12|1|2|3
489,Bolgatty Palace,Kochi,Kerala,South,Palace,"Heritage,Architecture,Romantic","Couples,Friends,Family",100,500,2500,700,9.9816,76.2673,4.3,12000,10,3,Mountain,KER-135,42.4,False,Moderate,Half-day (2-4 hrs),0,0,0,0,1,0,0,0,0,0,0,0,0,0,0,0,0,0,0,0,0,0,0,0,0,0,0,0,0,0,0,0,0,0,0,0,0,0,0,0,0,0,0,0,0,0,0,0,0,0,0,0,0,1,0,0,0,0,0,0,0,0,0,0,0,0,0,0,0,0,0,0,0,0,0,0,0,0,0,0,0,0,0,0,0,0,0,0,0,0,0,0,0,0,0,0,0,0,0,0,0,0,0,0,0,0,0,0,1,0,0,0,0,0,0,0,0,0,0,0,0,0,0,0,0,0,0,0,0,0,0,0,0,0,0,0,0,0,0,0,0,0,0,0,0,0,0,0,0,0,0,0,0,0,1,1,1,0,0,0,0,0,0,0,0,0,2,1250.0,5750.0,1200.0,3800,12800,8300.0,0.3636363636363633,0.271137026239067,0.013114025338964216,"[10, 11, 12, 1, 2, 3]",10|11|12|1|2|3
490,Marina Beach,Chennai,Tamil Nadu,South,Beach,"Sunset,Photography,Walking","Family,Friends",0,0,1000,300,13.05,80.2824,4.7,45000,11,2,Forest,TAM-233,57.9,False,Moderate,Full-day (4-8 hrs),0,0,0,0,0,0,0,0,0,0,0,0,0,0,0,0,0,0,0,0,0,0,0,0,0,0,0,0,0,0,0,0,0,0,0,0,0,0,0,0,0,0,0,0,0,0,0,0,0,0,0,0,0,0,0,0,0,0,0,0,0,0,0,0,0,0,0,0,0,0,0,0,0,0,0,0,0,0,0,0,0,0,0,0,0,0,0,0,0,0,0,0,1,0,0,0,0,0,0,0,0,0,0,0,0,0,0,0,0,0,0,0,0,0,0,0,0,0,0,0,0,0,0,0,0,0,0,1,0,0,0,0,0,0,0,0,0,0,0,0,0,0,1,0,0,0,0,0,0,0,0,0,0,0,0,1,1,0,0,0,0,0,0,0,0,0,2,250.0,3000.0,750.0,1300,6700,4000.0,0.7272727272727271,0.49708454810495617,0.049788841964881085,"[11, 12, 1, 2]",11|12|1|2
491,Mahabalipuram Shore Temple,Mahabalipuram,Tamil Nadu,South,Heritage,"Architecture,Heritage,Photography","Family,Couples",40,200,1200,400,12.6269,80.192,4.6,30000,10,3,Mountain,TAM-240,54.4,False,Moderate,Half-day (2-4 hrs),0,0,0,0,1,0,0,0,0,0,0,0,0,0,0,0,0,0,0,0,0,0,0,0,0,0,0,0,0,0,0,0,0,0,0,0,0,0,0,0,0,0,0,0,0,0,0,0,0,0,0,0,0,1,0,0,0,0,0,0,0,0,0,0,0,0,0,0,0,0,0,0,0,0,0,0,0,0,0,0,0,0,0,0,0,0,0,0,0,0,0,0,1,0,0,0,0,0,0,0,0,0,0,0,0,0,0,0,0,0,0,0,0,0,0,0,0,0,0,0,0,0,0,0,0,0,0,0,0,0,0,0,0,0,0,0,0,0,0,0,0,0,0,0,0,0,0,0,0,0,0,0,0,0,1,1,0,0,0,0,0,0,0,0,0,0,2,500.0,2850.0,950.0,1840,6840,4340.0,0.6363636363636362,0.4460641399416909,0.03311847077128251,"[10, 11, 12, 1, 2, 3]",10|11|12|1|2|3
492,Kapaleeshwarar Temple,Chennai,Tamil Nadu,South,Temple,"Cultural,Spiritual","Family,Solo",0,0,800,300,13.0339,80.2696,4.6,20000,10,3,Urban,TAM-233,56.3,False,Easy,Short (1-2 hrs),0,0,0,0,0,0,0,0,0,0,0,0,0,0,0,0,0,0,0,0,0,0,0,0,0,0,0,0,0,0,0,1,0,0,0,0,0,0,0,0,0,0,0,0,0,0,0,0,0,0,0,0,0,0,0,0,0,0,0,0,0,0,0,0,0,0,0,0,0,0,0,0,0,0,0,0,0,0,0,0,0,0,0,0,0,0,0,0,0,0,0,0,0,0,0,0,0,0,0,0,0,0,0,0,0,0,0,0,0,0,0,0,0,0,0,0,0,0,0,0,0,0,1,0,0,0,0,0,0,0,0,0,0,0,0,0,0,0,0,0,0,0,0,0,0,0,0,0,0,0,0,0,0,0,0,1,0,0,0,0,0,0,1,0,0,0,1,100.0,1900.0,650.0,1100,4200,2650.0,0.6363636363636362,0.4737609329446063,0.022004889975550123,"[10, 11, 12, 1, 2, 3]",10|11|12|1|2|3
493,Vellore Fort,Vellore,Tamil Nadu,South,Fort,"Heritage,Photography","Family,Friends",10,0,800,250,12.9165,79.1325,4.3,9000,10,3,Coastal,TAM-241,43.7,False,Moderate,Half-day (2-4 hrs),0,0,0,0,0,0,0,0,0,0,0,0,0,0,0,0,0,0,0,0,0,0,0,0,0,0,0,0,0,0,0,0,0,0,0,0,0,0,0,0,0,0,0,0,0,0,0,0,0,0,0,0,0,1,0,0,0,0,0,0,0,0,0,0,0,0,0,0,0,0,0,0,0,0,0,0,0,0,0,0,0,0,0,0,0,0,0,0,0,0,0,0,1,0,0,0,0,0,0,0,0,0,0,0,0,0,0,0,0,0,0,0,0,0,0,0,0,0,0,0,0,0,0,0,0,0,0,0,0,0,0,0,0,0,0,0,0,0,0,0,0,0,0,0,0,0,0,0,0,0,0,0,0,0,0,1,1,0,0,0,0,0,0,0,0,0,2,150.0,1900.0,575.0,1060,4210,2635.0,0.3636363636363633,0.29008746355685133,0.0097799511002445,"[10, 11, 12, 1, 2, 3]",10|11|12|1|2|3
494,Yelagiri Hills,Yelagiri,Tamil Nadu,South,Hill Station,"Trekking,Nature","Friends,Couples",0,500,1200,350,12.5734,78.64,4.4,7000,11,2,Coastal,TAM-242,50.4,False,Moderate,Full-day (4-8 hrs),0,0,0,0,0,0,0,0,0,0,0,0,0,0,0,0,0,0,0,0,0,0,0,0,0,0,0,0,0,0,0,0,0,0,0,0,0,0,0,0,0,0,0,0,0,0,0,0,0,0,0,0,0,0,0,0,0,0,0,0,0,0,0,0,0,0,0,0,0,0,0,0,0,0,0,0,0,0,0,0,0,0,0,0,1,0,0,0,0,0,0,0,0,0,0,0,0,0,0,0,0,0,0,0,0,0,0,0,0,0,0,0,0,0,0,0,0,0,0,0,0,0,0,0,0,0,0,0,0,0,0,0,0,0,0,0,1,0,0,0,0,0,0,0,0,0,0,0,0,0,0,0,0,0,1,0,1,0,0,0,0,0,0,0,0,0,2,1250.0,2600.0,775.0,2050,7200,4625.0,0.4545454545454546,0.3877551020408162,0.007557234941098022,"[11, 12, 1, 2]",11|12|1|2
495,Hogenakkal Falls,Hogenakkal,Tamil Nadu,South,Waterfall,"Boating,Photography","Family,Friends",30,500,1000,300,12.118,77.775,4.5,15000,10,2,Urban,TAM-243,52.2,False,Moderate,Half-day (2-4 hrs),0,0,0,0,0,0,0,0,0,0,0,0,0,0,0,0,1,0,0,0,0,0,0,0,0,0,0,0,0,0,0,0,0,0,0,0,0,0,0,0,0,0,0,0,0,0,0,0,0,0,0,0,0,0,0,0,0,0,0,0,0,0,0,0,0,0,0,0,0,0,0,0,0,0,0,0,0,0,0,0,0,0,0,0,0,0,0,0,0,0,0,0,1,0,0,0,0,0,0,0,0,0,0,0,0,0,0,0,0,0,0,0,0,0,0,0,0,0,0,0,0,0,0,0,0,0,0,0,0,0,0,0,0,0,0,0,0,0,0,0,0,0,0,0,0,0,0,0,0,0,0,0,0,0,0,1,1,0,0,0,0,0,0,0,0,0,2,1250.0,2250.0,700.0,1830,6630,4230.0,0.5454545454545454,0.4139941690962099,0.01644809957768393,"[10, 11, 12, 1, 2]",10|11|12|1|2
496,Yercaud Lake,Yercaud,Tamil Nadu,South,Hill Station,"Boating,Nature","Couples,Friends",20,200,1200,350,11.7753,78.209,4.4,11000,10,6,Urban,TAM-244,48.2,False,Moderate,Full-day (4-8 hrs),0,0,0,0,0,0,0,0,0,0,0,0,0,0,0,0,1,0,0,0,0,0,0,0,0,0,0,0,0,0,0,0,0,0,0,0,0,0,0,0,0,0,0,0,0,0,0,0,0,0,0,0,0,0,0,0,0,0,0,0,0,0,0,0,0,0,0,0,0,0,0,0,0,0,0,0,0,0,0,0,0,0,0,0,1,0,0,0,0,0,0,0,0,0,0,0,0,0,0,0,0,0,0,0,0,0,0,0,0,0,0,0,0,0,0,0,0,0,0,0,0,0,0,0,0,0,0,0,0,0,0,0,0,0,0,0,0,0,0,0,0,0,0,0,0,0,0,0,0,0,0,0,0,0,1,0,1,0,0,0,0,0,0,0,0,0,2,450.0,2600.0,775.0,1770,5920,3845.0,0.4545454545454546,0.3556851311953353,0.012002667259390977,"[10, 11, 12, 1, 2, 3, 4, 5, 6]",10|11|12|1|2|3|4|5|6
497,Kolli Hills,Namakkal,Tamil Nadu,South,Hill Station,"Trekking,Nature","Friends,Solo",0,400,900,300,11.2483,78.34,4.3,6000,10,3,Mountain,TAM-245,45.7,False,Moderate,Full-day (4-8 hrs),0,0,0,0,0,0,0,0,0,0,0,0,0,0,0,0,0,0,0,0,0,0,0,0,0,0,0,0,0,0,0,0,0,0,0,0,0,0,0,0,0,0,0,0,0,0,0,0,0,0,0,0,0,0,0,0,0,0,0,0,0,0,0,0,0,0,0,0,0,0,0,0,0,0,0,0,0,0,0,0,0,0,0,0,1,0,0,0,0,0,0,0,0,0,0,0,0,0,0,0,0,0,0,0,0,0,0,0,0,0,0,0,0,0,0,0,0,0,0,0,0,0,0,0,0,0,0,0,0,0,0,0,0,0,0,0,1,0,0,0,0,0,0,0,0,0,0,0,0,0,0,0,0,0,0,0,1,0,0,0,0,0,1,0,0,0,2,950.0,2200.0,650.0,1600,6000,3800.0,0.3636363636363633,0.31924198250728864,0.0064458768615247835,"[10, 11, 12, 1, 2, 3]",10|11|12|1|2|3
498,Ooty Lake,Ooty,Tamil Nadu,South,Hill Station,"Boating,Photography","Family,Couples",30,200,1500,400,11.4102,76.695,4.7,50000,4,6,Mountain,TAM-234,57.4,False,Moderate,Full-day (4-8 hrs),0,0,0,0,0,0,0,0,0,0,0,0,0,0,0,0,1,0,0,0,0,0,0,0,0,0,0,0,0,0,0,0,0,0,0,0,0,0,0,0,0,0,0,0,0,0,0,0,0,0,0,0,0,0,0,0,0,0,0,0,0,0,0,0,0,0,0,0,0,0,0,0,0,0,0,0,0,0,0,0,0,0,0,0,0,0,0,0,0,0,0,0,1,0,0,0,0,0,0,0,0,0,0,0,0,0,0,0,0,0,0,0,0,0,0,0,0,0,0,0,0,0,0,0,0,0,0,0,0,0,0,0,0,0,0,0,0,0,0,0,0,0,0,0,0,0,0,0,0,0,0,0,0,0,1,1,0,0,0,0,0,0,0,0,0,0,2,500.0,3750.0,950.0,2130,8330,5230.0,0.7272727272727271,0.4897959183673468,0.05534563236274728,"[4, 5, 6]",4|5|6
499,Doddabetta Peak,Ooty,Tamil Nadu,South,Hill Station,",Trekking","Friends,Couples",10,0,1500,400,11.4064,76.735,4.6,18000,4,6,Valley,TAM-234,56.8,False,Moderate,Full-day (4-8 hrs),0,0,0,0,0,0,0,0,0,0,0,0,0,0,0,0,0,0,0,0,0,0,0,0,0,0,0,0,0,0,0,0,0,0,0,0,0,0,0,0,0,0,0,0,0,0,0,0,0,0,0,0,0,0,0,0,0,0,0,0,0,0,0,0,0,0,0,0,0,0,0,0,0,0,0,0,0,0,0,0,0,0,0,0,0,0,0,0,0,0,0,0,0,0,0,0,0,0,0,0,0,0,0,0,0,0,0,0,0,0,0,0,0,0,0,0,0,0,0,0,0,0,0,0,0,0,0,0,0,0,0,0,0,0,0,0,1,0,0,0,0,0,0,0,0,0,0,0,0,0,0,0,0,0,1,0,1,0,0,0,0,0,0,0,0,0,2,100.0,3750.0,950.0,1910,7710,4810.0,0.6363636363636362,0.48104956268221566,0.019782173816403646,"[4, 5, 6]",4|5|6
500,Coonoor Tea Garden,Coonoor,Tamil Nadu,South,Nature,"Tea Garden,Photography","Couples,Friends",0,200,1400,350,11.353,76.795,4.5,13000,10,3,Mountain,TAM-234,52.9,False,Moderate,Half-day (2-4 hrs),0,0,0,0,0,0,0,0,0,0,0,0,0,0,0,0,0,0,0,0,0,0,0,0,0,0,0,0,0,0,0,0,0,0,0,0,0,0,0,0,0,0,0,0,0,0,0,0,0,0,0,0,0,0,0,0,0,0,0,0,0,0,0,0,0,0,0,0,0,0,0,0,0,0,0,0,0,0,0,0,0,0,0,0,0,0,0,0,0,0,0,0,1,0,0,0,0,0,0,0,0,0,0,0,0,0,0,0,0,0,0,0,0,0,0,0,0,0,0,0,0,0,0,0,0,0,0,0,0,1,0,0,0,0,0,0,0,0,0,0,0,0,0,0,0,0,0,0,0,0,0,0,0,0,1,0,1,0,0,0,0,0,0,0,0,0,2,450.0,2950.0,775.0,1950,6400,4175.0,0.5454545454545454,0.42419825072886286,0.014225383418537454,"[10, 11, 12, 1, 2, 3]",10|11|12|1|2|3
501,Mudumalai National Park,Mudumalai,Tamil Nadu,South,Wildlife,"Safari,Wildlife","Family,Friends",200,1000,2000,400,11.5583,76.534,4.6,16000,2,6,Mountain,TAM-234,57.4,False,Moderate,Full-day (4-8 hrs),0,0,0,0,0,0,0,0,0,0,0,0,0,0,0,0,0,0,0,0,0,0,0,0,0,0,0,0,0,0,0,0,0,0,0,0,0,0,0,0,0,0,0,0,0,0,0,0,0,0,0,0,0,0,0,0,0,0,0,0,0,0,0,0,0,0,0,0,0,0,0,0,0,0,0,0,0,0,0,0,0,0,0,0,0,0,0,0,0,0,0,0,0,0,0,0,0,0,0,0,0,0,0,0,0,0,0,0,0,0,0,1,0,0,0,0,0,0,0,0,0,0,0,0,0,0,0,0,0,0,0,0,0,0,0,0,0,0,0,0,0,0,0,0,0,0,0,0,0,1,0,0,0,0,0,1,1,0,0,0,0,0,0,0,0,0,2,2000.0,4500.0,1000.0,3600,11800,7700.0,0.6363636363636362,0.4897959183673468,0.01755945765725717,"[2, 3, 4, 5, 6]",2|3|4|5|6
502,Valparai Viewpoint Point,Valparai,Tamil Nadu,South,Hill Station,"Nature,Photography","Couples,Friends",0,300,1200,350,10.3269,76.955,4.4,8000,9,3,Valley,TAM-235,49.7,False,Moderate,Full-day (4-8 hrs),0,0,0,0,0,0,0,0,0,0,0,0,0,0,0,0,0,0,0,0,0,0,0,0,0,0,0,0,0,0,0,0,0,0,0,0,0,0,0,0,0,0,0,0,0,0,0,0,0,0,0,0,0,0,0,0,0,0,0,0,0,0,0,0,0,0,0,0,0,0,0,0,0,0,0,0,0,0,0,0,0,0,0,0,1,0,0,0,0,0,0,0,1,0,0,0,0,0,0,0,0,0,0,0,0,0,0,0,0,0,0,0,0,0,0,0,0,0,0,0,0,0,0,0,0,0,0,0,0,0,0,0,0,0,0,0,0,0,0,0,0,0,0,0,0,0,0,0,0,0,0,0,0,0,1,0,1,0,0,0,0,0,0,0,0,0,2,650.0,2850.0,775.0,1850,6700,4275.0,0.4545454545454546,0.37755102040816324,0.008668593020671262,"[9, 10, 11, 12, 1, 2, 3]",9|10|11|12|1|2|3
503,Topslip,Pollachi,Tamil Nadu,South,Wildlife,"Safari,Nature","Friends,Family",50,800,1500,350,10.3,76.85,4.4,6000,9,3,Mountain,TAM-235,51.1,False,Moderate,Full-day (4-8 hrs),0,0,0,0,0,0,0,0,0,0,0,0,0,0,0,0,0,0,0,0,0,0,0,0,0,0,0,0,0,0,0,0,0,0,0,0,0,0,0,0,0,0,0,0,0,0,0,0,0,0,0,0,0,0,0,0,0,0,0,0,0,0,0,0,0,0,0,0,0,0,0,0,0,0,0,0,0,0,0,0,0,0,0,0,1,0,0,0,0,0,0,0,0,0,0,0,0,0,0,0,0,0,0,0,0,0,0,0,0,0,0,1,0,0,0,0,0,0,0,0,0,0,0,0,0,0,0,0,0,0,0,0,0,0,0,0,0,0,0,0,0,0,0,0,0,0,0,0,0,0,0,0,0,0,0,1,1,0,0,0,0,0,0,0,0,0,2,1650.0,3250.0,825.0,2700,8850,5775.0,0.4545454545454546,0.3979591836734694,0.0064458768615247835,"[9, 10, 11, 12, 1, 2, 3]",9|10|11|12|1|2|3
504,Meenakshi Amman Temple,Madurai,Tamil Nadu,South,Temple,"Cultural,Architecture","Family,Solo",0,0,900,300,9.9195,78.1193,4.8,60000,10,3,Mountain,TAM-246,62.0,False,Moderate,Short (1-2 hrs),0,0,0,0,1,0,0,0,0,0,0,0,0,0,0,0,0,0,0,0,0,0,0,0,0,0,0,0,0,0,0,1,0,0,0,0,0,0,0,0,0,0,0,0,0,0,0,0,0,0,0,0,0,0,0,0,0,0,0,0,0,0,0,0,0,0,0,0,0,0,0,0,0,0,0,0,0,0,0,0,0,0,0,0,0,0,0,0,0,0,0,0,0,0,0,0,0,0,0,0,0,0,0,0,0,0,0,0,0,0,0,0,0,0,0,0,0,0,0,0,0,0,0,0,0,0,0,0,0,0,0,0,0,0,0,0,0,0,0,0,0,0,0,0,0,0,0,0,0,0,0,0,0,0,0,1,0,0,0,0,0,0,1,0,0,0,2,100.0,2200.0,650.0,1200,4700,2950.0,0.8181818181818179,0.5568513119533527,0.06645921315847966,"[10, 11, 12, 1, 2, 3]",10|11|12|1|2|3
505,Rameswaram Temple,Rameswaram,Tamil Nadu,South,Temple,"Spiritual,Pilgrimage","Family,Solo",0,0,800,300,9.2881,79.3174,4.7,40000,10,4,Forest,TAM-236,58.5,False,Moderate,Short (1-2 hrs),0,0,0,0,0,0,0,0,0,0,0,0,0,0,0,0,0,0,0,0,0,0,0,0,0,0,0,0,0,0,0,0,0,0,0,0,0,0,0,0,0,0,0,0,0,0,0,0,0,0,0,0,0,0,0,0,0,0,0,0,0,0,0,0,0,0,0,0,0,0,0,0,0,0,0,0,0,0,0,0,0,0,0,0,0,0,0,0,0,0,0,0,0,0,1,0,0,0,0,0,0,0,0,0,0,0,0,0,0,0,0,0,0,0,0,0,0,0,0,0,0,0,1,0,0,0,0,0,0,0,0,0,0,0,0,0,0,0,0,0,0,0,0,0,0,0,0,0,0,0,0,0,0,0,0,1,0,0,0,0,0,0,1,0,0,0,2,150.0,1900.0,650.0,1100,4300,2700.0,0.7272727272727271,0.5058309037900873,0.044232051567014895,"[10, 11, 12, 1, 2, 3, 4]",10|11|12|1|2|3|4
506,Dhanushkodi Beach,Rameswaram,Tamil Nadu,South,Beach,"Sunrise,Photography","Friends,Couples",0,200,800,300,9.178,79.427,4.5,14000,10,3,Mountain,TAM-236,52.5,False,Moderate,Full-day (4-8 hrs),0,0,0,0,0,0,0,0,0,0,0,0,0,0,0,0,0,0,0,0,0,0,0,0,0,0,0,0,0,0,0,0,0,0,0,0,0,0,0,0,0,0,0,0,0,0,0,0,0,0,0,0,0,0,0,0,0,0,0,0,0,0,0,0,0,0,0,0,0,0,0,0,0,0,0,0,0,0,0,0,0,0,0,0,0,0,0,0,0,0,0,0,1,0,0,0,0,0,0,0,0,0,0,0,0,0,0,0,0,0,0,0,0,0,0,0,0,0,0,0,0,0,0,0,0,0,1,0,0,0,0,0,0,0,0,0,0,0,0,0,0,0,0,0,0,0,0,0,0,0,0,0,0,0,1,0,1,0,0,0,0,0,0,0,0,0,2,500.0,1650.0,600.0,1300,4200,2750.0,0.5454545454545454,0.4183673469387754,0.015336741498110693,"[10, 11, 12, 1, 2, 3]",10|11|12|1|2|3
507,Kanyakumari Beach,Kanyakumari,Tamil Nadu,South,Beach,"Sunrise,Sunset","Family,Couples",0,0,1000,350,8.0883,77.5385,4.6,45000,10,3,Forest,TAM-247,52.4,False,Moderate,Full-day (4-8 hrs),0,0,0,0,0,0,0,0,0,0,0,0,0,0,0,0,0,0,0,0,0,0,0,0,0,0,0,0,0,0,0,0,0,0,0,0,0,0,0,0,0,0,0,0,0,0,0,0,0,0,0,0,0,0,0,0,0,0,0,0,0,0,0,0,0,0,0,0,0,0,0,0,0,0,0,0,0,0,0,0,0,0,0,0,0,0,0,0,0,0,0,0,0,0,0,0,0,0,0,0,0,0,0,0,0,0,0,0,0,0,0,0,0,0,0,0,0,0,0,0,0,0,0,0,0,0,1,1,0,0,0,0,0,0,0,0,0,0,0,0,0,0,0,0,0,0,0,0,0,0,0,0,0,0,1,1,0,0,0,0,0,0,0,0,0,0,2,250.0,2500.0,775.0,1350,5700,3525.0,0.6363636363636362,0.4169096209912535,0.049788841964881085,"[10, 11, 12, 1, 2, 3]",10|11|12|1|2|3
508,Brihadeeswarar Temple,Thanjavur,Tamil Nadu,South,Temple,"Unesco,Architecture","Family,Solo",0,0,900,300,10.7828,79.131,4.8,38000,10,3,Urban,TAM-248,64.1,True,Easy,Short (1-2 hrs),0,0,0,0,1,0,0,0,0,0,0,0,0,0,0,0,0,0,0,0,0,0,0,0,0,0,0,0,0,0,0,0,0,0,0,0,0,0,0,0,0,0,0,0,0,0,0,0,0,0,0,0,0,0,0,0,0,0,0,0,0,0,0,0,0,0,0,0,0,0,0,0,0,0,0,0,0,0,0,0,0,0,0,0,0,0,0,0,0,0,0,0,0,0,0,0,0,0,0,0,0,0,0,0,0,0,0,0,0,0,0,0,0,0,0,0,0,0,0,0,0,0,0,0,0,0,0,0,0,0,0,0,0,0,0,0,0,0,0,1,0,0,0,0,0,0,0,0,0,0,0,0,0,0,0,1,0,0,0,0,0,0,1,0,0,0,1,100.0,2200.0,650.0,1200,4700,2950.0,0.8181818181818179,0.5874635568513118,0.042009335407868414,"[10, 11, 12, 1, 2, 3]",10|11|12|1|2|3
509,Chidambaram Nataraja Temple,Chidambaram,Tamil Nadu,South,Temple,"Cultural,Spiritual","Family,Solo",0,0,800,300,11.3993,79.6932,4.6,21000,10,3,Coastal,TAM-237,56.1,False,Easy,Short (1-2 hrs),0,0,0,0,0,0,0,0,0,0,0,0,0,0,0,0,0,0,0,0,0,0,0,0,0,0,0,0,0,0,0,1,0,0,0,0,0,0,0,0,0,0,0,0,0,0,0,0,0,0,0,0,0,0,0,0,0,0,0,0,0,0,0,0,0,0,0,0,0,0,0,0,0,0,0,0,0,0,0,0,0,0,0,0,0,0,0,0,0,0,0,0,0,0,0,0,0,0,0,0,0,0,0,0,0,0,0,0,0,0,0,0,0,0,0,0,0,0,0,0,0,0,1,0,0,0,0,0,0,0,0,0,0,0,0,0,0,0,0,0,0,0,0,0,0,0,0,0,0,0,0,0,0,0,0,1,0,0,0,0,0,0,1,0,0,0,1,100.0,1900.0,600.0,1100,4100,2600.0,0.6363636363636362,0.4708454810495626,0.023116248055123363,"[10, 11, 12, 1, 2, 3]",10|11|12|1|2|3
510,Velankanni Church,Velankanni,Tamil Nadu,South,Religious Site,"Pilgrimage,Architecture","Family,Solo",0,0,900,300,10.682,79.852,4.7,34000,10,3,Urban,TAM-249,59.2,False,Moderate,Half-day (2-4 hrs),0,0,0,0,1,0,0,0,0,0,0,0,0,0,0,0,0,0,0,0,0,0,0,0,0,0,0,0,0,0,0,0,0,0,0,0,0,0,0,0,0,0,0,0,0,0,0,0,0,0,0,0,0,0,0,0,0,0,0,0,0,0,0,0,0,0,0,0,0,0,0,0,0,0,0,0,0,0,0,0,0,0,0,0,0,0,0,0,0,0,0,0,0,0,1,0,0,0,0,0,0,0,0,0,0,0,0,0,0,0,0,0,0,0,0,0,0,0,0,0,0,0,0,0,0,0,0,0,0,0,0,0,0,0,0,0,0,0,0,0,0,0,0,0,0,0,0,0,0,0,0,0,0,0,0,1,0,0,0,0,0,0,1,0,0,0,2,100.0,2050.0,600.0,1200,4300,2750.0,0.7272727272727271,0.5160349854227405,0.03756390308957546,"[10, 11, 12, 1, 2, 3]",10|11|12|1|2|3
511,Pichavaram Mangrove Forest,Chidambaram,Tamil Nadu,South,Nature,"Boating,Birdwatching","Friends,Couples",100,300,800,300,11.429,79.78,4.5,12000,11,2,Urban,TAM-237,53.3,False,Moderate,Half-day (2-4 hrs),0,0,0,0,0,0,0,0,0,0,0,0,0,0,0,1,1,0,0,0,0,0,0,0,0,0,0,0,0,0,0,0,0,0,0,0,0,0,0,0,0,0,0,0,0,0,0,0,0,0,0,0,0,0,0,0,0,0,0,0,0,0,0,0,0,0,0,0,0,0,0,0,0,0,0,0,0,0,0,0,0,0,0,0,0,0,0,0,0,0,0,0,0,0,0,0,0,0,0,0,0,0,0,0,0,0,0,0,0,0,0,0,0,0,0,0,0,0,0,0,0,0,0,0,0,0,0,0,0,0,0,0,0,0,0,0,0,0,0,0,0,0,0,0,0,0,0,0,0,0,0,0,0,0,1,0,1,0,0,0,0,0,0,0,0,0,2,600.0,1650.0,600.0,1500,4400,2950.0,0.5454545454545454,0.4300291545189503,0.013114025338964216,"[11, 12, 1, 2]",11|12|1|2
512,Courtallam Falls,Courtallam,Tamil Nadu,South,Waterfall,"Bathing,Nature","Family,Friends",10,100,900,300,8.934,77.277,4.6,20000,6,9,Urban,TAM-250,56.3,False,Moderate,Half-day (2-4 hrs),0,0,0,0,0,0,0,0,0,0,0,1,0,0,0,0,0,0,0,0,0,0,0,0,0,0,0,0,0,0,0,0,0,0,0,0,0,0,0,0,0,0,0,0,0,0,0,0,0,0,0,0,0,0,0,0,0,0,0,0,0,0,0,0,0,0,0,0,0,0,0,0,0,0,0,0,0,0,0,0,0,0,0,0,1,0,0,0,0,0,0,0,0,0,0,0,0,0,0,0,0,0,0,0,0,0,0,0,0,0,0,0,0,0,0,0,0,0,0,0,0,0,0,0,0,0,0,0,0,0,0,0,0,0,0,0,0,0,0,0,0,0,0,0,0,0,0,0,0,0,0,0,0,0,0,1,1,0,0,0,0,0,0,0,0,0,2,300.0,1950.0,650.0,1310,4510,2910.0,0.6363636363636362,0.4737609329446063,0.022004889975550123,"[6, 7, 8, 9]",6|7|8|9
513,Rockfort Temple,Trichy,Tamil Nadu,South,Temple,"Heritage,Architecture","Family,Solo",0,0,900,300,10.8342,78.7047,4.5,18000,10,3,Mountain,TAM-238,51.3,False,Moderate,Short (1-2 hrs),0,0,0,0,1,0,0,0,0,0,0,0,0,0,0,0,0,0,0,0,0,0,0,0,0,0,0,0,0,0,0,0,0,0,0,0,0,0,0,0,0,0,0,0,0,0,0,0,0,0,0,0,0,1,0,0,0,0,0,0,0,0,0,0,0,0,0,0,0,0,0,0,0,0,0,0,0,0,0,0,0,0,0,0,0,0,0,0,0,0,0,0,0,0,0,0,0,0,0,0,0,0,0,0,0,0,0,0,0,0,0,0,0,0,0,0,0,0,0,0,0,0,0,0,0,0,0,0,0,0,0,0,0,0,0,0,0,0,0,0,0,0,0,0,0,0,0,0,0,0,0,0,0,0,0,1,0,0,0,0,0,0,1,0,0,0,2,100.0,2200.0,650.0,1200,4700,2950.0,0.5454545454545454,0.400874635568513,0.019782173816403646,"[10, 11, 12, 1, 2, 3]",10|11|12|1|2|3
514,Srirangam Temple,Trichy,Tamil Nadu,South,Temple,"Pilgrimage,Architecture","Family,Solo",0,0,900,300,10.8623,78.693,4.8,52000,10,3,Mountain,TAM-238,62.7,False,Moderate,Short (1-2 hrs),0,0,0,0,1,0,0,0,0,0,0,0,0,0,0,0,0,0,0,0,0,0,0,0,0,0,0,0,0,0,0,0,0,0,0,0,0,0,0,0,0,0,0,0,0,0,0,0,0,0,0,0,0,0,0,0,0,0,0,0,0,0,0,0,0,0,0,0,0,0,0,0,0,0,0,0,0,0,0,0,0,0,0,0,0,0,0,0,0,0,0,0,0,0,1,0,0,0,0,0,0,0,0,0,0,0,0,0,0,0,0,0,0,0,0,0,0,0,0,0,0,0,0,0,0,0,0,0,0,0,0,0,0,0,0,0,0,0,0,0,0,0,0,0,0,0,0,0,0,0,0,0,0,0,0,1,0,0,0,0,0,0,1,0,0,0,2,100.0,2200.0,650.0,1200,4700,2950.0,0.8181818181818179,0.5670553935860058,0.057568348521893756,"[10, 11, 12, 1, 2, 3]",10|11|12|1|2|3
515,Pulicat Lake,Pulicat,Tamil Nadu,South,Lake,"Birdwatching,Photography","Friends,Couples",0,200,800,300,13.42,80.32,4.3,5000,11,2,Valley,TAM-251,46.5,False,Easy,Full-day (4-8 hrs),0,0,0,0,0,0,0,0,0,0,0,0,0,0,0,1,0,0,0,0,0,0,0,0,0,0,0,0,0,0,0,0,0,0,0,0,0,0,0,0,0,0,0,0,0,0,0,0,0,0,0,0,0,0,0,0,0,0,0,0,0,0,0,0,0,0,0,0,0,0,0,0,0,0,0,0,0,0,0,0,0,0,0,0,0,0,0,0,0,0,0,0,1,0,0,0,0,0,0,0,0,0,0,0,0,0,0,0,0,0,0,0,0,0,0,0,0,0,0,0,0,0,0,0,0,0,0,0,0,0,0,0,0,0,0,0,0,0,0,0,0,0,0,0,0,0,0,0,0,0,0,0,0,0,1,0,1,0,0,0,0,0,0,0,0,0,1,500.0,1650.0,600.0,1300,4200,2750.0,0.3636363636363633,0.3309037900874635,0.005334518781951545,"[11, 12, 1, 2]",11|12|1|2
516,Kalakad Wildlife Sanctuary,Tirunelveli,Tamil Nadu,South,Wildlife,"Trekking,Wildlife","Friends,Solo",50,500,900,300,8.5,77.4,4.4,6000,10,3,Mountain,TAM-252,51.1,False,Moderate,Full-day (4-8 hrs),0,0,0,0,0,0,0,0,0,0,0,0,0,0,0,0,0,0,0,0,0,0,0,0,0,0,0,0,0,0,0,0,0,0,0,0,0,0,0,0,0,0,0,0,0,0,0,0,0,0,0,0,0,0,0,0,0,0,0,0,0,0,0,0,0,0,0,0,0,0,0,0,0,0,0,0,0,0,0,0,0,0,0,0,0,0,0,0,0,0,0,0,0,0,0,0,0,0,0,0,0,0,0,0,0,0,0,0,0,0,0,0,0,0,0,0,0,0,0,0,0,0,0,0,0,0,0,0,0,0,0,0,0,0,0,0,1,0,0,0,0,0,0,0,0,0,0,0,0,1,0,0,0,0,0,0,1,0,0,0,0,0,1,0,0,0,2,1000.0,2050.0,650.0,1750,5750,3750.0,0.4545454545454546,0.3979591836734694,0.0064458768615247835,"[10, 11, 12, 1, 2, 3]",10|11|12|1|2|3
517,Manapad Beach,Thoothukudi,Tamil Nadu,South,Beach,"Surfing,Photography","Friends,Couples",0,200,800,300,8.375,78.053,4.3,4500,10,3,Urban,TAM-253,47.0,False,Easy,Full-day (4-8 hrs),0,0,0,0,0,0,0,0,0,0,0,0,0,0,0,0,0,0,0,0,0,0,0,0,0,0,0,0,0,0,0,0,0,0,0,0,0,0,0,0,0,0,0,0,0,0,0,0,0,0,0,0,0,0,0,0,0,0,0,0,0,0,0,0,0,0,0,0,0,0,0,0,0,0,0,0,0,0,0,0,0,0,0,0,0,0,0,0,0,0,0,0,1,0,0,0,0,0,0,0,0,0,0,0,0,0,0,0,0,0,0,0,0,0,0,0,0,0,0,0,0,0,0,0,0,0,0,0,1,0,0,0,0,0,0,0,0,0,0,0,0,0,0,0,0,0,0,0,0,0,0,0,0,0,1,0,1,0,0,0,0,0,0,0,0,0,1,450.0,1650.0,600.0,1300,4100,2700.0,0.3636363636363633,0.33819241982507287,0.004778839742164926,"[10, 11, 12, 1, 2, 3]",10|11|12|1|2|3
518,Kodaikanal Lake,Kodaikanal,Tamil Nadu,South,Hill Station,"Boating,Nature","Family,Couples",30,300,1500,400,10.2381,77.4892,4.7,47000,4,6,Urban,TAM-239,57.7,False,Moderate,Full-day (4-8 hrs),0,0,0,0,0,0,0,0,0,0,0,0,0,0,0,0,1,0,0,0,0,0,0,0,0,0,0,0,0,0,0,0,0,0,0,0,0,0,0,0,0,0,0,0,0,0,0,0,0,0,0,0,0,0,0,0,0,0,0,0,0,0,0,0,0,0,0,0,0,0,0,0,0,0,0,0,0,0,0,0,0,0,0,0,1,0,0,0,0,0,0,0,0,0,0,0,0,0,0,0,0,0,0,0,0,0,0,0,0,0,0,0,0,0,0,0,0,0,0,0,0,0,0,0,0,0,0,0,0,0,0,0,0,0,0,0,0,0,0,0,0,0,0,0,0,0,0,0,0,0,0,0,0,0,1,1,0,0,0,0,0,0,0,0,0,0,2,600.0,3750.0,950.0,2230,8430,5330.0,0.7272727272727271,0.49416909620991245,0.052011558124027565,"[4, 5, 6]",4|5|6
519,Silver Cascade Falls,Kodaikanal,Tamil Nadu,South,Waterfall,"Photography,Nature","Friends,Couples",0,0,1500,400,10.2516,77.491,4.4,12000,4,6,Mountain,TAM-239,47.8,False,Moderate,Half-day (2-4 hrs),0,0,0,0,0,0,0,0,0,0,0,0,0,0,0,0,0,0,0,0,0,0,0,0,0,0,0,0,0,0,0,0,0,0,0,0,0,0,0,0,0,0,0,0,0,0,0,0,0,0,0,0,0,0,0,0,0,0,0,0,0,0,0,0,0,0,0,0,0,0,0,0,0,0,0,0,0,0,0,0,0,0,0,0,1,0,0,0,0,0,0,0,1,0,0,0,0,0,0,0,0,0,0,0,0,0,0,0,0,0,0,0,0,0,0,0,0,0,0,0,0,0,0,0,0,0,0,0,0,0,0,0,0,0,0,0,0,0,0,0,0,0,0,0,0,0,0,0,0,0,0,0,0,0,1,0,1,0,0,0,0,0,0,0,0,0,2,150.0,3750.0,950.0,1900,7800,4850.0,0.4545454545454546,0.34985422740524774,0.013114025338964216,"[4, 5, 6]",4|5|6
520,Mysore Palace,Mysuru,Karnataka,South,Palace,"Architecture,Heritage,Photography","Family,Couples",100,200,1200,350,12.3052,76.6552,4.8,85000,10,3,Forest,KAR-129,60.3,False,Moderate,Half-day (2-4 hrs),0,0,0,0,1,0,0,0,0,0,0,0,0,0,0,0,0,0,0,0,0,0,0,0,0,0,0,0,0,0,0,0,0,0,0,0,0,0,0,0,0,0,0,0,0,0,0,0,0,0,0,0,0,1,0,0,0,0,0,0,0,0,0,0,0,0,0,0,0,0,0,0,0,0,0,0,0,0,0,0,0,0,0,0,0,0,0,0,0,0,0,0,1,0,0,0,0,0,0,0,0,0,0,0,0,0,0,0,0,0,0,0,0,0,0,0,0,0,0,0,0,0,0,0,0,0,0,0,0,0,0,0,0,0,0,0,0,0,0,0,0,0,0,0,0,0,0,0,0,0,0,0,0,0,1,1,0,0,0,0,0,0,0,0,0,0,2,500.0,3100.0,775.0,1850,7100,4475.0,0.8181818181818179,0.5320699708454809,0.09424316514781063,"[10, 11, 12, 1, 2, 3]",10|11|12|1|2|3
521,Hampi Ruins,Hampi,Karnataka,South,Heritage,"Unesco,Heritage,Photography","Friends,Solo",40,200,800,300,15.335,76.46,4.9,72000,10,2,Mountain,KAR-130,66.6,True,Moderate,Half-day (2-4 hrs),0,0,0,0,0,0,0,0,0,0,0,0,0,0,0,0,0,0,0,0,0,0,0,0,0,0,0,0,0,0,0,0,0,0,0,0,0,0,0,0,0,0,0,0,0,0,0,0,0,0,0,0,0,1,0,0,0,0,0,0,0,0,0,0,0,0,0,0,0,0,0,0,0,0,0,0,0,0,0,0,0,0,0,0,0,0,0,0,0,0,0,0,1,0,0,0,0,0,0,0,0,0,0,0,0,0,0,0,0,0,0,0,0,0,0,0,0,0,0,0,0,0,0,0,0,0,0,0,0,0,0,0,0,0,0,0,0,0,0,1,0,0,0,0,0,0,0,0,0,0,0,0,0,0,0,0,1,0,0,0,0,0,1,0,0,0,2,550.0,2150.0,650.0,1340,5440,3390.0,0.9090909090909096,0.6239067055393585,0.07979551011335853,"[10, 11, 12, 1, 2]",10|11|12|1|2
522,Coorg Abbey Falls,Coorg,Karnataka,South,Waterfall,"Nature,Photography","Couples,Friends",15,100,1200,350,12.4586,75.7396,4.6,18000,10,4,Urban,KAR-121,56.8,False,Moderate,Half-day (2-4 hrs),0,0,0,0,0,0,0,0,0,0,0,0,0,0,0,0,0,0,0,0,0,0,0,0,0,0,0,0,0,0,0,0,0,0,0,0,0,0,0,0,0,0,0,0,0,0,0,0,0,0,0,0,0,0,0,0,0,0,0,0,0,0,0,0,0,0,0,0,0,0,0,0,0,0,0,0,0,0,0,0,0,0,0,0,1,0,0,0,0,0,0,0,1,0,0,0,0,0,0,0,0,0,0,0,0,0,0,0,0,0,0,0,0,0,0,0,0,0,0,0,0,0,0,0,0,0,0,0,0,0,0,0,0,0,0,0,0,0,0,0,0,0,0,0,0,0,0,0,0,0,0,0,0,0,1,0,1,0,0,0,0,0,0,0,0,0,2,300.0,2850.0,775.0,1665,6215,3940.0,0.6363636363636362,0.48104956268221566,0.019782173816403646,"[10, 11, 12, 1, 2, 3, 4]",10|11|12|1|2|3|4
523,Dubare Elephant Camp,Coorg,Karnataka,South,Wildlife,"Elephants,Nature","Family,Friends",100,500,1200,350,12.372,75.889,4.5,14000,10,3,Coastal,KAR-121,52.5,False,Moderate,Full-day (4-8 hrs),0,0,0,0,0,0,0,0,0,0,0,0,0,0,0,0,0,0,0,0,0,0,0,0,0,0,0,0,0,0,0,0,0,0,0,0,0,1,0,0,0,0,0,0,0,0,0,0,0,0,0,0,0,0,0,0,0,0,0,0,0,0,0,0,0,0,0,0,0,0,0,0,0,0,0,0,0,0,0,0,0,0,0,0,1,0,0,0,0,0,0,0,0,0,0,0,0,0,0,0,0,0,0,0,0,0,0,0,0,0,0,0,0,0,0,0,0,0,0,0,0,0,0,0,0,0,0,0,0,0,0,0,0,0,0,0,0,0,0,0,0,0,0,0,0,0,0,0,0,0,0,0,0,0,0,1,1,0,0,0,0,0,0,0,0,0,2,1250.0,2850.0,775.0,2150,7800,4975.0,0.5454545454545454,0.4183673469387754,0.015336741498110693,"[10, 11, 12, 1, 2, 3]",10|11|12|1|2|3
524,Jog Falls,Shimoga,Karnataka,South,Waterfall,",Photography","Friends,Family",20,200,900,300,14.2294,74.7887,4.7,26000,7,12,Coastal,KAR-122,60.5,False,Moderate,Half-day (2-4 hrs),0,0,0,0,0,0,0,0,0,0,0,0,0,0,0,0,0,0,0,0,0,0,0,0,0,0,0,0,0,0,0,0,0,0,0,0,0,0,0,0,0,0,0,0,0,0,0,0,0,0,0,0,0,0,0,0,0,0,0,0,0,0,0,0,0,0,0,0,0,0,0,0,0,0,0,0,0,0,0,0,0,0,0,0,0,0,0,0,0,0,0,0,1,0,0,0,0,0,0,0,0,0,0,0,0,0,0,0,0,0,0,0,0,0,0,0,0,0,0,0,0,0,0,0,0,0,0,0,0,0,0,0,0,0,0,0,0,0,0,0,0,0,0,0,0,0,0,0,0,0,0,0,0,0,0,1,1,0,0,0,0,0,0,0,0,0,2,450.0,2200.0,650.0,1420,5220,3320.0,0.7272727272727271,0.5349854227405247,0.028673038452989554,"[7, 8, 9, 10, 11, 12]",7|8|9|10|11|12
525,Nandi Hills,Chikkaballapur,Karnataka,South,Hill Station,"Sunrise,Trekking","Friends,Couples",10,200,1500,350,13.3702,77.6835,4.6,30000,10,3,Urban,KAR-131,54.4,False,Moderate,Full-day (4-8 hrs),0,0,0,0,0,0,0,0,0,0,0,0,0,0,0,0,0,0,0,0,0,0,0,0,0,0,0,0,0,0,0,0,0,0,0,0,0,0,0,0,0,0,0,0,0,0,0,0,0,0,0,0,0,0,0,0,0,0,0,0,0,0,0,0,0,0,0,0,0,0,0,0,0,0,0,0,0,0,0,0,0,0,0,0,0,0,0,0,0,0,0,0,0,0,0,0,0,0,0,0,0,0,0,0,0,0,0,0,0,0,0,0,0,0,0,0,0,0,0,0,0,0,0,0,0,0,1,0,0,0,0,0,0,0,0,0,1,0,0,0,0,0,0,0,0,0,0,0,0,0,0,0,0,0,1,0,1,0,0,0,0,0,0,0,0,0,2,500.0,3250.0,775.0,2060,7010,4535.0,0.6363636363636362,0.4460641399416909,0.03311847077128251,"[10, 11, 12, 1, 2, 3]",10|11|12|1|2|3
526,Lalbagh Botanical Garden,Bengaluru,Karnataka,South,Garden,"Nature,Walking","Family,Solo",30,0,2000,400,12.9507,77.5848,4.7,40000,11,2,Mountain,KAR-123,58.5,False,Moderate,Short (1-2 hrs),0,0,0,0,0,0,0,0,0,0,0,0,0,0,0,0,0,0,0,0,0,0,0,0,0,0,0,0,0,0,0,0,0,0,0,0,0,0,0,0,0,0,0,0,0,0,0,0,0,0,0,0,0,0,0,0,0,0,0,0,0,0,0,0,0,0,0,0,0,0,0,0,0,0,0,0,0,0,0,0,0,0,0,0,1,0,0,0,0,0,0,0,0,0,0,0,0,0,0,0,0,0,0,0,0,0,0,0,0,0,0,0,0,0,0,0,0,0,0,0,0,0,0,0,0,0,0,0,0,0,0,0,0,0,0,0,0,0,0,0,0,0,1,0,0,0,0,0,0,0,0,0,0,0,0,1,0,0,0,0,0,0,1,0,0,0,2,100.0,4000.0,950.0,2430,7730,5080.0,0.7272727272727271,0.5058309037900873,0.044232051567014895,"[11, 12, 1, 2]",11|12|1|2
527,Bangalore Palace,Bengaluru,Karnataka,South,Palace,"Architecture,Heritage","Family,Friends",230,200,2000,400,12.9987,77.592,4.5,22000,10,3,Mountain,KAR-123,50.4,False,Moderate,Half-day (2-4 hrs),0,0,0,0,1,0,0,0,0,0,0,0,0,0,0,0,0,0,0,0,0,0,0,0,0,0,0,0,0,0,0,0,0,0,0,0,0,0,0,0,0,0,0,0,0,0,0,0,0,0,0,0,0,1,0,0,0,0,0,0,0,0,0,0,0,0,0,0,0,0,0,0,0,0,0,0,0,0,0,0,0,0,0,0,0,0,0,0,0,0,0,0,0,0,0,0,0,0,0,0,0,0,0,0,0,0,0,0,0,0,0,0,0,0,0,0,0,0,0,0,0,0,0,0,0,0,0,0,0,0,0,0,0,0,0,0,0,0,0,0,0,0,0,0,0,0,0,0,0,0,0,0,0,0,0,1,1,0,0,0,0,0,0,0,0,0,2,500.0,4000.0,950.0,2830,8530,5680.0,0.5454545454545454,0.3877551020408162,0.0242276061346966,"[10, 11, 12, 1, 2, 3]",10|11|12|1|2|3
528,Bannerghatta National Park,Bengaluru,Karnataka,South,Wildlife,"Safari,Animals","Family,Friends",80,500,2000,400,12.8,77.577,4.5,25000,10,4,Mountain,KAR-123,49.8,False,Moderate,Full-day (4-8 hrs),0,0,1,0,0,0,0,0,0,0,0,0,0,0,0,0,0,0,0,0,0,0,0,0,0,0,0,0,0,0,0,0,0,0,0,0,0,0,0,0,0,0,0,0,0,0,0,0,0,0,0,0,0,0,0,0,0,0,0,0,0,0,0,0,0,0,0,0,0,0,0,0,0,0,0,0,0,0,0,0,0,0,0,0,0,0,0,0,0,0,0,0,0,0,0,0,0,0,0,0,0,0,0,0,0,0,0,0,0,0,0,1,0,0,0,0,0,0,0,0,0,0,0,0,0,0,0,0,0,0,0,0,0,0,0,0,0,0,0,0,0,0,0,0,0,0,0,0,0,0,0,0,0,0,0,1,1,0,0,0,0,0,0,0,0,0,2,1250.0,4000.0,950.0,2980,9580,6280.0,0.5454545454545454,0.37900874635568504,0.027561680373416317,"[10, 11, 12, 1, 2, 3, 4]",10|11|12|1|2|3|4
529,Belur Chennakesava Temple,Belur,Karnataka,South,Temple,"Architecture,Heritage","Family,Solo",0,0,800,300,13.162,75.865,4.7,19000,10,3,Urban,KAR-124,62.0,False,Easy,Short (1-2 hrs),0,0,0,0,1,0,0,0,0,0,0,0,0,0,0,0,0,0,0,0,0,0,0,0,0,0,0,0,0,0,0,0,0,0,0,0,0,0,0,0,0,0,0,0,0,0,0,0,0,0,0,0,0,1,0,0,0,0,0,0,0,0,0,0,0,0,0,0,0,0,0,0,0,0,0,0,0,0,0,0,0,0,0,0,0,0,0,0,0,0,0,0,0,0,0,0,0,0,0,0,0,0,0,0,0,0,0,0,0,0,0,0,0,0,0,0,0,0,0,0,0,0,0,0,0,0,0,0,0,0,0,0,0,0,0,0,0,0,0,0,0,0,0,0,0,0,0,0,0,0,0,0,0,0,0,1,0,0,0,0,0,0,1,0,0,0,1,100.0,1900.0,650.0,1100,4200,2650.0,0.7272727272727271,0.5568513119533527,0.020893531895976883,"[10, 11, 12, 1, 2, 3]",10|11|12|1|2|3
530,Halebidu Hoysaleswara Temple,Halebidu,Karnataka,South,Temple,"Architecture,Heritage","Family,Solo",0,0,800,300,13.2156,75.991,4.7,17000,10,3,Mountain,KAR-124,62.5,False,Moderate,Short (1-2 hrs),0,0,0,0,1,0,0,0,0,0,0,0,0,0,0,0,0,0,0,0,0,0,0,0,0,0,0,0,0,0,0,0,0,0,0,0,0,0,0,0,0,0,0,0,0,0,0,0,0,0,0,0,0,1,0,0,0,0,0,0,0,0,0,0,0,0,0,0,0,0,0,0,0,0,0,0,0,0,0,0,0,0,0,0,0,0,0,0,0,0,0,0,0,0,0,0,0,0,0,0,0,0,0,0,0,0,0,0,0,0,0,0,0,0,0,0,0,0,0,0,0,0,0,0,0,0,0,0,0,0,0,0,0,0,0,0,0,0,0,0,0,0,0,0,0,0,0,0,0,0,0,0,0,0,0,1,0,0,0,0,0,0,1,0,0,0,2,100.0,1900.0,650.0,1100,4200,2650.0,0.7272727272727271,0.564139941690962,0.018670815736830406,"[10, 11, 12, 1, 2, 3]",10|11|12|1|2|3
531,Gokarna Beach,Gokarna,Karnataka,South,Beach,"Sunset,Relaxation","Friends,Couples",0,200,1000,350,14.5479,74.3188,4.6,26000,10,3,Mountain,KAR-125,55.0,False,Moderate,Full-day (4-8 hrs),0,0,0,0,0,0,0,0,0,0,0,0,0,0,0,0,0,0,0,0,0,0,0,0,0,0,0,0,0,0,0,0,0,0,0,0,0,0,0,0,0,0,0,0,0,0,0,0,0,0,0,0,0,0,0,0,0,0,0,0,0,0,0,0,0,0,0,0,0,0,0,0,0,0,0,0,0,0,0,0,0,0,0,0,0,0,0,0,0,0,0,0,0,0,0,0,0,0,0,1,0,0,0,0,0,0,0,0,0,0,0,0,0,0,0,0,0,0,0,0,0,0,0,0,0,0,0,1,0,0,0,0,0,0,0,0,0,0,0,0,0,0,0,0,0,0,0,0,0,0,0,0,0,0,1,0,1,0,0,0,0,0,0,0,0,0,2,500.0,2500.0,775.0,1550,6000,3775.0,0.6363636363636362,0.4548104956268221,0.028673038452989554,"[10, 11, 12, 1, 2, 3]",10|11|12|1|2|3
532,Om Beach,Gokarna,Karnataka,South,Beach,"Photography,Water_Sports","Friends,Couples",0,500,1000,350,14.5186,74.3167,4.6,20000,10,3,Urban,KAR-125,56.3,False,Easy,Full-day (4-8 hrs),0,0,0,0,0,0,0,0,0,0,0,0,0,0,0,0,0,0,0,0,0,0,0,0,0,0,0,0,0,0,0,0,0,0,0,0,0,0,0,0,0,0,0,0,0,0,0,0,0,0,0,0,0,0,0,0,0,0,0,0,0,0,0,0,0,0,0,0,0,0,0,0,0,0,0,0,0,0,0,0,0,0,0,0,0,0,0,0,0,0,0,0,1,0,0,0,0,0,0,0,0,0,0,0,0,0,0,0,0,0,0,0,0,0,0,0,0,0,0,0,0,0,0,0,0,0,0,0,0,0,0,0,0,0,0,0,0,0,0,0,0,0,0,0,0,0,1,0,0,0,0,0,0,0,1,0,1,0,0,0,0,0,0,0,0,0,1,1250.0,2500.0,775.0,1850,7200,4525.0,0.6363636363636362,0.4737609329446063,0.022004889975550123,"[10, 11, 12, 1, 2, 3]",10|11|12|1|2|3
533,Murudeshwar Temple,Murudeshwar,Karnataka,South,Temple,"Spiritual,Photography","Family,Solo",0,0,900,300,14.0943,74.4845,4.7,32000,10,3,Coastal,KAR-122,59.5,False,Easy,Short (1-2 hrs),0,0,0,0,0,0,0,0,0,0,0,0,0,0,0,0,0,0,0,0,0,0,0,0,0,0,0,0,0,0,0,0,0,0,0,0,0,0,0,0,0,0,0,0,0,0,0,0,0,0,0,0,0,0,0,0,0,0,0,0,0,0,0,0,0,0,0,0,0,0,0,0,0,0,0,0,0,0,0,0,0,0,0,0,0,0,0,0,0,0,0,0,1,0,0,0,0,0,0,0,0,0,0,0,0,0,0,0,0,0,0,0,0,0,0,0,0,0,0,0,0,0,1,0,0,0,0,0,0,0,0,0,0,0,0,0,0,0,0,0,0,0,0,0,0,0,0,0,0,0,0,0,0,0,0,1,0,0,0,0,0,0,1,0,0,0,1,100.0,2200.0,650.0,1200,4700,2950.0,0.7272727272727271,0.520408163265306,0.03534118693042899,"[10, 11, 12, 1, 2, 3]",10|11|12|1|2|3
534,Badami Cave Temples,Badami,Karnataka,South,Heritage,"Heritage,Architecture","Friends,Solo",25,100,800,300,15.9187,75.676,4.6,15000,10,3,Coastal,KAR-126,57.7,False,Easy,Half-day (2-4 hrs),0,0,0,0,1,0,0,0,0,0,0,0,0,0,0,0,0,0,0,0,0,0,0,0,0,0,0,0,0,0,0,0,0,0,0,0,0,0,0,0,0,0,0,0,0,0,0,0,0,0,0,0,0,1,0,0,0,0,0,0,0,0,0,0,0,0,0,0,0,0,0,0,0,0,0,0,0,0,0,0,0,0,0,0,0,0,0,0,0,0,0,0,0,0,0,0,0,0,0,0,0,0,0,0,0,0,0,0,0,0,0,0,0,0,0,0,0,0,0,0,0,0,0,0,0,0,0,0,0,0,0,0,0,0,0,0,0,0,0,0,0,0,0,0,0,0,0,0,0,0,0,0,0,0,0,0,1,0,0,0,0,0,1,0,0,0,1,250.0,1900.0,600.0,1225,4325,2775.0,0.6363636363636362,0.49416909620991245,0.01644809957768393,"[10, 11, 12, 1, 2, 3]",10|11|12|1|2|3
535,Aihole Temples,Aihole,Karnataka,South,Heritage,"Heritage,Architecture","Friends,Solo",25,100,800,300,16.017,75.882,4.5,9000,10,3,Urban,KAR-126,54.6,False,Easy,Half-day (2-4 hrs),0,0,0,0,1,0,0,0,0,0,0,0,0,0,0,0,0,0,0,0,0,0,0,0,0,0,0,0,0,0,0,0,0,0,0,0,0,0,0,0,0,0,0,0,0,0,0,0,0,0,0,0,0,1,0,0,0,0,0,0,0,0,0,0,0,0,0,0,0,0,0,0,0,0,0,0,0,0,0,0,0,0,0,0,0,0,0,0,0,0,0,0,0,0,0,0,0,0,0,0,0,0,0,0,0,0,0,0,0,0,0,0,0,0,0,0,0,0,0,0,0,0,0,0,0,0,0,0,0,0,0,0,0,0,0,0,0,0,0,0,0,0,0,0,0,0,0,0,0,0,0,0,0,0,0,0,1,0,0,0,0,0,1,0,0,0,1,250.0,1900.0,600.0,1225,4325,2775.0,0.5454545454545454,0.44897959183673464,0.0097799511002445,"[10, 11, 12, 1, 2, 3]",10|11|12|1|2|3
536,Pattadakal Monuments,Pattadakal,Karnataka,South,Heritage,"Unesco,Architecture","Friends,Solo",40,100,800,300,15.948,75.816,4.7,14000,10,3,Urban,KAR-126,63.4,True,Easy,Half-day (2-4 hrs),0,0,0,0,1,0,0,0,0,0,0,0,0,0,0,0,0,0,0,0,0,0,0,0,0,0,0,0,0,0,0,0,0,0,0,0,0,0,0,0,0,0,0,0,0,0,0,0,0,0,0,0,0,0,0,0,0,0,0,0,0,0,0,0,0,0,0,0,0,0,0,0,0,0,0,0,0,0,0,0,0,0,0,0,0,0,0,0,0,0,0,0,0,0,0,0,0,0,0,0,0,0,0,0,0,0,0,0,0,0,0,0,0,0,0,0,0,0,0,0,0,0,0,0,0,0,0,0,0,0,0,0,0,0,0,0,0,0,0,1,0,0,0,0,0,0,0,0,0,0,0,0,0,0,0,0,1,0,0,0,0,0,1,0,0,0,1,250.0,1900.0,600.0,1240,4340,2790.0,0.7272727272727271,0.5772594752186587,0.015336741498110693,"[10, 11, 12, 1, 2, 3]",10|11|12|1|2|3
537,Dandeli Wildlife Sanctuary,Dandeli,Karnataka,South,Wildlife,"Rafting,Wildlife","Friends,Couples",50,1000,1500,350,15.236,74.617,4.6,18000,10,4,Valley,KAR-132,56.8,False,Moderate,Full-day (4-8 hrs),0,0,0,0,0,0,0,0,0,0,0,0,0,0,0,0,0,0,0,0,0,0,0,0,0,0,0,0,0,0,0,0,0,0,0,0,0,0,0,0,0,0,0,0,0,0,0,0,0,0,0,0,0,0,0,0,0,0,0,0,0,0,0,0,0,0,0,0,0,0,0,0,0,0,0,0,0,0,0,0,0,0,0,0,0,0,0,0,0,0,0,0,0,0,0,0,1,0,0,0,0,0,0,0,0,0,0,0,0,0,0,0,0,0,0,0,0,0,0,0,0,0,0,0,0,0,0,0,0,0,0,0,0,0,0,0,0,0,0,0,0,0,0,0,0,0,0,0,0,1,0,0,0,0,1,0,1,0,0,0,0,0,0,0,0,0,2,2500.0,3250.0,775.0,2900,10250,6575.0,0.6363636363636362,0.48104956268221566,0.019782173816403646,"[10, 11, 12, 1, 2, 3, 4]",10|11|12|1|2|3|4
538,Kudremukh Peak,Kudremukh,Karnataka,South,Hill Station,"Trekking,Nature","Friends,Solo",0,500,1200,350,13.132,75.25,4.7,9000,10,3,Mountain,KAR-127,65.5,True,Moderate,Full-day (4-8 hrs),0,0,0,0,0,0,0,0,0,0,0,0,0,0,0,0,0,0,0,0,0,0,0,0,0,0,0,0,0,0,0,0,0,0,0,0,0,0,0,0,0,0,0,0,0,0,0,0,0,0,0,0,0,0,0,0,0,0,0,0,0,0,0,0,0,0,0,0,0,0,0,0,0,0,0,0,0,0,0,0,0,0,0,0,1,0,0,0,0,0,0,0,0,0,0,0,0,0,0,0,0,0,0,0,0,0,0,0,0,0,0,0,0,0,0,0,0,0,0,0,0,0,0,0,0,0,0,0,0,0,0,0,0,0,0,0,1,0,0,0,0,0,0,0,0,0,0,0,0,0,0,0,0,0,0,0,1,0,0,0,0,0,1,0,0,0,2,1000.0,2600.0,775.0,2050,6700,4375.0,0.7272727272727271,0.6078717201166179,0.0097799511002445,"[10, 11, 12, 1, 2, 3]",10|11|12|1|2|3
539,Chikmagalur  Estates,Chikmagalur,Karnataka,South,Nature,",Trekking","Couples,Friends",0,300,1500,350,13.3161,75.772,4.7,21000,9,3,Mountain,KAR-124,61.5,False,Moderate,Half-day (2-4 hrs),0,0,0,0,0,0,0,0,0,0,0,0,0,0,0,0,0,0,0,0,0,0,0,0,0,0,0,0,0,0,0,0,0,0,0,0,0,0,0,0,0,0,0,0,0,0,0,0,0,0,0,0,0,0,0,0,0,0,0,0,0,0,0,0,0,0,0,0,0,0,0,0,0,0,0,0,0,0,0,0,0,0,0,0,0,0,0,0,0,0,0,0,0,0,0,0,0,0,0,0,0,0,0,0,0,0,0,0,0,0,0,0,0,0,0,0,0,0,0,0,0,0,0,0,0,0,0,0,0,0,0,0,0,0,0,0,1,0,0,0,0,0,0,0,0,0,0,0,0,0,0,0,0,0,1,0,1,0,0,0,0,0,0,0,0,0,2,750.0,3250.0,775.0,2150,7400,4775.0,0.7272727272727271,0.5495626822157433,0.023116248055123363,"[9, 10, 11, 12, 1, 2, 3]",9|10|11|12|1|2|3
540,Bhadra Wildlife Sanctuary,Chikmagalur,Karnataka,South,Wildlife,"Safari,Birdwatching","Friends,Family",50,500,1200,350,13.7,75.633,4.5,7000,10,4,Coastal,KAR-133,55.8,False,Moderate,Full-day (4-8 hrs),0,0,0,0,0,0,0,0,0,0,0,0,0,0,0,1,0,0,0,0,0,0,0,0,0,0,0,0,0,0,0,0,0,0,0,0,0,0,0,0,0,0,0,0,0,0,0,0,0,0,0,0,0,0,0,0,0,0,0,0,0,0,0,0,0,0,0,0,0,0,0,0,0,0,0,0,0,0,0,0,0,0,0,0,0,0,0,0,0,0,0,0,0,0,0,0,0,0,0,0,0,0,0,0,0,0,0,0,0,0,0,1,0,0,0,0,0,0,0,0,0,0,0,0,0,0,0,0,0,0,0,0,0,0,0,0,0,0,0,0,0,0,0,0,0,0,0,0,0,0,0,0,0,0,0,1,1,0,0,0,0,0,0,0,0,0,2,1250.0,2600.0,775.0,2100,7250,4675.0,0.5454545454545454,0.46647230320699695,0.007557234941098022,"[10, 11, 12, 1, 2, 3, 4]",10|11|12|1|2|3|4
541,Sringeri Sharada Peetham,Sringeri,Karnataka,South,Temple,"Spiritual,Architecture","Family,Solo",0,0,800,300,13.4167,75.252,4.7,16000,10,3,Coastal,KAR-127,62.8,False,Easy,Short (1-2 hrs),0,0,0,0,1,0,0,0,0,0,0,0,0,0,0,0,0,0,0,0,0,0,0,0,0,0,0,0,0,0,0,0,0,0,0,0,0,0,0,0,0,0,0,0,0,0,0,0,0,0,0,0,0,0,0,0,0,0,0,0,0,0,0,0,0,0,0,0,0,0,0,0,0,0,0,0,0,0,0,0,0,0,0,0,0,0,0,0,0,0,0,0,0,0,0,0,0,0,0,0,0,0,0,0,0,0,0,0,0,0,0,0,0,0,0,0,0,0,0,0,0,0,1,0,0,0,0,0,0,0,0,0,0,0,0,0,0,0,0,0,0,0,0,0,0,0,0,0,0,0,0,0,0,0,0,1,0,0,0,0,0,0,1,0,0,0,1,100.0,1900.0,600.0,1100,4100,2600.0,0.7272727272727271,0.5685131195335276,0.01755945765725717,"[10, 11, 12, 1, 2, 3]",10|11|12|1|2|3
542,Udupi Krishna Temple,Udupi,Karnataka,South,Temple,"Spiritual,Cultural","Family,Solo",0,0,900,300,13.3409,74.7421,4.7,28000,10,3,Forest,KAR-128,60.1,False,Moderate,Short (1-2 hrs),0,0,0,0,0,0,0,0,0,0,0,0,0,0,0,0,0,0,0,0,0,0,0,0,0,0,0,0,0,0,0,1,0,0,0,0,0,0,0,0,0,0,0,0,0,0,0,0,0,0,0,0,0,0,0,0,0,0,0,0,0,0,0,0,0,0,0,0,0,0,0,0,0,0,0,0,0,0,0,0,0,0,0,0,0,0,0,0,0,0,0,0,0,0,0,0,0,0,0,0,0,0,0,0,0,0,0,0,0,0,0,0,0,0,0,0,0,0,0,0,0,0,1,0,0,0,0,0,0,0,0,0,0,0,0,0,0,0,0,0,0,0,0,0,0,0,0,0,0,0,0,0,0,0,0,1,0,0,0,0,0,0,1,0,0,0,2,100.0,2200.0,600.0,1200,4600,2900.0,0.7272727272727271,0.5291545189504373,0.03089575461213603,"[10, 11, 12, 1, 2, 3]",10|11|12|1|2|3
543,Malpe Beach,Udupi,Karnataka,South,Beach,"Sunset,Water_Sports","Friends,Couples",0,500,1000,350,13.349,74.703,4.5,15000,10,3,Valley,KAR-128,52.2,False,Easy,Full-day (4-8 hrs),0,0,0,0,0,0,0,0,0,0,0,0,0,0,0,0,0,0,0,0,0,0,0,0,0,0,0,0,0,0,0,0,0,0,0,0,0,0,0,0,0,0,0,0,0,0,0,0,0,0,0,0,0,0,0,0,0,0,0,0,0,0,0,0,0,0,0,0,0,0,0,0,0,0,0,0,0,0,0,0,0,0,0,0,0,0,0,0,0,0,0,0,0,0,0,0,0,0,0,0,0,0,0,0,0,0,0,0,0,0,0,0,0,0,0,0,0,0,0,0,0,0,0,0,0,0,0,1,0,0,0,0,0,0,0,0,0,0,0,0,0,0,0,0,0,0,1,0,0,0,0,0,0,0,1,0,1,0,0,0,0,0,0,0,0,0,1,1250.0,2500.0,775.0,1850,7200,4525.0,0.5454545454545454,0.4139941690962099,0.01644809957768393,"[10, 11, 12, 1, 2, 3]",10|11|12|1|2|3
544,St Mary'S Island,Udupi,Karnataka,South,Island,"Photography,Nature","Friends,Couples",300,200,1000,350,13.379,74.672,4.6,12000,10,2,Urban,KAR-128,58.7,False,Moderate,Full-day (4-8 hrs),0,0,0,0,0,0,0,0,0,0,0,0,0,0,0,0,0,0,0,0,0,0,0,0,0,0,0,0,0,0,0,0,0,0,0,0,0,0,0,0,0,0,0,0,0,0,0,0,0,0,0,0,0,0,0,0,0,0,0,0,0,0,0,0,0,0,0,0,0,0,0,0,0,0,0,0,0,0,0,0,0,0,0,0,1,0,0,0,0,0,0,0,1,0,0,0,0,0,0,0,0,0,0,0,0,0,0,0,0,0,0,0,0,0,0,0,0,0,0,0,0,0,0,0,0,0,0,0,0,0,0,0,0,0,0,0,0,0,0,0,0,0,0,0,0,0,0,0,0,0,0,0,0,0,1,0,1,0,0,0,0,0,0,0,0,0,2,450.0,2500.0,775.0,1850,6200,4025.0,0.6363636363636362,0.5087463556851312,0.013114025338964216,"[10, 11, 12, 1, 2]",10|11|12|1|2
545,Tirumala Venkateswara Temple,Tirupati,Andhra Pradesh,South,Temple,"Spiritual,Pilgrimage,Architecture","Family,Solo",0,200,1000,300,13.6833,79.347,4.9,250000,10,3,Urban,AND-0,60.6,False,Easy,Short (1-2 hrs),0,0,0,0,1,0,0,0,0,0,0,0,0,0,0,0,0,0,0,0,0,0,0,0,0,0,0,0,0,0,0,0,0,0,0,0,0,0,0,0,0,0,0,0,0,0,0,0,0,0,0,0,0,0,0,0,0,0,0,0,0,0,0,0,0,0,0,0,0,0,0,0,0,0,0,0,0,0,0,0,0,0,0,0,0,0,0,0,0,0,0,0,0,0,1,0,0,0,0,0,0,0,0,0,0,0,0,0,0,0,0,0,0,0,0,0,0,0,0,0,0,0,1,0,0,0,0,0,0,0,0,0,0,0,0,0,0,0,0,0,0,0,0,0,0,0,0,0,0,0,0,0,0,0,0,1,0,0,0,0,0,0,1,0,0,0,1,500.0,2500.0,650.0,1500,5800,3650.0,0.9090909090909096,0.5364431486880465,0.277617248277395,"[10, 11, 12, 1, 2, 3]",10|11|12|1|2|3
546,Srisailam Temple,Srisailam,Andhra Pradesh,South,Temple,"Spiritual,Pilgrimage","Family,Solo",0,200,900,300,16.072,78.868,4.8,60000,10,3,Coastal,AND-7,62.0,False,Easy,Short (1-2 hrs),0,0,0,0,0,0,0,0,0,0,0,0,0,0,0,0,0,0,0,0,0,0,0,0,0,0,0,0,0,0,0,0,0,0,0,0,0,0,0,0,0,0,0,0,0,0,0,0,0,0,0,0,0,0,0,0,0,0,0,0,0,0,0,0,0,0,0,0,0,0,0,0,0,0,0,0,0,0,0,0,0,0,0,0,0,0,0,0,0,0,0,0,0,0,1,0,0,0,0,0,0,0,0,0,0,0,0,0,0,0,0,0,0,0,0,0,0,0,0,0,0,0,1,0,0,0,0,0,0,0,0,0,0,0,0,0,0,0,0,0,0,0,0,0,0,0,0,0,0,0,0,0,0,0,0,1,0,0,0,0,0,0,1,0,0,0,1,500.0,2200.0,600.0,1400,5200,3300.0,0.8181818181818179,0.5568513119533527,0.06645921315847966,"[10, 11, 12, 1, 2, 3]",10|11|12|1|2|3
547,Araku Valley,Araku,Andhra Pradesh,South,Hill Station,"Nature,Scenic","Couples,Friends",0,500,1200,350,18.327,82.88,4.7,30000,9,3,Urban,AND-1,59.8,False,Moderate,Full-day (4-8 hrs),0,0,0,0,0,0,0,0,0,0,0,0,0,0,0,0,0,0,0,0,0,0,0,0,0,0,0,0,0,0,0,0,0,0,0,0,0,0,0,0,0,0,0,0,0,0,0,0,0,0,0,0,0,0,0,0,0,0,0,0,0,0,0,0,0,0,0,0,0,0,0,0,0,0,0,0,0,0,0,0,0,0,0,0,1,0,0,0,0,0,0,0,0,0,0,0,0,0,0,0,0,0,0,0,0,0,0,0,0,0,0,0,1,0,0,0,0,0,0,0,0,0,0,0,0,0,0,0,0,0,0,0,0,0,0,0,0,0,0,0,0,0,0,0,0,0,0,0,0,0,0,0,0,0,1,0,1,0,0,0,0,0,0,0,0,0,2,1250.0,2850.0,775.0,2050,7700,4875.0,0.7272727272727271,0.5247813411078716,0.03311847077128251,"[9, 10, 11, 12, 1, 2, 3]",9|10|11|12|1|2|3
548,Borra Caves,Araku,Andhra Pradesh,South,Cave,"Adventure,Geology,Photography","Friends,Family",80,200,1200,350,18.28,83.04,4.6,22000,10,3,Coastal,AND-1,55.8,False,Moderate,Half-day (2-4 hrs),1,0,0,0,0,0,0,0,0,0,0,0,0,0,0,0,0,0,0,0,0,0,0,0,0,0,0,0,0,0,0,0,0,0,0,0,0,0,0,0,0,0,0,0,0,0,0,0,0,1,0,0,0,0,0,0,0,0,0,0,0,0,0,0,0,0,0,0,0,0,0,0,0,0,0,0,0,0,0,0,0,0,0,0,0,0,0,0,0,0,0,0,1,0,0,0,0,0,0,0,0,0,0,0,0,0,0,0,0,0,0,0,0,0,0,0,0,0,0,0,0,0,0,0,0,0,0,0,0,0,0,0,0,0,0,0,0,0,0,0,0,0,0,0,0,0,0,0,0,0,0,0,0,0,0,1,1,0,0,0,0,0,0,0,0,0,2,500.0,2600.0,775.0,1830,6080,3955.0,0.6363636363636362,0.46647230320699695,0.0242276061346966,"[10, 11, 12, 1, 2, 3]",10|11|12|1|2|3
549,Rk Beach,Visakhapatnam,Andhra Pradesh,South,Beach,"Sunset,Walking,Photography","Family,Friends",0,200,1500,400,17.71,83.31,4.6,45000,10,3,Urban,AND-2,52.4,False,Easy,Full-day (4-8 hrs),0,0,0,0,0,0,0,0,0,0,0,0,0,0,0,0,0,0,0,0,0,0,0,0,0,0,0,0,0,0,0,0,0,0,0,0,0,0,0,0,0,0,0,0,0,0,0,0,0,0,0,0,0,0,0,0,0,0,0,0,0,0,0,0,0,0,0,0,0,0,0,0,0,0,0,0,0,0,0,0,0,0,0,0,0,0,0,0,0,0,0,0,1,0,0,0,0,0,0,0,0,0,0,0,0,0,0,0,0,0,0,0,0,0,0,0,0,0,0,0,0,0,0,0,0,0,0,1,0,0,0,0,0,0,0,0,0,0,0,0,0,0,1,0,0,0,0,0,0,0,0,0,0,0,0,1,1,0,0,0,0,0,0,0,0,0,1,450.0,3250.0,950.0,2100,7200,4650.0,0.6363636363636362,0.4169096209912535,0.049788841964881085,"[10, 11, 12, 1, 2, 3]",10|11|12|1|2|3
550,Kailasagiri,Visakhapatnam,Andhra Pradesh,South,Hill Park,",Photography","Couples,Friends",50,200,1500,400,17.747,83.341,4.5,20000,10,3,Coastal,AND-2,50.8,False,Moderate,Half-day (2-4 hrs),0,0,0,0,0,0,0,0,0,0,0,0,0,0,0,0,0,0,0,0,0,0,0,0,0,0,0,0,0,0,0,0,0,0,0,0,0,0,0,0,0,0,0,0,0,0,0,0,0,0,0,0,0,0,0,0,0,0,0,0,0,0,0,0,0,0,0,0,0,0,0,0,0,0,0,0,0,0,0,0,0,0,0,0,0,0,0,0,0,0,0,0,1,0,0,0,0,0,0,0,0,0,0,0,0,0,0,0,0,0,0,0,0,0,0,0,0,0,0,0,0,0,0,0,0,0,0,0,0,0,0,0,0,0,0,0,0,0,0,0,0,0,0,0,0,0,0,0,0,0,0,0,0,0,1,0,1,0,0,0,0,0,0,0,0,0,2,400.0,3250.0,950.0,2150,7150,4650.0,0.5454545454545454,0.39358600583090364,0.022004889975550123,"[10, 11, 12, 1, 2, 3]",10|11|12|1|2|3
551,Submarine Museum,Visakhapatnam,Andhra Pradesh,South,Museum,"Heritage,Navy","Family,Friends",40,0,1500,400,17.714,83.323,4.5,15000,10,3,Valley,AND-2,52.2,False,Easy,Half-day (2-4 hrs),0,0,0,0,0,0,0,0,0,0,0,0,0,0,0,0,0,0,0,0,0,0,0,0,0,0,0,0,0,0,0,0,0,0,0,0,0,0,0,0,0,0,0,0,0,0,0,0,0,0,0,0,0,1,0,0,0,0,0,0,0,0,0,0,0,0,0,0,0,0,0,0,0,0,0,0,0,0,0,0,0,0,0,0,0,1,0,0,0,0,0,0,0,0,0,0,0,0,0,0,0,0,0,0,0,0,0,0,0,0,0,0,0,0,0,0,0,0,0,0,0,0,0,0,0,0,0,0,0,0,0,0,0,0,0,0,0,0,0,0,0,0,0,0,0,0,0,0,0,0,0,0,0,0,0,1,1,0,0,0,0,0,0,0,0,0,1,100.0,3250.0,950.0,1940,6740,4340.0,0.5454545454545454,0.4139941690962099,0.01644809957768393,"[10, 11, 12, 1, 2, 3]",10|11|12|1|2|3
552,Yarada Beach,Visakhapatnam,Andhra Pradesh,South,Beach,"Scenic,Photography","Friends,Couples",0,200,1500,400,17.655,83.28,4.5,12000,10,3,Coastal,AND-2,53.3,False,Easy,Full-day (4-8 hrs),0,0,0,0,0,0,0,0,0,0,0,0,0,0,0,0,0,0,0,0,0,0,0,0,0,0,0,0,0,0,0,0,0,0,0,0,0,0,0,0,0,0,0,0,0,0,0,0,0,0,0,0,0,0,0,0,0,0,0,0,0,0,0,0,0,0,0,0,0,0,0,0,0,0,0,0,0,0,0,0,0,0,0,0,0,0,0,0,0,0,0,0,1,0,0,0,0,0,0,0,0,0,0,0,0,0,0,0,0,0,0,0,1,0,0,0,0,0,0,0,0,0,0,0,0,0,0,0,0,0,0,0,0,0,0,0,0,0,0,0,0,0,0,0,0,0,0,0,0,0,0,0,0,0,1,0,1,0,0,0,0,0,0,0,0,0,1,450.0,3250.0,950.0,2100,7200,4650.0,0.5454545454545454,0.4300291545189503,0.013114025338964216,"[10, 11, 12, 1, 2, 3]",10|11|12|1|2|3
553,Simhachalam Temple,Visakhapatnam,Andhra Pradesh,South,Temple,"Spiritual,Architecture","Family,Solo",0,200,1200,350,17.765,83.245,4.7,25000,10,3,Urban,AND-2,60.7,False,Easy,Short (1-2 hrs),0,0,0,0,1,0,0,0,0,0,0,0,0,0,0,0,0,0,0,0,0,0,0,0,0,0,0,0,0,0,0,0,0,0,0,0,0,0,0,0,0,0,0,0,0,0,0,0,0,0,0,0,0,0,0,0,0,0,0,0,0,0,0,0,0,0,0,0,0,0,0,0,0,0,0,0,0,0,0,0,0,0,0,0,0,0,0,0,0,0,0,0,0,0,0,0,0,0,0,0,0,0,0,0,0,0,0,0,0,0,0,0,0,0,0,0,0,0,0,0,0,0,1,0,0,0,0,0,0,0,0,0,0,0,0,0,0,0,0,0,0,0,0,0,0,0,0,0,0,0,0,0,0,0,0,1,0,0,0,0,0,0,1,0,0,0,1,400.0,2850.0,775.0,1750,6300,4025.0,0.7272727272727271,0.5379008746355685,0.027561680373416317,"[10, 11, 12, 1, 2, 3]",10|11|12|1|2|3
554,Belum Caves,Kurnool,Andhra Pradesh,South,Cave,"Adventure,Geology","Friends,Solo",65,200,900,300,15.1,78.11,4.6,18000,10,3,Urban,AND-3,56.8,False,Moderate,Half-day (2-4 hrs),1,0,0,0,0,0,0,0,0,0,0,0,0,0,0,0,0,0,0,0,0,0,0,0,0,0,0,0,0,0,0,0,0,0,0,0,0,0,0,0,0,0,0,0,0,0,0,0,0,1,0,0,0,0,0,0,0,0,0,0,0,0,0,0,0,0,0,0,0,0,0,0,0,0,0,0,0,0,0,0,0,0,0,0,0,0,0,0,0,0,0,0,0,0,0,0,0,0,0,0,0,0,0,0,0,0,0,0,0,0,0,0,0,0,0,0,0,0,0,0,0,0,0,0,0,0,0,0,0,0,0,0,0,0,0,0,0,0,0,0,0,0,0,0,0,0,0,0,0,0,0,0,0,0,0,0,1,0,0,0,0,0,1,0,0,0,2,500.0,2200.0,600.0,1465,5265,3365.0,0.6363636363636362,0.48104956268221566,0.019782173816403646,"[10, 11, 12, 1, 2, 3]",10|11|12|1|2|3
555,Oravakallu Rock Garden,Kurnool,Andhra Pradesh,South,Nature,"Geology,Photography","Friends,Family",20,200,900,300,15.69,78.16,4.4,8000,10,3,Urban,AND-8,49.7,False,Moderate,Half-day (2-4 hrs),0,0,0,0,0,0,0,0,0,0,0,0,0,0,0,0,0,0,0,0,0,0,0,0,0,0,0,0,0,0,0,0,0,0,0,0,0,0,0,0,0,0,0,0,0,0,0,0,0,1,0,0,0,0,0,0,0,0,0,0,0,0,0,0,0,0,0,0,0,0,0,0,0,0,0,0,0,0,0,0,0,0,0,0,0,0,0,0,0,0,0,0,1,0,0,0,0,0,0,0,0,0,0,0,0,0,0,0,0,0,0,0,0,0,0,0,0,0,0,0,0,0,0,0,0,0,0,0,0,0,0,0,0,0,0,0,0,0,0,0,0,0,0,0,0,0,0,0,0,0,0,0,0,0,0,1,1,0,0,0,0,0,0,0,0,0,2,450.0,2200.0,600.0,1420,5120,3270.0,0.4545454545454546,0.37755102040816324,0.008668593020671262,"[10, 11, 12, 1, 2, 3]",10|11|12|1|2|3
556,Gandikota Canyon,Kadapa,Andhra Pradesh,South,Nature,"Canyon,Photography","Friends,Solo",0,300,900,300,14.81,78.28,4.7,17000,10,3,Urban,AND-3,62.5,False,Moderate,Half-day (2-4 hrs),0,0,0,0,0,0,0,0,0,0,0,0,0,0,0,0,0,0,0,0,0,1,0,0,0,0,0,0,0,0,0,0,0,0,0,0,0,0,0,0,0,0,0,0,0,0,0,0,0,0,0,0,0,0,0,0,0,0,0,0,0,0,0,0,0,0,0,0,0,0,0,0,0,0,0,0,0,0,0,0,0,0,0,0,0,0,0,0,0,0,0,0,1,0,0,0,0,0,0,0,0,0,0,0,0,0,0,0,0,0,0,0,0,0,0,0,0,0,0,0,0,0,0,0,0,0,0,0,0,0,0,0,0,0,0,0,0,0,0,0,0,0,0,0,0,0,0,0,0,0,0,0,0,0,0,0,1,0,0,0,0,0,1,0,0,0,2,600.0,2200.0,600.0,1500,5300,3400.0,0.7272727272727271,0.564139941690962,0.018670815736830406,"[10, 11, 12, 1, 2, 3]",10|11|12|1|2|3
557,Ahobilam Temple,Kurnool,Andhra Pradesh,South,Temple,"Spiritual,Trekking","Family,Solo",0,200,900,300,15.13,78.73,4.7,9000,10,3,Urban,AND-9,65.5,True,Easy,Short (1-2 hrs),0,0,0,0,0,0,0,0,0,0,0,0,0,0,0,0,0,0,0,0,0,0,0,0,0,0,0,0,0,0,0,0,0,0,0,0,0,0,0,0,0,0,0,0,0,0,0,0,0,0,0,0,0,0,0,0,0,0,0,0,0,0,0,0,0,0,0,0,0,0,0,0,0,0,0,0,0,0,0,0,0,0,0,0,0,0,0,0,0,0,0,0,0,0,0,0,0,0,0,0,0,0,0,0,0,0,0,0,0,0,0,0,0,0,0,0,0,0,0,0,0,0,1,0,0,0,0,0,0,0,0,0,0,0,0,0,1,0,0,0,0,0,0,0,0,0,0,0,0,0,0,0,0,0,0,1,0,0,0,0,0,0,1,0,0,0,1,500.0,2200.0,600.0,1400,5200,3300.0,0.7272727272727271,0.6078717201166179,0.0097799511002445,"[10, 11, 12, 1, 2, 3]",10|11|12|1|2|3
558,Lepakshi Temple,Anantapur,Andhra Pradesh,South,Temple,"Architecture,Heritage","Family,Friends",0,200,900,300,13.8,77.61,4.7,21000,10,3,Urban,AND-10,61.5,False,Easy,Short (1-2 hrs),0,0,0,0,1,0,0,0,0,0,0,0,0,0,0,0,0,0,0,0,0,0,0,0,0,0,0,0,0,0,0,0,0,0,0,0,0,0,0,0,0,0,0,0,0,0,0,0,0,0,0,0,0,1,0,0,0,0,0,0,0,0,0,0,0,0,0,0,0,0,0,0,0,0,0,0,0,0,0,0,0,0,0,0,0,0,0,0,0,0,0,0,0,0,0,0,0,0,0,0,0,0,0,0,0,0,0,0,0,0,0,0,0,0,0,0,0,0,0,0,0,0,0,0,0,0,0,0,0,0,0,0,0,0,0,0,0,0,0,0,0,0,0,0,0,0,0,0,0,0,0,0,0,0,0,1,1,0,0,0,0,0,0,0,0,0,1,400.0,2200.0,600.0,1400,5000,3200.0,0.7272727272727271,0.5495626822157433,0.023116248055123363,"[10, 11, 12, 1, 2, 3]",10|11|12|1|2|3
559,Sri Kalahasti Temple,Srikalahasti,Andhra Pradesh,South,Temple,"Spiritual,Pilgrimage","Family,Solo",0,200,900,300,13.75,79.7,4.7,35000,10,3,Urban,AND-0,59.1,False,Easy,Short (1-2 hrs),0,0,0,0,0,0,0,0,0,0,0,0,0,0,0,0,0,0,0,0,0,0,0,0,0,0,0,0,0,0,0,0,0,0,0,0,0,0,0,0,0,0,0,0,0,0,0,0,0,0,0,0,0,0,0,0,0,0,0,0,0,0,0,0,0,0,0,0,0,0,0,0,0,0,0,0,0,0,0,0,0,0,0,0,0,0,0,0,0,0,0,0,0,0,1,0,0,0,0,0,0,0,0,0,0,0,0,0,0,0,0,0,0,0,0,0,0,0,0,0,0,0,1,0,0,0,0,0,0,0,0,0,0,0,0,0,0,0,0,0,0,0,0,0,0,0,0,0,0,0,0,0,0,0,0,1,0,0,0,0,0,0,1,0,0,0,1,500.0,2200.0,600.0,1400,5200,3300.0,0.7272727272727271,0.5145772594752186,0.038675261169148704,"[10, 11, 12, 1, 2, 3]",10|11|12|1|2|3
560,Talakona Waterfalls,Chittoor,Andhra Pradesh,South,Waterfall,"Nature,Trekking","Friends,Couples",50,300,1000,300,13.82,79.21,4.6,12000,9,3,Urban,AND-0,58.7,False,Moderate,Half-day (2-4 hrs),0,0,0,0,0,0,0,0,0,0,0,0,0,0,0,0,0,0,0,0,0,0,0,0,0,0,0,0,0,0,0,0,0,0,0,0,0,0,0,0,0,0,0,0,0,0,0,0,0,0,0,0,0,0,0,0,0,0,0,0,0,0,0,0,0,0,0,0,0,0,0,0,0,0,0,0,0,0,0,0,0,0,0,0,1,0,0,0,0,0,0,0,0,0,0,0,0,0,0,0,0,0,0,0,0,0,0,0,0,0,0,0,0,0,0,0,0,0,0,0,0,0,0,0,0,0,0,0,0,0,0,0,0,0,0,0,1,0,0,0,0,0,0,0,0,0,0,0,0,0,0,0,0,0,1,0,1,0,0,0,0,0,0,0,0,0,2,650.0,2250.0,600.0,1650,5450,3550.0,0.6363636363636362,0.5087463556851312,0.013114025338964216,"[9, 10, 11, 12, 1, 2, 3]",9|10|11|12|1|2|3
561,Horsley Hills,Chittoor,Andhra Pradesh,South,Hill Station,"Nature,Trekking","Friends,Couples",0,300,1200,350,13.65,78.4,4.5,10000,10,3,Urban,AND-11,54.1,False,Moderate,Full-day (4-8 hrs),0,0,0,0,0,0,0,0,0,0,0,0,0,0,0,0,0,0,0,0,0,0,0,0,0,0,0,0,0,0,0,0,0,0,0,0,0,0,0,0,0,0,0,0,0,0,0,0,0,0,0,0,0,0,0,0,0,0,0,0,0,0,0,0,0,0,0,0,0,0,0,0,0,0,0,0,0,0,0,0,0,0,0,0,1,0,0,0,0,0,0,0,0,0,0,0,0,0,0,0,0,0,0,0,0,0,0,0,0,0,0,0,0,0,0,0,0,0,0,0,0,0,0,0,0,0,0,0,0,0,0,0,0,0,0,0,1,0,0,0,0,0,0,0,0,0,0,0,0,0,0,0,0,0,1,0,1,0,0,0,0,0,0,0,0,0,2,600.0,2600.0,775.0,1850,6100,3975.0,0.5454545454545454,0.4416909620991253,0.010891309179817739,"[10, 11, 12, 1, 2, 3]",10|11|12|1|2|3
562,Pulicat Lake,Nellore,Andhra Pradesh,South,Lake,"Birdwatching,Nature","Friends,Couples",0,200,800,300,13.42,80.32,4.4,8000,11,2,Urban,AND-12,49.7,False,Easy,Full-day (4-8 hrs),0,0,0,0,0,0,0,0,0,0,0,0,0,0,0,1,0,0,0,0,0,0,0,0,0,0,0,0,0,0,0,0,0,0,0,0,0,0,0,0,0,0,0,0,0,0,0,0,0,0,0,0,0,0,0,0,0,0,0,0,0,0,0,0,0,0,0,0,0,0,0,0,0,0,0,0,0,0,0,0,0,0,0,0,1,0,0,0,0,0,0,0,0,0,0,0,0,0,0,0,0,0,0,0,0,0,0,0,0,0,0,0,0,0,0,0,0,0,0,0,0,0,0,0,0,0,0,0,0,0,0,0,0,0,0,0,0,0,0,0,0,0,0,0,0,0,0,0,0,0,0,0,0,0,1,0,1,0,0,0,0,0,0,0,0,0,1,450.0,1900.0,600.0,1300,4600,2950.0,0.4545454545454546,0.37755102040816324,0.008668593020671262,"[11, 12, 1, 2]",11|12|1|2
563,Uppada Beach,Kakinada,Andhra Pradesh,South,Beach,"Scenic,Photography","Friends,Couples",0,200,900,300,16.95,82.32,4.4,7000,10,3,Urban,AND-4,50.4,False,Easy,Full-day (4-8 hrs),0,0,0,0,0,0,0,0,0,0,0,0,0,0,0,0,0,0,0,0,0,0,0,0,0,0,0,0,0,0,0,0,0,0,0,0,0,0,0,0,0,0,0,0,0,0,0,0,0,0,0,0,0,0,0,0,0,0,0,0,0,0,0,0,0,0,0,0,0,0,0,0,0,0,0,0,0,0,0,0,0,0,0,0,0,0,0,0,0,0,0,0,1,0,0,0,0,0,0,0,0,0,0,0,0,0,0,0,0,0,0,0,1,0,0,0,0,0,0,0,0,0,0,0,0,0,0,0,0,0,0,0,0,0,0,0,0,0,0,0,0,0,0,0,0,0,0,0,0,0,0,0,0,0,1,0,1,0,0,0,0,0,0,0,0,0,1,450.0,2200.0,600.0,1400,5100,3250.0,0.4545454545454546,0.3877551020408162,0.007557234941098022,"[10, 11, 12, 1, 2, 3]",10|11|12|1|2|3
564,Coringa Wildlife Sanctuary,Kakinada,Andhra Pradesh,South,Wildlife,"Mangrove,Birdwatching","Friends,Solo",20,200,900,300,16.82,82.27,4.5,9000,10,3,Urban,AND-4,54.6,False,Moderate,Full-day (4-8 hrs),0,0,0,0,0,0,0,0,0,0,0,0,0,0,0,1,0,0,0,0,0,0,0,0,0,0,0,0,0,0,0,0,0,0,0,0,0,0,0,0,0,0,0,0,0,0,0,0,0,0,0,0,0,0,0,0,0,0,0,0,0,0,0,0,0,0,0,0,0,0,0,0,0,1,0,0,0,0,0,0,0,0,0,0,0,0,0,0,0,0,0,0,0,0,0,0,0,0,0,0,0,0,0,0,0,0,0,0,0,0,0,0,0,0,0,0,0,0,0,0,0,0,0,0,0,0,0,0,0,0,0,0,0,0,0,0,0,0,0,0,0,0,0,0,0,0,0,0,0,0,0,0,0,0,0,0,1,0,0,0,0,0,1,0,0,0,2,450.0,2200.0,600.0,1420,5120,3270.0,0.5454545454545454,0.44897959183673464,0.0097799511002445,"[10, 11, 12, 1, 2, 3]",10|11|12|1|2|3
565,Papikondalu,Rajahmundry,Andhra Pradesh,South,Nature,"Boating,Scenic","Friends,Couples",0,800,1000,350,17.25,81.78,4.7,20000,10,3,Urban,AND-5,61.7,False,Moderate,Half-day (2-4 hrs),0,0,0,0,0,0,0,0,0,0,0,0,0,0,0,0,1,0,0,0,0,0,0,0,0,0,0,0,0,0,0,0,0,0,0,0,0,0,0,0,0,0,0,0,0,0,0,0,0,0,0,0,0,0,0,0,0,0,0,0,0,0,0,0,0,0,0,0,0,0,0,0,0,0,0,0,0,0,0,0,0,0,0,0,0,0,0,0,0,0,0,0,0,0,0,0,0,0,0,0,0,0,0,0,0,0,0,0,0,0,0,0,1,0,0,0,0,0,0,0,0,0,0,0,0,0,0,0,0,0,0,0,0,0,0,0,0,0,0,0,0,0,0,0,0,0,0,0,0,0,0,0,0,0,1,0,1,0,0,0,0,0,0,0,0,0,2,1650.0,2500.0,775.0,2150,7700,4925.0,0.7272727272727271,0.5524781341107872,0.022004889975550123,"[10, 11, 12, 1, 2, 3]",10|11|12|1|2|3
566,Dowleswaram Barrage,Rajahmundry,Andhra Pradesh,South,Dam,",Scenic","Family,Friends",0,100,900,300,16.96,81.78,4.4,7000,10,3,Urban,AND-5,50.4,False,Moderate,Half-day (2-4 hrs),0,0,0,0,0,0,0,0,0,0,0,0,0,0,0,0,0,0,0,0,0,0,0,0,0,0,0,0,0,0,0,0,0,0,0,0,0,0,0,0,0,0,0,0,0,0,0,0,0,0,0,0,0,0,0,0,0,0,0,0,0,0,0,0,0,0,0,0,0,0,0,0,0,0,0,0,0,0,0,0,0,0,0,0,0,0,0,0,0,0,0,0,0,0,0,0,0,0,0,0,0,0,0,0,0,0,0,0,0,0,0,0,1,0,0,0,0,0,0,0,0,0,0,0,0,0,0,0,0,0,0,0,0,0,0,0,0,0,0,0,0,0,0,0,0,0,0,0,0,0,0,0,0,0,0,1,1,0,0,0,0,0,0,0,0,0,2,250.0,2200.0,600.0,1300,4800,3050.0,0.4545454545454546,0.3877551020408162,0.007557234941098022,"[10, 11, 12, 1, 2, 3]",10|11|12|1|2|3
567,Amaravati Stupa,Amaravati,Andhra Pradesh,South,Heritage,"Buddhist Cultural,Heritage","Family,Solo",25,100,900,300,16.57,80.35,4.5,10000,10,3,Urban,AND-6,54.1,False,Easy,Half-day (2-4 hrs),0,0,0,0,0,0,0,0,0,0,0,0,0,0,0,0,0,0,1,0,0,0,0,0,0,0,0,0,0,0,0,0,0,0,0,0,0,0,0,0,0,0,0,0,0,0,0,0,0,0,0,0,0,1,0,0,0,0,0,0,0,0,0,0,0,0,0,0,0,0,0,0,0,0,0,0,0,0,0,0,0,0,0,0,0,0,0,0,0,0,0,0,0,0,0,0,0,0,0,0,0,0,0,0,0,0,0,0,0,0,0,0,0,0,0,0,0,0,0,0,0,0,0,0,0,0,0,0,0,0,0,0,0,0,0,0,0,0,0,0,0,0,0,0,0,0,0,0,0,0,0,0,0,0,0,1,0,0,0,0,0,0,1,0,0,0,1,250.0,2200.0,600.0,1325,4825,3075.0,0.5454545454545454,0.4416909620991253,0.010891309179817739,"[10, 11, 12, 1, 2, 3]",10|11|12|1|2|3
568,Undavalli Caves,Vijayawada,Andhra Pradesh,South,Cave,"Heritage,Architecture","Family,Friends",15,100,900,300,16.5,80.58,4.5,13000,10,3,Urban,AND-6,52.9,False,Moderate,Half-day (2-4 hrs),0,0,0,0,1,0,0,0,0,0,0,0,0,0,0,0,0,0,0,0,0,0,0,0,0,0,0,0,0,0,0,0,0,0,0,0,0,0,0,0,0,0,0,0,0,0,0,0,0,0,0,0,0,1,0,0,0,0,0,0,0,0,0,0,0,0,0,0,0,0,0,0,0,0,0,0,0,0,0,0,0,0,0,0,0,0,0,0,0,0,0,0,0,0,0,0,0,0,0,0,0,0,0,0,0,0,0,0,0,0,0,0,0,0,0,0,0,0,0,0,0,0,0,0,0,0,0,0,0,0,0,0,0,0,0,0,0,0,0,0,0,0,0,0,0,0,0,0,0,0,0,0,0,0,0,1,1,0,0,0,0,0,0,0,0,0,2,250.0,2200.0,600.0,1315,4815,3065.0,0.5454545454545454,0.42419825072886286,0.014225383418537454,"[10, 11, 12, 1, 2, 3]",10|11|12|1|2|3
569,Kanaka Durga Temple,Vijayawada,Andhra Pradesh,South,Temple,"Spiritual,Pilgrimage","Family,Solo",0,200,900,300,16.51,80.61,4.8,60000,10,3,Urban,AND-6,62.0,False,Easy,Short (1-2 hrs),0,0,0,0,0,0,0,0,0,0,0,0,0,0,0,0,0,0,0,0,0,0,0,0,0,0,0,0,0,0,0,0,0,0,0,0,0,0,0,0,0,0,0,0,0,0,0,0,0,0,0,0,0,0,0,0,0,0,0,0,0,0,0,0,0,0,0,0,0,0,0,0,0,0,0,0,0,0,0,0,0,0,0,0,0,0,0,0,0,0,0,0,0,0,1,0,0,0,0,0,0,0,0,0,0,0,0,0,0,0,0,0,0,0,0,0,0,0,0,0,0,0,1,0,0,0,0,0,0,0,0,0,0,0,0,0,0,0,0,0,0,0,0,0,0,0,0,0,0,0,0,0,0,0,0,1,0,0,0,0,0,0,1,0,0,0,1,450.0,2200.0,600.0,1400,5100,3250.0,0.8181818181818179,0.5568513119533527,0.06645921315847966,"[10, 11, 12, 1, 2, 3]",10|11|12|1|2|3
570,Bhavani Island,Vijayawada,Andhra Pradesh,South,Island,"Boating,Relaxation","Family,Friends",100,500,1000,350,16.49,80.64,4.4,9000,10,3,Urban,AND-6,49.2,False,Moderate,Full-day (4-8 hrs),0,0,0,0,0,0,0,0,0,0,0,0,0,0,0,0,1,0,0,0,0,0,0,0,0,0,0,0,0,0,0,0,0,0,0,0,0,0,0,0,0,0,0,0,0,0,0,0,0,0,0,0,0,0,0,0,0,0,0,0,0,0,0,0,0,0,0,0,0,0,0,0,0,0,0,0,0,0,0,0,0,0,0,0,0,0,0,0,0,0,0,0,0,0,0,0,0,0,0,1,0,0,0,0,0,0,0,0,0,0,0,0,0,0,0,0,0,0,0,0,0,0,0,0,0,0,0,0,0,0,0,0,0,0,0,0,0,0,0,0,0,0,0,0,0,0,0,0,0,0,0,0,0,0,0,1,1,0,0,0,0,0,0,0,0,0,2,1250.0,2500.0,775.0,1950,7300,4625.0,0.4545454545454546,0.3702623906705539,0.0097799511002445,"[10, 11, 12, 1, 2, 3]",10|11|12|1|2|3
571,Mypadu Beach,Nellore,Andhra Pradesh,South,Beach,"Scenic,Relaxation","Friends,Couples",0,200,900,300,14.45,80.08,4.3,6000,10,3,Urban,AND-13,45.7,False,Easy,Full-day (4-8 hrs),0,0,0,0,0,0,0,0,0,0,0,0,0,0,0,0,0,0,0,0,0,0,0,0,0,0,0,0,0,0,0,0,0,0,0,0,0,0,0,0,0,0,0,0,0,0,0,0,0,0,0,0,0,0,0,0,0,0,0,0,0,0,0,0,0,0,0,0,0,0,0,0,0,0,0,0,0,0,0,0,0,0,0,0,0,0,0,0,0,0,0,0,0,0,0,0,0,0,0,1,0,0,0,0,0,0,0,0,0,0,0,0,1,0,0,0,0,0,0,0,0,0,0,0,0,0,0,0,0,0,0,0,0,0,0,0,0,0,0,0,0,0,0,0,0,0,0,0,0,0,0,0,0,0,1,0,1,0,0,0,0,0,0,0,0,0,1,450.0,2200.0,600.0,1400,5100,3250.0,0.3636363636363633,0.31924198250728864,0.0064458768615247835,"[10, 11, 12, 1, 2, 3]",10|11|12|1|2|3
572,Baruva Beach,Srikakulam,Andhra Pradesh,South,Beach,"Sunset,Photography","Friends,Couples",0,200,900,300,18.9,84.58,4.3,4000,10,3,Urban,AND-14,47.6,False,Easy,Full-day (4-8 hrs),0,0,0,0,0,0,0,0,0,0,0,0,0,0,0,0,0,0,0,0,0,0,0,0,0,0,0,0,0,0,0,0,0,0,0,0,0,0,0,0,0,0,0,0,0,0,0,0,0,0,0,0,0,0,0,0,0,0,0,0,0,0,0,0,0,0,0,0,0,0,0,0,0,0,0,0,0,0,0,0,0,0,0,0,0,0,0,0,0,0,0,0,1,0,0,0,0,0,0,0,0,0,0,0,0,0,0,0,0,0,0,0,0,0,0,0,0,0,0,0,0,0,0,0,0,0,0,1,0,0,0,0,0,0,0,0,0,0,0,0,0,0,0,0,0,0,0,0,0,0,0,0,0,0,1,0,1,0,0,0,0,0,0,0,0,0,1,450.0,2200.0,600.0,1400,5100,3250.0,0.3636363636363633,0.346938775510204,0.004223160702378307,"[10, 11, 12, 1, 2, 3]",10|11|12|1|2|3
573,Kolleru Lake,Eluru,Andhra Pradesh,South,Lake,"Birdwatching,Nature","Friends,Solo",0,200,800,300,16.63,81.28,4.4,5000,11,2,Urban,AND-15,52.0,False,Easy,Full-day (4-8 hrs),0,0,0,0,0,0,0,0,0,0,0,0,0,0,0,1,0,0,0,0,0,0,0,0,0,0,0,0,0,0,0,0,0,0,0,0,0,0,0,0,0,0,0,0,0,0,0,0,0,0,0,0,0,0,0,0,0,0,0,0,0,0,0,0,0,0,0,0,0,0,0,0,0,0,0,0,0,0,0,0,0,0,0,0,1,0,0,0,0,0,0,0,0,0,0,0,0,0,0,0,0,0,0,0,0,0,0,0,0,0,0,0,0,0,0,0,0,0,0,0,0,0,0,0,0,0,0,0,0,0,0,0,0,0,0,0,0,0,0,0,0,0,0,0,0,0,0,0,0,0,0,0,0,0,0,0,1,0,0,0,0,0,1,0,0,0,1,450.0,1900.0,600.0,1300,4600,2950.0,0.4545454545454546,0.41107871720116607,0.005334518781951545,"[11, 12, 1, 2]",11|12|1|2
574,Manginapudi Beach,Machilipatnam,Andhra Pradesh,South,Beach,"Relaxation,Photography","Friends,Family",0,200,900,300,16.2,81.18,4.3,5000,10,3,Urban,AND-16,46.5,False,Easy,Full-day (4-8 hrs),0,0,0,0,0,0,0,0,0,0,0,0,0,0,0,0,0,0,0,0,0,0,0,0,0,0,0,0,0,0,0,0,0,0,0,0,0,0,0,0,0,0,0,0,0,0,0,0,0,0,0,0,0,0,0,0,0,0,0,0,0,0,0,0,0,0,0,0,0,0,0,0,0,0,0,0,0,0,0,0,0,0,0,0,0,0,0,0,0,0,0,0,1,0,0,0,0,0,0,1,0,0,0,0,0,0,0,0,0,0,0,0,0,0,0,0,0,0,0,0,0,0,0,0,0,0,0,0,0,0,0,0,0,0,0,0,0,0,0,0,0,0,0,0,0,0,0,0,0,0,0,0,0,0,0,1,1,0,0,0,0,0,0,0,0,0,1,450.0,2200.0,600.0,1400,5100,3250.0,0.3636363636363633,0.3309037900874635,0.005334518781951545,"[10, 11, 12, 1, 2, 3]",10|11|12|1|2|3
575,Charminar,Hyderabad,Telangana,South,Monument,"Heritage,Architecture,Photography","Family,Friends",25,100,1500,400,17.3616,78.4747,4.6,120000,10,3,Urban,TEL-254,47.8,False,Easy,Short (1-2 hrs),0,0,0,0,1,0,0,0,0,0,0,0,0,0,0,0,0,0,0,0,0,0,0,0,0,0,0,0,0,0,0,0,0,0,0,0,0,0,0,0,0,0,0,0,0,0,0,0,0,0,0,0,0,1,0,0,0,0,0,0,0,0,0,0,0,0,0,0,0,0,0,0,0,0,0,0,0,0,0,0,0,0,0,0,0,0,0,0,0,0,0,0,1,0,0,0,0,0,0,0,0,0,0,0,0,0,0,0,0,0,0,0,0,0,0,0,0,0,0,0,0,0,0,0,0,0,0,0,0,0,0,0,0,0,0,0,0,0,0,0,0,0,0,0,0,0,0,0,0,0,0,0,0,0,0,1,1,0,0,0,0,0,0,0,0,0,1,250.0,3250.0,950.0,2025,6925,4475.0,0.6363636363636362,0.34985422740524774,0.13314069793287397,"[10, 11, 12, 1, 2, 3]",10|11|12|1|2|3
576,Golconda Fort,Hyderabad,Telangana,South,Fort,"Heritage,Architecture,","Friends,Family",25,200,1500,400,17.3833,78.4011,4.7,90000,10,3,Urban,TEL-254,54.6,False,Moderate,Half-day (2-4 hrs),0,0,0,0,1,0,0,0,0,0,0,0,0,0,0,0,0,0,0,0,0,0,0,0,0,0,0,0,0,0,0,0,0,0,0,0,0,0,0,0,0,0,0,0,0,0,0,0,0,0,0,0,0,1,0,0,0,0,0,0,0,0,0,0,0,0,0,0,0,0,0,0,0,0,0,0,0,0,0,0,0,0,0,0,0,0,0,0,0,0,0,0,0,0,0,0,0,0,0,0,0,0,0,0,0,0,0,0,0,0,0,0,0,0,0,0,0,0,0,0,0,0,0,0,0,0,0,0,0,0,0,0,0,0,0,0,0,0,0,0,0,0,0,0,0,0,0,0,0,0,0,0,0,0,0,1,1,0,0,0,0,0,0,0,0,0,2,450.0,3250.0,950.0,2125,7225,4675.0,0.7272727272727271,0.44897959183673464,0.09979995554567682,"[10, 11, 12, 1, 2, 3]",10|11|12|1|2|3
577,Ramoji Film City,Hyderabad,Telangana,South,Theme Park,"Cinema,Entertainment,Tour","Family,Friends",1350,500,1500,400,17.2543,78.6808,4.6,80000,10,3,Urban,TEL-254,49.7,False,Easy,Full-day (4-8 hrs),0,0,0,0,0,0,0,0,0,0,0,0,0,0,0,0,0,0,0,0,0,0,0,1,0,0,0,0,0,0,0,0,0,0,0,0,0,0,1,0,0,0,0,0,0,0,0,0,0,0,0,0,0,0,0,0,0,0,0,0,0,0,0,0,0,0,0,0,0,0,0,0,0,0,0,0,0,0,0,0,0,0,0,0,0,0,0,0,0,0,0,0,0,0,0,0,0,0,0,0,0,0,0,0,0,0,0,0,0,0,0,0,0,0,0,0,0,0,0,0,0,0,0,0,0,0,0,0,0,0,0,0,1,0,0,0,0,0,0,0,0,0,0,0,0,0,0,0,0,0,0,0,0,0,0,1,1,0,0,0,0,0,0,0,0,0,1,1250.0,3250.0,950.0,3750,9850,6800.0,0.6363636363636362,0.37755102040816324,0.08868637474994444,"[10, 11, 12, 1, 2, 3]",10|11|12|1|2|3
578,Hussain Sagar Lake,Hyderabad,Telangana,South,Lake,"Boating,Relaxation,Photography","Family,Friends",0,100,1500,400,17.4239,78.4738,4.5,60000,10,3,Urban,TEL-254,45.6,False,Easy,Full-day (4-8 hrs),0,0,0,0,0,0,0,0,0,0,0,0,0,0,0,0,1,0,0,0,0,0,0,0,0,0,0,0,0,0,0,0,0,0,0,0,0,0,0,0,0,0,0,0,0,0,0,0,0,0,0,0,0,0,0,0,0,0,0,0,0,0,0,0,0,0,0,0,0,0,0,0,0,0,0,0,0,0,0,0,0,0,0,0,0,0,0,0,0,0,0,0,1,0,0,0,0,0,0,1,0,0,0,0,0,0,0,0,0,0,0,0,0,0,0,0,0,0,0,0,0,0,0,0,0,0,0,0,0,0,0,0,0,0,0,0,0,0,0,0,0,0,0,0,0,0,0,0,0,0,0,0,0,0,0,1,1,0,0,0,0,0,0,0,0,0,1,300.0,3250.0,950.0,2000,7000,4500.0,0.5454545454545454,0.3177842565597667,0.06645921315847966,"[10, 11, 12, 1, 2, 3]",10|11|12|1|2|3
579,Birla Mandir,Hyderabad,Telangana,South,Temple,"Spiritual,Architecture","Family,Solo",0,100,1500,400,17.4062,78.4691,4.7,45000,10,3,Urban,TEL-254,57.9,False,Easy,Short (1-2 hrs),0,0,0,0,1,0,0,0,0,0,0,0,0,0,0,0,0,0,0,0,0,0,0,0,0,0,0,0,0,0,0,0,0,0,0,0,0,0,0,0,0,0,0,0,0,0,0,0,0,0,0,0,0,0,0,0,0,0,0,0,0,0,0,0,0,0,0,0,0,0,0,0,0,0,0,0,0,0,0,0,0,0,0,0,0,0,0,0,0,0,0,0,0,0,0,0,0,0,0,0,0,0,0,0,0,0,0,0,0,0,0,0,0,0,0,0,0,0,0,0,0,0,1,0,0,0,0,0,0,0,0,0,0,0,0,0,0,0,0,0,0,0,0,0,0,0,0,0,0,0,0,0,0,0,0,1,0,0,0,0,0,0,1,0,0,0,1,250.0,3250.0,950.0,2000,6900,4450.0,0.7272727272727271,0.49708454810495617,0.049788841964881085,"[10, 11, 12, 1, 2, 3]",10|11|12|1|2|3
580,Salar Jung Museum,Hyderabad,Telangana,South,Museum,"Heritage,Art,Cultural","Family,Friends",50,100,1500,400,17.3713,78.4804,4.6,35000,10,3,Urban,TEL-254,53.6,False,Easy,Half-day (2-4 hrs),0,0,0,0,0,0,1,0,0,0,0,0,0,0,0,0,0,0,0,0,0,0,0,0,0,0,0,0,0,0,0,1,0,0,0,0,0,0,0,0,0,0,0,0,0,0,0,0,0,0,0,0,0,1,0,0,0,0,0,0,0,0,0,0,0,0,0,0,0,0,0,0,0,0,0,0,0,0,0,0,0,0,0,0,0,0,0,0,0,0,0,0,0,0,0,0,0,0,0,0,0,0,0,0,0,0,0,0,0,0,0,0,0,0,0,0,0,0,0,0,0,0,0,0,0,0,0,0,0,0,0,0,0,0,0,0,0,0,0,0,0,0,0,0,0,0,0,0,0,0,0,0,0,0,0,1,1,0,0,0,0,0,0,0,0,0,1,250.0,3250.0,950.0,2050,6950,4500.0,0.6363636363636362,0.43440233236151593,0.038675261169148704,"[10, 11, 12, 1, 2, 3]",10|11|12|1|2|3
581,Chowmahalla Palace,Hyderabad,Telangana,South,Palace,"Heritage,Architecture,Heritage","Family,Friends",80,100,1500,400,17.3578,78.4717,4.6,30000,10,3,Urban,TEL-254,54.4,False,Easy,Half-day (2-4 hrs),0,0,0,0,1,0,0,0,0,0,0,0,0,0,0,0,0,0,0,0,0,0,0,0,0,0,0,0,0,0,0,0,0,0,0,0,0,0,0,0,0,0,0,0,0,0,0,0,0,0,0,0,0,1,0,0,0,0,0,0,0,0,0,0,0,0,0,0,0,0,0,0,0,0,0,0,0,0,0,0,0,0,0,0,0,0,0,0,0,0,0,0,0,0,0,0,0,0,0,0,0,0,0,0,0,0,0,0,0,0,0,0,0,0,0,0,0,0,0,0,0,0,0,0,0,0,0,0,0,0,0,0,0,0,0,0,0,0,0,0,0,0,0,0,0,0,0,0,0,0,0,0,0,0,0,1,1,0,0,0,0,0,0,0,0,0,1,250.0,3250.0,950.0,2080,6980,4530.0,0.6363636363636362,0.4460641399416909,0.03311847077128251,"[10, 11, 12, 1, 2, 3]",10|11|12|1|2|3
582,Nehru Zoological Park,Hyderabad,Telangana,South,Zoo,"Wildlife,Family","Family,Friends",100,200,1500,400,17.3507,78.4514,4.5,28000,10,3,Urban,TEL-254,49.2,False,Easy,Half-day (2-4 hrs),0,0,0,0,0,0,0,0,0,0,0,0,0,0,0,0,0,0,0,0,0,0,0,0,0,0,0,0,0,0,0,0,0,0,0,0,0,0,0,0,1,0,0,0,0,0,0,0,0,0,0,0,0,0,0,0,0,0,0,0,0,0,0,0,0,0,0,0,0,0,0,0,0,0,0,0,0,0,0,0,0,0,0,0,0,0,0,0,0,0,0,0,0,0,0,0,0,0,0,0,0,0,0,0,0,0,0,0,0,0,0,0,0,0,0,0,0,0,0,0,0,0,0,0,0,0,0,0,0,0,0,0,0,0,0,0,0,0,0,0,0,0,0,0,0,0,0,0,0,1,0,0,0,0,0,1,1,0,0,0,0,0,0,0,0,0,1,400.0,3250.0,950.0,2200,7200,4700.0,0.5454545454545454,0.3702623906705539,0.03089575461213603,"[10, 11, 12, 1, 2, 3]",10|11|12|1|2|3
583,Shilparamam,Hyderabad,Telangana,South,Cultural Village,"Crafts,Cultural,Shopping","Family,Friends",60,200,1500,400,17.4526,78.3783,4.4,20000,10,3,Urban,TEL-254,45.4,False,Easy,Half-day (2-4 hrs),0,0,0,0,0,0,0,0,0,0,0,0,0,0,0,0,0,0,0,0,0,0,0,0,0,0,0,0,0,0,1,1,0,0,0,0,0,0,0,0,0,0,0,0,0,0,0,0,0,0,0,0,0,0,0,0,0,0,0,0,0,0,0,0,0,0,0,0,0,0,0,0,0,0,0,0,0,0,0,0,0,0,0,0,0,0,0,0,0,0,0,0,0,0,0,0,0,0,0,0,0,0,0,0,0,0,0,0,0,0,0,0,0,0,0,0,0,1,0,0,0,0,0,0,0,0,0,0,0,0,0,0,0,0,0,0,0,0,0,0,0,0,0,0,0,0,0,0,0,0,0,0,0,0,0,1,1,0,0,0,0,0,0,0,0,0,1,450.0,3250.0,950.0,2160,7260,4710.0,0.4545454545454546,0.314868804664723,0.022004889975550123,"[10, 11, 12, 1, 2, 3]",10|11|12|1|2|3
584,Snow World,Hyderabad,Telangana,South,Amusement Park,"Snow,Entertainment","Friends,Family",450,200,1500,400,17.4138,78.4803,4.3,15000,10,3,Urban,TEL-254,41.3,False,Easy,Full-day (4-8 hrs),0,0,0,0,0,0,0,0,0,0,0,0,0,0,0,0,0,0,0,0,0,0,0,0,0,0,0,0,0,0,0,0,0,0,0,0,0,0,1,0,0,0,0,0,0,0,0,0,0,0,0,0,0,0,0,0,0,0,0,0,0,0,0,0,0,0,0,0,0,0,0,0,0,0,0,0,0,0,0,0,0,0,0,0,0,0,0,0,0,0,0,0,0,0,0,0,0,0,0,0,0,0,0,0,0,0,0,0,0,0,0,0,0,0,0,0,0,0,0,0,0,1,0,0,0,0,0,0,0,0,0,0,0,0,0,0,0,0,0,0,0,0,0,0,0,0,0,0,0,0,0,0,0,0,0,1,1,0,0,0,0,0,0,0,0,0,1,450.0,3250.0,950.0,2550,7650,5100.0,0.3636363636363633,0.2551020408163265,0.01644809957768393,"[10, 11, 12, 1, 2, 3]",10|11|12|1|2|3
585,Ananthagiri Hills,Vikarabad,Telangana,South,Hill Station,"Nature,Trekking","Friends,Couples",0,300,900,300,17.3167,78.1333,4.6,12000,10,3,Urban,TEL-254,58.7,False,Moderate,Full-day (4-8 hrs),0,0,0,0,0,0,0,0,0,0,0,0,0,0,0,0,0,0,0,0,0,0,0,0,0,0,0,0,0,0,0,0,0,0,0,0,0,0,0,0,0,0,0,0,0,0,0,0,0,0,0,0,0,0,0,0,0,0,0,0,0,0,0,0,0,0,0,0,0,0,0,0,0,0,0,0,0,0,0,0,0,0,0,0,1,0,0,0,0,0,0,0,0,0,0,0,0,0,0,0,0,0,0,0,0,0,0,0,0,0,0,0,0,0,0,0,0,0,0,0,0,0,0,0,0,0,0,0,0,0,0,0,0,0,0,0,1,0,0,0,0,0,0,0,0,0,0,0,0,0,0,0,0,0,1,0,1,0,0,0,0,0,0,0,0,0,2,650.0,2200.0,600.0,1500,5400,3450.0,0.6363636363636362,0.5087463556851312,0.013114025338964216,"[10, 11, 12, 1, 2, 3]",10|11|12|1|2|3
586,Bhongir Fort,Yadadri Bhuvanagiri,Telangana,South,Fort,"Trekking,Heritage","Friends,Solo",0,200,900,300,17.515,78.885,4.5,9000,10,3,Urban,TEL-254,54.6,False,Moderate,Half-day (2-4 hrs),0,0,0,0,0,0,0,0,0,0,0,0,0,0,0,0,0,0,0,0,0,0,0,0,0,0,0,0,0,0,0,0,0,0,0,0,0,0,0,0,0,0,0,0,0,0,0,0,0,0,0,0,0,1,0,0,0,0,0,0,0,0,0,0,0,0,0,0,0,0,0,0,0,0,0,0,0,0,0,0,0,0,0,0,0,0,0,0,0,0,0,0,0,0,0,0,0,0,0,0,0,0,0,0,0,0,0,0,0,0,0,0,0,0,0,0,0,0,0,0,0,0,0,0,0,0,0,0,0,0,0,0,0,0,0,0,1,0,0,0,0,0,0,0,0,0,0,0,0,0,0,0,0,0,0,0,1,0,0,0,0,0,1,0,0,0,2,450.0,2200.0,600.0,1400,5100,3250.0,0.5454545454545454,0.44897959183673464,0.0097799511002445,"[10, 11, 12, 1, 2, 3]",10|11|12|1|2|3
587,Yadadri Temple,Yadadri,Telangana,South,Temple,"Spiritual,Pilgrimage","Family,Solo",0,200,900,300,17.588,78.943,4.7,50000,10,3,Urban,TEL-254,57.4,False,Easy,Short (1-2 hrs),0,0,0,0,0,0,0,0,0,0,0,0,0,0,0,0,0,0,0,0,0,0,0,0,0,0,0,0,0,0,0,0,0,0,0,0,0,0,0,0,0,0,0,0,0,0,0,0,0,0,0,0,0,0,0,0,0,0,0,0,0,0,0,0,0,0,0,0,0,0,0,0,0,0,0,0,0,0,0,0,0,0,0,0,0,0,0,0,0,0,0,0,0,0,1,0,0,0,0,0,0,0,0,0,0,0,0,0,0,0,0,0,0,0,0,0,0,0,0,0,0,0,1,0,0,0,0,0,0,0,0,0,0,0,0,0,0,0,0,0,0,0,0,0,0,0,0,0,0,0,0,0,0,0,0,1,0,0,0,0,0,0,1,0,0,0,1,450.0,2200.0,600.0,1400,5100,3250.0,0.7272727272727271,0.4897959183673468,0.05534563236274728,"[10, 11, 12, 1, 2, 3]",10|11|12|1|2|3
588,Kuntala Waterfalls,Adilabad,Telangana,South,Waterfall,"Nature,Photography","Friends,Couples",20,300,900,300,19.28,78.47,4.6,8000,9,3,Urban,TEL-255,60.7,False,Moderate,Half-day (2-4 hrs),0,0,0,0,0,0,0,0,0,0,0,0,0,0,0,0,0,0,0,0,0,0,0,0,0,0,0,0,0,0,0,0,0,0,0,0,0,0,0,0,0,0,0,0,0,0,0,0,0,0,0,0,0,0,0,0,0,0,0,0,0,0,0,0,0,0,0,0,0,0,0,0,0,0,0,0,0,0,0,0,0,0,0,0,1,0,0,0,0,0,0,0,1,0,0,0,0,0,0,0,0,0,0,0,0,0,0,0,0,0,0,0,0,0,0,0,0,0,0,0,0,0,0,0,0,0,0,0,0,0,0,0,0,0,0,0,0,0,0,0,0,0,0,0,0,0,0,0,0,0,0,0,0,0,1,0,1,0,0,0,0,0,0,0,0,0,2,600.0,2200.0,600.0,1520,5320,3420.0,0.6363636363636362,0.5379008746355685,0.008668593020671262,"[9, 10, 11, 12, 1, 2, 3]",9|10|11|12|1|2|3
589,Pochera Waterfalls,Adilabad,Telangana,South,Waterfall,"Nature,Scenic","Friends,Couples",10,300,900,300,19.3,78.43,4.5,6000,9,3,Urban,TEL-255,56.6,False,Moderate,Half-day (2-4 hrs),0,0,0,0,0,0,0,0,0,0,0,0,0,0,0,0,0,0,0,0,0,0,0,0,0,0,0,0,0,0,0,0,0,0,0,0,0,0,0,0,0,0,0,0,0,0,0,0,0,0,0,0,0,0,0,0,0,0,0,0,0,0,0,0,0,0,0,0,0,0,0,0,0,0,0,0,0,0,0,0,0,0,0,0,1,0,0,0,0,0,0,0,0,0,0,0,0,0,0,0,0,0,0,0,0,0,0,0,0,0,0,0,1,0,0,0,0,0,0,0,0,0,0,0,0,0,0,0,0,0,0,0,0,0,0,0,0,0,0,0,0,0,0,0,0,0,0,0,0,0,0,0,0,0,1,0,1,0,0,0,0,0,0,0,0,0,2,600.0,2200.0,600.0,1510,5310,3410.0,0.5454545454545454,0.47813411078717194,0.0064458768615247835,"[9, 10, 11, 12, 1, 2, 3]",9|10|11|12|1|2|3
590,Basar Saraswati Temple,Basar,Telangana,South,Temple,"Spiritual,Pilgrimage","Family,Solo",0,200,900,300,18.88,77.97,4.7,25000,10,3,Urban,TEL-259,60.7,False,Easy,Short (1-2 hrs),0,0,0,0,0,0,0,0,0,0,0,0,0,0,0,0,0,0,0,0,0,0,0,0,0,0,0,0,0,0,0,0,0,0,0,0,0,0,0,0,0,0,0,0,0,0,0,0,0,0,0,0,0,0,0,0,0,0,0,0,0,0,0,0,0,0,0,0,0,0,0,0,0,0,0,0,0,0,0,0,0,0,0,0,0,0,0,0,0,0,0,0,0,0,1,0,0,0,0,0,0,0,0,0,0,0,0,0,0,0,0,0,0,0,0,0,0,0,0,0,0,0,1,0,0,0,0,0,0,0,0,0,0,0,0,0,0,0,0,0,0,0,0,0,0,0,0,0,0,0,0,0,0,0,0,1,0,0,0,0,0,0,1,0,0,0,1,450.0,2200.0,600.0,1400,5100,3250.0,0.7272727272727271,0.5379008746355685,0.027561680373416317,"[10, 11, 12, 1, 2, 3]",10|11|12|1|2|3
591,Ramappa Temple,Warangal,Telangana,South,Temple,"Heritage,Architecture","Family,Friends",40,200,900,300,18.26,79.94,4.7,20000,10,3,Valley,TEL-256,61.7,False,Easy,Short (1-2 hrs),0,0,0,0,1,0,0,0,0,0,0,0,0,0,0,0,0,0,0,0,0,0,0,0,0,0,0,0,0,0,0,0,0,0,0,0,0,0,0,0,0,0,0,0,0,0,0,0,0,0,0,0,0,1,0,0,0,0,0,0,0,0,0,0,0,0,0,0,0,0,0,0,0,0,0,0,0,0,0,0,0,0,0,0,0,0,0,0,0,0,0,0,0,0,0,0,0,0,0,0,0,0,0,0,0,0,0,0,0,0,0,0,0,0,0,0,0,0,0,0,0,0,0,0,0,0,0,0,0,0,0,0,0,0,0,0,0,0,0,0,0,0,0,0,0,0,0,0,0,0,0,0,0,0,0,1,1,0,0,0,0,0,0,0,0,0,1,450.0,2200.0,600.0,1440,5140,3290.0,0.7272727272727271,0.5524781341107872,0.022004889975550123,"[10, 11, 12, 1, 2, 3]",10|11|12|1|2|3
592,Warangal Fort,Warangal,Telangana,South,Fort,"Heritage,Architecture","Friends,Family",0,200,900,300,17.97,79.6,4.6,15000,10,3,Valley,TEL-257,57.7,False,Moderate,Half-day (2-4 hrs),0,0,0,0,1,0,0,0,0,0,0,0,0,0,0,0,0,0,0,0,0,0,0,0,0,0,0,0,0,0,0,0,0,0,0,0,0,0,0,0,0,0,0,0,0,0,0,0,0,0,0,0,0,1,0,0,0,0,0,0,0,0,0,0,0,0,0,0,0,0,0,0,0,0,0,0,0,0,0,0,0,0,0,0,0,0,0,0,0,0,0,0,0,0,0,0,0,0,0,0,0,0,0,0,0,0,0,0,0,0,0,0,0,0,0,0,0,0,0,0,0,0,0,0,0,0,0,0,0,0,0,0,0,0,0,0,0,0,0,0,0,0,0,0,0,0,0,0,0,0,0,0,0,0,0,1,1,0,0,0,0,0,0,0,0,0,2,450.0,2200.0,600.0,1400,5100,3250.0,0.6363636363636362,0.49416909620991245,0.01644809957768393,"[10, 11, 12, 1, 2, 3]",10|11|12|1|2|3
593,Laknavaram Lake,Warangal,Telangana,South,Lake,"Boating,Nature","Friends,Couples",50,300,900,300,17.87,79.9,4.6,12000,10,3,Valley,TEL-257,58.7,False,Easy,Full-day (4-8 hrs),0,0,0,0,0,0,0,0,0,0,0,0,0,0,0,0,1,0,0,0,0,0,0,0,0,0,0,0,0,0,0,0,0,0,0,0,0,0,0,0,0,0,0,0,0,0,0,0,0,0,0,0,0,0,0,0,0,0,0,0,0,0,0,0,0,0,0,0,0,0,0,0,0,0,0,0,0,0,0,0,0,0,0,0,1,0,0,0,0,0,0,0,0,0,0,0,0,0,0,0,0,0,0,0,0,0,0,0,0,0,0,0,0,0,0,0,0,0,0,0,0,0,0,0,0,0,0,0,0,0,0,0,0,0,0,0,0,0,0,0,0,0,0,0,0,0,0,0,0,0,0,0,0,0,1,0,1,0,0,0,0,0,0,0,0,0,1,600.0,2200.0,600.0,1550,5350,3450.0,0.6363636363636362,0.5087463556851312,0.013114025338964216,"[10, 11, 12, 1, 2, 3]",10|11|12|1|2|3
594,Medak Cathedral,Medak,Telangana,South,Church,"Architecture,Heritage","Family,Solo",0,100,900,300,18.04,78.26,4.6,9000,10,3,Mountain,TEL-258,60.1,False,Moderate,Short (1-2 hrs),0,0,0,0,1,0,0,0,0,0,0,0,0,0,0,0,0,0,0,0,0,0,0,0,0,0,0,0,0,0,0,0,0,0,0,0,0,0,0,0,0,0,0,0,0,0,0,0,0,0,0,0,0,1,0,0,0,0,0,0,0,0,0,0,0,0,0,0,0,0,0,0,0,0,0,0,0,0,0,0,0,0,0,0,0,0,0,0,0,0,0,0,0,0,0,0,0,0,0,0,0,0,0,0,0,0,0,0,0,0,0,0,0,0,0,0,0,0,0,0,0,0,0,0,0,0,0,0,0,0,0,0,0,0,0,0,0,0,0,0,0,0,0,0,0,0,0,0,0,0,0,0,0,0,0,1,0,0,0,0,0,0,1,0,0,0,2,250.0,2200.0,600.0,1300,4800,3050.0,0.6363636363636362,0.5291545189504373,0.0097799511002445,"[10, 11, 12, 1, 2, 3]",10|11|12|1|2|3
595,Pocharam Wildlife Sanctuary,Medak,Telangana,South,Wildlife,"Nature,Birdwatching","Friends,Solo",20,300,900,300,18.2,78.3,4.4,5000,11,2,Mountain,TEL-258,52.0,False,Moderate,Full-day (4-8 hrs),0,0,0,0,0,0,0,0,0,0,0,0,0,0,0,1,0,0,0,0,0,0,0,0,0,0,0,0,0,0,0,0,0,0,0,0,0,0,0,0,0,0,0,0,0,0,0,0,0,0,0,0,0,0,0,0,0,0,0,0,0,0,0,0,0,0,0,0,0,0,0,0,0,0,0,0,0,0,0,0,0,0,0,0,1,0,0,0,0,0,0,0,0,0,0,0,0,0,0,0,0,0,0,0,0,0,0,0,0,0,0,0,0,0,0,0,0,0,0,0,0,0,0,0,0,0,0,0,0,0,0,0,0,0,0,0,0,0,0,0,0,0,0,0,0,0,0,0,0,0,0,0,0,0,0,0,1,0,0,0,0,0,1,0,0,0,2,600.0,2200.0,600.0,1520,5320,3420.0,0.4545454545454546,0.41107871720116607,0.005334518781951545,"[11, 12, 1, 2]",11|12|1|2
596,Bogatha Waterfall,Mulugu,Telangana,South,Waterfall,"Nature,Photography","Friends,Couples",20,300,900,300,18.3,80.2,4.6,7000,9,3,Urban,TEL-256,61.3,False,Moderate,Half-day (2-4 hrs),0,0,0,0,0,0,0,0,0,0,0,0,0,0,0,0,0,0,0,0,0,0,0,0,0,0,0,0,0,0,0,0,0,0,0,0,0,0,0,0,0,0,0,0,0,0,0,0,0,0,0,0,0,0,0,0,0,0,0,0,0,0,0,0,0,0,0,0,0,0,0,0,0,0,0,0,0,0,0,0,0,0,0,0,1,0,0,0,0,0,0,0,1,0,0,0,0,0,0,0,0,0,0,0,0,0,0,0,0,0,0,0,0,0,0,0,0,0,0,0,0,0,0,0,0,0,0,0,0,0,0,0,0,0,0,0,0,0,0,0,0,0,0,0,0,0,0,0,0,0,0,0,0,0,1,0,1,0,0,0,0,0,0,0,0,0,2,600.0,2200.0,600.0,1520,5320,3420.0,0.6363636363636362,0.5466472303206996,0.007557234941098022,"[9, 10, 11, 12, 1, 2, 3]",9|10|11|12|1|2|3
597,Mallaram Forest,Khammam,Telangana,South,Forest,"Nature,Trekking","Friends,Solo",0,300,900,300,17.2,80.1,4.3,4000,10,3,Urban,TEL-260,47.6,False,Moderate,Half-day (2-4 hrs),0,0,0,0,0,0,0,0,0,0,0,0,0,0,0,0,0,0,0,0,0,0,0,0,0,0,0,0,0,0,0,0,0,0,0,0,0,0,0,0,0,0,0,0,0,0,0,0,0,0,0,0,0,0,0,0,0,0,0,0,0,0,0,0,0,0,0,0,0,0,0,0,0,0,0,0,0,0,0,0,0,0,0,0,1,0,0,0,0,0,0,0,0,0,0,0,0,0,0,0,0,0,0,0,0,0,0,0,0,0,0,0,0,0,0,0,0,0,0,0,0,0,0,0,0,0,0,0,0,0,0,0,0,0,0,0,1,0,0,0,0,0,0,0,0,0,0,0,0,0,0,0,0,0,0,0,1,0,0,0,0,0,1,0,0,0,2,600.0,2200.0,600.0,1500,5300,3400.0,0.3636363636363633,0.346938775510204,0.004223160702378307,"[10, 11, 12, 1, 2, 3]",10|11|12|1|2|3
598,Jurala Dam,Jogulamba Gadwal,Telangana,South,Dam,"Scenic,","Family,Friends",0,200,900,300,16.35,77.4,4.3,4000,10,3,Mountain,TEL-261,47.6,False,Moderate,Half-day (2-4 hrs),0,0,0,0,0,0,0,0,0,0,0,0,0,0,0,0,0,0,0,0,0,0,0,0,0,0,0,0,0,0,0,0,0,0,0,0,0,0,0,0,0,0,0,0,0,0,0,0,0,0,0,0,0,0,0,0,0,0,0,0,0,0,0,0,0,0,0,0,0,0,0,0,0,0,0,0,0,0,0,0,0,0,0,0,0,0,0,0,0,0,0,0,0,0,0,0,0,0,0,0,0,0,0,0,0,0,0,0,0,0,0,0,1,0,0,0,0,0,0,0,0,0,0,0,0,0,0,0,0,0,0,0,0,0,0,0,0,0,0,0,0,0,0,0,0,0,0,0,0,0,0,0,0,0,0,1,1,0,0,0,0,0,0,0,0,0,2,450.0,2200.0,600.0,1400,5100,3250.0,0.3636363636363633,0.346938775510204,0.004223160702378307,"[10, 11, 12, 1, 2, 3]",10|11|12|1|2|3
599,Nagarjuna Sagar Dam,Nalgonda,Telangana,South,Dam,",Scenic","Family,Friends",0,200,900,300,16.57,79.32,4.5,15000,10,3,Mountain,TEL-262,52.2,False,Moderate,Half-day (2-4 hrs),0,0,0,0,0,0,0,0,0,0,0,0,0,0,0,0,0,0,0,0,0,0,0,0,0,0,0,0,0,0,0,0,0,0,0,0,0,0,0,0,0,0,0,0,0,0,0,0,0,0,0,0,0,0,0,0,0,0,0,0,0,0,0,0,0,0,0,0,0,0,0,0,0,0,0,0,0,0,0,0,0,0,0,0,0,0,0,0,0,0,0,0,0,0,0,0,0,0,0,0,0,0,0,0,0,0,0,0,0,0,0,0,1,0,0,0,0,0,0,0,0,0,0,0,0,0,0,0,0,0,0,0,0,0,0,0,0,0,0,0,0,0,0,0,0,0,0,0,0,0,0,0,0,0,0,1,1,0,0,0,0,0,0,0,0,0,2,450.0,2200.0,600.0,1400,5100,3250.0,0.5454545454545454,0.4139941690962099,0.01644809957768393,"[10, 11, 12, 1, 2, 3]",10|11|12|1|2|3
600,India Gate,New Delhi,Delhi,North,Monument,"Heritage,War Memorial,Photography","Family,Friends",0,100,1500,400,28.6129,77.2295,4.7,150000,10,3,Mountain,DEL-73,52.2,False,Moderate,Short (1-2 hrs),0,0,0,0,0,0,0,0,0,0,0,0,0,0,0,0,0,0,0,0,0,0,0,0,0,0,0,0,0,0,0,0,0,0,0,0,0,0,0,0,0,0,0,0,0,0,0,0,0,0,0,0,0,1,0,0,0,0,0,0,0,0,0,0,0,0,0,0,0,0,0,0,0,0,0,0,0,0,0,0,0,0,0,0,0,0,0,0,0,0,0,0,1,0,0,0,0,0,0,0,0,0,0,0,0,0,0,0,0,0,0,0,0,0,0,0,0,0,0,0,0,0,0,0,0,0,0,0,0,0,0,0,0,0,0,0,0,0,0,0,0,0,0,0,1,0,0,0,0,0,0,0,0,0,0,1,1,0,0,0,0,0,0,0,0,0,2,250.0,3250.0,950.0,2000,6900,4450.0,0.7272727272727271,0.4139941690962099,0.16648144032007114,"[10, 11, 12, 1, 2, 3]",10|11|12|1|2|3
601,Red Fort,Delhi,Delhi,North,Fort,"Heritage,Architecture,Heritage","Family,Friends",35,200,1500,400,28.6562,77.241,4.7,120000,10,3,Mountain,DEL-73,53.2,False,Moderate,Half-day (2-4 hrs),0,0,0,0,1,0,0,0,0,0,0,0,0,0,0,0,0,0,0,0,0,0,0,0,0,0,0,0,0,0,0,0,0,0,0,0,0,0,0,0,0,0,0,0,0,0,0,0,0,0,0,0,0,1,0,0,0,0,0,0,0,0,0,0,0,0,0,0,0,0,0,0,0,0,0,0,0,0,0,0,0,0,0,0,0,0,0,0,0,0,0,0,0,0,0,0,0,0,0,0,0,0,0,0,0,0,0,0,0,0,0,0,0,0,0,0,0,0,0,0,0,0,0,0,0,0,0,0,0,0,0,0,0,0,0,0,0,0,0,0,0,0,0,0,0,0,0,0,0,0,0,0,0,0,0,1,1,0,0,0,0,0,0,0,0,0,2,450.0,3250.0,950.0,2135,7235,4685.0,0.7272727272727271,0.4285714285714285,0.13314069793287397,"[10, 11, 12, 1, 2, 3]",10|11|12|1|2|3
602,Qutub Minar,Delhi,Delhi,North,Monument,"Heritage,Architecture,Photography","Family,Friends",35,200,1500,400,28.5244,77.1855,4.7,110000,10,3,Urban,DEL-73,53.6,False,Easy,Short (1-2 hrs),0,0,0,0,1,0,0,0,0,0,0,0,0,0,0,0,0,0,0,0,0,0,0,0,0,0,0,0,0,0,0,0,0,0,0,0,0,0,0,0,0,0,0,0,0,0,0,0,0,0,0,0,0,1,0,0,0,0,0,0,0,0,0,0,0,0,0,0,0,0,0,0,0,0,0,0,0,0,0,0,0,0,0,0,0,0,0,0,0,0,0,0,1,0,0,0,0,0,0,0,0,0,0,0,0,0,0,0,0,0,0,0,0,0,0,0,0,0,0,0,0,0,0,0,0,0,0,0,0,0,0,0,0,0,0,0,0,0,0,0,0,0,0,0,0,0,0,0,0,0,0,0,0,0,0,1,1,0,0,0,0,0,0,0,0,0,1,450.0,3250.0,950.0,2135,7235,4685.0,0.7272727272727271,0.43440233236151593,0.1220271171371416,"[10, 11, 12, 1, 2, 3]",10|11|12|1|2|3
603,Lotus Temple,Delhi,Delhi,North,Temple,"Spiritual,Architecture,Peaceful","Family,Solo",0,100,1500,400,28.5535,77.2588,4.7,90000,10,3,Valley,DEL-73,54.6,False,Easy,Short (1-2 hrs),0,0,0,0,1,0,0,0,0,0,0,0,0,0,0,0,0,0,0,0,0,0,0,0,0,0,0,0,0,0,0,0,0,0,0,0,0,0,0,0,0,0,0,0,0,0,0,0,0,0,0,0,0,0,0,0,0,0,0,0,0,0,0,0,0,0,0,0,0,0,0,0,0,0,0,0,0,0,0,0,0,0,0,0,0,0,0,0,0,0,0,1,0,0,0,0,0,0,0,0,0,0,0,0,0,0,0,0,0,0,0,0,0,0,0,0,0,0,0,0,0,0,1,0,0,0,0,0,0,0,0,0,0,0,0,0,0,0,0,0,0,0,0,0,0,0,0,0,0,0,0,0,0,0,0,1,0,0,0,0,0,0,1,0,0,0,1,250.0,3250.0,950.0,2000,6900,4450.0,0.7272727272727271,0.44897959183673464,0.09979995554567682,"[10, 11, 12, 1, 2, 3]",10|11|12|1|2|3
604,Humayun'S Tomb,Delhi,Delhi,North,Monument,"Heritage,Architecture,Mughal","Family,Friends",40,200,1500,400,28.5933,77.2507,4.7,80000,10,3,Mountain,DEL-73,55.2,False,Moderate,Short (1-2 hrs),0,0,0,0,1,0,0,0,0,0,0,0,0,0,0,0,0,0,0,0,0,0,0,0,0,0,0,0,0,0,0,0,0,0,0,0,0,0,0,0,0,0,0,0,0,0,0,0,0,0,0,0,0,1,0,0,0,0,0,0,0,0,0,0,0,0,0,0,0,0,0,0,0,0,0,0,0,0,0,0,1,0,0,0,0,0,0,0,0,0,0,0,0,0,0,0,0,0,0,0,0,0,0,0,0,0,0,0,0,0,0,0,0,0,0,0,0,0,0,0,0,0,0,0,0,0,0,0,0,0,0,0,0,0,0,0,0,0,0,0,0,0,0,0,0,0,0,0,0,0,0,0,0,0,0,1,1,0,0,0,0,0,0,0,0,0,2,450.0,3250.0,950.0,2140,7240,4690.0,0.7272727272727271,0.4577259475218659,0.08868637474994444,"[10, 11, 12, 1, 2, 3]",10|11|12|1|2|3
605,Akshardham Temple,Delhi,Delhi,North,Temple,"Spiritual,Architecture,Cultural","Family,Friends",0,200,1500,400,28.6127,77.2773,4.8,140000,10,3,Mountain,DEL-73,57.9,False,Moderate,Short (1-2 hrs),0,0,0,0,1,0,0,0,0,0,0,0,0,0,0,0,0,0,0,0,0,0,0,0,0,0,0,0,0,0,0,1,0,0,0,0,0,0,0,0,0,0,0,0,0,0,0,0,0,0,0,0,0,0,0,0,0,0,0,0,0,0,0,0,0,0,0,0,0,0,0,0,0,0,0,0,0,0,0,0,0,0,0,0,0,0,0,0,0,0,0,0,0,0,0,0,0,0,0,0,0,0,0,0,0,0,0,0,0,0,0,0,0,0,0,0,0,0,0,0,0,0,1,0,0,0,0,0,0,0,0,0,0,0,0,0,0,0,0,0,0,0,0,0,0,0,0,0,0,0,0,0,0,0,0,1,1,0,0,0,0,0,0,0,0,0,2,450.0,3250.0,950.0,2100,7200,4650.0,0.8181818181818179,0.49708454810495617,0.15536785952433876,"[10, 11, 12, 1, 2, 3]",10|11|12|1|2|3
606,Jama Masjid,Delhi,Delhi,North,Mosque,"Religion,Architecture,Heritage","Family,Solo",0,100,1500,400,28.6507,77.2334,4.6,70000,10,3,Mountain,DEL-73,50.3,False,Moderate,Short (1-2 hrs),0,0,0,0,1,0,0,0,0,0,0,0,0,0,0,0,0,0,0,0,0,0,0,0,0,0,0,0,0,0,0,0,0,0,0,0,0,0,0,0,0,0,0,0,0,0,0,0,0,0,0,0,0,1,0,0,0,0,0,0,0,0,0,0,0,0,0,0,0,0,0,0,0,0,0,0,0,0,0,0,0,0,0,0,0,0,0,0,0,0,0,0,0,0,0,0,0,0,0,0,1,0,0,0,0,0,0,0,0,0,0,0,0,0,0,0,0,0,0,0,0,0,0,0,0,0,0,0,0,0,0,0,0,0,0,0,0,0,0,0,0,0,0,0,0,0,0,0,0,0,0,0,0,0,0,1,0,0,0,0,0,0,1,0,0,0,2,250.0,3250.0,950.0,2000,6900,4450.0,0.6363636363636362,0.3862973760932944,0.07757279395421206,"[10, 11, 12, 1, 2, 3]",10|11|12|1|2|3
607,Raj Ghat,Delhi,Delhi,North,Memorial,"Heritage,Peace Memorial","Family,Solo",0,100,1500,400,28.6415,77.2488,4.5,30000,10,3,Urban,DEL-73,48.9,False,Easy,Short (1-2 hrs),0,0,0,0,0,0,0,0,0,0,0,0,0,0,0,0,0,0,0,0,0,0,0,0,0,0,0,0,0,0,0,0,0,0,0,0,0,0,0,0,0,0,0,0,0,0,0,0,0,0,0,0,0,1,0,0,0,0,0,0,0,0,0,0,0,0,0,0,0,0,0,0,0,0,0,0,0,0,0,0,0,0,0,0,0,0,0,0,0,0,1,0,0,0,0,0,0,0,0,0,0,0,0,0,0,0,0,0,0,0,0,0,0,0,0,0,0,0,0,0,0,0,0,0,0,0,0,0,0,0,0,0,0,0,0,0,0,0,0,0,0,0,0,0,0,0,0,0,0,0,0,0,0,0,0,1,0,0,0,0,0,0,1,0,0,0,1,200.0,3250.0,950.0,2000,6800,4400.0,0.5454545454545454,0.36588921282798825,0.03311847077128251,"[10, 11, 12, 1, 2, 3]",10|11|12|1|2|3
608,Chandni Chowk,Delhi,Delhi,North,Market,"Shopping,Food,Cultural","Friends,Family",0,300,1500,400,28.656,77.23,4.6,100000,10,3,Urban,DEL-73,48.6,False,Easy,Short (1-2 hrs),0,0,0,0,0,0,0,0,0,0,0,0,0,0,0,0,0,0,0,0,0,0,0,0,0,0,0,0,0,0,0,1,0,0,0,0,0,0,0,0,0,0,0,0,1,0,0,0,0,0,0,0,0,0,0,0,0,0,0,0,0,0,0,0,0,0,0,0,0,0,0,0,0,0,0,0,0,0,0,0,0,0,0,0,0,0,0,0,0,0,0,0,0,0,0,0,0,0,0,0,0,0,0,0,0,0,0,0,0,0,0,0,0,0,0,0,0,1,0,0,0,0,0,0,0,0,0,0,0,0,0,0,0,0,0,0,0,0,0,0,0,0,0,0,0,0,0,0,0,0,0,0,0,0,0,1,1,0,0,0,0,0,0,0,0,0,1,650.0,3250.0,950.0,2200,7500,4850.0,0.6363636363636362,0.36151603498542273,0.11091353634140921,"[10, 11, 12, 1, 2, 3]",10|11|12|1|2|3
609,Connaught Place,New Delhi,Delhi,North,Market,"Shopping,Restaurants,Nightlife","Friends,Couples",0,500,1500,400,28.6315,77.2167,4.6,90000,10,3,Mountain,DEL-73,49.1,False,Moderate,Short (1-2 hrs),0,0,0,0,0,0,0,0,0,0,0,0,0,0,0,0,0,0,0,0,0,0,0,0,0,0,0,0,0,0,0,0,0,0,0,0,0,0,0,0,0,0,0,0,0,0,0,0,0,0,0,0,0,0,0,0,0,0,0,0,0,0,0,0,0,0,0,0,0,0,0,0,0,0,0,0,0,0,0,0,0,0,0,0,0,0,1,0,0,0,0,0,0,0,0,0,0,0,0,0,0,1,0,0,0,0,0,0,0,0,0,0,0,0,0,0,0,1,0,0,0,0,0,0,0,0,0,0,0,0,0,0,0,0,0,0,0,0,0,0,0,0,0,0,0,0,0,0,0,0,0,0,0,0,1,0,1,0,0,0,0,0,0,0,0,0,2,1250.0,3250.0,950.0,2400,8500,5450.0,0.6363636363636362,0.3688046647230321,0.09979995554567682,"[10, 11, 12, 1, 2, 3]",10|11|12|1|2|3
610,National Museum,New Delhi,Delhi,North,Museum,"Heritage,Art,Cultural","Family,Friends",20,100,1500,400,28.6118,77.2195,4.5,25000,10,3,Mountain,DEL-73,49.8,False,Moderate,Half-day (2-4 hrs),0,0,0,0,0,0,1,0,0,0,0,0,0,0,0,0,0,0,0,0,0,0,0,0,0,0,0,0,0,0,0,1,0,0,0,0,0,0,0,0,0,0,0,0,0,0,0,0,0,0,0,0,0,1,0,0,0,0,0,0,0,0,0,0,0,0,0,0,0,0,0,0,0,0,0,0,0,0,0,0,0,0,0,0,0,0,0,0,0,0,0,0,0,0,0,0,0,0,0,0,0,0,0,0,0,0,0,0,0,0,0,0,0,0,0,0,0,0,0,0,0,0,0,0,0,0,0,0,0,0,0,0,0,0,0,0,0,0,0,0,0,0,0,0,0,0,0,0,0,0,0,0,0,0,0,1,1,0,0,0,0,0,0,0,0,0,2,250.0,3250.0,950.0,2020,6920,4470.0,0.5454545454545454,0.37900874635568504,0.027561680373416317,"[10, 11, 12, 1, 2, 3]",10|11|12|1|2|3
611,National Rail Museum,New Delhi,Delhi,North,Museum,"Heritage,Trains,Educational","Family,Friends",50,100,1500,400,28.5854,77.181,4.5,20000,10,3,Urban,DEL-73,50.8,False,Easy,Half-day (2-4 hrs),0,0,0,0,0,0,0,0,0,0,0,0,0,0,0,0,0,0,0,0,0,0,0,0,0,0,0,0,0,0,0,0,0,0,0,0,1,0,0,0,0,0,0,0,0,0,0,0,0,0,0,0,0,1,0,0,0,0,0,0,0,0,0,0,0,0,0,0,0,0,0,0,0,0,0,0,0,0,0,0,0,0,0,0,0,0,0,0,0,0,0,0,0,0,0,0,0,0,0,0,0,0,0,0,0,0,0,0,0,0,0,0,0,0,0,0,0,0,0,0,0,0,0,0,0,0,0,0,0,0,0,0,0,0,1,0,0,0,0,0,0,0,0,0,0,0,0,0,0,0,0,0,0,0,0,1,1,0,0,0,0,0,0,0,0,0,1,250.0,3250.0,950.0,2050,6950,4500.0,0.5454545454545454,0.39358600583090364,0.022004889975550123,"[10, 11, 12, 1, 2, 3]",10|11|12|1|2|3
612,Lodhi Garden,New Delhi,Delhi,North,Park,"Nature,Walking,Photography","Family,Couples",0,100,1500,400,28.5931,77.2197,4.6,35000,10,3,Urban,DEL-73,53.6,False,Easy,Half-day (2-4 hrs),0,0,0,0,0,0,0,0,0,0,0,0,0,0,0,0,0,0,0,0,0,0,0,0,0,0,0,0,0,0,0,0,0,0,0,0,0,0,0,0,0,0,0,0,0,0,0,0,0,0,0,0,0,0,0,0,0,0,0,0,0,0,0,0,0,0,0,0,0,0,0,0,0,0,0,0,0,0,0,0,0,0,0,0,1,0,0,0,0,0,0,0,1,0,0,0,0,0,0,0,0,0,0,0,0,0,0,0,0,0,0,0,0,0,0,0,0,0,0,0,0,0,0,0,0,0,0,0,0,0,0,0,0,0,0,0,0,0,0,0,0,0,1,0,0,0,0,0,0,0,0,0,0,0,1,1,0,0,0,0,0,0,0,0,0,0,1,200.0,3250.0,950.0,2000,6800,4400.0,0.6363636363636362,0.43440233236151593,0.038675261169148704,"[10, 11, 12, 1, 2, 3]",10|11|12|1|2|3
613,Garden Of Five Senses,Delhi,Delhi,North,Park,"Nature,Romantic,Photography","Couples,Friends",50,200,1500,400,28.5134,77.1977,4.4,15000,10,3,Urban,DEL-73,46.8,False,Easy,Half-day (2-4 hrs),0,0,0,0,0,0,0,0,0,0,0,0,0,0,0,0,0,0,0,0,0,0,0,0,0,0,0,0,0,0,0,0,0,0,0,0,0,0,0,0,0,0,0,0,0,0,0,0,0,0,0,0,0,0,0,0,0,0,0,0,0,0,0,0,0,0,0,0,0,0,0,0,0,0,0,0,0,0,0,0,0,0,0,0,1,0,0,0,0,0,0,0,1,0,0,0,0,0,0,0,0,0,0,0,0,0,0,0,1,0,0,0,0,0,0,0,0,0,0,0,0,0,0,0,0,0,0,0,0,0,0,0,0,0,0,0,0,0,0,0,0,0,0,0,0,0,0,0,0,0,0,0,0,0,1,0,1,0,0,0,0,0,0,0,0,0,1,400.0,3250.0,950.0,2150,7150,4650.0,0.4545454545454546,0.33527696793002904,0.01644809957768393,"[10, 11, 12, 1, 2, 3]",10|11|12|1|2|3
614,Hauz Khas Village,Delhi,Delhi,North,Heritage Site,"Nightlife,Heritage,Shopping","Friends,Couples",0,500,1500,400,28.5494,77.2001,4.5,30000,10,3,Mountain,DEL-73,48.9,False,Moderate,Half-day (2-4 hrs),0,0,0,0,0,0,0,0,0,0,0,0,0,0,0,0,0,0,0,0,0,0,0,0,0,0,0,0,0,0,0,0,0,0,0,0,0,0,0,0,0,0,0,0,0,0,0,0,0,0,0,0,0,1,0,0,0,0,0,0,0,0,0,0,0,0,0,0,0,0,0,0,0,0,0,0,0,0,0,0,0,0,0,0,0,0,1,0,0,0,0,0,0,0,0,0,0,0,0,0,0,0,0,0,0,0,0,0,0,0,0,0,0,0,0,0,0,1,0,0,0,0,0,0,0,0,0,0,0,0,0,0,0,0,0,0,0,0,0,0,0,0,0,0,0,0,0,0,0,0,0,0,0,0,1,0,1,0,0,0,0,0,0,0,0,0,2,1250.0,3250.0,950.0,2400,8500,5450.0,0.5454545454545454,0.36588921282798825,0.03311847077128251,"[10, 11, 12, 1, 2, 3]",10|11|12|1|2|3
615,Dilli Haat,Delhi,Delhi,North,Market,"Handicrafts,Cultural,Food","Family,Friends",30,300,1500,400,28.5743,77.2196,4.5,25000,10,3,Coastal,DEL-73,49.8,False,Easy,Short (1-2 hrs),0,0,0,0,0,0,0,0,0,0,0,0,0,0,0,0,0,0,0,0,0,0,0,0,0,0,0,0,0,0,0,1,0,0,0,0,0,0,0,0,0,0,0,0,1,0,0,0,0,0,1,0,0,0,0,0,0,0,0,0,0,0,0,0,0,0,0,0,0,0,0,0,0,0,0,0,0,0,0,0,0,0,0,0,0,0,0,0,0,0,0,0,0,0,0,0,0,0,0,0,0,0,0,0,0,0,0,0,0,0,0,0,0,0,0,0,0,0,0,0,0,0,0,0,0,0,0,0,0,0,0,0,0,0,0,0,0,0,0,0,0,0,0,0,0,0,0,0,0,0,0,0,0,0,0,1,1,0,0,0,0,0,0,0,0,0,1,600.0,3250.0,950.0,2230,7430,4830.0,0.5454545454545454,0.37900874635568504,0.027561680373416317,"[10, 11, 12, 1, 2, 3]",10|11|12|1|2|3
616,Safdarjung Tomb,Delhi,Delhi,North,Monument,"Heritage,Architecture","Family,Friends",25,200,1500,400,28.5893,77.21,4.4,18000,10,3,Coastal,DEL-73,45.9,False,Easy,Short (1-2 hrs),0,0,0,0,1,0,0,0,0,0,0,0,0,0,0,0,0,0,0,0,0,0,0,0,0,0,0,0,0,0,0,0,0,0,0,0,0,0,0,0,0,0,0,0,0,0,0,0,0,0,0,0,0,1,0,0,0,0,0,0,0,0,0,0,0,0,0,0,0,0,0,0,0,0,0,0,0,0,0,0,0,0,0,0,0,0,0,0,0,0,0,0,0,0,0,0,0,0,0,0,0,0,0,0,0,0,0,0,0,0,0,0,0,0,0,0,0,0,0,0,0,0,0,0,0,0,0,0,0,0,0,0,0,0,0,0,0,0,0,0,0,0,0,0,0,0,0,0,0,0,0,0,0,0,0,1,1,0,0,0,0,0,0,0,0,0,1,400.0,3250.0,950.0,2125,7125,4625.0,0.4545454545454546,0.32215743440233224,0.019782173816403646,"[10, 11, 12, 1, 2, 3]",10|11|12|1|2|3
617,Purana Qila,Delhi,Delhi,North,Fort,"Heritage,Architecture","Family,Friends",30,200,1500,400,28.6127,77.2433,4.4,20000,10,3,Urban,DEL-73,45.4,False,Moderate,Half-day (2-4 hrs),0,0,0,0,1,0,0,0,0,0,0,0,0,0,0,0,0,0,0,0,0,0,0,0,0,0,0,0,0,0,0,0,0,0,0,0,0,0,0,0,0,0,0,0,0,0,0,0,0,0,0,0,0,1,0,0,0,0,0,0,0,0,0,0,0,0,0,0,0,0,0,0,0,0,0,0,0,0,0,0,0,0,0,0,0,0,0,0,0,0,0,0,0,0,0,0,0,0,0,0,0,0,0,0,0,0,0,0,0,0,0,0,0,0,0,0,0,0,0,0,0,0,0,0,0,0,0,0,0,0,0,0,0,0,0,0,0,0,0,0,0,0,0,0,0,0,0,0,0,0,0,0,0,0,0,1,1,0,0,0,0,0,0,0,0,0,2,450.0,3250.0,950.0,2130,7230,4680.0,0.4545454545454546,0.314868804664723,0.022004889975550123,"[10, 11, 12, 1, 2, 3]",10|11|12|1|2|3
618,Agrasen Ki Baoli,Delhi,Delhi,North,Stepwell,"Heritage,Architecture,Photography","Friends,Couples",0,100,1500,400,28.6266,77.225,4.5,15000,10,3,Urban,DEL-73,52.2,False,Moderate,Half-day (2-4 hrs),0,0,0,0,1,0,0,0,0,0,0,0,0,0,0,0,0,0,0,0,0,0,0,0,0,0,0,0,0,0,0,0,0,0,0,0,0,0,0,0,0,0,0,0,0,0,0,0,0,0,0,0,0,1,0,0,0,0,0,0,0,0,0,0,0,0,0,0,0,0,0,0,0,0,0,0,0,0,0,0,0,0,0,0,0,0,0,0,0,0,0,0,1,0,0,0,0,0,0,0,0,0,0,0,0,0,0,0,0,0,0,0,0,0,0,0,0,0,0,0,0,0,0,0,0,0,0,0,0,0,0,0,0,0,0,0,0,0,0,0,0,0,0,0,0,0,0,0,0,0,0,0,0,0,1,0,1,0,0,0,0,0,0,0,0,0,2,250.0,3250.0,950.0,2000,6900,4450.0,0.5454545454545454,0.4139941690962099,0.01644809957768393,"[10, 11, 12, 1, 2, 3]",10|11|12|1|2|3
619,Bangla Sahib Gurudwara,New Delhi,Delhi,North,Gurdwara,"Spiritual,Community","Family,Solo",0,100,1500,400,28.6264,77.2091,4.8,70000,10,3,Urban,DEL-73,61.2,False,Easy,Short (1-2 hrs),0,0,0,0,0,0,0,0,0,0,0,0,0,0,0,0,0,0,0,0,0,0,0,0,0,0,1,0,0,0,0,0,0,0,0,0,0,0,0,0,0,0,0,0,0,0,0,0,0,0,0,0,0,0,0,0,0,0,0,0,0,0,0,0,0,0,0,0,0,0,0,0,0,0,0,0,0,0,0,0,0,0,0,0,0,0,0,0,0,0,0,0,0,0,0,0,0,0,0,0,0,0,0,0,0,0,0,0,0,0,0,0,0,0,0,0,0,0,0,0,0,0,1,0,0,0,0,0,0,0,0,0,0,0,0,0,0,0,0,0,0,0,0,0,0,0,0,0,0,0,0,0,0,0,0,1,0,0,0,0,0,0,1,0,0,0,1,200.0,3250.0,950.0,2000,6800,4400.0,0.8181818181818179,0.5451895043731778,0.07757279395421206,"[10, 11, 12, 1, 2, 3]",10|11|12|1|2|3
620,Rock Garden,Chandigarh,Chandigarh,North,Garden,"Art,Sculptures,Photography","Family,Friends",30,100,1500,400,30.7525,76.8101,4.7,90000,10,3,Coastal,CHA-53,54.6,False,Easy,Short (1-2 hrs),0,0,0,0,0,0,1,0,0,0,0,0,0,0,0,0,0,0,0,0,0,0,0,0,0,0,0,0,0,0,0,0,0,0,0,0,0,0,0,0,0,0,0,0,0,0,0,0,0,0,0,0,0,0,0,0,0,0,0,0,0,0,0,0,0,0,0,0,0,0,0,0,0,0,0,0,0,0,0,0,0,0,0,0,0,0,0,0,0,0,0,0,1,0,0,0,0,0,0,0,0,0,0,0,0,0,0,0,0,0,0,0,0,0,0,0,1,0,0,0,0,0,0,0,0,0,0,0,0,0,0,0,0,0,0,0,0,0,0,0,0,0,0,0,0,0,0,0,0,0,0,0,0,0,0,1,1,0,0,0,0,0,0,0,0,0,1,250.0,3000.0,800.0,2030,6130,4080.0,0.7272727272727271,0.44897959183673464,0.09979995554567682,"[10, 11, 12, 1, 2, 3]",10|11|12|1|2|3
621,Sukhna Lake,Chandigarh,Chandigarh,North,Lake,"Boating,Relaxation,Walking","Family,Couples",0,200,1500,400,30.7421,76.8188,4.7,80000,10,3,Urban,CHA-53,55.2,False,Easy,Full-day (4-8 hrs),0,0,0,0,0,0,0,0,0,0,0,0,0,0,0,0,1,0,0,0,0,0,0,0,0,0,0,0,0,0,0,0,0,0,0,0,0,0,0,0,0,0,0,0,0,0,0,0,0,0,0,0,0,0,0,0,0,0,0,0,0,0,0,0,0,0,0,0,0,0,0,0,0,0,0,0,0,0,0,0,0,0,0,0,0,0,0,0,0,0,0,0,0,0,0,0,0,0,0,1,0,0,0,0,0,0,0,0,0,0,0,0,0,0,0,0,0,0,0,0,0,0,0,0,0,0,0,0,0,0,0,0,0,0,0,0,0,0,0,0,0,0,1,0,0,0,0,0,0,0,0,0,0,0,1,1,0,0,0,0,0,0,0,0,0,0,1,400.0,3000.0,800.0,2100,6300,4200.0,0.7272727272727271,0.4577259475218659,0.08868637474994444,"[10, 11, 12, 1, 2, 3]",10|11|12|1|2|3
622,Rose Garden,Chandigarh,Chandigarh,North,Garden,"Nature,Flowers,Photography","Family,Couples",0,100,1500,400,30.7463,76.781,4.6,35000,10,3,Urban,CHA-53,53.6,False,Easy,Short (1-2 hrs),0,0,0,0,0,0,0,0,0,0,0,0,0,0,0,0,0,0,0,0,0,0,0,0,0,0,0,0,0,0,0,0,0,0,0,0,0,0,0,0,0,0,0,1,0,0,0,0,0,0,0,0,0,0,0,0,0,0,0,0,0,0,0,0,0,0,0,0,0,0,0,0,0,0,0,0,0,0,0,0,0,0,0,0,1,0,0,0,0,0,0,0,1,0,0,0,0,0,0,0,0,0,0,0,0,0,0,0,0,0,0,0,0,0,0,0,0,0,0,0,0,0,0,0,0,0,0,0,0,0,0,0,0,0,0,0,0,0,0,0,0,0,0,0,0,0,0,0,0,0,0,0,0,0,1,1,0,0,0,0,0,0,0,0,0,0,1,200.0,3000.0,800.0,2000,6000,4000.0,0.6363636363636362,0.43440233236151593,0.038675261169148704,"[10, 11, 12, 1, 2, 3]",10|11|12|1|2|3
623,Elante Mall,Chandigarh,Chandigarh,North,Mall,"Shopping,Entertainment,Food","Friends,Family",0,500,1500,400,30.7054,76.8013,4.6,60000,10,3,Urban,CHA-53,51.1,False,Easy,Half-day (2-4 hrs),0,0,0,0,0,0,0,0,0,0,0,0,0,0,0,0,0,0,0,0,0,0,0,0,0,0,0,0,0,0,0,0,0,0,0,0,0,0,1,0,0,0,0,0,1,0,0,0,0,0,0,0,0,0,0,0,0,0,0,0,0,0,0,0,0,0,0,0,0,0,0,0,0,0,0,0,0,0,0,0,0,0,0,0,0,0,0,0,0,0,0,0,0,0,0,0,0,0,0,0,0,0,0,0,0,0,0,0,0,0,0,0,0,0,0,0,0,1,0,0,0,0,0,0,0,0,0,0,0,0,0,0,0,0,0,0,0,0,0,0,0,0,0,0,0,0,0,0,0,0,0,0,0,0,0,1,1,0,0,0,0,0,0,0,0,0,1,1250.0,3000.0,800.0,2400,7700,5050.0,0.6363636363636362,0.3979591836734694,0.06645921315847966,"[10, 11, 12, 1, 2, 3]",10|11|12|1|2|3
624,Le Corbusier Centre,Chandigarh,Chandigarh,North,Museum,"Architecture,Heritage","Family,Solo",20,100,1500,400,30.7414,76.7822,4.4,7000,10,3,Urban,CHA-53,50.4,False,Easy,Half-day (2-4 hrs),0,0,0,0,1,0,0,0,0,0,0,0,0,0,0,0,0,0,0,0,0,0,0,0,0,0,0,0,0,0,0,0,0,0,0,0,0,0,0,0,0,0,0,0,0,0,0,0,0,0,0,0,0,1,0,0,0,0,0,0,0,0,0,0,0,0,0,0,0,0,0,0,0,0,0,0,0,0,0,0,0,0,0,0,0,0,0,0,0,0,0,0,0,0,0,0,0,0,0,0,0,0,0,0,0,0,0,0,0,0,0,0,0,0,0,0,0,0,0,0,0,0,0,0,0,0,0,0,0,0,0,0,0,0,0,0,0,0,0,0,0,0,0,0,0,0,0,0,0,0,0,0,0,0,0,1,0,0,0,0,0,0,1,0,0,0,1,200.0,3000.0,800.0,2020,6020,4020.0,0.4545454545454546,0.3877551020408162,0.007557234941098022,"[10, 11, 12, 1, 2, 3]",10|11|12|1|2|3
625,Government Museum And Art Gallery,Chandigarh,Chandigarh,North,Museum,"Art,Heritage,Cultural","Family,Friends",10,100,1500,400,30.747,76.787,4.5,15000,10,3,Urban,CHA-53,52.2,False,Easy,Half-day (2-4 hrs),0,0,0,0,0,0,1,0,0,0,0,0,0,0,0,0,0,0,0,0,0,0,0,0,0,0,0,0,0,0,0,1,0,0,0,0,0,0,0,0,0,0,0,0,0,0,0,0,0,0,0,0,0,1,0,0,0,0,0,0,0,0,0,0,0,0,0,0,0,0,0,0,0,0,0,0,0,0,0,0,0,0,0,0,0,0,0,0,0,0,0,0,0,0,0,0,0,0,0,0,0,0,0,0,0,0,0,0,0,0,0,0,0,0,0,0,0,0,0,0,0,0,0,0,0,0,0,0,0,0,0,0,0,0,0,0,0,0,0,0,0,0,0,0,0,0,0,0,0,0,0,0,0,0,0,1,1,0,0,0,0,0,0,0,0,0,1,200.0,3000.0,800.0,2010,6010,4010.0,0.5454545454545454,0.4139941690962099,0.01644809957768393,"[10, 11, 12, 1, 2, 3]",10|11|12|1|2|3
626,International Dolls Museum,Chandigarh,Chandigarh,North,Museum,"Cultural,Educational","Family,Friends",10,100,1500,400,30.737,76.784,4.3,8000,10,3,Urban,CHA-53,44.3,False,Easy,Half-day (2-4 hrs),0,0,0,0,0,0,0,0,0,0,0,0,0,0,0,0,0,0,0,0,0,0,0,0,0,0,0,0,0,0,0,1,0,0,0,0,1,0,0,0,0,0,0,0,0,0,0,0,0,0,0,0,0,0,0,0,0,0,0,0,0,0,0,0,0,0,0,0,0,0,0,0,0,0,0,0,0,0,0,0,0,0,0,0,0,0,0,0,0,0,0,0,0,0,0,0,0,0,0,0,0,0,0,0,0,0,0,0,0,0,0,0,0,0,0,0,0,0,0,0,0,0,0,0,0,0,0,0,0,0,0,0,0,0,0,0,0,0,0,0,0,0,0,0,0,0,0,0,0,0,0,0,0,0,0,1,1,0,0,0,0,0,0,0,0,0,1,200.0,3000.0,800.0,2010,6010,4010.0,0.3636363636363633,0.2988338192419824,0.008668593020671262,"[10, 11, 12, 1, 2, 3]",10|11|12|1|2|3
627,Japanese Garden,Chandigarh,Chandigarh,North,Garden,"Nature,Photography","Couples,Friends",10,100,1500,400,30.7017,76.789,4.5,12000,10,3,Coastal,CHA-53,53.3,False,Easy,Short (1-2 hrs),0,0,0,0,0,0,0,0,0,0,0,0,0,0,0,0,0,0,0,0,0,0,0,0,0,0,0,0,0,0,0,0,0,0,0,0,0,0,0,0,0,0,0,0,0,0,0,0,0,0,0,0,0,0,0,0,0,0,0,0,0,0,0,0,0,0,0,0,0,0,0,0,0,0,0,0,0,0,0,0,0,0,0,0,1,0,0,0,0,0,0,0,1,0,0,0,0,0,0,0,0,0,0,0,0,0,0,0,0,0,0,0,0,0,0,0,0,0,0,0,0,0,0,0,0,0,0,0,0,0,0,0,0,0,0,0,0,0,0,0,0,0,0,0,0,0,0,0,0,0,0,0,0,0,1,0,1,0,0,0,0,0,0,0,0,0,1,200.0,3000.0,800.0,2010,6010,4010.0,0.5454545454545454,0.4300291545189503,0.013114025338964216,"[10, 11, 12, 1, 2, 3]",10|11|12|1|2|3
628,Terraced Garden,Chandigarh,Chandigarh,North,Garden,"Nature,Relaxation","Family,Couples",0,100,1500,400,30.7212,76.7662,4.4,9000,10,3,Coastal,CHA-53,49.2,False,Easy,Short (1-2 hrs),0,0,0,0,0,0,0,0,0,0,0,0,0,0,0,0,0,0,0,0,0,0,0,0,0,0,0,0,0,0,0,0,0,0,0,0,0,0,0,0,0,0,0,0,0,0,0,0,0,0,0,0,0,0,0,0,0,0,0,0,0,0,0,0,0,0,0,0,0,0,0,0,0,0,0,0,0,0,0,0,0,0,0,0,1,0,0,0,0,0,0,0,0,0,0,0,0,0,0,1,0,0,0,0,0,0,0,0,0,0,0,0,0,0,0,0,0,0,0,0,0,0,0,0,0,0,0,0,0,0,0,0,0,0,0,0,0,0,0,0,0,0,0,0,0,0,0,0,0,0,0,0,0,0,1,1,0,0,0,0,0,0,0,0,0,0,1,200.0,3000.0,800.0,2000,6000,4000.0,0.4545454545454546,0.3702623906705539,0.0097799511002445,"[10, 11, 12, 1, 2, 3]",10|11|12|1|2|3
629,Garden Of Fragrance,Chandigarh,Chandigarh,North,Garden,"Flowers,Nature","Family,Couples",0,100,1500,400,30.7456,76.7792,4.4,6000,10,3,Coastal,CHA-53,51.1,False,Easy,Short (1-2 hrs),0,0,0,0,0,0,0,0,0,0,0,0,0,0,0,0,0,0,0,0,0,0,0,0,0,0,0,0,0,0,0,0,0,0,0,0,0,0,0,0,0,0,0,1,0,0,0,0,0,0,0,0,0,0,0,0,0,0,0,0,0,0,0,0,0,0,0,0,0,0,0,0,0,0,0,0,0,0,0,0,0,0,0,0,1,0,0,0,0,0,0,0,0,0,0,0,0,0,0,0,0,0,0,0,0,0,0,0,0,0,0,0,0,0,0,0,0,0,0,0,0,0,0,0,0,0,0,0,0,0,0,0,0,0,0,0,0,0,0,0,0,0,0,0,0,0,0,0,0,0,0,0,0,0,1,1,0,0,0,0,0,0,0,0,0,0,1,200.0,3000.0,800.0,2000,6000,4000.0,0.4545454545454546,0.3979591836734694,0.0064458768615247835,"[10, 11, 12, 1, 2, 3]",10|11|12|1|2|3
630,Bougainvillea Garden,Chandigarh,Chandigarh,North,Garden,"Flowers,Photography","Family,Couples",0,100,1500,400,30.743,76.783,4.4,5000,10,3,Island,CHA-53,52.0,False,Easy,Short (1-2 hrs),0,0,0,0,0,0,0,0,0,0,0,0,0,0,0,0,0,0,0,0,0,0,0,0,0,0,0,0,0,0,0,0,0,0,0,0,0,0,0,0,0,0,0,1,0,0,0,0,0,0,0,0,0,0,0,0,0,0,0,0,0,0,0,0,0,0,0,0,0,0,0,0,0,0,0,0,0,0,0,0,0,0,0,0,0,0,0,0,0,0,0,0,1,0,0,0,0,0,0,0,0,0,0,0,0,0,0,0,0,0,0,0,0,0,0,0,0,0,0,0,0,0,0,0,0,0,0,0,0,0,0,0,0,0,0,0,0,0,0,0,0,0,0,0,0,0,0,0,0,0,0,0,0,0,1,1,0,0,0,0,0,0,0,0,0,0,1,200.0,3000.0,800.0,2000,6000,4000.0,0.4545454545454546,0.41107871720116607,0.005334518781951545,"[10, 11, 12, 1, 2, 3]",10|11|12|1|2|3
631,Chandigarh Bird Park,Chandigarh,Chandigarh,North,Wildlife,"Birdwatching,Nature","Family,Friends",30,200,1500,400,30.754,76.814,4.5,12000,10,3,Island,CHA-53,53.3,False,Moderate,Full-day (4-8 hrs),0,0,0,0,0,0,0,0,0,0,0,0,0,0,0,1,0,0,0,0,0,0,0,0,0,0,0,0,0,0,0,0,0,0,0,0,0,0,0,0,0,0,0,0,0,0,0,0,0,0,0,0,0,0,0,0,0,0,0,0,0,0,0,0,0,0,0,0,0,0,0,0,0,0,0,0,0,0,0,0,0,0,0,0,1,0,0,0,0,0,0,0,0,0,0,0,0,0,0,0,0,0,0,0,0,0,0,0,0,0,0,0,0,0,0,0,0,0,0,0,0,0,0,0,0,0,0,0,0,0,0,0,0,0,0,0,0,0,0,0,0,0,0,0,0,0,0,0,0,0,0,0,0,0,0,1,1,0,0,0,0,0,0,0,0,0,2,400.0,3000.0,800.0,2130,6330,4230.0,0.5454545454545454,0.4300291545189503,0.013114025338964216,"[10, 11, 12, 1, 2, 3]",10|11|12|1|2|3
632,Open Hand Monument,Chandigarh,Chandigarh,North,Monument,"Architecture,Photography","Friends,Solo",0,100,1500,400,30.7485,76.8015,4.4,7000,10,3,Island,CHA-53,50.4,False,Easy,Short (1-2 hrs),0,0,0,0,1,0,0,0,0,0,0,0,0,0,0,0,0,0,0,0,0,0,0,0,0,0,0,0,0,0,0,0,0,0,0,0,0,0,0,0,0,0,0,0,0,0,0,0,0,0,0,0,0,0,0,0,0,0,0,0,0,0,0,0,0,0,0,0,0,0,0,0,0,0,0,0,0,0,0,0,0,0,0,0,0,0,0,0,0,0,0,0,1,0,0,0,0,0,0,0,0,0,0,0,0,0,0,0,0,0,0,0,0,0,0,0,0,0,0,0,0,0,0,0,0,0,0,0,0,0,0,0,0,0,0,0,0,0,0,0,0,0,0,0,0,0,0,0,0,0,0,0,0,0,0,0,1,0,0,0,0,0,1,0,0,0,1,200.0,3000.0,800.0,2000,6000,4000.0,0.4545454545454546,0.3877551020408162,0.007557234941098022,"[10, 11, 12, 1, 2, 3]",10|11|12|1|2|3
633,Capitol Complex,Chandigarh,Chandigarh,North,Heritage Site,"Architecture,Heritage","Family,Friends",0,200,1500,400,30.7573,76.8055,4.6,15000,10,3,Island,CHA-53,57.7,False,Easy,Half-day (2-4 hrs),0,0,0,0,1,0,0,0,0,0,0,0,0,0,0,0,0,0,0,0,0,0,0,0,0,0,0,0,0,0,0,0,0,0,0,0,0,0,0,0,0,0,0,0,0,0,0,0,0,0,0,0,0,1,0,0,0,0,0,0,0,0,0,0,0,0,0,0,0,0,0,0,0,0,0,0,0,0,0,0,0,0,0,0,0,0,0,0,0,0,0,0,0,0,0,0,0,0,0,0,0,0,0,0,0,0,0,0,0,0,0,0,0,0,0,0,0,0,0,0,0,0,0,0,0,0,0,0,0,0,0,0,0,0,0,0,0,0,0,0,0,0,0,0,0,0,0,0,0,0,0,0,0,0,0,1,1,0,0,0,0,0,0,0,0,0,1,350.0,3000.0,800.0,2100,6200,4150.0,0.6363636363636362,0.49416909620991245,0.01644809957768393,"[10, 11, 12, 1, 2, 3]",10|11|12|1|2|3
634,Iscon Temple Chandigarh,Chandigarh,Chandigarh,North,Temple,"Spiritual,Peaceful","Family,Solo",0,100,1500,400,30.7295,76.7741,4.6,18000,10,3,Island,CHA-53,56.8,False,Easy,Short (1-2 hrs),0,0,0,0,0,0,0,0,0,0,0,0,0,0,0,0,0,0,0,0,0,0,0,0,0,0,0,0,0,0,0,0,0,0,0,0,0,0,0,0,0,0,0,0,0,0,0,0,0,0,0,0,0,0,0,0,0,0,0,0,0,0,0,0,0,0,0,0,0,0,0,0,0,0,0,0,0,0,0,0,0,0,0,0,0,0,0,0,0,0,0,1,0,0,0,0,0,0,0,0,0,0,0,0,0,0,0,0,0,0,0,0,0,0,0,0,0,0,0,0,0,0,1,0,0,0,0,0,0,0,0,0,0,0,0,0,0,0,0,0,0,0,0,0,0,0,0,0,0,0,0,0,0,0,0,1,0,0,0,0,0,0,1,0,0,0,1,200.0,3000.0,800.0,2000,6000,4000.0,0.6363636363636362,0.48104956268221566,0.019782173816403646,"[10, 11, 12, 1, 2, 3]",10|11|12|1|2|3
635,Pangong Lake,Leh,Ladakh,North,Lake,"Nature,Scenic,Photography","Friends,Couples",0,500,1500,500,33.742,78.975,4.9,120000,5,9,Island,LAD-143,64.1,True,Easy,Full-day (4-8 hrs),0,0,0,0,0,0,0,0,0,0,0,0,0,0,0,0,0,0,0,0,0,0,0,0,0,0,0,0,0,0,0,0,0,0,0,0,0,0,0,0,0,0,0,0,0,0,0,0,0,0,0,0,0,0,0,0,0,0,0,0,0,0,0,0,0,0,0,0,0,0,0,0,0,0,0,0,0,0,0,0,0,0,0,0,1,0,0,0,0,0,0,0,1,0,0,0,0,0,0,0,0,0,0,0,0,0,0,0,0,0,0,0,1,0,0,0,0,0,0,0,0,0,0,0,0,0,0,0,0,0,0,0,0,0,0,0,0,0,0,0,0,0,0,0,0,0,0,0,0,0,0,0,0,0,1,0,1,0,0,0,0,0,0,0,0,0,1,1250.0,3250.0,1000.0,2500,8500,5500.0,0.9090909090909096,0.5874635568513118,0.13314069793287397,"[5, 6, 7, 8, 9]",5|6|7|8|9
636,Tso Moriri Lake,Leh,Ladakh,North,Lake,"Nature,Scenic,Photography","Friends,Couples",0,500,1500,500,32.9,78.3,4.8,25000,5,9,Coastal,LAD-144,66.1,True,Easy,Full-day (4-8 hrs),0,0,0,0,0,0,0,0,0,0,0,0,0,0,0,0,0,0,0,0,0,0,0,0,0,0,0,0,0,0,0,0,0,0,0,0,0,0,0,0,0,0,0,0,0,0,0,0,0,0,0,0,0,0,0,0,0,0,0,0,0,0,0,0,0,0,0,0,0,0,0,0,0,0,0,0,0,0,0,0,0,0,0,0,1,0,0,0,0,0,0,0,1,0,0,0,0,0,0,0,0,0,0,0,0,0,0,0,0,0,0,0,1,0,0,0,0,0,0,0,0,0,0,0,0,0,0,0,0,0,0,0,0,0,0,0,0,0,0,0,0,0,0,0,0,0,0,0,0,0,0,0,0,0,1,0,1,0,0,0,0,0,0,0,0,0,1,1250.0,3250.0,1000.0,2500,8500,5500.0,0.8181818181818179,0.6166180758017491,0.027561680373416317,"[5, 6, 7, 8, 9]",5|6|7|8|9
637,Nubra Valley,Leh,Ladakh,North,Valley,"Desert,Camel Ride,Scenic","Friends,Couples",0,800,1500,500,34.6,77.55,4.9,60000,5,9,Urban,LAD-141,67.4,True,Moderate,Full-day (4-8 hrs),0,0,0,0,0,0,0,0,0,0,0,0,0,0,0,0,0,0,0,0,1,0,0,0,0,0,0,0,0,0,0,0,1,0,0,0,0,0,0,0,0,0,0,0,0,0,0,0,0,0,0,0,0,0,0,0,0,0,0,0,0,0,0,0,0,0,0,0,0,0,0,0,0,0,0,0,0,0,0,0,0,0,0,0,0,0,0,0,0,0,0,0,0,0,0,0,0,0,0,0,0,0,0,0,0,0,0,0,0,0,0,0,1,0,0,0,0,0,0,0,0,0,0,0,0,0,0,0,0,0,0,0,0,0,0,0,0,0,0,0,0,0,0,0,0,0,0,0,0,0,0,0,0,0,1,0,1,0,0,0,0,0,0,0,0,0,2,1650.0,3250.0,1000.0,2800,9000,5900.0,0.9090909090909096,0.6355685131195336,0.06645921315847966,"[5, 6, 7, 8, 9]",5|6|7|8|9
638,Khardung La Pass,Leh,Ladakh,North,Mountain Pass,"Adventure,Biking,Scenic","Friends,Solo",0,500,1500,500,34.278,77.604,4.9,50000,5,9,Coastal,LAD-141,68.3,True,Strenuous,Half-day (2-4 hrs),1,0,0,0,0,0,0,0,0,0,0,0,0,0,1,0,0,0,0,0,0,0,0,0,0,0,0,0,0,0,0,0,0,0,0,0,0,0,0,0,0,0,0,0,0,0,0,0,0,0,0,0,0,0,0,0,0,0,0,0,0,0,0,0,0,0,0,0,0,0,0,0,0,0,0,0,0,0,0,0,0,0,0,0,0,0,0,0,0,0,0,0,0,0,0,0,0,0,0,0,0,0,0,0,0,0,0,0,0,0,0,0,1,0,0,0,0,0,0,0,0,0,0,0,0,0,0,0,0,0,0,0,0,0,0,0,0,0,0,0,0,0,0,0,0,0,0,0,0,0,0,0,0,0,0,0,1,0,0,0,0,0,1,0,0,0,3,1250.0,3250.0,1000.0,2500,8500,5500.0,0.9090909090909096,0.6486880466472301,0.05534563236274728,"[5, 6, 7, 8, 9]",5|6|7|8|9
639,Magnetic Hill,Leh,Ladakh,North,Hill,"Mystery,Photography","Friends,Family",0,200,1500,500,34.082,77.583,4.6,35000,5,9,Coastal,LAD-141,53.6,False,Moderate,Half-day (2-4 hrs),0,0,0,0,0,0,0,0,0,0,0,0,0,0,0,0,0,0,0,0,0,0,0,0,0,0,0,0,0,0,0,0,0,0,0,0,0,0,0,0,0,0,0,0,0,0,0,0,0,0,0,0,0,0,0,0,0,0,0,0,0,0,0,0,0,0,0,0,0,0,0,0,0,0,0,0,0,0,0,0,0,0,1,0,0,0,0,0,0,0,0,0,1,0,0,0,0,0,0,0,0,0,0,0,0,0,0,0,0,0,0,0,0,0,0,0,0,0,0,0,0,0,0,0,0,0,0,0,0,0,0,0,0,0,0,0,0,0,0,0,0,0,0,0,0,0,0,0,0,0,0,0,0,0,0,1,1,0,0,0,0,0,0,0,0,0,2,450.0,3250.0,1000.0,2200,7200,4700.0,0.6363636363636362,0.43440233236151593,0.038675261169148704,"[5, 6, 7, 8, 9]",5|6|7|8|9
640,Shanti Stupa,Leh,Ladakh,North,Monument,"Spiritual,Photography","Family,Solo",0,100,1500,500,34.164,77.584,4.8,40000,5,9,Urban,LAD-141,63.9,True,Easy,Short (1-2 hrs),0,0,0,0,0,0,0,0,0,0,0,0,0,0,0,0,0,0,0,0,0,0,0,0,0,0,0,0,0,0,0,0,0,0,0,0,0,0,0,0,0,0,0,0,0,0,0,0,0,0,0,0,0,0,0,0,0,0,0,0,0,0,0,0,0,0,0,0,0,0,0,0,0,0,0,0,0,0,0,0,0,0,0,0,0,0,0,0,0,0,0,0,1,0,0,0,0,0,0,0,0,0,0,0,0,0,0,0,0,0,0,0,0,0,0,0,0,0,0,0,0,0,1,0,0,0,0,0,0,0,0,0,0,0,0,0,0,0,0,0,0,0,0,0,0,0,0,0,0,0,0,0,0,0,0,1,0,0,0,0,0,0,1,0,0,0,1,250.0,3250.0,1000.0,2100,6900,4500.0,0.8181818181818179,0.5845481049562681,0.044232051567014895,"[5, 6, 7, 8, 9]",5|6|7|8|9
641,Leh Palace,Leh,Ladakh,North,Palace,"Heritage,Heritage,Architecture","Family,Friends",25,200,1500,500,34.168,77.5848,4.6,20000,5,9,Urban,LAD-141,56.3,False,Easy,Half-day (2-4 hrs),0,0,0,0,1,0,0,0,0,0,0,0,0,0,0,0,0,0,0,0,0,0,0,0,0,0,0,0,0,0,0,0,0,0,0,0,0,0,0,0,0,0,0,0,0,0,0,0,0,0,0,0,0,1,0,0,0,0,0,0,0,0,0,0,0,0,0,0,0,0,0,0,0,0,0,0,0,0,0,0,0,0,0,0,0,0,0,0,0,0,0,0,0,0,0,0,0,0,0,0,0,0,0,0,0,0,0,0,0,0,0,0,0,0,0,0,0,0,0,0,0,0,0,0,0,0,0,0,0,0,0,0,0,0,0,0,0,0,0,0,0,0,0,0,0,0,0,0,0,0,0,0,0,0,0,1,1,0,0,0,0,0,0,0,0,0,1,450.0,3250.0,1000.0,2225,7225,4725.0,0.6363636363636362,0.4737609329446063,0.022004889975550123,"[5, 6, 7, 8, 9]",5|6|7|8|9
642,Hemis Monastery,Leh,Ladakh,North,Monastery,"Spiritual,Buddhist Cultural Cultural","Family,Solo",50,200,1500,500,33.897,77.707,4.7,15000,5,9,Urban,LAD-141,63.1,True,Easy,Half-day (2-4 hrs),0,0,0,0,0,0,0,0,0,0,0,0,0,0,0,0,0,0,0,1,0,0,0,0,0,0,0,0,0,0,0,0,0,0,0,0,0,0,0,0,0,0,0,0,0,0,0,0,0,0,0,0,0,0,0,0,0,0,0,0,0,0,0,0,0,0,0,0,0,0,0,0,0,0,0,0,0,0,0,0,0,0,0,0,0,0,0,0,0,0,0,0,0,0,0,0,0,0,0,0,0,0,0,0,0,0,0,0,0,0,0,0,0,0,0,0,0,0,0,0,0,0,1,0,0,0,0,0,0,0,0,0,0,0,0,0,0,0,0,0,0,0,0,0,0,0,0,0,0,0,0,0,0,0,0,1,0,0,0,0,0,0,1,0,0,0,1,450.0,3250.0,1000.0,2250,7250,4750.0,0.7272727272727271,0.5728862973760932,0.01644809957768393,"[5, 6, 7, 8, 9]",5|6|7|8|9
643,Thiksey Monastery,Leh,Ladakh,North,Monastery,"Buddhist Cultural Cultural,Architecture","Family,Solo",30,200,1500,500,34.051,77.668,4.7,17000,5,9,Urban,LAD-141,62.5,False,Easy,Half-day (2-4 hrs),0,0,0,0,1,0,0,0,0,0,0,0,0,0,0,0,0,0,0,1,0,0,0,0,0,0,0,0,0,0,0,0,0,0,0,0,0,0,0,0,0,0,0,0,0,0,0,0,0,0,0,0,0,0,0,0,0,0,0,0,0,0,0,0,0,0,0,0,0,0,0,0,0,0,0,0,0,0,0,0,0,0,0,0,0,0,0,0,0,0,0,0,0,0,0,0,0,0,0,0,0,0,0,0,0,0,0,0,0,0,0,0,0,0,0,0,0,0,0,0,0,0,0,0,0,0,0,0,0,0,0,0,0,0,0,0,0,0,0,0,0,0,0,0,0,0,0,0,0,0,0,0,0,0,0,1,0,0,0,0,0,0,1,0,0,0,1,450.0,3250.0,1000.0,2230,7230,4730.0,0.7272727272727271,0.564139941690962,0.018670815736830406,"[5, 6, 7, 8, 9]",5|6|7|8|9
644,Diskit Monastery,Nubra,Ladakh,North,Monastery,"Buddhist Cultural Cultural,Statue","Family,Solo",30,200,1500,500,34.559,77.556,4.7,12000,5,9,Coastal,LAD-141,64.2,True,Easy,Half-day (2-4 hrs),0,0,0,0,0,0,0,0,0,0,0,0,0,0,0,0,0,0,0,1,0,0,0,0,0,0,0,0,0,0,0,0,0,0,0,0,0,0,0,0,0,0,0,0,0,0,0,0,0,0,0,0,0,0,0,0,0,0,0,0,0,0,0,0,0,0,0,0,0,0,0,0,0,0,0,0,0,0,0,0,0,0,0,0,0,0,0,0,0,0,0,0,0,0,0,0,0,0,0,0,0,0,0,0,0,0,0,0,0,0,0,0,0,0,0,0,0,0,0,0,0,0,0,0,1,0,0,0,0,0,0,0,0,0,0,0,0,0,0,0,0,0,0,0,0,0,0,0,0,0,0,0,0,0,0,1,0,0,0,0,0,0,1,0,0,0,1,450.0,3250.0,1000.0,2230,7230,4730.0,0.7272727272727271,0.5889212827988337,0.013114025338964216,"[5, 6, 7, 8, 9]",5|6|7|8|9
645,Hall Of Fame Museum,Leh,Ladakh,North,Museum,"Heritage,Army,Educational","Family,Friends",25,100,1500,500,34.1526,77.5771,4.7,15000,5,9,Coastal,LAD-141,63.1,True,Easy,Half-day (2-4 hrs),0,0,0,0,0,1,0,0,0,0,0,0,0,0,0,0,0,0,0,0,0,0,0,0,0,0,0,0,0,0,0,0,0,0,0,0,1,0,0,0,0,0,0,0,0,0,0,0,0,0,0,0,0,1,0,0,0,0,0,0,0,0,0,0,0,0,0,0,0,0,0,0,0,0,0,0,0,0,0,0,0,0,0,0,0,0,0,0,0,0,0,0,0,0,0,0,0,0,0,0,0,0,0,0,0,0,0,0,0,0,0,0,0,0,0,0,0,0,0,0,0,0,0,0,0,0,0,0,0,0,0,0,0,0,0,0,0,0,0,0,0,0,0,0,0,0,0,0,0,0,0,0,0,0,0,1,1,0,0,0,0,0,0,0,0,0,1,250.0,3250.0,1000.0,2125,6925,4525.0,0.7272727272727271,0.5728862973760932,0.01644809957768393,"[5, 6, 7, 8, 9]",5|6|7|8|9
646,Zanskar Valley,Kargil,Ladakh,North,Valley,"Trekking,Adventure,Nature","Friends,Solo",0,800,1200,500,33.5,76.8,4.8,18000,6,9,Urban,LAD-145,67.7,True,Moderate,Full-day (4-8 hrs),1,0,0,0,0,0,0,0,0,0,0,0,0,0,0,0,0,0,0,0,0,0,0,0,0,0,0,0,0,0,0,0,0,0,0,0,0,0,0,0,0,0,0,0,0,0,0,0,0,0,0,0,0,0,0,0,0,0,0,0,0,0,0,0,0,0,0,0,0,0,0,0,0,0,0,0,0,0,0,0,0,0,0,0,1,0,0,0,0,0,0,0,0,0,0,0,0,0,0,0,0,0,0,0,0,0,0,0,0,0,0,0,0,0,0,0,0,0,0,0,0,0,0,0,0,0,0,0,0,0,0,0,0,0,0,0,1,0,0,0,0,0,0,0,0,0,0,0,0,0,0,0,0,0,0,0,1,0,0,0,0,0,1,0,0,0,2,1900.0,2600.0,1000.0,2500,8500,5500.0,0.8181818181818179,0.6399416909620991,0.019782173816403646,"[6, 7, 8, 9]",6|7|8|9
647,Lamayuru Monastery,Lamayuru,Ladakh,North,Monastery,"Buddhist Cultural Cultural,Heritage","Family,Solo",30,200,1200,500,34.28,76.77,4.7,9000,5,9,Coastal,LAD-146,65.5,True,Easy,Half-day (2-4 hrs),0,0,0,0,0,0,0,0,0,0,0,0,0,0,0,0,0,0,0,1,0,0,0,0,0,0,0,0,0,0,0,0,0,0,0,0,0,0,0,0,0,0,0,0,0,0,0,0,0,0,0,0,0,1,0,0,0,0,0,0,0,0,0,0,0,0,0,0,0,0,0,0,0,0,0,0,0,0,0,0,0,0,0,0,0,0,0,0,0,0,0,0,0,0,0,0,0,0,0,0,0,0,0,0,0,0,0,0,0,0,0,0,0,0,0,0,0,0,0,0,0,0,0,0,0,0,0,0,0,0,0,0,0,0,0,0,0,0,0,0,0,0,0,0,0,0,0,0,0,0,0,0,0,0,0,1,0,0,0,0,0,0,1,0,0,0,1,450.0,2600.0,1000.0,1930,6230,4080.0,0.7272727272727271,0.6078717201166179,0.0097799511002445,"[5, 6, 7, 8, 9]",5|6|7|8|9
648,Turtuk Village,Nubra,Ladakh,North,Village,"Cultural,Scenic","Friends,Couples",0,300,1200,500,34.846,76.836,4.8,8000,5,9,Coastal,LAD-147,71.6,True,Easy,Half-day (2-4 hrs),0,0,0,0,0,0,0,0,0,0,0,0,0,0,0,0,0,0,0,0,0,0,0,0,0,0,0,0,0,0,0,1,0,0,0,0,0,0,0,0,0,0,0,0,0,0,0,0,0,0,0,0,0,0,0,0,0,0,0,0,0,0,0,0,0,0,0,0,0,0,0,0,0,0,0,0,0,0,0,0,0,0,0,0,0,0,0,0,0,0,0,0,0,0,0,0,0,0,0,0,0,0,0,0,0,0,0,0,0,0,0,0,1,0,0,0,0,0,0,0,0,0,0,0,0,0,0,0,0,0,0,0,0,0,0,0,0,0,0,0,0,0,0,0,0,0,0,0,0,0,0,0,0,0,1,0,1,0,0,0,0,0,0,0,0,0,1,600.0,2600.0,1000.0,2000,6400,4200.0,0.8181818181818179,0.6967930029154517,0.008668593020671262,"[5, 6, 7, 8, 9]",5|6|7|8|9
649,Alchi Monastery,Alchi,Ladakh,North,Monastery,"Buddhist Cultural Cultural,Art","Family,Solo",30,200,1200,500,34.27,76.07,4.6,7000,5,9,Urban,LAD-142,61.3,False,Easy,Half-day (2-4 hrs),0,0,0,0,0,0,1,0,0,0,0,0,0,0,0,0,0,0,0,1,0,0,0,0,0,0,0,0,0,0,0,0,0,0,0,0,0,0,0,0,0,0,0,0,0,0,0,0,0,0,0,0,0,0,0,0,0,0,0,0,0,0,0,0,0,0,0,0,0,0,0,0,0,0,0,0,0,0,0,0,0,0,0,0,0,0,0,0,0,0,0,0,0,0,0,0,0,0,0,0,0,0,0,0,0,0,0,0,0,0,0,0,0,0,0,0,0,0,0,0,0,0,0,0,0,0,0,0,0,0,0,0,0,0,0,0,0,0,0,0,0,0,0,0,0,0,0,0,0,0,0,0,0,0,0,1,0,0,0,0,0,0,1,0,0,0,1,450.0,2600.0,1000.0,1930,6230,4080.0,0.6363636363636362,0.5466472303206996,0.007557234941098022,"[5, 6, 7, 8, 9]",5|6|7|8|9
650,Stok Palace,Leh,Ladakh,North,Palace,"Heritage,Museum","Family,Friends",70,200,1500,500,33.995,77.535,4.5,5000,5,9,Urban,LAD-141,57.4,False,Easy,Half-day (2-4 hrs),0,0,0,0,0,0,0,0,0,0,0,0,0,0,0,0,0,0,0,0,0,0,0,0,0,0,0,0,0,0,0,0,0,0,0,0,0,0,0,0,0,0,0,0,0,0,0,0,0,0,0,0,0,1,0,0,0,0,0,0,0,0,0,0,0,0,0,0,0,0,0,0,0,0,0,0,0,0,0,0,0,1,0,0,0,0,0,0,0,0,0,0,0,0,0,0,0,0,0,0,0,0,0,0,0,0,0,0,0,0,0,0,0,0,0,0,0,0,0,0,0,0,0,0,0,0,0,0,0,0,0,0,0,0,0,0,0,0,0,0,0,0,0,0,0,0,0,0,0,0,0,0,0,0,0,1,1,0,0,0,0,0,0,0,0,0,1,450.0,3250.0,1000.0,2270,7270,4770.0,0.5454545454545454,0.4897959183673468,0.005334518781951545,"[5, 6, 7, 8, 9]",5|6|7|8|9
651,Shey Palace,Leh,Ladakh,North,Palace,"Heritage,Architecture","Family,Friends",30,200,1500,500,34.06,77.67,4.5,6000,5,9,Urban,LAD-141,56.6,False,Easy,Half-day (2-4 hrs),0,0,0,0,1,0,0,0,0,0,0,0,0,0,0,0,0,0,0,0,0,0,0,0,0,0,0,0,0,0,0,0,0,0,0,0,0,0,0,0,0,0,0,0,0,0,0,0,0,0,0,0,0,1,0,0,0,0,0,0,0,0,0,0,0,0,0,0,0,0,0,0,0,0,0,0,0,0,0,0,0,0,0,0,0,0,0,0,0,0,0,0,0,0,0,0,0,0,0,0,0,0,0,0,0,0,0,0,0,0,0,0,0,0,0,0,0,0,0,0,0,0,0,0,0,0,0,0,0,0,0,0,0,0,0,0,0,0,0,0,0,0,0,0,0,0,0,0,0,0,0,0,0,0,0,1,1,0,0,0,0,0,0,0,0,0,1,450.0,3250.0,1000.0,2230,7230,4730.0,0.5454545454545454,0.47813411078717194,0.0064458768615247835,"[5, 6, 7, 8, 9]",5|6|7|8|9
652,Hunder Sand Dunes,Nubra,Ladakh,North,Desert,"Camel Ride,Scenic","Friends,Couples",0,500,1200,500,34.58,77.48,4.8,20000,5,9,Valley,LAD-141,67.2,True,Moderate,Full-day (4-8 hrs),0,0,0,0,0,0,0,0,0,0,0,0,0,0,0,0,0,0,0,0,1,0,0,0,0,0,0,0,0,0,0,0,0,0,0,0,0,0,0,0,0,0,0,0,0,0,0,0,0,0,0,0,0,0,0,0,0,0,0,0,0,0,0,0,0,0,0,0,0,0,0,0,0,0,0,0,0,0,0,0,0,0,0,0,0,0,0,0,0,0,0,0,0,0,0,0,0,0,0,0,0,0,0,0,0,0,0,0,0,0,0,0,1,0,0,0,0,0,0,0,0,0,0,0,0,0,0,0,0,0,0,0,0,0,0,0,0,0,0,0,0,0,0,0,0,0,0,0,0,0,0,0,0,0,1,0,1,0,0,0,0,0,0,0,0,0,2,1250.0,2600.0,1000.0,2200,7500,4850.0,0.8181818181818179,0.6326530612244897,0.022004889975550123,"[5, 6, 7, 8, 9]",5|6|7|8|9
653,Drass War Memorial,Drass,Ladakh,North,Memorial,"Heritage,Army","Family,Solo",0,100,1200,500,34.45,75.76,4.8,10000,5,9,Valley,LAD-142,70.5,True,Easy,Short (1-2 hrs),0,0,0,0,0,1,0,0,0,0,0,0,0,0,0,0,0,0,0,0,0,0,0,0,0,0,0,0,0,0,0,0,0,0,0,0,0,0,0,0,0,0,0,0,0,0,0,0,0,0,0,0,0,1,0,0,0,0,0,0,0,0,0,0,0,0,0,0,0,0,0,0,0,0,0,0,0,0,0,0,0,0,0,0,0,0,0,0,0,0,0,0,0,0,0,0,0,0,0,0,0,0,0,0,0,0,0,0,0,0,0,0,0,0,0,0,0,0,0,0,0,0,0,0,0,0,0,0,0,0,0,0,0,0,0,0,0,0,0,0,0,0,0,0,0,0,0,0,0,0,0,0,0,0,0,1,0,0,0,0,0,0,1,0,0,0,1,250.0,2600.0,1000.0,1800,5900,3850.0,0.8181818181818179,0.6807580174927113,0.010891309179817739,"[5, 6, 7, 8, 9]",5|6|7|8|9
654,Chang La Pass,Leh,Ladakh,North,Mountain Pass,"Adventure,Scenic,Biking","Friends,Solo",0,500,1500,500,34.06,77.92,4.8,18000,5,9,Urban,LAD-141,67.7,True,Strenuous,Half-day (2-4 hrs),1,0,0,0,0,0,0,0,0,0,0,0,0,0,1,0,0,0,0,0,0,0,0,0,0,0,0,0,0,0,0,0,0,0,0,0,0,0,0,0,0,0,0,0,0,0,0,0,0,0,0,0,0,0,0,0,0,0,0,0,0,0,0,0,0,0,0,0,0,0,0,0,0,0,0,0,0,0,0,0,0,0,0,0,0,0,0,0,0,0,0,0,0,0,0,0,0,0,0,0,0,0,0,0,0,0,0,0,0,0,0,0,1,0,0,0,0,0,0,0,0,0,0,0,0,0,0,0,0,0,0,0,0,0,0,0,0,0,0,0,0,0,0,0,0,0,0,0,0,0,0,0,0,0,0,0,1,0,0,0,0,0,1,0,0,0,3,1250.0,3250.0,1000.0,2500,8500,5500.0,0.8181818181818179,0.6399416909620991,0.019782173816403646,"[5, 6, 7, 8, 9]",5|6|7|8|9
655,Promenade Beach,Puducherry,Puducherry,South,Beach,"Sunrise,Walking,Photography","Friends,Couples",0,200,1500,400,11.934,79.8347,4.7,60000,10,3,Forest,PUD-201,56.5,False,Moderate,Full-day (4-8 hrs),0,0,0,0,0,0,0,0,0,0,0,0,0,0,0,0,0,0,0,0,0,0,0,0,0,0,0,0,0,0,0,0,0,0,0,0,0,0,0,0,0,0,0,0,0,0,0,0,0,0,0,0,0,0,0,0,0,0,0,0,0,0,0,0,0,0,0,0,0,0,0,0,0,0,0,0,0,0,0,0,0,0,0,0,0,0,0,0,0,0,0,0,1,0,0,0,0,0,0,0,0,0,0,0,0,0,0,0,0,0,0,0,0,0,0,0,0,0,0,0,0,0,0,0,0,0,1,0,0,0,0,0,0,0,0,0,0,0,0,0,0,0,1,0,0,0,0,0,0,0,0,0,0,0,1,0,1,0,0,0,0,0,0,0,0,0,2,450.0,3000.0,800.0,2100,6400,4250.0,0.7272727272727271,0.47667638483965,0.06645921315847966,"[10, 11, 12, 1, 2, 3]",10|11|12|1|2|3
656,Paradise Beach,Puducherry,Puducherry,South,Beach,"Boating,Relaxation,Scenic","Friends,Couples",150,300,1500,400,11.895,79.815,4.7,35000,10,3,Coastal,PUD-201,59.1,False,Easy,Full-day (4-8 hrs),0,0,0,0,0,0,0,0,0,0,0,0,0,0,0,0,1,0,0,0,0,0,0,0,0,0,0,0,0,0,0,0,0,0,0,0,0,0,0,0,0,0,0,0,0,0,0,0,0,0,0,0,0,0,0,0,0,0,0,0,0,0,0,0,0,0,0,0,0,0,0,0,0,0,0,0,0,0,0,0,0,0,0,0,0,0,0,0,0,0,0,0,0,0,0,0,0,0,0,1,0,0,0,0,0,0,0,0,0,0,0,0,1,0,0,0,0,0,0,0,0,0,0,0,0,0,0,0,0,0,0,0,0,0,0,0,0,0,0,0,0,0,0,0,0,0,0,0,0,0,0,0,0,0,1,0,1,0,0,0,0,0,0,0,0,0,1,600.0,3000.0,800.0,2350,6750,4550.0,0.7272727272727271,0.5145772594752186,0.038675261169148704,"[10, 11, 12, 1, 2, 3]",10|11|12|1|2|3
657,Auroville,Puducherry,Puducherry,South,Township,"Spiritual,Meditation,Cultural","Family,Solo",0,200,1500,400,12.005,79.808,4.7,50000,10,3,Urban,PUD-201,57.4,False,Easy,Half-day (2-4 hrs),0,0,0,0,0,0,0,0,0,0,0,0,0,0,0,0,0,0,0,0,0,0,0,0,0,0,0,0,0,0,0,1,0,0,0,0,0,0,0,0,0,0,0,0,0,0,0,0,0,0,0,0,0,0,0,0,0,0,0,0,0,0,0,0,0,0,0,0,0,0,0,0,0,0,0,1,0,0,0,0,0,0,0,0,0,0,0,0,0,0,0,0,0,0,0,0,0,0,0,0,0,0,0,0,0,0,0,0,0,0,0,0,0,0,0,0,0,0,0,0,0,0,1,0,0,0,0,0,0,0,0,0,0,0,0,0,0,0,0,0,0,0,0,0,0,0,0,0,0,0,0,0,0,0,0,1,0,0,0,0,0,0,1,0,0,0,1,450.0,3000.0,800.0,2100,6400,4250.0,0.7272727272727271,0.4897959183673468,0.05534563236274728,"[10, 11, 12, 1, 2, 3]",10|11|12|1|2|3
658,Matrimandir,Auroville,Puducherry,South,Meditation Center,"Spiritual,Architecture,Meditation","Solo,Couples",0,100,1500,400,12.0067,79.8103,4.8,25000,10,3,Urban,PUD-201,66.1,True,Moderate,Half-day (2-4 hrs),0,0,0,0,1,0,0,0,0,0,0,0,0,0,0,0,0,0,0,0,0,0,0,0,0,0,0,0,0,0,0,0,0,0,0,0,0,0,0,0,0,0,0,0,0,0,0,0,0,0,0,0,0,0,0,0,0,0,0,0,0,0,0,0,0,0,0,0,0,0,0,0,0,0,0,1,0,0,0,0,0,0,0,0,0,0,0,0,0,0,0,0,0,0,0,0,0,0,0,0,0,0,0,0,0,0,0,0,0,0,0,0,0,0,0,0,0,0,0,0,0,0,1,0,0,0,0,0,0,0,0,0,0,0,0,0,0,0,0,0,0,0,0,0,0,0,0,0,0,0,0,0,0,0,1,0,0,0,0,0,0,0,1,0,0,0,2,250.0,3000.0,800.0,2000,6100,4050.0,0.8181818181818179,0.6166180758017491,0.027561680373416317,"[10, 11, 12, 1, 2, 3]",10|11|12|1|2|3
659,Sri Aurobindo Ashram,Puducherry,Puducherry,South,Ashram,"Spiritual,Peaceful","Family,Solo",0,100,1500,400,11.9352,79.8353,4.7,45000,10,3,Urban,PUD-201,57.9,False,Moderate,Half-day (2-4 hrs),0,0,0,0,0,0,0,0,0,0,0,0,0,0,0,0,0,0,0,0,0,0,0,0,0,0,0,0,0,0,0,0,0,0,0,0,0,0,0,0,0,0,0,0,0,0,0,0,0,0,0,0,0,0,0,0,0,0,0,0,0,0,0,0,0,0,0,0,0,0,0,0,0,0,0,0,0,0,0,0,0,0,0,0,0,0,0,0,0,0,0,1,0,0,0,0,0,0,0,0,0,0,0,0,0,0,0,0,0,0,0,0,0,0,0,0,0,0,0,0,0,0,1,0,0,0,0,0,0,0,0,0,0,0,0,0,0,0,0,0,0,0,0,0,0,0,0,0,0,0,0,0,0,0,0,1,0,0,0,0,0,0,1,0,0,0,2,250.0,3000.0,800.0,2000,6100,4050.0,0.7272727272727271,0.49708454810495617,0.049788841964881085,"[10, 11, 12, 1, 2, 3]",10|11|12|1|2|3
660,Serenity Beach,Puducherry,Puducherry,South,Beach,"Surfing,Photography","Friends,Couples",0,200,1500,400,11.9682,79.8465,4.5,20000,10,3,Coastal,PUD-201,50.8,False,Easy,Full-day (4-8 hrs),0,0,0,0,0,0,0,0,0,0,0,0,0,0,0,0,0,0,0,0,0,0,0,0,0,0,0,0,0,0,0,0,0,0,0,0,0,0,0,0,0,0,0,0,0,0,0,0,0,0,0,0,0,0,0,0,0,0,0,0,0,0,0,0,0,0,0,0,0,0,0,0,0,0,0,0,0,0,0,0,0,0,0,0,0,0,0,0,0,0,0,0,1,0,0,0,0,0,0,0,0,0,0,0,0,0,0,0,0,0,0,0,0,0,0,0,0,0,0,0,0,0,0,0,0,0,0,0,1,0,0,0,0,0,0,0,0,0,0,0,0,0,0,0,0,0,0,0,0,0,0,0,0,0,1,0,1,0,0,0,0,0,0,0,0,0,1,450.0,3000.0,800.0,2100,6400,4250.0,0.5454545454545454,0.39358600583090364,0.022004889975550123,"[10, 11, 12, 1, 2, 3]",10|11|12|1|2|3
661,Chunnambar Boat House,Puducherry,Puducherry,South,Boat House,"Boating,Adventure","Family,Friends",100,300,1500,400,11.8935,79.812,4.5,15000,10,3,Coastal,PUD-201,52.2,False,Moderate,Half-day (2-4 hrs),1,0,0,0,0,0,0,0,0,0,0,0,0,0,0,0,1,0,0,0,0,0,0,0,0,0,0,0,0,0,0,0,0,0,0,0,0,0,0,0,0,0,0,0,0,0,0,0,0,0,0,0,0,0,0,0,0,0,0,0,0,0,0,0,0,0,0,0,0,0,0,0,0,0,0,0,0,0,0,0,0,0,0,0,0,0,0,0,0,0,0,0,0,0,0,0,0,0,0,0,0,0,0,0,0,0,0,0,0,0,0,0,0,0,0,0,0,0,0,0,0,0,0,0,0,0,0,0,0,0,0,0,0,0,0,0,0,0,0,0,0,0,0,0,0,0,0,0,0,0,0,0,0,0,0,1,1,0,0,0,0,0,0,0,0,0,2,600.0,3000.0,800.0,2300,6700,4500.0,0.5454545454545454,0.4139941690962099,0.01644809957768393,"[10, 11, 12, 1, 2, 3]",10|11|12|1|2|3
662,French War Memorial,Puducherry,Puducherry,South,Memorial,"Heritage,Photography","Family,Solo",0,100,1500,400,11.9343,79.8357,4.4,10000,10,3,Urban,PUD-201,48.7,False,Easy,Short (1-2 hrs),0,0,0,0,0,0,0,0,0,0,0,0,0,0,0,0,0,0,0,0,0,0,0,0,0,0,0,0,0,0,0,0,0,0,0,0,0,0,0,0,0,0,0,0,0,0,0,0,0,0,0,0,0,1,0,0,0,0,0,0,0,0,0,0,0,0,0,0,0,0,0,0,0,0,0,0,0,0,0,0,0,0,0,0,0,0,0,0,0,0,0,0,1,0,0,0,0,0,0,0,0,0,0,0,0,0,0,0,0,0,0,0,0,0,0,0,0,0,0,0,0,0,0,0,0,0,0,0,0,0,0,0,0,0,0,0,0,0,0,0,0,0,0,0,0,0,0,0,0,0,0,0,0,0,0,1,0,0,0,0,0,0,1,0,0,0,1,200.0,3000.0,800.0,2000,6000,4000.0,0.4545454545454546,0.36297376093294464,0.010891309179817739,"[10, 11, 12, 1, 2, 3]",10|11|12|1|2|3
663,Basilica Of The Sacred Heart Of Jesus,Puducherry,Puducherry,South,Church,"Architecture,Spiritual","Family,Solo",0,100,1500,400,11.9275,79.83,4.7,18000,10,3,Urban,PUD-201,62.2,False,Easy,Short (1-2 hrs),0,0,0,0,1,0,0,0,0,0,0,0,0,0,0,0,0,0,0,0,0,0,0,0,0,0,0,0,0,0,0,0,0,0,0,0,0,0,0,0,0,0,0,0,0,0,0,0,0,0,0,0,0,0,0,0,0,0,0,0,0,0,0,0,0,0,0,0,0,0,0,0,0,0,0,0,0,0,0,0,0,0,0,0,0,0,0,0,0,0,0,0,0,0,0,0,0,0,0,0,0,0,0,0,0,0,0,0,0,0,0,0,0,0,0,0,0,0,0,0,0,0,1,0,0,0,0,0,0,0,0,0,0,0,0,0,0,0,0,0,0,0,0,0,0,0,0,0,0,0,0,0,0,0,0,1,0,0,0,0,0,0,1,0,0,0,1,200.0,3000.0,800.0,2000,6000,4000.0,0.7272727272727271,0.5597667638483964,0.019782173816403646,"[10, 11, 12, 1, 2, 3]",10|11|12|1|2|3
664,Immaculate Conception Cathedral,Puducherry,Puducherry,South,Church,"Architecture,Spiritual","Family,Solo",0,100,1500,400,11.9333,79.8308,4.6,12000,10,3,Urban,PUD-201,58.7,False,Easy,Short (1-2 hrs),0,0,0,0,1,0,0,0,0,0,0,0,0,0,0,0,0,0,0,0,0,0,0,0,0,0,0,0,0,0,0,0,0,0,0,0,0,0,0,0,0,0,0,0,0,0,0,0,0,0,0,0,0,0,0,0,0,0,0,0,0,0,0,0,0,0,0,0,0,0,0,0,0,0,0,0,0,0,0,0,0,0,0,0,0,0,0,0,0,0,0,0,0,0,0,0,0,0,0,0,0,0,0,0,0,0,0,0,0,0,0,0,0,0,0,0,0,0,0,0,0,0,1,0,0,0,0,0,0,0,0,0,0,0,0,0,0,0,0,0,0,0,0,0,0,0,0,0,0,0,0,0,0,0,0,1,0,0,0,0,0,0,1,0,0,0,1,200.0,3000.0,800.0,2000,6000,4000.0,0.6363636363636362,0.5087463556851312,0.013114025338964216,"[10, 11, 12, 1, 2, 3]",10|11|12|1|2|3
665,Manakula Vinayagar Temple,Puducherry,Puducherry,South,Temple,"Spiritual,Architecture","Family,Solo",0,100,1500,400,11.9368,79.8349,4.8,40000,10,3,Urban,PUD-201,63.9,True,Easy,Short (1-2 hrs),0,0,0,0,1,0,0,0,0,0,0,0,0,0,0,0,0,0,0,0,0,0,0,0,0,0,0,0,0,0,0,0,0,0,0,0,0,0,0,0,0,0,0,0,0,0,0,0,0,0,0,0,0,0,0,0,0,0,0,0,0,0,0,0,0,0,0,0,0,0,0,0,0,0,0,0,0,0,0,0,0,0,0,0,0,0,0,0,0,0,0,0,0,0,0,0,0,0,0,0,0,0,0,0,0,0,0,0,0,0,0,0,0,0,0,0,0,0,0,0,0,0,1,0,0,0,0,0,0,0,0,0,0,0,0,0,0,0,0,0,0,0,0,0,0,0,0,0,0,0,0,0,0,0,0,1,0,0,0,0,0,0,1,0,0,0,1,250.0,3000.0,800.0,2000,6100,4050.0,0.8181818181818179,0.5845481049562681,0.044232051567014895,"[10, 11, 12, 1, 2, 3]",10|11|12|1|2|3
666,Botanical Garden,Puducherry,Puducherry,South,Garden,"Nature,Relaxation","Family,Couples",20,100,1500,400,11.925,79.827,4.3,9000,10,3,Urban,PUD-201,43.7,False,Easy,Short (1-2 hrs),0,0,0,0,0,0,0,0,0,0,0,0,0,0,0,0,0,0,0,0,0,0,0,0,0,0,0,0,0,0,0,0,0,0,0,0,0,0,0,0,0,0,0,0,0,0,0,0,0,0,0,0,0,0,0,0,0,0,0,0,0,0,0,0,0,0,0,0,0,0,0,0,0,0,0,0,0,0,0,0,0,0,0,0,1,0,0,0,0,0,0,0,0,0,0,0,0,0,0,1,0,0,0,0,0,0,0,0,0,0,0,0,0,0,0,0,0,0,0,0,0,0,0,0,0,0,0,0,0,0,0,0,0,0,0,0,0,0,0,0,0,0,0,0,0,0,0,0,0,0,0,0,0,0,1,1,0,0,0,0,0,0,0,0,0,0,1,200.0,3000.0,800.0,2020,6020,4020.0,0.3636363636363633,0.29008746355685133,0.0097799511002445,"[10, 11, 12, 1, 2, 3]",10|11|12|1|2|3
667,Puducherry Museum,Puducherry,Puducherry,South,Museum,"Heritage,Artifacts","Family,Friends",10,100,1500,400,11.9355,79.8335,4.3,7000,10,3,Urban,PUD-201,44.9,False,Easy,Half-day (2-4 hrs),0,0,0,0,0,0,0,1,0,0,0,0,0,0,0,0,0,0,0,0,0,0,0,0,0,0,0,0,0,0,0,0,0,0,0,0,0,0,0,0,0,0,0,0,0,0,0,0,0,0,0,0,0,1,0,0,0,0,0,0,0,0,0,0,0,0,0,0,0,0,0,0,0,0,0,0,0,0,0,0,0,0,0,0,0,0,0,0,0,0,0,0,0,0,0,0,0,0,0,0,0,0,0,0,0,0,0,0,0,0,0,0,0,0,0,0,0,0,0,0,0,0,0,0,0,0,0,0,0,0,0,0,0,0,0,0,0,0,0,0,0,0,0,0,0,0,0,0,0,0,0,0,0,0,0,1,1,0,0,0,0,0,0,0,0,0,1,200.0,3000.0,800.0,2010,6010,4010.0,0.3636363636363633,0.30758017492711365,0.007557234941098022,"[10, 11, 12, 1, 2, 3]",10|11|12|1|2|3
668,Arikamedu,Puducherry,Puducherry,South,Archaeological Site,"Heritage,Ruins","Friends,Solo",0,100,1500,400,11.91,79.83,4.2,5000,10,3,Urban,PUD-201,41.1,False,Moderate,Half-day (2-4 hrs),0,0,0,0,0,0,0,0,0,0,0,0,0,0,0,0,0,0,0,0,0,0,0,0,0,0,0,0,0,0,0,0,0,0,0,0,0,0,0,0,0,0,0,0,0,0,0,0,0,0,0,0,0,1,0,0,0,0,0,0,0,0,0,0,0,0,0,0,0,0,0,0,0,0,0,0,0,0,0,0,0,0,0,0,0,0,0,0,0,0,0,0,0,0,0,0,0,0,0,0,0,0,0,0,0,0,0,0,0,1,0,0,0,0,0,0,0,0,0,0,0,0,0,0,0,0,0,0,0,0,0,0,0,0,0,0,0,0,0,0,0,0,0,0,0,0,0,0,0,0,0,0,0,0,0,0,1,0,0,0,0,0,1,0,0,0,2,200.0,3000.0,800.0,2000,6000,4000.0,0.27272727272727293,0.25218658892128276,0.005334518781951545,"[10, 11, 12, 1, 2, 3]",10|11|12|1|2|3
669,Veerampattinam Beach,Puducherry,Puducherry,South,Beach,"Relaxation,Scenic","Friends,Couples",0,200,1500,400,11.88,79.83,4.3,6000,10,3,Coastal,PUD-201,45.7,False,Easy,Full-day (4-8 hrs),0,0,0,0,0,0,0,0,0,0,0,0,0,0,0,0,0,0,0,0,0,0,0,0,0,0,0,0,0,0,0,0,0,0,0,0,0,0,0,0,0,0,0,0,0,0,0,0,0,0,0,0,0,0,0,0,0,0,0,0,0,0,0,0,0,0,0,0,0,0,0,0,0,0,0,0,0,0,0,0,0,0,0,0,0,0,0,0,0,0,0,0,0,0,0,0,0,0,0,1,0,0,0,0,0,0,0,0,0,0,0,0,1,0,0,0,0,0,0,0,0,0,0,0,0,0,0,0,0,0,0,0,0,0,0,0,0,0,0,0,0,0,0,0,0,0,0,0,0,0,0,0,0,0,1,0,1,0,0,0,0,0,0,0,0,0,1,450.0,3000.0,800.0,2100,6400,4250.0,0.3636363636363633,0.31924198250728864,0.0064458768615247835,"[10, 11, 12, 1, 2, 3]",10|11|12|1|2|3
670,Karaikal Beach,Karaikal,Puducherry,South,Beach,"Relaxation,Photography","Family,Friends",0,200,1200,350,10.92,79.85,4.3,5000,10,3,Coastal,PUD-202,46.5,False,Easy,Full-day (4-8 hrs),0,0,0,0,0,0,0,0,0,0,0,0,0,0,0,0,0,0,0,0,0,0,0,0,0,0,0,0,0,0,0,0,0,0,0,0,0,0,0,0,0,0,0,0,0,0,0,0,0,0,0,0,0,0,0,0,0,0,0,0,0,0,0,0,0,0,0,0,0,0,0,0,0,0,0,0,0,0,0,0,0,0,0,0,0,0,0,0,0,0,0,0,1,0,0,0,0,0,0,1,0,0,0,0,0,0,0,0,0,0,0,0,0,0,0,0,0,0,0,0,0,0,0,0,0,0,0,0,0,0,0,0,0,0,0,0,0,0,0,0,0,0,0,0,0,0,0,0,0,0,0,0,0,0,0,1,1,0,0,0,0,0,0,0,0,0,1,450.0,2600.0,675.0,1750,5700,3725.0,0.3636363636363633,0.3309037900874635,0.005334518781951545,"[10, 11, 12, 1, 2, 3]",10|11|12|1|2|3
671,Karaikal Ammaiyar Temple,Karaikal,Puducherry,South,Temple,"Spiritual,Heritage","Family,Solo",0,100,1200,350,10.92,79.84,4.5,7000,10,3,Urban,PUD-202,55.8,False,Easy,Short (1-2 hrs),0,0,0,0,0,0,0,0,0,0,0,0,0,0,0,0,0,0,0,0,0,0,0,0,0,0,0,0,0,0,0,0,0,0,0,0,0,0,0,0,0,0,0,0,0,0,0,0,0,0,0,0,0,1,0,0,0,0,0,0,0,0,0,0,0,0,0,0,0,0,0,0,0,0,0,0,0,0,0,0,0,0,0,0,0,0,0,0,0,0,0,0,0,0,0,0,0,0,0,0,0,0,0,0,0,0,0,0,0,0,0,0,0,0,0,0,0,0,0,0,0,0,1,0,0,0,0,0,0,0,0,0,0,0,0,0,0,0,0,0,0,0,0,0,0,0,0,0,0,0,0,0,0,0,0,1,0,0,0,0,0,0,1,0,0,0,1,250.0,2600.0,675.0,1650,5400,3525.0,0.5454545454545454,0.46647230320699695,0.007557234941098022,"[10, 11, 12, 1, 2, 3]",10|11|12|1|2|3
672,Yanam Beach,Yanam,Puducherry,South,Beach,"Relaxation,Scenic","Friends,Couples",0,200,1200,350,16.73,82.22,4.3,4000,10,3,Coastal,PUD-204,47.6,False,Easy,Full-day (4-8 hrs),0,0,0,0,0,0,0,0,0,0,0,0,0,0,0,0,0,0,0,0,0,0,0,0,0,0,0,0,0,0,0,0,0,0,0,0,0,0,0,0,0,0,0,0,0,0,0,0,0,0,0,0,0,0,0,0,0,0,0,0,0,0,0,0,0,0,0,0,0,0,0,0,0,0,0,0,0,0,0,0,0,0,0,0,0,0,0,0,0,0,0,0,0,0,0,0,0,0,0,1,0,0,0,0,0,0,0,0,0,0,0,0,1,0,0,0,0,0,0,0,0,0,0,0,0,0,0,0,0,0,0,0,0,0,0,0,0,0,0,0,0,0,0,0,0,0,0,0,0,0,0,0,0,0,1,0,1,0,0,0,0,0,0,0,0,0,1,450.0,2600.0,675.0,1750,5700,3725.0,0.3636363636363633,0.346938775510204,0.004223160702378307,"[10, 11, 12, 1, 2, 3]",10|11|12|1|2|3
673,St Ann'S Church,Mahe,Puducherry,South,Church,"Spiritual,Architecture","Family,Solo",0,100,1200,350,11.7,75.54,4.4,3000,10,3,Urban,PUD-203,54.4,False,Easy,Short (1-2 hrs),0,0,0,0,1,0,0,0,0,0,0,0,0,0,0,0,0,0,0,0,0,0,0,0,0,0,0,0,0,0,0,0,0,0,0,0,0,0,0,0,0,0,0,0,0,0,0,0,0,0,0,0,0,0,0,0,0,0,0,0,0,0,0,0,0,0,0,0,0,0,0,0,0,0,0,0,0,0,0,0,0,0,0,0,0,0,0,0,0,0,0,0,0,0,0,0,0,0,0,0,0,0,0,0,0,0,0,0,0,0,0,0,0,0,0,0,0,0,0,0,0,0,1,0,0,0,0,0,0,0,0,0,0,0,0,0,0,0,0,0,0,0,0,0,0,0,0,0,0,0,0,0,0,0,0,1,0,0,0,0,0,0,1,0,0,0,1,200.0,2600.0,675.0,1650,5300,3475.0,0.4545454545454546,0.4460641399416909,0.003111802622805068,"[10, 11, 12, 1, 2, 3]",10|11|12|1|2|3
674,Mahe Beach,Mahe,Puducherry,South,Beach,"Sunset,Photography","Friends,Couples",0,200,1200,350,11.7,75.53,4.3,3500,10,3,Coastal,PUD-203,48.2,False,Easy,Full-day (4-8 hrs),0,0,0,0,0,0,0,0,0,0,0,0,0,0,0,0,0,0,0,0,0,0,0,0,0,0,0,0,0,0,0,0,0,0,0,0,0,0,0,0,0,0,0,0,0,0,0,0,0,0,0,0,0,0,0,0,0,0,0,0,0,0,0,0,0,0,0,0,0,0,0,0,0,0,0,0,0,0,0,0,0,0,0,0,0,0,0,0,0,0,0,0,1,0,0,0,0,0,0,0,0,0,0,0,0,0,0,0,0,0,0,0,0,0,0,0,0,0,0,0,0,0,0,0,0,0,0,1,0,0,0,0,0,0,0,0,0,0,0,0,0,0,0,0,0,0,0,0,0,0,0,0,0,0,1,0,1,0,0,0,0,0,0,0,0,0,1,450.0,2600.0,675.0,1750,5700,3725.0,0.3636363636363633,0.3556851311953353,0.003667481662591687,"[10, 11, 12, 1, 2, 3]",10|11|12|1|2|3
675,Agatti Island,Agatti,Lakshadweep,South,Island,"Beach,Snorkeling,Nature","Couples,Family",0,1500,3000,600,10.8586,72.1936,4.7,3200,10,3,Island,LAK-148,70.5,True,Moderate,Full-day (4-8 hrs),0,0,0,0,0,0,0,0,0,0,0,0,0,1,0,0,0,0,0,0,0,0,0,0,0,0,0,0,0,0,0,0,0,0,0,0,0,0,0,0,0,0,0,0,0,0,0,0,0,0,0,0,0,0,0,0,0,0,0,0,0,0,0,0,0,0,0,0,0,0,0,0,0,0,0,0,0,0,0,0,0,0,0,0,1,0,0,0,0,0,0,0,0,0,0,0,0,0,0,0,0,0,0,0,0,0,0,0,0,0,0,0,0,0,0,0,0,0,0,0,1,0,0,0,0,0,0,0,0,0,0,0,0,0,0,0,0,0,0,0,0,0,0,0,0,0,0,0,0,0,0,0,0,0,1,1,0,0,0,0,0,0,0,0,0,0,2,3250.0,6000.0,1050.0,5100,15500,10300.0,0.7272727272727271,0.6807580174927113,0.0033340742387197157,"[10, 11, 12, 1, 2, 3]",10|11|12|1|2|3
676,Bangaram Island,Bangaram,Lakshadweep,South,Island,"Beach,Diving,Luxury",Couples,0,3000,6000,800,10.94,72.287,4.8,2100,10,3,Island,LAK-148,77.9,True,Moderate,Full-day (4-8 hrs),0,0,0,0,0,0,0,0,0,0,0,0,0,1,0,0,0,0,0,0,0,0,0,0,0,0,0,0,0,0,0,0,0,1,0,0,0,0,0,0,0,0,0,0,0,0,0,0,0,0,0,0,0,0,0,0,0,0,0,0,0,0,0,0,0,0,0,0,0,0,0,0,1,0,0,0,0,0,0,0,0,0,0,0,0,0,0,0,0,0,0,0,0,0,0,0,0,0,0,0,0,0,0,0,0,0,0,0,0,0,0,0,0,0,0,0,0,0,0,0,0,0,0,0,0,0,0,0,0,0,0,0,0,0,0,0,0,0,0,0,0,0,0,0,0,0,0,0,0,0,0,0,0,0,1,0,0,0,0,0,0,0,0,0,0,0,2,6000.0,10500.0,1400.0,9800,26000,17900.0,0.8181818181818179,0.7886297376093294,0.0021115803511891533,"[10, 11, 12, 1, 2, 3]",10|11|12|1|2|3
677,Kavaratti Island,Kavaratti,Lakshadweep,South,Island,"Lagoon,Beach,Marine Life","Family,Friends,Couples",0,1000,2500,500,10.5667,72.6167,4.6,1800,10,3,Island,LAK-149,67.7,True,Moderate,Full-day (4-8 hrs),0,0,0,0,0,0,0,0,0,0,0,0,0,1,0,0,0,0,0,0,0,0,0,0,0,0,0,0,0,0,0,0,0,0,0,0,0,0,0,0,0,0,0,0,0,0,0,0,0,0,0,0,0,0,0,0,0,0,0,0,0,0,0,0,0,0,1,0,0,0,0,0,0,0,1,0,0,0,0,0,0,0,0,0,0,0,0,0,0,0,0,0,0,0,0,0,0,0,0,0,0,0,0,0,0,0,0,0,0,0,0,0,0,0,0,0,0,0,0,0,0,0,0,0,0,0,0,0,0,0,0,0,0,0,0,0,0,0,0,0,0,0,0,0,0,0,0,0,0,0,0,0,0,0,1,1,1,0,0,0,0,0,0,0,0,0,2,2500.0,5250.0,850.0,4000,13200,8600.0,0.6363636363636362,0.6399416909620991,0.0017781729273171818,"[10, 11, 12, 1, 2, 3]",10|11|12|1|2|3
678,Kalpeni Island,Kalpeni,Lakshadweep,South,Island,"Lagoon,Kayaking,Beach","Family,Friends",0,1200,2000,500,10.0685,73.6425,4.5,900,10,3,Island,LAK-150,65.6,True,Moderate,Full-day (4-8 hrs),0,0,0,0,0,0,0,0,0,0,0,0,0,1,0,0,0,0,0,0,0,0,0,0,0,0,0,0,0,0,0,0,0,0,0,0,0,0,0,0,0,0,0,0,0,0,0,0,0,0,0,0,0,0,0,0,0,0,0,0,0,0,0,0,0,1,1,0,0,0,0,0,0,0,0,0,0,0,0,0,0,0,0,0,0,0,0,0,0,0,0,0,0,0,0,0,0,0,0,0,0,0,0,0,0,0,0,0,0,0,0,0,0,0,0,0,0,0,0,0,0,0,0,0,0,0,0,0,0,0,0,0,0,0,0,0,0,0,0,0,0,0,0,0,0,0,0,0,0,0,0,0,0,0,0,1,1,0,0,0,0,0,0,0,0,0,2,2350.0,4000.0,850.0,3700,10700,7200.0,0.5454545454545454,0.6093294460641397,0.000777950655701267,"[10, 11, 12, 1, 2, 3]",10|11|12|1|2|3
679,Minicoy Island,Minicoy,Lakshadweep,South,Island,"Lighthouse,Beach,Cultural","Family,Friends,Couples",0,1200,2000,500,8.3,73.05,4.6,1100,10,3,Island,LAK-151,70.1,True,Moderate,Full-day (4-8 hrs),0,0,0,0,0,0,0,0,0,0,0,0,0,1,0,0,0,0,0,0,0,0,0,0,0,0,0,0,0,0,0,1,0,0,0,0,0,0,0,0,0,0,0,0,0,0,0,0,0,0,0,0,0,0,0,0,0,0,0,0,0,0,0,0,0,0,0,0,0,0,1,0,0,0,0,0,0,0,0,0,0,0,0,0,0,0,0,0,0,0,0,0,0,0,0,0,0,0,0,0,0,0,0,0,0,0,0,0,0,0,0,0,0,0,0,0,0,0,0,0,0,0,0,0,0,0,0,0,0,0,0,0,0,0,0,0,0,0,0,0,0,0,0,0,0,0,0,0,0,0,0,0,0,0,1,1,1,0,0,0,0,0,0,0,0,0,2,2600.0,4500.0,850.0,3700,12200,7950.0,0.6363636363636362,0.6749271137026238,0.0010002222716159147,"[10, 11, 12, 1, 2, 3]",10|11|12|1|2|3
680,Kadmat Island,Kadmat,Lakshadweep,South,Island,"Scuba,Diving,Coral Reef","Friends,Couples",0,2000,3000,600,11.224,72.776,4.7,1400,10,3,Island,LAK-152,74.4,True,Moderate,Full-day (4-8 hrs),0,0,0,0,0,0,0,0,0,0,0,0,0,0,0,0,0,0,0,0,0,0,0,0,0,0,0,1,0,0,0,0,0,1,0,0,0,0,0,0,0,0,0,0,0,0,0,0,0,0,0,0,0,0,0,0,0,0,0,0,0,0,0,0,0,0,0,0,0,0,0,0,0,0,0,0,0,0,0,0,0,0,0,0,0,0,0,0,0,0,0,0,0,0,0,0,0,0,0,0,0,0,0,0,0,0,0,0,0,0,0,0,0,0,1,0,0,0,0,0,0,0,0,0,0,0,0,0,0,0,0,0,0,0,0,0,0,0,0,0,0,0,0,0,0,0,0,0,0,0,0,0,0,0,1,0,1,0,0,0,0,0,0,0,0,0,2,4000.0,6000.0,1050.0,5600,16500,11050.0,0.7272727272727271,0.7376093294460642,0.0013336296954878865,"[10, 11, 12, 1, 2, 3]",10|11|12|1|2|3
681,Marine Aquarium Museum,Kavaratti,Lakshadweep,South,Museum,"Marine Life,Educational","Family,Friends,Solo",10,0,2500,500,10.565,72.635,4.4,600,10,3,Urban,LAK-149,62.1,False,Easy,Half-day (2-4 hrs),0,0,0,0,0,0,0,0,0,0,0,0,0,0,0,0,0,0,0,0,0,0,0,0,0,0,0,0,0,0,0,0,0,0,0,0,1,0,0,0,0,0,0,0,0,0,0,0,0,0,0,0,0,0,0,0,0,0,0,0,0,0,0,0,0,0,0,0,0,0,0,0,0,0,1,0,0,0,0,0,0,0,0,0,0,0,0,0,0,0,0,0,0,0,0,0,0,0,0,0,0,0,0,0,0,0,0,0,0,0,0,0,0,0,0,0,0,0,0,0,0,0,0,0,0,0,0,0,0,0,0,0,0,0,0,0,0,0,0,0,0,0,0,0,0,0,0,0,0,0,0,0,0,0,0,1,1,0,0,0,0,0,1,0,0,0,1,0.0,5250.0,850.0,3010,9210,6110.0,0.4545454545454546,0.5583090379008746,0.0004445432318292954,"[10, 11, 12, 1, 2, 3]",10|11|12|1|2|3
682,Ujra Mosque,Kavaratti,Lakshadweep,South,Religious Site,"Mosque,Architecture,Cultural",Family,0,0,2500,500,10.568,72.6355,4.3,350,10,3,Urban,LAK-149,59.2,False,Moderate,Half-day (2-4 hrs),0,0,0,0,1,0,0,0,0,0,0,0,0,0,0,0,0,0,0,0,0,0,0,0,0,0,0,0,0,0,0,1,0,0,0,0,0,0,0,0,0,0,0,0,0,0,0,0,0,0,0,0,0,0,0,0,0,0,0,0,0,0,0,0,0,0,0,0,0,0,0,0,0,0,0,0,0,0,0,1,0,0,0,0,0,0,0,0,0,0,0,0,0,0,0,0,0,0,0,0,0,0,0,0,0,0,0,0,0,0,0,0,0,0,0,0,0,0,0,0,0,0,0,0,0,0,0,0,0,0,0,0,0,0,0,0,0,0,0,0,0,0,0,0,0,0,0,0,0,0,0,0,0,0,0,1,0,0,0,0,0,0,0,0,0,0,2,0.0,5250.0,850.0,3000,9200,6100.0,0.3636363636363633,0.5160349854227405,0.0001667037119359858,"[10, 11, 12, 1, 2, 3]",10|11|12|1|2|3
683,Jampore Beach,Daman,Daman And Diu,South,Beach,"Beach,Sunset,Photography","Family,Friends,Couples",0,200,1500,400,20.414,72.832,4.4,5200,10,3,Coastal,DAM-71,51.8,False,Easy,Full-day (4-8 hrs),0,0,0,0,0,0,0,0,0,0,0,0,0,1,0,0,0,0,0,0,0,0,0,0,0,0,0,0,0,0,0,0,0,0,0,0,0,0,0,0,0,0,0,0,0,0,0,0,0,0,0,0,0,0,0,0,0,0,0,0,0,0,0,0,0,0,0,0,0,0,0,0,0,0,0,0,0,0,0,0,0,0,0,0,0,0,0,0,0,0,0,0,1,0,0,0,0,0,0,0,0,0,0,0,0,0,0,0,0,0,0,0,0,0,0,0,0,0,0,0,0,0,0,0,0,0,0,1,0,0,0,0,0,0,0,0,0,0,0,0,0,0,0,0,0,0,0,0,0,0,0,0,0,0,1,1,1,0,0,0,0,0,0,0,0,0,1,600.0,3250.0,700.0,2100,7000,4550.0,0.4545454545454546,0.40816326530612235,0.005556790397866193,"[10, 11, 12, 1, 2, 3]",10|11|12|1|2|3
684,Devka Beach,Daman,Daman And Diu,South,Beach,"Beach,Sunset,Amusement","Family,Friends",0,200,1500,400,20.42,72.84,4.2,4300,10,3,Coastal,DAM-71,41.8,False,Easy,Full-day (4-8 hrs),0,1,0,0,0,0,0,0,0,0,0,0,0,1,0,0,0,0,0,0,0,0,0,0,0,0,0,0,0,0,0,0,0,0,0,0,0,0,0,0,0,0,0,0,0,0,0,0,0,0,0,0,0,0,0,0,0,0,0,0,0,0,0,0,0,0,0,0,0,0,0,0,0,0,0,0,0,0,0,0,0,0,0,0,0,0,0,0,0,0,0,0,0,0,0,0,0,0,0,0,0,0,0,0,0,0,0,0,0,0,0,0,0,0,0,0,0,0,0,0,0,0,0,0,0,0,0,1,0,0,0,0,0,0,0,0,0,0,0,0,0,0,0,0,0,0,0,0,0,0,0,0,0,0,0,1,1,0,0,0,0,0,0,0,0,0,1,600.0,3000.0,650.0,2100,6400,4250.0,0.27272727272727293,0.2623906705539357,0.004556568126250278,"[10, 11, 12, 1, 2, 3]",10|11|12|1|2|3
685,Moti Daman Fort,Daman,Daman And Diu,South,Fort,"Heritage,Architecture","Family,Solo",0,0,1500,400,20.415,72.83,4.3,2100,10,3,Coastal,DAM-71,50.7,False,Moderate,Half-day (2-4 hrs),0,0,0,0,1,0,0,0,0,0,0,0,0,0,0,0,0,0,0,0,0,0,0,0,0,0,0,0,0,0,0,0,0,0,0,0,0,0,0,0,0,0,0,0,0,0,0,0,0,0,0,0,0,1,0,0,0,0,0,0,0,0,0,0,0,0,0,0,0,0,0,0,0,0,0,0,0,0,0,0,0,0,0,0,0,0,0,0,0,0,0,0,0,0,0,0,0,0,0,0,0,0,0,0,0,0,0,0,0,0,0,0,0,0,0,0,0,0,0,0,0,0,0,0,0,0,0,0,0,0,0,0,0,0,0,0,0,0,0,0,0,0,0,0,0,0,0,0,0,0,0,0,0,0,0,1,0,0,0,0,0,0,1,0,0,0,2,0.0,3000.0,650.0,1900,5400,3650.0,0.3636363636363633,0.39212827988338195,0.0021115803511891533,"[10, 11, 12, 1, 2, 3]",10|11|12|1|2|3
686,St Jerome Fort,Daman,Daman And Diu,South,Fort,"Heritage,Photography",Family,0,0,1500,400,20.4145,72.831,4.3,1300,10,3,Coastal,DAM-71,52.9,False,Moderate,Half-day (2-4 hrs),0,0,0,0,0,0,0,0,0,0,0,0,0,0,0,0,0,0,0,0,0,0,0,0,0,0,0,0,0,0,0,0,0,0,0,0,0,0,0,0,0,0,0,0,0,0,0,0,0,0,0,0,0,1,0,0,0,0,0,0,0,0,0,0,0,0,0,0,0,0,0,0,0,0,0,0,0,0,0,0,0,0,0,0,0,0,0,0,0,0,0,0,1,0,0,0,0,0,0,0,0,0,0,0,0,0,0,0,0,0,0,0,0,0,0,0,0,0,0,0,0,0,0,0,0,0,0,0,0,0,0,0,0,0,0,0,0,0,0,0,0,0,0,0,0,0,0,0,0,0,0,0,0,0,0,1,0,0,0,0,0,0,0,0,0,0,2,0.0,3000.0,650.0,1900,5400,3650.0,0.3636363636363633,0.42419825072886286,0.0012224938875305626,"[10, 11, 12, 1, 2, 3]",10|11|12|1|2|3
687,Bom Jesus Church,Daman,Daman And Diu,South,Church,"Religion,Architecture","Family,Couples",0,0,1500,400,20.417,72.832,4.2,900,10,3,Urban,DAM-71,49.2,False,Easy,Short (1-2 hrs),0,0,0,0,1,0,0,0,0,0,0,0,0,0,0,0,0,0,0,0,0,0,0,0,0,0,0,0,0,0,0,0,0,0,0,0,0,0,0,0,0,0,0,0,0,0,0,0,0,0,0,0,0,0,0,0,0,0,0,0,0,0,0,0,0,0,0,0,0,0,0,0,0,0,0,0,0,0,0,0,0,0,0,0,0,0,0,0,0,0,0,0,0,0,0,0,0,0,0,0,1,0,0,0,0,0,0,0,0,0,0,0,0,0,0,0,0,0,0,0,0,0,0,0,0,0,0,0,0,0,0,0,0,0,0,0,0,0,0,0,0,0,0,0,0,0,0,0,0,0,0,0,0,0,1,1,0,0,0,0,0,0,0,0,0,0,1,0.0,3000.0,650.0,1900,5400,3650.0,0.27272727272727293,0.3702623906705539,0.000777950655701267,"[10, 11, 12, 1, 2, 3]",10|11|12|1|2|3
688,Dominican Monastery,Daman,Daman And Diu,South,Historic Site,"Ruins,Heritage,Photography","Family,Couples,Friends",0,0,1500,400,20.416,72.834,4.1,700,10,3,Urban,DAM-71,45.0,False,Moderate,Half-day (2-4 hrs),0,0,0,0,0,0,0,0,0,0,0,0,0,0,0,0,0,0,0,0,0,0,0,0,0,0,0,0,0,0,0,0,0,0,0,0,0,0,0,0,0,0,0,0,0,0,0,0,0,0,0,0,0,1,0,0,0,0,0,0,0,0,0,0,0,0,0,0,0,0,0,0,0,0,0,0,0,0,0,0,0,0,0,0,0,0,0,0,0,0,0,0,1,0,0,0,0,0,0,0,0,0,0,0,0,0,0,0,0,1,0,0,0,0,0,0,0,0,0,0,0,0,0,0,0,0,0,0,0,0,0,0,0,0,0,0,0,0,0,0,0,0,0,0,0,0,0,0,0,0,0,0,0,0,1,1,1,0,0,0,0,0,0,0,0,0,2,0.0,3000.0,650.0,1900,5400,3650.0,0.1818181818181812,0.30903790087463556,0.0005556790397866193,"[10, 11, 12, 1, 2, 3]",10|11|12|1|2|3
689,Nagoa Beach,Diu,Daman And Diu,South,Beach,"Beach,Water_Sports","Family,Couples,Adventure",0,500,2000,500,20.713,70.981,4.6,4800,10,3,Coastal,DAM-72,63.1,True,Easy,Full-day (4-8 hrs),0,0,0,0,0,0,0,0,0,0,0,0,0,1,0,0,0,0,0,0,0,0,0,0,0,0,0,0,0,0,0,0,0,0,0,0,0,0,0,0,0,0,0,0,0,0,0,0,0,0,0,0,0,0,0,0,0,0,0,0,0,0,0,0,0,0,0,0,0,0,0,0,0,0,0,0,0,0,0,0,0,0,0,0,0,0,0,0,0,0,0,0,0,0,0,0,0,0,0,0,0,0,0,0,0,0,0,0,0,0,0,0,0,0,0,0,0,0,0,0,0,0,0,0,0,0,0,0,0,0,0,0,0,0,0,0,0,0,0,0,0,0,0,0,0,0,1,0,0,0,0,0,1,0,1,1,0,0,0,0,0,0,0,0,0,0,1,1500.0,4000.0,850.0,3000,9700,6350.0,0.6363636363636362,0.5728862973760932,0.005112247166036897,"[10, 11, 12, 1, 2, 3]",10|11|12|1|2|3
690,Ghoghla Beach,Diu,Daman And Diu,South,Beach,"Beach,Relaxation","Family,Couples",0,300,1800,500,20.72,70.97,4.5,3100,10,3,Coastal,DAM-72,59.7,False,Easy,Full-day (4-8 hrs),0,0,0,0,0,0,0,0,0,0,0,0,0,1,0,0,0,0,0,0,0,0,0,0,0,0,0,0,0,0,0,0,0,0,0,0,0,0,0,0,0,0,0,0,0,0,0,0,0,0,0,0,0,0,0,0,0,0,0,0,0,0,0,0,0,0,0,0,0,0,0,0,0,0,0,0,0,0,0,0,0,0,0,0,0,0,0,0,0,0,0,0,0,0,0,0,0,0,0,1,0,0,0,0,0,0,0,0,0,0,0,0,0,0,0,0,0,0,0,0,0,0,0,0,0,0,0,0,0,0,0,0,0,0,0,0,0,0,0,0,0,0,0,0,0,0,0,0,0,0,0,0,0,0,1,1,0,0,0,0,0,0,0,0,0,0,1,900.0,3650.0,850.0,2600,8200,5400.0,0.5454545454545454,0.5233236151603499,0.0032229384307623917,"[10, 11, 12, 1, 2, 3]",10|11|12|1|2|3
691,Diu Fort,Diu,Daman And Diu,South,Fort,Heritage Architecture Costal Viewpoint,Family,0,0,2000,500,20.714,70.99,4.6,4200,10,3,Coastal,DAM-72,63.7,True,Moderate,Half-day (2-4 hrs),0,0,0,0,0,0,0,0,0,0,0,0,0,0,0,0,0,0,0,0,0,0,0,0,0,0,0,0,0,0,0,0,0,0,0,0,0,0,0,0,0,0,0,0,0,0,0,0,0,0,0,0,0,0,1,0,0,0,0,0,0,0,0,0,0,0,0,0,0,0,0,0,0,0,0,0,0,0,0,0,0,0,0,0,0,0,0,0,0,0,0,0,0,0,0,0,0,0,0,0,0,0,0,0,0,0,0,0,0,0,0,0,0,0,0,0,0,0,0,0,0,0,0,0,0,0,0,0,0,0,0,0,0,0,0,0,0,0,0,0,0,0,0,0,0,0,0,0,0,0,0,0,0,0,0,1,0,0,0,0,0,0,0,0,0,0,2,0.0,4000.0,850.0,2500,7200,4850.0,0.6363636363636362,0.5816326530612245,0.0044454323182929545,"[10, 11, 12, 1, 2, 3]",10|11|12|1|2|3
692,Naida Caves,Diu,Daman And Diu,South,Cave,"Rock Formations,Photography",Friends,0,0,2000,500,20.715,70.985,4.5,2800,10,3,Mountain,DAM-72,60.2,False,Moderate,Half-day (2-4 hrs),0,0,0,0,0,0,0,0,0,0,0,0,0,0,0,0,0,0,0,0,0,0,0,0,0,0,0,0,0,0,0,0,0,0,0,0,0,0,0,0,0,0,0,0,0,0,0,0,0,0,0,0,0,0,0,0,0,0,0,0,0,0,0,0,0,0,0,0,0,0,0,0,0,0,0,0,0,0,0,0,0,0,0,0,0,0,0,0,0,0,0,0,1,0,0,0,0,0,0,0,0,0,0,0,0,0,0,1,0,0,0,0,0,0,0,0,0,0,0,0,0,0,0,0,0,0,0,0,0,0,0,0,0,0,0,0,0,0,0,0,0,0,0,0,0,0,0,0,0,0,0,0,0,0,0,0,1,0,0,0,0,0,0,0,0,0,2,0.0,4000.0,850.0,2500,7200,4850.0,0.5454545454545454,0.5306122448979591,0.0028895310068904204,"[10, 11, 12, 1, 2, 3]",10|11|12|1|2|3
693,St Paul Church,Diu,Daman And Diu,South,Church,"Architecture,Religion",Family,0,0,2000,500,20.7155,70.987,4.6,2000,10,3,Urban,DAM-72,67.2,True,Easy,Short (1-2 hrs),0,0,0,0,1,0,0,0,0,0,0,0,0,0,0,0,0,0,0,0,0,0,0,0,0,0,0,0,0,0,0,0,0,0,0,0,0,0,0,0,0,0,0,0,0,0,0,0,0,0,0,0,0,0,0,0,0,0,0,0,0,0,0,0,0,0,0,0,0,0,0,0,0,0,0,0,0,0,0,0,0,0,0,0,0,0,0,0,0,0,0,0,0,0,0,0,0,0,0,0,1,0,0,0,0,0,0,0,0,0,0,0,0,0,0,0,0,0,0,0,0,0,0,0,0,0,0,0,0,0,0,0,0,0,0,0,0,0,0,0,0,0,0,0,0,0,0,0,0,0,0,0,0,0,0,1,0,0,0,0,0,0,0,0,0,0,1,0.0,4000.0,850.0,2500,7200,4850.0,0.6363636363636362,0.6326530612244897,0.0020004445432318294,"[10, 11, 12, 1, 2, 3]",10|11|12|1|2|3
694,Ins Khukri Memorial,Diu,Daman And Diu,South,Memorial,"War,Memorial,Costal,Viewpoint",Family,0,0,2000,500,20.704,70.987,4.5,1900,10,3,Coastal,DAM-72,62.0,False,Easy,Short (1-2 hrs),0,0,0,0,0,0,0,0,0,0,0,0,0,0,0,0,0,0,0,0,0,0,0,0,0,0,0,0,1,0,0,0,0,0,0,0,0,0,0,0,0,0,0,0,0,0,0,0,0,0,0,0,0,0,0,0,0,0,0,0,0,0,0,0,0,0,0,0,0,0,0,0,0,0,0,0,1,0,0,0,0,0,0,0,0,0,0,0,0,0,0,0,0,0,0,0,0,0,0,0,0,0,0,0,0,0,0,0,0,0,0,0,0,0,0,0,0,0,0,0,0,0,0,0,0,0,0,0,0,0,0,0,0,0,0,0,0,0,0,0,0,1,0,1,0,0,0,0,0,0,0,0,0,0,0,1,0,0,0,0,0,0,0,0,0,0,1,0.0,4000.0,850.0,2500,7200,4850.0,0.5454545454545454,0.5568513119533527,0.0018893087352745057,"[10, 11, 12, 1, 2, 3]",10|11|12|1|2|3
695,Dudhni Lake,Dudhni,Dadra And Nagar Haveli,West,Lake,"Boating,Water,Sports,Nature","Family,Friends,Couples",50,300,1500,400,20.121,73.016,4.5,2600,10,3,Valley,DAD-70,60.5,False,Easy,Full-day (4-8 hrs),0,0,0,0,0,0,0,0,0,0,0,0,0,0,0,0,1,0,0,0,0,0,0,0,0,0,0,0,0,0,0,0,0,0,0,0,0,0,0,0,0,0,0,0,0,0,0,0,0,0,0,0,0,0,0,0,0,0,0,0,0,0,0,0,0,0,0,0,0,0,0,0,0,0,0,0,0,0,0,0,0,0,0,0,1,0,0,0,0,0,0,0,0,0,0,0,0,0,0,0,0,0,0,0,0,0,0,0,0,0,0,0,0,0,0,0,0,0,0,0,0,0,0,1,0,0,0,0,0,0,0,0,0,0,0,0,0,0,0,0,0,0,0,0,0,1,0,0,0,0,0,0,0,0,1,1,1,0,0,0,0,0,0,0,0,0,1,1150.0,3000.0,650.0,2250,7450,4850.0,0.5454545454545454,0.5349854227405247,0.0026672593909757725,"[10, 11, 12, 1, 2, 3]",10|11|12|1|2|3
696,Vanganga Lake Garden,Silvassa,Dadra And Nagar Haveli,West,Garden,"Nature,Boating,Photography","Family,Couples",20,100,1500,400,20.273,72.996,4.4,2200,10,3,Urban,DAD-70,55.9,False,Easy,Short (1-2 hrs),0,0,0,0,0,0,0,0,0,0,0,0,0,0,0,0,1,0,0,0,0,0,0,0,0,0,0,0,0,0,0,0,0,0,0,0,0,0,0,0,0,0,0,0,0,0,0,0,0,0,0,0,0,0,0,0,0,0,0,0,0,0,0,0,0,0,0,0,0,0,0,0,0,0,0,0,0,0,0,0,0,0,0,0,1,0,0,0,0,0,0,0,1,0,0,0,0,0,0,0,0,0,0,0,0,0,0,0,0,0,0,0,0,0,0,0,0,0,0,0,0,0,0,0,0,0,0,0,0,0,0,0,0,0,0,0,0,0,0,0,0,0,0,0,0,0,0,0,0,0,0,0,0,0,1,1,0,0,0,0,0,0,0,0,0,0,1,300.0,3000.0,650.0,2020,5920,3970.0,0.4545454545454546,0.46793002915451887,0.002222716159146477,"[10, 11, 12, 1, 2, 3]",10|11|12|1|2|3
697,Tribal Cultural Museum,Silvassa,Dadra And Nagar Haveli,West,Museum,"Tribal,Cultural,Heritage",Family,10,0,1500,400,20.275,73.016,4.3,900,10,3,Urban,DAD-70,54.7,False,Easy,Half-day (2-4 hrs),0,0,0,0,0,0,0,0,0,0,0,0,0,0,0,0,0,0,0,0,0,0,0,0,0,0,0,0,0,0,0,1,0,0,0,0,0,0,0,0,0,0,0,0,0,0,0,0,0,0,0,0,0,1,0,0,0,0,0,0,0,0,0,0,0,0,0,0,0,0,0,0,0,0,0,0,0,0,0,0,0,0,0,0,0,0,0,0,0,0,0,0,0,0,0,0,0,0,0,0,0,0,0,0,0,0,0,0,0,0,0,0,0,0,0,0,0,0,0,0,0,0,0,0,0,0,0,0,0,0,0,0,0,0,0,0,0,1,0,0,0,0,0,0,0,0,0,0,0,0,0,0,0,0,0,1,0,0,0,0,0,0,0,0,0,0,1,0.0,3000.0,650.0,1910,5410,3660.0,0.3636363636363633,0.45043731778425655,0.000777950655701267,"[10, 11, 12, 1, 2, 3]",10|11|12|1|2|3
698,Lion Safari Wildlife Park,Silvassa,Dadra And Nagar Haveli,West,Wildlife Park,"Safari,Wildlife,Photography","Family,Friends,Solo,Couples",50,300,1500,400,20.279,73.021,4.4,1400,10,3,Forest,DAD-70,58.0,False,Moderate,Full-day (4-8 hrs),0,0,0,0,0,0,0,0,0,0,0,0,0,0,0,0,0,0,0,0,0,0,0,0,0,0,0,0,0,0,0,0,0,0,0,0,0,0,0,0,0,0,0,0,0,0,0,0,0,0,0,0,0,0,0,0,0,0,0,0,0,0,0,0,0,0,0,0,0,0,0,0,0,0,0,0,0,0,0,0,0,0,0,0,0,0,0,0,0,0,0,0,1,0,0,0,0,0,0,0,0,0,0,0,0,0,0,0,0,0,0,1,0,0,0,0,0,0,0,0,0,0,0,0,0,0,0,0,0,0,0,0,0,0,0,0,0,0,0,0,0,0,0,0,0,0,0,0,0,1,0,0,0,0,1,1,1,0,0,0,0,0,1,0,0,0,2,550.0,3000.0,650.0,2250,6250,4250.0,0.4545454545454546,0.4985422740524781,0.0013336296954878865,"[10, 11, 12, 1, 2, 3]",10|11|12|1|2|3
699,Hirwa Van Garden,Silvassa,Dadra And Nagar Haveli,West,Garden,"Nature,Relaxation","Family,Couples",20,0,1500,400,20.276,73.012,4.2,800,10,3,Urban,DAD-70,49.8,False,Easy,Short (1-2 hrs),0,0,0,0,0,0,0,0,0,0,0,0,0,0,0,0,0,0,0,0,0,0,0,0,0,0,0,0,0,0,0,0,0,0,0,0,0,0,0,0,0,0,0,0,0,0,0,0,0,0,0,0,0,0,0,0,0,0,0,0,0,0,0,0,0,0,0,0,0,0,0,0,0,0,0,0,0,0,0,0,0,0,0,0,1,0,0,0,0,0,0,0,0,0,0,0,0,0,0,1,0,0,0,0,0,0,0,0,0,0,0,0,0,0,0,0,0,0,0,0,0,0,0,0,0,0,0,0,0,0,0,0,0,0,0,0,0,0,0,0,0,0,0,0,0,0,0,0,0,0,0,0,0,0,1,1,0,0,0,0,0,0,0,0,0,0,1,0.0,3000.0,650.0,1920,5420,3670.0,0.27272727272727293,0.37900874635568504,0.0006668148477439431,"[10, 11, 12, 1, 2, 3]",10|11|12|1|2|3
700,Amar Mahal Palace,Jammu,Jammu And Kashmir,North,Palace,"Heritage,Heritage","Family,Students",50,100,2000,400,32.7357,74.8736,4.4,4200,1,12,Urban,JAM-111,52.8,False,Easy,Half-day (2-4 hrs),0,0,0,0,0,0,0,0,0,0,0,0,0,0,0,0,0,0,0,0,0,0,0,0,0,0,0,0,0,0,0,0,0,0,0,0,0,0,0,0,0,0,0,0,0,0,0,0,0,0,0,0,0,1,0,0,0,0,0,0,0,0,0,0,0,0,0,0,0,0,0,0,0,0,0,0,0,0,0,0,0,0,0,0,0,0,0,0,0,0,0,0,0,0,0,0,0,0,0,0,0,0,0,0,0,0,0,0,0,0,0,0,0,0,0,0,0,0,0,0,0,0,0,0,0,0,0,0,0,0,0,0,0,0,0,0,0,0,0,0,0,0,0,0,0,0,0,0,0,0,0,0,0,0,0,1,0,0,0,0,0,0,0,0,1,0,1,300.0,4000.0,650.0,2550,7450,5000.0,0.4545454545454546,0.42274052478134105,0.0044454323182929545,"[1, 2, 3, 4, 5, 6, 7, 8, 9, 10, 11, 12]",1|2|3|4|5|6|7|8|9|10|11|12
701,Mubarak Mandi Palace,Jammu,Jammu And Kashmir,North,Palace,"Heritage,Heritage","Family,Students",50,100,1800,400,32.7336,74.867,4.3,3000,1,12,Urban,JAM-111,49.0,False,Easy,Half-day (2-4 hrs),0,0,0,0,0,0,0,0,0,0,0,0,0,0,0,0,0,0,0,0,0,0,0,0,0,0,0,0,0,0,0,0,0,0,0,0,0,0,0,0,0,0,0,0,0,0,0,0,0,0,0,0,0,1,0,0,0,0,0,0,0,0,0,0,0,0,0,0,0,0,0,0,0,0,0,0,0,0,0,0,0,0,0,0,0,0,0,0,0,0,0,0,0,0,0,0,0,0,0,0,0,0,0,0,0,0,0,0,0,0,0,0,0,0,0,0,0,0,0,0,0,0,0,0,0,0,0,0,0,0,0,0,0,0,0,0,0,0,0,0,0,0,0,0,0,0,0,0,0,0,0,0,0,0,0,1,0,0,0,0,0,0,0,0,1,0,1,250.0,3400.0,625.0,2350,6300,4325.0,0.3636363636363633,0.36734693877551017,0.003111802622805068,"[1, 2, 3, 4, 5, 6, 7, 8, 9, 10, 11, 12]",1|2|3|4|5|6|7|8|9|10|11|12
702,Dogra Art Museum,Jammu,Jammu And Kashmir,North,Museum,"Heritage,Art","Students,Family",20,50,1500,350,32.7335,74.8669,4.2,2100,1,12,Urban,JAM-111,45.2,False,Easy,Half-day (2-4 hrs),0,0,0,0,0,0,1,0,0,0,0,0,0,0,0,0,0,0,0,0,0,0,0,0,0,0,0,0,0,0,0,0,0,0,0,0,0,0,0,0,0,0,0,0,0,0,0,0,0,0,0,0,0,1,0,0,0,0,0,0,0,0,0,0,0,0,0,0,0,0,0,0,0,0,0,0,0,0,0,0,0,0,0,0,0,0,0,0,0,0,0,0,0,0,0,0,0,0,0,0,0,0,0,0,0,0,0,0,0,0,0,0,0,0,0,0,0,0,0,0,0,0,0,0,0,0,0,0,0,0,0,0,0,0,0,0,0,0,0,0,0,0,0,0,0,0,0,0,0,0,0,0,0,0,0,1,0,0,0,0,0,0,0,0,1,0,1,125.0,2750.0,575.0,1920,5020,3470.0,0.27272727272727293,0.3119533527696793,0.0021115803511891533,"[1, 2, 3, 4, 5, 6, 7, 8, 9, 10, 11, 12]",1|2|3|4|5|6|7|8|9|10|11|12
703,Amarnath Cave Temple,Anantnag,Jammu And Kashmir,North,Temple,"Spiritual,Pilgrimage","Pilgrims,Adventure",0,2000,1500,400,34.2146,75.5006,4.8,25400,6,8,Mountain,JAM-110,66.1,True,Moderate,Short (1-2 hrs),0,0,0,0,0,0,0,0,0,0,0,0,0,0,0,0,0,0,0,0,0,0,0,0,0,0,0,0,0,0,0,0,0,0,0,0,0,0,0,0,0,0,0,0,0,0,0,0,0,0,0,0,0,0,0,0,0,0,0,0,0,0,0,0,0,0,0,0,0,0,0,0,0,0,0,0,0,0,0,0,0,0,0,0,0,0,0,0,0,0,0,0,0,0,1,0,0,0,0,0,0,0,0,0,0,0,0,0,0,0,0,0,0,0,0,0,0,0,0,0,0,0,1,0,0,0,0,0,0,0,0,0,0,0,0,0,0,0,0,0,0,0,0,0,0,0,0,0,0,0,0,0,1,0,0,0,0,0,0,1,0,0,0,0,0,0,2,4000.0,3250.0,650.0,3900,11900,7900.0,0.8181818181818179,0.6166180758017491,0.02800622360524561,"[6, 7, 8]",6|7|8
704,Patnitop,Udhampur,Jammu And Kashmir,North,Hill Station,"Nature,Adventure","Family,Couples",0,500,1800,500,33.0846,75.3262,4.5,9800,4,10,Mountain,JAM-113,54.2,False,Moderate,Full-day (4-8 hrs),1,0,0,0,0,0,0,0,0,0,0,0,0,0,0,0,0,0,0,0,0,0,0,0,0,0,0,0,0,0,0,0,0,0,0,0,0,0,0,0,0,0,0,0,0,0,0,0,0,0,0,0,0,0,0,0,0,0,0,0,0,0,0,0,0,0,0,0,0,0,0,0,0,0,0,0,0,0,0,0,0,0,0,0,1,0,0,0,0,0,0,0,0,0,0,0,0,0,0,0,0,0,0,0,0,0,0,0,0,0,0,0,0,0,0,0,0,0,0,0,0,0,0,0,0,0,0,0,0,0,0,0,0,0,0,0,0,0,0,0,0,0,0,0,0,0,0,0,0,0,0,0,0,0,1,1,0,0,0,0,0,0,0,0,0,0,2,2000.0,3650.0,750.0,2800,10000,6400.0,0.5454545454545454,0.4431486880466472,0.010669037563903092,"[4, 5, 6, 7, 8, 9, 10]",4|5|6|7|8|9|10
705,Surinsar Lake,Jammu,Jammu And Kashmir,North,Lake,"Nature,Scenic","Family,Couples",0,200,1500,350,32.7855,75.0256,4.3,2500,3,10,Valley,JAM-111,49.8,False,Easy,Full-day (4-8 hrs),0,0,0,0,0,0,0,0,0,0,0,0,0,0,0,0,0,0,0,0,0,0,0,0,0,0,0,0,0,0,0,0,0,0,0,0,0,0,0,0,0,0,0,0,0,0,0,0,0,0,0,0,0,0,0,0,0,0,0,0,0,0,0,0,0,0,0,0,0,0,0,0,0,0,0,0,0,0,0,0,0,0,0,0,1,0,0,0,0,0,0,0,0,0,0,0,0,0,0,0,0,0,0,0,0,0,0,0,0,0,0,0,1,0,0,0,0,0,0,0,0,0,0,0,0,0,0,0,0,0,0,0,0,0,0,0,0,0,0,0,0,0,0,0,0,0,0,0,0,0,0,0,0,0,1,1,0,0,0,0,0,0,0,0,0,0,1,500.0,2750.0,575.0,2050,5600,3825.0,0.3636363636363633,0.37900874635568504,0.0025561235830184486,"[3, 4, 5, 6, 7, 8, 9, 10]",3|4|5|6|7|8|9|10
706,Mansar Lake,Jammu,Jammu And Kashmir,North,Lake,"Nature,Boating","Family,Couples",50,200,1800,350,32.6935,75.1487,4.4,5000,3,10,Valley,JAM-111,52.0,False,Easy,Full-day (4-8 hrs),0,0,0,0,0,0,0,0,0,0,0,0,0,0,0,0,1,0,0,0,0,0,0,0,0,0,0,0,0,0,0,0,0,0,0,0,0,0,0,0,0,0,0,0,0,0,0,0,0,0,0,0,0,0,0,0,0,0,0,0,0,0,0,0,0,0,0,0,0,0,0,0,0,0,0,0,0,0,0,0,0,0,0,0,1,0,0,0,0,0,0,0,0,0,0,0,0,0,0,0,0,0,0,0,0,0,0,0,0,0,0,0,0,0,0,0,0,0,0,0,0,0,0,0,0,0,0,0,0,0,0,0,0,0,0,0,0,0,0,0,0,0,0,0,0,0,0,0,0,0,0,0,0,0,1,1,0,0,0,0,0,0,0,0,0,0,1,600.0,3150.0,575.0,2400,6350,4375.0,0.4545454545454546,0.41107871720116607,0.005334518781951545,"[3, 4, 5, 6, 7, 8, 9, 10]",3|4|5|6|7|8|9|10
707,Bahu Fort,Jammu,Jammu And Kashmir,North,Fort,"Heritage,Heritage","Family,Students",50,100,2000,400,32.7266,74.879,4.3,4600,1,12,Urban,JAM-111,46.9,False,Moderate,Half-day (2-4 hrs),0,0,0,0,0,0,0,0,0,0,0,0,0,0,0,0,0,0,0,0,0,0,0,0,0,0,0,0,0,0,0,0,0,0,0,0,0,0,0,0,0,0,0,0,0,0,0,0,0,0,0,0,0,1,0,0,0,0,0,0,0,0,0,0,0,0,0,0,0,0,0,0,0,0,0,0,0,0,0,0,0,0,0,0,0,0,0,0,0,0,0,0,0,0,0,0,0,0,0,0,0,0,0,0,0,0,0,0,0,0,0,0,0,0,0,0,0,0,0,0,0,0,0,0,0,0,0,0,0,0,0,0,0,0,0,0,0,0,0,0,0,0,0,0,0,0,0,0,0,0,0,0,0,0,0,1,0,0,0,0,0,0,0,0,1,0,2,250.0,3500.0,650.0,2550,6350,4450.0,0.3636363636363633,0.33673469387755095,0.004889975550122249,"[1, 2, 3, 4, 5, 6, 7, 8, 9, 10, 11, 12]",1|2|3|4|5|6|7|8|9|10|11|12
708,Bagh-E-Bahu Garden,Jammu,Jammu And Kashmir,North,Garden,"Nature,Leisure","Family,Couples",10,50,1800,350,32.7267,74.8792,4.4,4200,1,12,Urban,JAM-111,52.8,False,Easy,Short (1-2 hrs),0,0,0,0,0,0,0,0,0,0,0,0,0,0,0,0,0,0,0,0,0,0,0,0,0,0,0,0,0,0,0,0,0,0,0,0,0,0,0,0,0,0,0,0,0,0,0,0,0,0,0,0,0,0,0,0,0,0,0,0,0,0,0,0,0,0,0,0,0,1,0,0,0,0,0,0,0,0,0,0,0,0,0,0,1,0,0,0,0,0,0,0,0,0,0,0,0,0,0,0,0,0,0,0,0,0,0,0,0,0,0,0,0,0,0,0,0,0,0,0,0,0,0,0,0,0,0,0,0,0,0,0,0,0,0,0,0,0,0,0,0,0,0,0,0,0,0,0,0,0,0,0,0,0,1,1,0,0,0,0,0,0,0,0,0,0,1,125.0,3150.0,575.0,2210,5510,3860.0,0.4545454545454546,0.42274052478134105,0.0044454323182929545,"[1, 2, 3, 4, 5, 6, 7, 8, 9, 10, 11, 12]",1|2|3|4|5|6|7|8|9|10|11|12
709,Nishat Bagh,Srinagar,Jammu And Kashmir,North,Garden,"Nature,Heritage","Family,Couples",30,100,2000,450,34.1239,74.8825,4.6,12000,4,10,Valley,JAM-110,58.7,False,Easy,Short (1-2 hrs),0,0,0,0,0,0,0,0,0,0,0,0,0,0,0,0,0,0,0,0,0,0,0,0,0,0,0,0,0,0,0,0,0,0,0,0,0,0,0,0,0,0,0,0,0,0,0,0,0,0,0,0,0,1,0,0,0,0,0,0,0,0,0,0,0,0,0,0,0,0,0,0,0,0,0,0,0,0,0,0,0,0,0,0,1,0,0,0,0,0,0,0,0,0,0,0,0,0,0,0,0,0,0,0,0,0,0,0,0,0,0,0,0,0,0,0,0,0,0,0,0,0,0,0,0,0,0,0,0,0,0,0,0,0,0,0,0,0,0,0,0,0,0,0,0,0,0,0,0,0,0,0,0,0,1,1,0,0,0,0,0,0,0,0,0,0,1,250.0,4000.0,675.0,2580,7330,4955.0,0.6363636363636362,0.5087463556851312,0.013114025338964216,"[4, 5, 6, 7, 8, 9, 10]",4|5|6|7|8|9|10
710,Indira Gandhi Memorial Tulip Garden,Srinagar,Jammu And Kashmir,North,Garden,"Flowers,Photography","Family,Couples",75,100,2000,450,34.0933,74.8653,4.7,11000,3,4,Valley,JAM-110,64.6,True,Easy,Short (1-2 hrs),0,0,0,0,0,0,0,0,0,0,0,0,0,0,0,0,0,0,0,0,0,0,0,0,0,0,0,0,0,0,0,0,0,0,0,0,0,0,0,0,0,0,0,1,0,0,0,0,0,0,0,0,0,0,0,0,0,0,0,0,0,0,0,0,0,0,0,0,0,0,0,0,0,0,0,0,0,0,0,0,0,0,0,0,0,0,0,0,0,0,0,0,1,0,0,0,0,0,0,0,0,0,0,0,0,0,0,0,0,0,0,0,0,0,0,0,0,0,0,0,0,0,0,0,0,0,0,0,0,0,0,0,0,0,0,0,0,0,0,0,0,0,0,0,0,0,0,0,0,0,0,0,0,0,1,1,0,0,0,0,0,0,0,0,0,0,1,250.0,4000.0,675.0,2625,7375,5000.0,0.7272727272727271,0.5947521865889212,0.012002667259390977,"[3, 4]",3|4
711,Yusmarg,Budgam,Jammu And Kashmir,North,Hill Station,"Nature,Trekking","Friends,Family",0,300,1800,400,33.8173,74.6582,4.6,5400,5,9,Mountain,JAM-110,62.5,False,Moderate,Full-day (4-8 hrs),0,0,0,0,0,0,0,0,0,0,0,0,0,0,0,0,0,0,0,0,0,0,0,0,0,0,0,0,0,0,0,0,0,0,0,0,0,0,0,0,0,0,0,0,0,0,0,0,0,0,0,0,0,0,0,0,0,0,0,0,0,0,0,0,0,0,0,0,0,0,0,0,0,0,0,0,0,0,0,0,0,0,0,0,1,0,0,0,0,0,0,0,0,0,0,0,0,0,0,0,0,0,0,0,0,0,0,0,0,0,0,0,0,0,0,0,0,0,0,0,0,0,0,0,0,0,0,0,0,0,0,0,0,0,0,0,1,0,0,0,0,0,0,0,0,0,0,0,0,0,0,0,0,0,0,1,1,0,0,0,0,0,0,0,0,0,2,1400.0,3150.0,625.0,2500,7850,5175.0,0.6363636363636362,0.564139941690962,0.005779062013780841,"[5, 6, 7, 8, 9]",5|6|7|8|9
712,Doodhpathri,Budgam,Jammu And Kashmir,North,Valley,"Nature,Scenic","Family,Couples",0,200,1500,350,33.865,74.65,4.5,4300,5,9,Valley,JAM-110,58.2,False,Moderate,Full-day (4-8 hrs),0,0,0,0,0,0,0,0,0,0,0,0,0,0,0,0,0,0,0,0,0,0,0,0,0,0,0,0,0,0,0,0,0,0,0,0,0,0,0,0,0,0,0,0,0,0,0,0,0,0,0,0,0,0,0,0,0,0,0,0,0,0,0,0,0,0,0,0,0,0,0,0,0,0,0,0,0,0,0,0,0,0,0,0,1,0,0,0,0,0,0,0,0,0,0,0,0,0,0,0,0,0,0,0,0,0,0,0,0,0,0,0,1,0,0,0,0,0,0,0,0,0,0,0,0,0,0,0,0,0,0,0,0,0,0,0,0,0,0,0,0,0,0,0,0,0,0,0,0,0,0,0,0,0,1,1,0,0,0,0,0,0,0,0,0,0,2,850.0,2750.0,575.0,2050,6300,4175.0,0.5454545454545454,0.5014577259475218,0.004556568126250278,"[5, 6, 7, 8, 9]",5|6|7|8|9
713,Gurez Valley,Bandipora,Jammu And Kashmir,North,Valley,"Nature,Adventure","Friends,Photographers",0,500,2000,400,34.6453,74.8175,4.7,2100,5,9,Valley,JAM-114,72.5,True,Moderate,Full-day (4-8 hrs),1,0,0,0,0,0,0,0,0,0,0,0,0,0,0,0,0,0,0,0,0,0,0,0,0,0,0,0,0,0,0,0,0,0,0,0,0,0,0,0,0,0,0,0,0,0,0,0,0,0,0,0,0,0,0,0,0,0,0,0,0,0,0,0,0,0,0,0,0,0,0,0,0,0,0,0,0,0,0,0,0,0,0,0,1,0,0,0,0,0,0,0,0,0,0,0,0,0,0,0,0,0,0,0,0,0,0,0,0,0,0,0,0,0,0,0,0,0,0,0,0,0,0,0,0,0,0,0,0,0,0,0,0,0,0,0,0,0,0,0,0,0,0,0,0,0,0,0,0,0,0,0,0,0,0,0,1,0,1,0,0,0,0,0,0,0,2,1750.0,3250.0,650.0,2900,8400,5650.0,0.7272727272727271,0.7099125364431487,0.0021115803511891533,"[5, 6, 7, 8, 9]",5|6|7|8|9
714,Bangus Valley,Kupwara,Jammu And Kashmir,North,Valley,"Nature,Trekking","Friends,Adventure",0,400,1800,400,34.4736,73.9167,4.6,1500,5,9,Valley,JAM-115,68.6,True,Moderate,Full-day (4-8 hrs),0,0,0,0,0,0,0,0,0,0,0,0,0,0,0,0,0,0,0,0,0,0,0,0,0,0,0,0,0,0,0,0,0,0,0,0,0,0,0,0,0,0,0,0,0,0,0,0,0,0,0,0,0,0,0,0,0,0,0,0,0,0,0,0,0,0,0,0,0,0,0,0,0,0,0,0,0,0,0,0,0,0,0,0,1,0,0,0,0,0,0,0,0,0,0,0,0,0,0,0,0,0,0,0,0,0,0,0,0,0,0,0,0,0,0,0,0,0,0,0,0,0,0,0,0,0,0,0,0,0,0,0,0,0,0,0,1,0,0,0,0,0,0,0,0,0,0,0,0,0,0,0,1,0,0,0,1,0,0,0,0,0,0,0,0,0,2,1450.0,2900.0,625.0,2600,7350,4975.0,0.6363636363636362,0.6530612244897958,0.0014447655034452102,"[5, 6, 7, 8, 9]",5|6|7|8|9
715,Aharbal Waterfall,Kulgam,Jammu And Kashmir,North,Waterfall,"Nature,Photography","Family,Friends",50,200,1500,350,33.6436,74.7866,4.5,3200,4,10,Forest,JAM-110,59.6,False,Moderate,Half-day (2-4 hrs),0,0,0,0,0,0,0,0,0,0,0,0,0,0,0,0,0,0,0,0,0,0,0,0,0,0,0,0,0,0,0,0,0,0,0,0,0,0,0,0,0,0,0,0,0,0,0,0,0,0,0,0,0,0,0,0,0,0,0,0,0,0,0,0,0,0,0,0,0,0,0,0,0,0,0,0,0,0,0,0,0,0,0,0,1,0,0,0,0,0,0,0,1,0,0,0,0,0,0,0,0,0,0,0,0,0,0,0,0,0,0,0,0,0,0,0,0,0,0,0,0,0,0,0,0,0,0,0,0,0,0,0,0,0,0,0,0,0,0,0,0,0,0,0,0,0,0,0,0,0,0,0,0,0,0,1,1,0,0,0,0,0,0,0,0,0,2,500.0,2750.0,575.0,2100,5650,3875.0,0.5454545454545454,0.521865889212828,0.0033340742387197157,"[4, 5, 6, 7, 8, 9, 10]",4|5|6|7|8|9|10
716,Kokernag Garden,Anantnag,Jammu And Kashmir,North,Garden,"Nature,Relaxation","Family,Couples",30,100,1500,350,33.5856,75.2919,4.4,2800,4,10,Valley,JAM-110,54.7,False,Easy,Short (1-2 hrs),0,0,0,0,0,0,0,0,0,0,0,0,0,0,0,0,0,0,0,0,0,0,0,0,0,0,0,0,0,0,0,0,0,0,0,0,0,0,0,0,0,0,0,0,0,0,0,0,0,0,0,0,0,0,0,0,0,0,0,0,0,0,0,0,0,0,0,0,0,0,0,0,0,0,0,0,0,0,0,0,0,0,0,0,1,0,0,0,0,0,0,0,0,0,0,0,0,0,0,1,0,0,0,0,0,0,0,0,0,0,0,0,0,0,0,0,0,0,0,0,0,0,0,0,0,0,0,0,0,0,0,0,0,0,0,0,0,0,0,0,0,0,0,0,0,0,0,0,0,0,0,0,0,0,1,1,0,0,0,0,0,0,0,0,0,0,1,250.0,3000.0,575.0,1980,5730,3855.0,0.4545454545454546,0.45043731778425655,0.0028895310068904204,"[4, 5, 6, 7, 8, 9, 10]",4|5|6|7|8|9|10
717,Achabal Garden,Anantnag,Jammu And Kashmir,North,Garden,"Heritage,Nature","Family,Couples",30,100,1500,350,33.6826,75.2156,4.4,2400,4,10,Valley,JAM-110,55.5,False,Easy,Short (1-2 hrs),0,0,0,0,0,0,0,0,0,0,0,0,0,0,0,0,0,0,0,0,0,0,0,0,0,0,0,0,0,0,0,0,0,0,0,0,0,0,0,0,0,0,0,0,0,0,0,0,0,0,0,0,0,1,0,0,0,0,0,0,0,0,0,0,0,0,0,0,0,0,0,0,0,0,0,0,0,0,0,0,0,0,0,0,1,0,0,0,0,0,0,0,0,0,0,0,0,0,0,0,0,0,0,0,0,0,0,0,0,0,0,0,0,0,0,0,0,0,0,0,0,0,0,0,0,0,0,0,0,0,0,0,0,0,0,0,0,0,0,0,0,0,0,0,0,0,0,0,0,0,0,0,0,0,1,1,0,0,0,0,0,0,0,0,0,0,1,250.0,3000.0,575.0,1980,5730,3855.0,0.4545454545454546,0.46209912536443143,0.0024449877750611247,"[4, 5, 6, 7, 8, 9, 10]",4|5|6|7|8|9|10
718,Verinag Spring,Anantnag,Jammu And Kashmir,North,Spring,"Nature,Heritage","Family,Couples",20,100,1500,350,33.5516,75.2486,4.5,3000,4,10,Valley,JAM-110,59.9,False,Moderate,Short (1-2 hrs),0,0,0,0,0,0,0,0,0,0,0,0,0,0,0,0,0,0,0,0,0,0,0,0,0,0,0,0,0,0,0,0,0,0,0,0,0,0,0,0,0,0,0,0,0,0,0,0,0,0,0,0,0,1,0,0,0,0,0,0,0,0,0,0,0,0,0,0,0,0,0,0,0,0,0,0,0,0,0,0,0,0,0,0,1,0,0,0,0,0,0,0,0,0,0,0,0,0,0,0,0,0,0,0,0,0,0,0,0,0,0,0,0,0,0,0,0,0,0,0,0,0,0,0,0,0,0,0,0,0,0,0,0,0,0,0,0,0,0,0,0,0,0,0,0,0,0,0,0,0,0,0,0,0,1,1,0,0,0,0,0,0,0,0,0,0,2,250.0,3000.0,575.0,1970,5720,3845.0,0.5454545454545454,0.5262390670553935,0.003111802622805068,"[4, 5, 6, 7, 8, 9, 10]",4|5|6|7|8|9|10
719,Betaab Valley,Anantnag,Jammu And Kashmir,North,Valley,"Nature,Photography","Family,Couples",100,300,2000,450,34.0927,75.326,4.6,10500,4,10,Valley,JAM-110,59.4,False,Moderate,Full-day (4-8 hrs),0,0,0,0,0,0,0,0,0,0,0,0,0,0,0,0,0,0,0,0,0,0,0,0,0,0,0,0,0,0,0,0,0,0,0,0,0,0,0,0,0,0,0,0,0,0,0,0,0,0,0,0,0,0,0,0,0,0,0,0,0,0,0,0,0,0,0,0,0,0,0,0,0,0,0,0,0,0,0,0,0,0,0,0,1,0,0,0,0,0,0,0,1,0,0,0,0,0,0,0,0,0,0,0,0,0,0,0,0,0,0,0,0,0,0,0,0,0,0,0,0,0,0,0,0,0,0,0,0,0,0,0,0,0,0,0,0,0,0,0,0,0,0,0,0,0,0,0,0,0,0,0,0,0,1,1,0,0,0,0,0,0,0,0,0,0,2,1150.0,4000.0,675.0,2850,9000,5925.0,0.6363636363636362,0.5189504373177841,0.011446988219604359,"[4, 5, 6, 7, 8, 9, 10]",4|5|6|7|8|9|10
720,Aru Valley,Anantnag,Jammu And Kashmir,North,Valley,"Nature,Trekking","Friends,Adventure",0,600,1500,400,34.0876,75.4692,4.7,7200,5,9,Valley,JAM-110,66.6,True,Moderate,Full-day (4-8 hrs),0,0,0,0,0,0,0,0,0,0,0,0,0,0,0,0,0,0,0,0,0,0,0,0,0,0,0,0,0,0,0,0,0,0,0,0,0,0,0,0,0,0,0,0,0,0,0,0,0,0,0,0,0,0,0,0,0,0,0,0,0,0,0,0,0,0,0,0,0,0,0,0,0,0,0,0,0,0,0,0,0,0,0,0,1,0,0,0,0,0,0,0,0,0,0,0,0,0,0,0,0,0,0,0,0,0,0,0,0,0,0,0,0,0,0,0,0,0,0,0,0,0,0,0,0,0,0,0,0,0,0,0,0,0,0,0,1,0,0,0,0,0,0,0,0,0,0,0,0,0,0,0,1,0,0,0,1,0,0,0,0,0,0,0,0,0,2,2300.0,3000.0,650.0,2500,9400,5950.0,0.7272727272727271,0.6239067055393585,0.00777950655701267,"[5, 6, 7, 8, 9]",5|6|7|8|9
721,Thajiwas Glacier,Ganderbal,Jammu And Kashmir,North,Glacier,"Snow,Trekking","Adventure,Friends",0,800,2000,450,34.3075,75.2811,4.6,4100,5,9,Mountain,JAM-110,63.8,True,Strenuous,Multi-day (1-3 days),0,0,0,0,0,0,0,0,0,0,0,0,0,0,0,0,0,0,0,0,0,0,0,0,0,0,0,0,0,0,0,0,0,0,0,0,0,0,0,0,0,0,0,0,0,0,0,0,0,0,0,0,0,0,0,0,0,0,0,0,0,0,0,0,0,0,0,0,0,0,0,0,0,0,0,0,0,0,0,0,0,0,0,0,0,0,0,0,0,0,0,0,0,0,0,0,0,0,0,0,0,0,0,0,0,0,0,0,0,0,0,0,0,0,0,0,0,0,0,0,0,1,0,0,0,0,0,0,0,0,0,0,0,0,0,0,1,0,0,0,0,0,0,0,0,0,0,0,0,0,0,0,1,0,0,0,1,0,0,0,0,0,0,0,0,0,3,2400.0,3500.0,675.0,3250,9900,6575.0,0.6363636363636362,0.5830903790087463,0.00433429651033563,"[5, 6, 7, 8, 9]",5|6|7|8|9
722,Sinthan Top,Anantnag,Jammu And Kashmir,North,Mountain Pass,"Nature,","Friends,Adventure",0,500,1800,400,33.5742,75.3996,4.5,2600,5,9,Mountain,JAM-110,60.5,False,Strenuous,Half-day (2-4 hrs),0,0,0,0,0,0,0,0,0,0,0,0,0,0,0,0,0,0,0,0,0,0,0,0,0,0,0,0,0,0,0,0,0,0,0,0,0,0,0,0,0,0,0,0,0,0,0,0,0,0,0,0,0,0,0,0,0,0,0,0,0,0,0,0,0,0,0,0,0,0,0,0,0,0,0,0,0,0,0,0,0,0,0,0,1,0,0,0,0,0,0,0,0,0,0,0,0,0,0,0,0,0,0,0,0,0,0,0,0,0,0,0,0,0,0,0,0,0,0,0,0,0,0,0,0,0,0,0,0,0,0,0,0,0,0,0,0,0,0,0,0,0,0,0,0,0,0,0,0,0,0,0,1,0,0,0,1,0,0,0,0,0,0,0,0,0,3,1500.0,2900.0,625.0,2700,7350,5025.0,0.5454545454545454,0.5349854227405247,0.0026672593909757725,"[5, 6, 7, 8, 9]",5|6|7|8|9
723,Peer Ki Gali,Shopian,Jammu And Kashmir,North,Mountain Pass,"Nature,Scenic","Friends,Photographers",0,400,1800,400,33.7283,74.8294,4.4,1900,5,9,Mountain,JAM-110,56.6,False,Strenuous,Half-day (2-4 hrs),0,0,0,0,0,0,0,0,0,0,0,0,0,0,0,0,0,0,0,0,0,0,0,0,0,0,0,0,0,0,0,0,0,0,0,0,0,0,0,0,0,0,0,0,0,0,0,0,0,0,0,0,0,0,0,0,0,0,0,0,0,0,0,0,0,0,0,0,0,0,0,0,0,0,0,0,0,0,0,0,0,0,0,0,1,0,0,0,0,0,0,0,0,0,0,0,0,0,0,0,0,0,0,0,0,0,0,0,0,0,0,0,1,0,0,0,0,0,0,0,0,0,0,0,0,0,0,0,0,0,0,0,0,0,0,0,0,0,0,0,0,0,0,0,0,0,0,0,0,0,0,0,0,0,0,0,1,0,1,0,0,0,0,0,0,0,3,1200.0,2900.0,625.0,2600,6850,4725.0,0.4545454545454546,0.47813411078717194,0.0018893087352745057,"[5, 6, 7, 8, 9]",5|6|7|8|9
724,Dharamshala,Kangra,Himachal Pradesh,North,Hill Station,"Nature,Trekking","Family,Couples",0,500,1500,400,32.219,76.3234,4.6,21000,3,10,Mountain,HIM-106,56.1,False,Moderate,Full-day (4-8 hrs),0,0,0,0,0,0,0,0,0,0,0,0,0,0,0,0,0,0,0,0,0,0,0,0,0,0,0,0,0,0,0,0,0,0,0,0,0,0,0,0,0,0,0,0,0,0,0,0,0,0,0,0,0,0,0,0,0,0,0,0,0,0,0,0,0,0,0,0,0,0,0,0,0,0,0,0,0,0,0,0,0,0,0,0,1,0,0,0,0,0,0,0,0,0,0,0,0,0,0,0,0,0,0,0,0,0,0,0,0,0,0,0,0,0,0,0,0,0,0,0,0,0,0,0,0,0,0,0,0,0,0,0,0,0,0,0,1,0,0,0,0,0,0,0,0,0,0,0,0,0,0,0,0,0,1,1,0,0,0,0,0,0,0,0,0,0,2,1750.0,3250.0,650.0,2400,8900,5650.0,0.6363636363636362,0.4708454810495626,0.023116248055123363,"[3, 4, 5, 6, 7, 8, 9, 10]",3|4|5|6|7|8|9|10
725,Dalhousie,Chamba,Himachal Pradesh,North,Hill Station,"Nature,Heritage","Family,Couples",0,400,1500,400,32.5387,75.97,4.5,18000,3,10,Mountain,HIM-106,51.3,False,Moderate,Full-day (4-8 hrs),0,0,0,0,0,0,0,0,0,0,0,0,0,0,0,0,0,0,0,0,0,0,0,0,0,0,0,0,0,0,0,0,0,0,0,0,0,0,0,0,0,0,0,0,0,0,0,0,0,0,0,0,0,1,0,0,0,0,0,0,0,0,0,0,0,0,0,0,0,0,0,0,0,0,0,0,0,0,0,0,0,0,0,0,1,0,0,0,0,0,0,0,0,0,0,0,0,0,0,0,0,0,0,0,0,0,0,0,0,0,0,0,0,0,0,0,0,0,0,0,0,0,0,0,0,0,0,0,0,0,0,0,0,0,0,0,0,0,0,0,0,0,0,0,0,0,0,0,0,0,0,0,0,0,1,1,0,0,0,0,0,0,0,0,0,0,2,1450.0,3000.0,625.0,2300,7850,5075.0,0.5454545454545454,0.400874635568513,0.019782173816403646,"[3, 4, 5, 6, 7, 8, 9, 10]",3|4|5|6|7|8|9|10
726,Kullu,Kullu,Himachal Pradesh,North,Valley,"Nature,Adventure","Family,Friends",0,500,1500,450,31.9579,77.1095,4.6,16000,4,10,Valley,HIM-106,57.4,False,Moderate,Full-day (4-8 hrs),1,0,0,0,0,0,0,0,0,0,0,0,0,0,0,0,0,0,0,0,0,0,0,0,0,0,0,0,0,0,0,0,0,0,0,0,0,0,0,0,0,0,0,0,0,0,0,0,0,0,0,0,0,0,0,0,0,0,0,0,0,0,0,0,0,0,0,0,0,0,0,0,0,0,0,0,0,0,0,0,0,0,0,0,1,0,0,0,0,0,0,0,0,0,0,0,0,0,0,0,0,0,0,0,0,0,0,0,0,0,0,0,0,0,0,0,0,0,0,0,0,0,0,0,0,0,0,0,0,0,0,0,0,0,0,0,0,0,0,0,0,0,0,0,0,0,0,0,0,0,0,0,0,0,0,1,1,0,0,0,0,0,0,0,0,0,2,2000.0,3250.0,675.0,2450,9400,5925.0,0.6363636363636362,0.4897959183673468,0.01755945765725717,"[4, 5, 6, 7, 8, 9, 10]",4|5|6|7|8|9|10
727,Spiti Valley,Lahaul And Spiti,Himachal Pradesh,North,Valley,"Nature,Adventure","Friends,Photographers",0,1000,1800,450,32.246,78.034,4.8,12000,5,9,Mountain,HIM-107,69.6,True,Moderate,Full-day (4-8 hrs),1,0,0,0,0,0,0,0,0,0,0,0,0,0,0,0,0,0,0,0,0,0,0,0,0,0,0,0,0,0,0,0,0,0,0,0,0,0,0,0,0,0,0,0,0,0,0,0,0,0,0,0,0,0,0,0,0,0,0,0,0,0,0,0,0,0,0,0,0,0,0,0,0,0,0,0,0,0,0,0,0,0,0,0,1,0,0,0,0,0,0,0,0,0,0,0,0,0,0,0,0,0,0,0,0,0,0,0,0,0,0,0,0,0,0,0,0,0,0,0,0,0,0,0,0,0,0,0,0,0,0,0,0,0,0,0,0,0,0,0,0,0,0,0,0,0,0,0,0,0,0,0,0,0,0,0,1,0,1,0,0,0,0,0,0,0,2,3000.0,3400.0,675.0,3250,10900,7075.0,0.8181818181818179,0.6676384839650145,0.013114025338964216,"[5, 6, 7, 8, 9]",5|6|7|8|9
728,Kaza,Lahaul And Spiti,Himachal Pradesh,North,Town,"Nature,Adventure","Friends,Solo",0,800,1800,450,32.2273,78.0721,4.6,8000,5,9,Mountain,HIM-107,60.7,False,Moderate,Half-day (2-4 hrs),1,0,0,0,0,0,0,0,0,0,0,0,0,0,0,0,0,0,0,0,0,0,0,0,0,0,0,0,0,0,0,0,0,0,0,0,0,0,0,0,0,0,0,0,0,0,0,0,0,0,0,0,0,0,0,0,0,0,0,0,0,0,0,0,0,0,0,0,0,0,0,0,0,0,0,0,0,0,0,0,0,0,0,0,1,0,0,0,0,0,0,0,0,0,0,0,0,0,0,0,0,0,0,0,0,0,0,0,0,0,0,0,0,0,0,0,0,0,0,0,0,0,0,0,0,0,0,0,0,0,0,0,0,0,0,0,0,0,0,0,0,0,0,0,0,0,0,0,0,0,0,0,0,0,0,0,1,0,0,0,0,0,1,0,0,0,2,2150.0,3150.0,650.0,3050,8850,5950.0,0.6363636363636362,0.5379008746355685,0.008668593020671262,"[5, 6, 7, 8, 9]",5|6|7|8|9
729,Key Monastery,Spiti,Himachal Pradesh,North,Monastery,"Spiritual,Heritage","Students,Photographers",50,200,1500,350,32.2976,78.0166,4.7,6000,5,9,Mountain,HIM-107,67.5,True,Moderate,Half-day (2-4 hrs),0,0,0,0,0,0,0,0,0,0,0,0,0,0,0,0,0,0,0,0,0,0,0,0,0,0,0,0,0,0,0,0,0,0,0,0,0,0,0,0,0,0,0,0,0,0,0,0,0,0,0,0,0,1,0,0,0,0,0,0,0,0,0,0,0,0,0,0,0,0,0,0,0,0,0,0,0,0,0,0,0,0,0,0,0,0,0,0,0,0,0,0,0,0,0,0,0,0,0,0,0,0,0,0,0,0,0,0,0,0,0,0,0,0,0,0,0,0,0,0,0,0,1,0,0,0,0,0,0,0,0,0,0,0,0,0,0,0,0,0,0,0,0,0,0,0,0,0,0,0,0,0,0,0,0,0,0,0,1,0,0,0,0,0,1,0,2,500.0,2500.0,575.0,2100,5150,3625.0,0.7272727272727271,0.6370262390670552,0.0064458768615247835,"[5, 6, 7, 8, 9]",5|6|7|8|9
730,Tabo Monastery,Spiti,Himachal Pradesh,North,Monastery,"Spiritual,Heritage","Students,Photographers",50,200,1500,350,32.09,78.383,4.7,4200,5,9,Mountain,HIM-107,69.2,True,Moderate,Half-day (2-4 hrs),0,0,0,0,0,0,0,0,0,0,0,0,0,0,0,0,0,0,0,0,0,0,0,0,0,0,0,0,0,0,0,0,0,0,0,0,0,0,0,0,0,0,0,0,0,0,0,0,0,0,0,0,0,1,0,0,0,0,0,0,0,0,0,0,0,0,0,0,0,0,0,0,0,0,0,0,0,0,0,0,0,0,0,0,0,0,0,0,0,0,0,0,0,0,0,0,0,0,0,0,0,0,0,0,0,0,0,0,0,0,0,0,0,0,0,0,0,0,0,0,0,0,1,0,0,0,0,0,0,0,0,0,0,0,0,0,0,0,0,0,0,0,0,0,0,0,0,0,0,0,0,0,0,0,0,0,0,0,1,0,0,0,0,0,1,0,2,500.0,2500.0,575.0,2100,5150,3625.0,0.7272727272727271,0.661807580174927,0.0044454323182929545,"[5, 6, 7, 8, 9]",5|6|7|8|9
731,Kalpa,Kinnaur,Himachal Pradesh,North,Hill Station,"Nature,Photography","Family,Couples",0,400,1800,400,31.5374,78.2549,4.6,5000,4,10,Mountain,HIM-108,62.9,True,Moderate,Full-day (4-8 hrs),0,0,0,0,0,0,0,0,0,0,0,0,0,0,0,0,0,0,0,0,0,0,0,0,0,0,0,0,0,0,0,0,0,0,0,0,0,0,0,0,0,0,0,0,0,0,0,0,0,0,0,0,0,0,0,0,0,0,0,0,0,0,0,0,0,0,0,0,0,0,0,0,0,0,0,0,0,0,0,0,0,0,0,0,1,0,0,0,0,0,0,0,1,0,0,0,0,0,0,0,0,0,0,0,0,0,0,0,0,0,0,0,0,0,0,0,0,0,0,0,0,0,0,0,0,0,0,0,0,0,0,0,0,0,0,0,0,0,0,0,0,0,0,0,0,0,0,0,0,0,0,0,0,0,1,1,0,0,0,0,0,0,0,0,0,0,2,1200.0,3150.0,625.0,2600,7350,4975.0,0.6363636363636362,0.5699708454810495,0.005334518781951545,"[4, 5, 6, 7, 8, 9, 10]",4|5|6|7|8|9|10
732,Sangla Valley,Kinnaur,Himachal Pradesh,North,Valley,"Nature,Trekking","Friends,Adventure",0,500,1500,400,31.4289,78.2602,4.7,4500,4,10,Valley,HIM-108,68.8,True,Moderate,Full-day (4-8 hrs),0,0,0,0,0,0,0,0,0,0,0,0,0,0,0,0,0,0,0,0,0,0,0,0,0,0,0,0,0,0,0,0,0,0,0,0,0,0,0,0,0,0,0,0,0,0,0,0,0,0,0,0,0,0,0,0,0,0,0,0,0,0,0,0,0,0,0,0,0,0,0,0,0,0,0,0,0,0,0,0,0,0,0,0,1,0,0,0,0,0,0,0,0,0,0,0,0,0,0,0,0,0,0,0,0,0,0,0,0,0,0,0,0,0,0,0,0,0,0,0,0,0,0,0,0,0,0,0,0,0,0,0,0,0,0,0,1,0,0,0,0,0,0,0,0,0,0,0,0,0,0,0,1,0,0,0,1,0,0,0,0,0,0,0,0,0,2,1500.0,2750.0,625.0,2400,7350,4875.0,0.7272727272727271,0.6559766763848396,0.004778839742164926,"[4, 5, 6, 7, 8, 9, 10]",4|5|6|7|8|9|10
733,Nako Lake,Kinnaur,Himachal Pradesh,North,Lake,"Nature,Photography","Family,Couples",20,100,1500,350,31.8825,78.6286,4.5,2500,5,9,Mountain,HIM-107,60.7,False,Moderate,Full-day (4-8 hrs),0,0,0,0,0,0,0,0,0,0,0,0,0,0,0,0,0,0,0,0,0,0,0,0,0,0,0,0,0,0,0,0,0,0,0,0,0,0,0,0,0,0,0,0,0,0,0,0,0,0,0,0,0,0,0,0,0,0,0,0,0,0,0,0,0,0,0,0,0,0,0,0,0,0,0,0,0,0,0,0,0,0,0,0,1,0,0,0,0,0,0,0,1,0,0,0,0,0,0,0,0,0,0,0,0,0,0,0,0,0,0,0,0,0,0,0,0,0,0,0,0,0,0,0,0,0,0,0,0,0,0,0,0,0,0,0,0,0,0,0,0,0,0,0,0,0,0,0,0,0,0,0,0,0,1,1,0,0,0,0,0,0,0,0,0,0,2,350.0,2500.0,575.0,1970,4920,3445.0,0.5454545454545454,0.5379008746355685,0.0025561235830184486,"[5, 6, 7, 8, 9]",5|6|7|8|9
734,Kinnaur Kailash,Kinnaur,Himachal Pradesh,North,Mountain,"Trekking,Spiritual","Adventure,Friends",0,1500,1500,400,31.5454,78.2636,4.8,3500,6,9,Mountain,HIM-108,75.5,True,Moderate,Half-day (2-4 hrs),0,0,0,0,0,0,0,0,0,0,0,0,0,0,0,0,0,0,0,0,0,0,0,0,0,0,0,0,0,0,0,0,0,0,0,0,0,0,0,0,0,0,0,0,0,0,0,0,0,0,0,0,0,0,0,0,0,0,0,0,0,0,0,0,0,0,0,0,0,0,0,0,0,0,0,0,0,0,0,0,0,0,0,0,0,0,0,0,0,0,0,0,0,0,0,0,0,0,0,0,0,0,0,0,0,0,0,0,0,0,0,0,0,0,0,0,0,0,0,0,0,0,1,0,0,0,0,0,0,0,0,0,0,0,0,0,1,0,0,0,0,0,0,0,0,0,0,0,0,0,0,0,1,0,0,0,1,0,0,0,0,0,0,0,0,0,2,3750.0,2750.0,625.0,3400,10850,7125.0,0.8181818181818179,0.7536443148688046,0.003667481662591687,"[6, 7, 8, 9]",6|7|8|9
735,Solan,Solan,Himachal Pradesh,North,City,"Nature,Heritage",Family,0,300,1500,350,30.9045,77.0967,4.3,3000,3,10,Urban,HIM-106,49.0,False,Easy,Half-day (2-4 hrs),0,0,0,0,0,0,0,0,0,0,0,0,0,0,0,0,0,0,0,0,0,0,0,0,0,0,0,0,0,0,0,0,0,0,0,0,0,0,0,0,0,0,0,0,0,0,0,0,0,0,0,0,0,1,0,0,0,0,0,0,0,0,0,0,0,0,0,0,0,0,0,0,0,0,0,0,0,0,0,0,0,0,0,0,1,0,0,0,0,0,0,0,0,0,0,0,0,0,0,0,0,0,0,0,0,0,0,0,0,0,0,0,0,0,0,0,0,0,0,0,0,0,0,0,0,0,0,0,0,0,0,0,0,0,0,0,0,0,0,0,0,0,0,0,0,0,0,0,0,0,0,0,0,0,0,1,0,0,0,0,0,0,0,0,0,0,1,900.0,2500.0,575.0,2150,5800,3975.0,0.3636363636363633,0.36734693877551017,0.003111802622805068,"[3, 4, 5, 6, 7, 8, 9, 10]",3|4|5|6|7|8|9|10
736,Palampur,Kangra,Himachal Pradesh,North,Hill Station,"Nature,Tea Garden","Family,Couples",0,400,1500,350,32.1107,76.5366,4.5,4200,3,10,Mountain,HIM-106,58.3,False,Moderate,Full-day (4-8 hrs),0,0,0,0,0,0,0,0,0,0,0,0,0,0,0,0,0,0,0,0,0,0,0,0,0,0,0,0,0,0,0,0,0,0,0,0,0,0,0,0,0,0,0,0,0,0,0,0,0,0,0,0,0,0,0,0,0,0,0,0,0,0,0,0,0,0,0,0,0,0,0,0,0,0,0,0,0,0,0,0,0,0,0,0,1,0,0,0,0,0,0,0,0,0,0,0,0,0,0,0,0,0,0,0,0,0,0,0,0,0,0,0,0,0,0,0,0,0,0,0,0,0,0,0,0,0,0,0,0,1,0,0,0,0,0,0,0,0,0,0,0,0,0,0,0,0,0,0,0,0,0,0,0,0,1,1,0,0,0,0,0,0,0,0,0,0,2,1200.0,2750.0,575.0,2250,6800,4525.0,0.5454545454545454,0.5029154518950436,0.0044454323182929545,"[3, 4, 5, 6, 7, 8, 9, 10]",3|4|5|6|7|8|9|10
737,Bir Billing,Kangra,Himachal Pradesh,North,Adventure Site,"Paragliding,Adventure","Friends,Adventure",0,2000,1800,400,32.0433,76.7143,4.8,9000,3,11,Mountain,HIM-106,71.0,True,Moderate,Half-day (2-4 hrs),1,0,0,0,0,0,0,0,0,0,0,0,0,0,0,0,0,0,0,0,0,0,0,0,0,0,0,0,0,0,0,0,0,0,0,0,0,0,0,0,0,0,0,0,0,0,0,0,0,0,0,0,0,0,0,0,0,0,0,0,0,0,0,0,0,0,0,0,0,0,0,0,0,0,0,0,0,0,0,0,0,0,0,0,0,0,0,1,0,0,0,0,0,0,0,0,0,0,0,0,0,0,0,0,0,0,0,0,0,0,0,0,0,0,0,0,0,0,0,0,0,0,0,0,0,0,0,0,0,0,0,0,0,0,0,0,0,0,0,0,0,0,0,0,0,0,0,0,0,0,0,0,1,0,0,0,1,0,0,0,0,0,0,0,0,0,2,4000.0,3150.0,625.0,4200,11350,7775.0,0.8181818181818179,0.6880466472303206,0.0097799511002445,"[3, 4, 5, 6, 7, 8, 9, 10, 11]",3|4|5|6|7|8|9|10|11
738,Jibhi,Kullu,Himachal Pradesh,North,Village,"Nature,Relaxation","Couples,Friends",0,300,1500,350,31.5976,77.3443,4.6,3200,4,10,Forest,HIM-106,65.0,True,Moderate,Half-day (2-4 hrs),0,0,0,0,0,0,0,0,0,0,0,0,0,0,0,0,0,0,0,0,0,0,0,0,0,0,0,0,0,0,0,0,0,0,0,0,0,0,0,0,0,0,0,0,0,0,0,0,0,0,0,0,0,0,0,0,0,0,0,0,0,0,0,0,0,0,0,0,0,0,0,0,0,0,0,0,0,0,0,0,0,0,0,0,1,0,0,0,0,0,0,0,0,0,0,0,0,0,0,1,0,0,0,0,0,0,0,0,0,0,0,0,0,0,0,0,0,0,0,0,0,0,0,0,0,0,0,0,0,0,0,0,0,0,0,0,0,0,0,0,0,0,0,0,0,0,0,0,0,0,0,0,0,0,1,0,1,0,0,0,0,0,0,0,0,0,2,900.0,2500.0,575.0,2150,5800,3975.0,0.6363636363636362,0.6005830903790087,0.0033340742387197157,"[4, 5, 6, 7, 8, 9, 10]",4|5|6|7|8|9|10
739,Tirthan Valley,Kullu,Himachal Pradesh,North,Valley,"Nature,Fishing","Family,Friends",0,300,1500,350,31.6375,77.3525,4.7,2800,3,10,Valley,HIM-106,71.1,True,Moderate,Full-day (4-8 hrs),0,0,0,0,0,0,0,0,0,0,0,0,0,0,0,0,0,0,0,0,0,0,0,0,0,0,0,0,0,0,0,0,0,0,0,0,0,0,0,0,0,0,1,0,0,0,0,0,0,0,0,0,0,0,0,0,0,0,0,0,0,0,0,0,0,0,0,0,0,0,0,0,0,0,0,0,0,0,0,0,0,0,0,0,1,0,0,0,0,0,0,0,0,0,0,0,0,0,0,0,0,0,0,0,0,0,0,0,0,0,0,0,0,0,0,0,0,0,0,0,0,0,0,0,0,0,0,0,0,0,0,0,0,0,0,0,0,0,0,0,0,0,0,0,0,0,0,0,0,0,0,0,0,0,0,1,1,0,0,0,0,0,0,0,0,0,2,1150.0,2750.0,575.0,2150,6800,4475.0,0.7272727272727271,0.6895043731778423,0.0028895310068904204,"[3, 4, 5, 6, 7, 8, 9, 10]",3|4|5|6|7|8|9|10
740,Parvati Valley,Kullu,Himachal Pradesh,North,Valley,"Trekking,Nature","Friends,Solo",0,500,1500,350,32.01,77.32,4.6,5000,4,10,Valley,HIM-106,62.9,True,Moderate,Full-day (4-8 hrs),0,0,0,0,0,0,0,0,0,0,0,0,0,0,0,0,0,0,0,0,0,0,0,0,0,0,0,0,0,0,0,0,0,0,0,0,0,0,0,0,0,0,0,0,0,0,0,0,0,0,0,0,0,0,0,0,0,0,0,0,0,0,0,0,0,0,0,0,0,0,0,0,0,0,0,0,0,0,0,0,0,0,0,0,1,0,0,0,0,0,0,0,0,0,0,0,0,0,0,0,0,0,0,0,0,0,0,0,0,0,0,0,0,0,0,0,0,0,0,0,0,0,0,0,0,0,0,0,0,0,0,0,0,0,0,0,1,0,0,0,0,0,0,0,0,0,0,0,0,0,0,0,0,0,0,0,1,0,0,0,0,0,1,0,0,0,2,1500.0,2750.0,575.0,2350,7300,4825.0,0.6363636363636362,0.5699708454810495,0.005334518781951545,"[4, 5, 6, 7, 8, 9, 10]",4|5|6|7|8|9|10
741,Kasauli,Solan,Himachal Pradesh,North,Hill Station,"Nature,Heritage","Family,Couples",0,400,1800,400,30.898,76.965,4.5,8000,3,10,Mountain,HIM-106,55.2,False,Moderate,Full-day (4-8 hrs),0,0,0,0,0,0,0,0,0,0,0,0,0,0,0,0,0,0,0,0,0,0,0,0,0,0,0,0,0,0,0,0,0,0,0,0,0,0,0,0,0,0,0,0,0,0,0,0,0,0,0,0,0,1,0,0,0,0,0,0,0,0,0,0,0,0,0,0,0,0,0,0,0,0,0,0,0,0,0,0,0,0,0,0,1,0,0,0,0,0,0,0,0,0,0,0,0,0,0,0,0,0,0,0,0,0,0,0,0,0,0,0,0,0,0,0,0,0,0,0,0,0,0,0,0,0,0,0,0,0,0,0,0,0,0,0,0,0,0,0,0,0,0,0,0,0,0,0,0,0,0,0,0,0,1,1,0,0,0,0,0,0,0,0,0,0,2,1200.0,3150.0,625.0,2600,7350,4975.0,0.5454545454545454,0.4577259475218659,0.008668593020671262,"[3, 4, 5, 6, 7, 8, 9, 10]",3|4|5|6|7|8|9|10
742,Barot Valley,Mandi,Himachal Pradesh,North,Valley,"Nature,Trekking","Friends,Adventure",0,300,1500,350,31.882,77.349,4.5,2100,4,10,Valley,HIM-106,61.6,False,Moderate,Full-day (4-8 hrs),0,0,0,0,0,0,0,0,0,0,0,0,0,0,0,0,0,0,0,0,0,0,0,0,0,0,0,0,0,0,0,0,0,0,0,0,0,0,0,0,0,0,0,0,0,0,0,0,0,0,0,0,0,0,0,0,0,0,0,0,0,0,0,0,0,0,0,0,0,0,0,0,0,0,0,0,0,0,0,0,0,0,0,0,1,0,0,0,0,0,0,0,0,0,0,0,0,0,0,0,0,0,0,0,0,0,0,0,0,0,0,0,0,0,0,0,0,0,0,0,0,0,0,0,0,0,0,0,0,0,0,0,0,0,0,0,1,0,0,0,0,0,0,0,0,0,0,0,0,0,0,0,1,0,0,0,1,0,0,0,0,0,0,0,0,0,2,1150.0,2500.0,575.0,2150,6300,4225.0,0.5454545454545454,0.5510204081632653,0.0021115803511891533,"[4, 5, 6, 7, 8, 9, 10]",4|5|6|7|8|9|10
743,Narkanda,Shimla,Himachal Pradesh,North,Hill Station,"Snow,Skiing","Family,Friends",0,500,2000,400,31.27,77.45,4.6,3500,1,12,Mountain,HIM-106,64.6,True,Moderate,Full-day (4-8 hrs),0,0,0,0,0,0,0,0,0,0,0,0,0,0,0,0,0,0,0,0,0,0,0,0,0,0,0,0,0,0,0,0,0,0,0,0,0,0,0,0,0,0,0,0,0,0,0,0,0,0,0,0,0,0,0,0,0,0,0,0,0,0,0,0,0,0,0,0,0,0,0,0,0,0,0,0,0,0,0,0,0,0,0,0,0,0,0,0,0,0,0,0,0,0,0,0,0,0,0,0,0,0,0,0,0,0,0,0,0,0,0,0,0,0,0,0,0,0,0,1,0,1,0,0,0,0,0,0,0,0,0,0,0,0,0,0,0,0,0,0,0,0,0,0,0,0,0,0,0,0,0,0,0,0,0,1,1,0,0,0,0,0,0,0,0,0,2,1500.0,3500.0,625.0,2900,8350,5625.0,0.6363636363636362,0.5947521865889212,0.003667481662591687,"[1, 2, 3, 4, 5, 6, 7, 8, 9, 10, 11, 12]",1|2|3|4|5|6|7|8|9|10|11|12
744,Chail,Solan,Himachal Pradesh,North,Hill Station,"Nature,Heritage","Family,Couples",0,400,1800,350,30.962,77.185,4.5,4000,3,10,Mountain,HIM-106,58.5,False,Moderate,Full-day (4-8 hrs),0,0,0,0,0,0,0,0,0,0,0,0,0,0,0,0,0,0,0,0,0,0,0,0,0,0,0,0,0,0,0,0,0,0,0,0,0,0,0,0,0,0,0,0,0,0,0,0,0,0,0,0,0,1,0,0,0,0,0,0,0,0,0,0,0,0,0,0,0,0,0,0,0,0,0,0,0,0,0,0,0,0,0,0,1,0,0,0,0,0,0,0,0,0,0,0,0,0,0,0,0,0,0,0,0,0,0,0,0,0,0,0,0,0,0,0,0,0,0,0,0,0,0,0,0,0,0,0,0,0,0,0,0,0,0,0,0,0,0,0,0,0,0,0,0,0,0,0,0,0,0,0,0,0,1,1,0,0,0,0,0,0,0,0,0,0,2,1200.0,3150.0,575.0,2550,7300,4925.0,0.5454545454545454,0.5058309037900873,0.004223160702378307,"[3, 4, 5, 6, 7, 8, 9, 10]",3|4|5|6|7|8|9|10
745,Renuka Lake,Sirmaur,Himachal Pradesh,North,Lake,"Nature,Religion",Family,20,200,1500,350,30.608,77.462,4.4,2500,3,10,Valley,HIM-109,55.3,False,Easy,Full-day (4-8 hrs),0,0,0,0,0,0,0,0,0,0,0,0,0,0,0,0,0,0,0,0,0,0,0,0,0,0,0,0,0,0,0,0,0,0,0,0,0,0,0,0,0,0,0,0,0,0,0,0,0,0,0,0,0,0,0,0,0,0,0,0,0,0,0,0,0,0,0,0,0,0,0,0,0,0,0,0,0,0,0,0,0,0,0,0,1,0,0,0,0,0,0,0,0,0,0,0,0,0,0,0,1,0,0,0,0,0,0,0,0,0,0,0,0,0,0,0,0,0,0,0,0,0,0,0,0,0,0,0,0,0,0,0,0,0,0,0,0,0,0,0,0,0,0,0,0,0,0,0,0,0,0,0,0,0,0,1,0,0,0,0,0,0,0,0,0,0,1,500.0,2500.0,575.0,2070,5120,3595.0,0.4545454545454546,0.4591836734693876,0.0025561235830184486,"[3, 4, 5, 6, 7, 8, 9, 10]",3|4|5|6|7|8|9|10
746,Great Himalayan National Park,Kullu,Himachal Pradesh,North,National Park,"Wildlife,Nature","Adventure,Students",200,500,1500,350,31.85,77.35,4.7,3200,4,10,Forest,HIM-106,70.5,True,Moderate,Full-day (4-8 hrs),0,0,0,0,0,0,0,0,0,0,0,0,0,0,0,0,0,0,0,0,0,0,0,0,0,0,0,0,0,0,0,0,0,0,0,0,0,0,0,0,0,0,0,0,0,0,0,0,0,0,0,0,0,0,0,0,0,0,0,0,0,0,0,0,0,0,0,0,0,0,0,0,0,0,0,0,0,0,0,0,0,0,0,0,1,0,0,0,0,0,0,0,0,0,0,0,0,0,0,0,0,0,0,0,0,0,0,0,0,0,0,0,0,0,0,0,0,0,0,0,0,0,0,0,0,0,0,0,0,0,0,0,0,0,0,0,0,0,0,0,0,0,0,0,0,0,0,0,0,1,0,0,1,0,0,0,0,0,0,0,0,0,0,0,1,0,2,1250.0,2750.0,575.0,2550,7000,4775.0,0.7272727272727271,0.6807580174927113,0.0033340742387197157,"[4, 5, 6, 7, 8, 9, 10]",4|5|6|7|8|9|10
747,Simbalbara National Park,Sirmaur,Himachal Pradesh,North,National Park,"Wildlife,Nature","Family,Students",100,300,1500,350,30.483,77.366,4.3,1500,3,10,Forest,HIM-109,52.3,False,Moderate,Full-day (4-8 hrs),0,0,0,0,0,0,0,0,0,0,0,0,0,0,0,0,0,0,0,0,0,0,0,0,0,0,0,0,0,0,0,0,0,0,0,0,0,0,0,0,0,0,0,0,0,0,0,0,0,0,0,0,0,0,0,0,0,0,0,0,0,0,0,0,0,0,0,0,0,0,0,0,0,0,0,0,0,0,0,0,0,0,0,0,1,0,0,0,0,0,0,0,0,0,0,0,0,0,0,0,0,0,0,0,0,0,0,0,0,0,0,0,0,0,0,0,0,0,0,0,0,0,0,0,0,0,0,0,0,0,0,0,0,0,0,0,0,0,0,0,0,0,0,0,0,0,0,0,0,1,0,0,0,0,0,1,0,0,0,0,0,0,0,0,1,0,2,900.0,2500.0,575.0,2250,5900,4075.0,0.3636363636363633,0.4154518950437317,0.0014447655034452102,"[3, 4, 5, 6, 7, 8, 9, 10]",3|4|5|6|7|8|9|10
748,Pin Valley National Park,Spiti,Himachal Pradesh,North,National Park,"Wildlife,Trekking","Adventure,Friends",200,500,1800,400,31.95,78.05,4.6,2000,5,9,Mountain,HIM-107,67.2,True,Moderate,Full-day (4-8 hrs),0,0,0,0,0,0,0,0,0,0,0,0,0,0,0,0,0,0,0,0,0,0,0,0,0,0,0,0,0,0,0,0,0,0,0,0,0,0,0,0,0,0,0,0,0,0,0,0,0,0,0,0,0,0,0,0,0,0,0,0,0,0,0,0,0,0,0,0,0,0,0,0,0,0,0,0,0,0,0,0,0,0,0,0,0,0,0,0,0,0,0,0,0,0,0,0,0,0,0,0,0,0,0,0,0,0,0,0,0,0,0,0,0,0,0,0,0,0,0,0,0,0,0,0,0,0,0,0,0,0,0,0,0,0,0,0,1,0,0,0,0,0,0,0,0,0,0,0,0,1,0,0,1,0,0,0,1,0,0,0,0,0,0,0,0,0,2,1500.0,3150.0,625.0,2900,8050,5475.0,0.6363636363636362,0.6326530612244897,0.0020004445432318294,"[5, 6, 7, 8, 9]",5|6|7|8|9
749,Harimandir Sahib Museum,Amritsar,Punjab,North,Museum,"Heritage,Religion","Family,Students",0,100,1200,300,31.62,74.8765,4.6,5200,1,12,Urban,PUN-205,62.7,False,Easy,Half-day (2-4 hrs),0,0,0,0,0,0,0,0,0,0,0,0,0,0,0,0,0,0,0,0,0,0,0,0,0,0,0,0,0,0,0,0,0,0,0,0,0,0,0,0,0,0,0,0,0,0,0,0,0,0,0,0,0,1,0,0,0,0,0,0,0,0,0,0,0,0,0,0,0,0,0,0,0,0,0,0,0,0,0,0,0,0,0,0,0,0,0,0,0,0,0,0,0,0,0,0,0,0,0,0,1,0,0,0,0,0,0,0,0,0,0,0,0,0,0,0,0,0,0,0,0,0,0,0,0,0,0,0,0,0,0,0,0,0,0,0,0,0,0,0,0,0,0,0,0,0,0,0,0,0,0,0,0,0,0,1,0,0,0,0,0,0,0,0,1,0,1,200.0,2600.0,550.0,1600,5100,3350.0,0.6363636363636362,0.5670553935860058,0.005556790397866193,"[1, 2, 3, 4, 5, 6, 7, 8, 9, 10, 11, 12]",1|2|3|4|5|6|7|8|9|10|11|12
750,Ram Tirth Temple,Amritsar,Punjab,North,Temple,"Religion,Heritage","Family,Pilgrims",0,100,1200,300,31.663,74.841,4.4,2600,1,12,Urban,PUN-205,55.1,False,Easy,Short (1-2 hrs),0,0,0,0,0,0,0,0,0,0,0,0,0,0,0,0,0,0,0,0,0,0,0,0,0,0,0,0,0,0,0,0,0,0,0,0,0,0,0,0,0,0,0,0,0,0,0,0,0,0,0,0,0,1,0,0,0,0,0,0,0,0,0,0,0,0,0,0,0,0,0,0,0,0,0,0,0,0,0,0,0,0,0,0,0,0,0,0,0,0,0,0,0,0,0,0,0,0,0,0,1,0,0,0,0,0,0,0,0,0,0,0,0,0,0,0,0,0,0,0,0,0,0,0,0,0,0,0,0,0,0,0,0,0,0,0,0,0,0,0,0,0,0,0,0,0,0,0,0,0,0,0,0,0,0,1,0,0,0,1,0,0,0,0,0,0,1,200.0,2600.0,550.0,1600,5100,3350.0,0.4545454545454546,0.456268221574344,0.0026672593909757725,"[1, 2, 3, 4, 5, 6, 7, 8, 9, 10, 11, 12]",1|2|3|4|5|6|7|8|9|10|11|12
751,Dukh Bhanjani Ber Tree,Amritsar,Punjab,North,Religious Site,"Spiritual,Religion","Pilgrims,Family",0,50,1200,300,31.6205,74.876,4.7,6000,1,12,Urban,PUN-205,67.5,True,Moderate,Half-day (2-4 hrs),0,0,0,0,0,0,0,0,0,0,0,0,0,0,0,0,0,0,0,0,0,0,0,0,0,0,0,0,0,0,0,0,0,0,0,0,0,0,0,0,0,0,0,0,0,0,0,0,0,0,0,0,0,0,0,0,0,0,0,0,0,0,0,0,0,0,0,0,0,0,0,0,0,0,0,0,0,0,0,0,0,0,0,0,0,0,0,0,0,0,0,0,0,0,0,0,0,0,0,0,1,0,0,0,0,0,0,0,0,0,0,0,0,0,0,0,0,0,0,0,0,0,1,0,0,0,0,0,0,0,0,0,0,0,0,0,0,0,0,0,0,0,0,0,0,0,0,0,0,0,0,0,0,0,0,1,0,0,0,1,0,0,0,0,0,0,2,125.0,2600.0,550.0,1550,5000,3275.0,0.7272727272727271,0.6370262390670552,0.0064458768615247835,"[1, 2, 3, 4, 5, 6, 7, 8, 9, 10, 11, 12]",1|2|3|4|5|6|7|8|9|10|11|12
752,Ram Bagh Garden,Amritsar,Punjab,North,Garden,"Nature,Relaxation","Family,Couples",20,100,1200,300,31.629,74.8723,4.3,3500,2,11,Urban,PUN-205,48.2,False,Easy,Short (1-2 hrs),0,0,0,0,0,0,0,0,0,0,0,0,0,0,0,0,0,0,0,0,0,0,0,0,0,0,0,0,0,0,0,0,0,0,0,0,0,0,0,0,0,0,0,0,0,0,0,0,0,0,0,0,0,0,0,0,0,0,0,0,0,0,0,0,0,0,0,0,0,0,0,0,0,0,0,0,0,0,0,0,0,0,0,0,1,0,0,0,0,0,0,0,0,0,0,0,0,0,0,1,0,0,0,0,0,0,0,0,0,0,0,0,0,0,0,0,0,0,0,0,0,0,0,0,0,0,0,0,0,0,0,0,0,0,0,0,0,0,0,0,0,0,0,0,0,0,0,0,0,0,0,0,0,0,1,1,0,0,0,0,0,0,0,0,0,0,1,200.0,2350.0,525.0,1620,4570,3095.0,0.3636363636363633,0.3556851311953353,0.003667481662591687,"[2, 3, 4, 5, 6, 7, 8, 9, 10, 11]",2|3|4|5|6|7|8|9|10|11
753,Maharaja Ranjit Singh Museum,Amritsar,Punjab,North,Museum,"Heritage,Heritage","Students,Family",20,100,1200,300,31.6285,74.873,4.4,4200,1,12,Urban,PUN-205,52.8,False,Easy,Half-day (2-4 hrs),0,0,0,0,0,0,0,0,0,0,0,0,0,0,0,0,0,0,0,0,0,0,0,0,0,0,0,0,0,0,0,0,0,0,0,0,0,0,0,0,0,0,0,0,0,0,0,0,0,0,0,0,0,1,0,0,0,0,0,0,0,0,0,0,0,0,0,0,0,0,0,0,0,0,0,0,0,0,0,0,0,0,0,0,0,0,0,0,0,0,0,0,0,0,0,0,0,0,0,0,0,0,0,0,0,0,0,0,0,0,0,0,0,0,0,0,0,0,0,0,0,0,0,0,0,0,0,0,0,0,0,0,0,0,0,0,0,0,0,0,0,0,0,0,0,0,0,0,0,0,0,0,0,0,0,1,0,0,0,0,0,0,0,0,1,0,1,200.0,2350.0,525.0,1620,4570,3095.0,0.4545454545454546,0.42274052478134105,0.0044454323182929545,"[1, 2, 3, 4, 5, 6, 7, 8, 9, 10, 11, 12]",1|2|3|4|5|6|7|8|9|10|11|12
754,Gobindgarh Fort,Amritsar,Punjab,North,Fort,"Heritage,Heritage","Family,Friends",150,200,1500,350,31.6335,74.8747,4.5,9000,1,12,Urban,PUN-205,54.6,False,Moderate,Half-day (2-4 hrs),0,0,0,0,0,0,0,0,0,0,0,0,0,0,0,0,0,0,0,0,0,0,0,0,0,0,0,0,0,0,0,0,0,0,0,0,0,0,0,0,0,0,0,0,0,0,0,0,0,0,0,0,0,1,0,0,0,0,0,0,0,0,0,0,0,0,0,0,0,0,0,0,0,0,0,0,0,0,0,0,0,0,0,0,0,0,0,0,0,0,0,0,0,0,0,0,0,0,0,0,0,0,0,0,0,0,0,0,0,0,0,0,0,0,0,0,0,0,0,0,0,0,0,0,0,0,0,0,0,0,0,0,0,0,0,0,0,0,0,0,0,0,0,0,0,0,0,0,0,0,0,0,0,0,0,1,1,0,0,0,0,0,0,0,0,0,2,450.0,2750.0,575.0,2200,5650,3925.0,0.5454545454545454,0.44897959183673464,0.0097799511002445,"[1, 2, 3, 4, 5, 6, 7, 8, 9, 10, 11, 12]",1|2|3|4|5|6|7|8|9|10|11|12
755,Tarn Taran Sahib,Tarn Taran,Punjab,North,Gurdwara,"Religion,Spiritual","Pilgrims,Family",0,100,1000,300,31.451,74.927,4.6,4500,1,12,Urban,PUN-205,63.4,True,Easy,Short (1-2 hrs),0,0,0,0,0,0,0,0,0,0,0,0,0,0,0,0,0,0,0,0,0,0,0,0,0,0,0,0,0,0,0,0,0,0,0,0,0,0,0,0,0,0,0,0,0,0,0,0,0,0,0,0,0,0,0,0,0,0,0,0,0,0,0,0,0,0,0,0,0,0,0,0,0,0,0,0,0,0,0,0,0,0,0,0,0,0,0,0,0,0,0,0,0,0,0,0,0,0,0,0,1,0,0,0,0,0,0,0,0,0,0,0,0,0,0,0,0,0,0,0,0,0,1,0,0,0,0,0,0,0,0,0,0,0,0,0,0,0,0,0,0,0,0,0,0,0,0,0,0,0,0,0,0,0,0,1,0,0,0,1,0,0,0,0,0,0,1,200.0,2000.0,500.0,1400,4000,2700.0,0.6363636363636362,0.5772594752186587,0.004778839742164926,"[1, 2, 3, 4, 5, 6, 7, 8, 9, 10, 11, 12]",1|2|3|4|5|6|7|8|9|10|11|12
756,Fatehgarh Sahib,Fatehgarh Sahib,Punjab,North,Gurdwara,"Religion,Heritage","Pilgrims,Family",0,100,1000,300,30.646,76.386,4.5,4000,1,12,Urban,PUN-207,58.5,False,Easy,Short (1-2 hrs),0,0,0,0,0,0,0,0,0,0,0,0,0,0,0,0,0,0,0,0,0,0,0,0,0,0,0,0,0,0,0,0,0,0,0,0,0,0,0,0,0,0,0,0,0,0,0,0,0,0,0,0,0,1,0,0,0,0,0,0,0,0,0,0,0,0,0,0,0,0,0,0,0,0,0,0,0,0,0,0,0,0,0,0,0,0,0,0,0,0,0,0,0,0,0,0,0,0,0,0,1,0,0,0,0,0,0,0,0,0,0,0,0,0,0,0,0,0,0,0,0,0,0,0,0,0,0,0,0,0,0,0,0,0,0,0,0,0,0,0,0,0,0,0,0,0,0,0,0,0,0,0,0,0,0,1,0,0,0,1,0,0,0,0,0,0,1,200.0,2000.0,500.0,1400,4000,2700.0,0.5454545454545454,0.5058309037900873,0.004223160702378307,"[1, 2, 3, 4, 5, 6, 7, 8, 9, 10, 11, 12]",1|2|3|4|5|6|7|8|9|10|11|12
757,Talwandi Sabo (Takht Sri Damdama Sahib),Bathinda,Punjab,North,Gurdwara,"Religion,Spiritual","Pilgrims,Family",0,100,1000,300,30.138,75.071,4.6,3500,1,12,Urban,PUN-210,64.6,True,Easy,Short (1-2 hrs),0,0,0,0,0,0,0,0,0,0,0,0,0,0,0,0,0,0,0,0,0,0,0,0,0,0,0,0,0,0,0,0,0,0,0,0,0,0,0,0,0,0,0,0,0,0,0,0,0,0,0,0,0,0,0,0,0,0,0,0,0,0,0,0,0,0,0,0,0,0,0,0,0,0,0,0,0,0,0,0,0,0,0,0,0,0,0,0,0,0,0,0,0,0,0,0,0,0,0,0,1,0,0,0,0,0,0,0,0,0,0,0,0,0,0,0,0,0,0,0,0,0,1,0,0,0,0,0,0,0,0,0,0,0,0,0,0,0,0,0,0,0,0,0,0,0,0,0,0,0,0,0,0,0,0,1,0,0,0,1,0,0,0,0,0,0,1,200.0,2000.0,500.0,1400,4000,2700.0,0.6363636363636362,0.5947521865889212,0.003667481662591687,"[1, 2, 3, 4, 5, 6, 7, 8, 9, 10, 11, 12]",1|2|3|4|5|6|7|8|9|10|11|12
758,Qadian,Gurdaspur,Punjab,North,Town,"Heritage,Religion","Family,Students",0,100,1000,300,31.819,75.376,4.3,1800,1,12,Urban,PUN-212,51.4,False,Easy,Half-day (2-4 hrs),0,0,0,0,0,0,0,0,0,0,0,0,0,0,0,0,0,0,0,0,0,0,0,0,0,0,0,0,0,0,0,0,0,0,0,0,0,0,0,0,0,0,0,0,0,0,0,0,0,0,0,0,0,1,0,0,0,0,0,0,0,0,0,0,0,0,0,0,0,0,0,0,0,0,0,0,0,0,0,0,0,0,0,0,0,0,0,0,0,0,0,0,0,0,0,0,0,0,0,0,1,0,0,0,0,0,0,0,0,0,0,0,0,0,0,0,0,0,0,0,0,0,0,0,0,0,0,0,0,0,0,0,0,0,0,0,0,0,0,0,0,0,0,0,0,0,0,0,0,0,0,0,0,0,0,1,0,0,0,0,0,0,0,0,1,0,1,200.0,2000.0,500.0,1400,4000,2700.0,0.3636363636363633,0.4023323615160349,0.0017781729273171818,"[1, 2, 3, 4, 5, 6, 7, 8, 9, 10, 11, 12]",1|2|3|4|5|6|7|8|9|10|11|12
759,Kapurthala Moorish Mosque,Kapurthala,Punjab,North,Mosque,"Architecture,Heritage","Tourists,Students",0,100,1200,300,31.381,75.382,4.4,2500,1,12,Urban,PUN-208,55.3,False,Easy,Short (1-2 hrs),0,0,0,0,1,0,0,0,0,0,0,0,0,0,0,0,0,0,0,0,0,0,0,0,0,0,0,0,0,0,0,0,0,0,0,0,0,0,0,0,0,0,0,0,0,0,0,0,0,0,0,0,0,1,0,0,0,0,0,0,0,0,0,0,0,0,0,0,0,0,0,0,0,0,0,0,0,0,0,0,0,0,0,0,0,0,0,0,0,0,0,0,0,0,0,0,0,0,0,0,0,0,0,0,0,0,0,0,0,0,0,0,0,0,0,0,0,0,0,0,0,0,0,0,0,0,0,0,0,0,0,0,0,0,0,0,0,0,0,0,0,0,0,0,0,0,0,0,0,0,0,0,0,0,0,0,0,0,0,0,0,0,0,0,1,1,1,200.0,2350.0,525.0,1600,4550,3075.0,0.4545454545454546,0.4591836734693876,0.0025561235830184486,"[1, 2, 3, 4, 5, 6, 7, 8, 9, 10, 11, 12]",1|2|3|4|5|6|7|8|9|10|11|12
760,Jagatjit Palace,Kapurthala,Punjab,North,Palace,"Heritage,Architecture","Students,Tourists",50,100,1200,300,31.378,75.381,4.3,2100,1,12,Urban,PUN-208,50.7,False,Easy,Half-day (2-4 hrs),0,0,0,0,1,0,0,0,0,0,0,0,0,0,0,0,0,0,0,0,0,0,0,0,0,0,0,0,0,0,0,0,0,0,0,0,0,0,0,0,0,0,0,0,0,0,0,0,0,0,0,0,0,1,0,0,0,0,0,0,0,0,0,0,0,0,0,0,0,0,0,0,0,0,0,0,0,0,0,0,0,0,0,0,0,0,0,0,0,0,0,0,0,0,0,0,0,0,0,0,0,0,0,0,0,0,0,0,0,0,0,0,0,0,0,0,0,0,0,0,0,0,0,0,0,0,0,0,0,0,0,0,0,0,0,0,0,0,0,0,0,0,0,0,0,0,0,0,0,0,0,0,0,0,0,0,0,0,0,0,0,0,0,0,1,1,1,250.0,2350.0,525.0,1650,4700,3175.0,0.3636363636363633,0.39212827988338195,0.0021115803511891533,"[1, 2, 3, 4, 5, 6, 7, 8, 9, 10, 11, 12]",1|2|3|4|5|6|7|8|9|10|11|12
761,Devi Talab Mandir,Jalandhar,Punjab,North,Temple,"Religion,Heritage","Family,Pilgrims",0,100,1200,300,31.326,75.579,4.5,3900,1,12,Urban,PUN-208,58.6,False,Easy,Short (1-2 hrs),0,0,0,0,0,0,0,0,0,0,0,0,0,0,0,0,0,0,0,0,0,0,0,0,0,0,0,0,0,0,0,0,0,0,0,0,0,0,0,0,0,0,0,0,0,0,0,0,0,0,0,0,0,1,0,0,0,0,0,0,0,0,0,0,0,0,0,0,0,0,0,0,0,0,0,0,0,0,0,0,0,0,0,0,0,0,0,0,0,0,0,0,0,0,0,0,0,0,0,0,1,0,0,0,0,0,0,0,0,0,0,0,0,0,0,0,0,0,0,0,0,0,0,0,0,0,0,0,0,0,0,0,0,0,0,0,0,0,0,0,0,0,0,0,0,0,0,0,0,0,0,0,0,0,0,1,0,0,0,1,0,0,0,0,0,0,1,200.0,2350.0,525.0,1600,4550,3075.0,0.5454545454545454,0.5072886297376092,0.004112024894420982,"[1, 2, 3, 4, 5, 6, 7, 8, 9, 10, 11, 12]",1|2|3|4|5|6|7|8|9|10|11|12
762,Pushpa Gujral Memorial Planetarium,Kapurthala,Punjab,North,Planetarium,"Science,Educational","Students,Family",30,100,1200,300,31.3805,75.3815,4.2,1700,1,12,Urban,PUN-208,46.2,False,Easy,Half-day (2-4 hrs),0,0,0,0,0,0,0,0,0,0,0,0,0,0,0,0,0,0,0,0,0,0,0,0,0,0,0,0,0,0,0,0,0,0,0,0,1,0,0,0,0,0,0,0,0,0,0,0,0,0,0,0,0,0,0,0,0,0,0,0,0,0,0,0,0,0,0,0,0,0,0,0,0,0,0,0,0,0,0,0,0,0,0,0,0,0,0,0,0,0,0,0,0,0,0,0,0,0,0,0,0,0,0,0,0,0,0,0,0,0,0,0,0,1,0,0,0,0,0,0,0,0,0,0,0,0,0,0,0,0,0,0,0,0,0,0,0,0,0,0,0,0,0,0,0,0,0,0,0,0,0,0,0,0,0,1,0,0,0,0,0,0,0,0,1,0,1,200.0,2350.0,525.0,1630,4580,3105.0,0.27272727272727293,0.326530612244898,0.001667037119359858,"[1, 2, 3, 4, 5, 6, 7, 8, 9, 10, 11, 12]",1|2|3|4|5|6|7|8|9|10|11|12
763,Bathinda Zoo,Bathinda,Punjab,North,Zoo,"Wildlife,Nature","Family,Children",50,100,1200,300,30.21,74.945,4.1,2400,2,11,Urban,PUN-210,39.1,False,Easy,Half-day (2-4 hrs),0,0,0,0,0,0,0,0,0,0,0,0,0,0,0,0,0,0,0,0,0,0,0,0,0,0,0,0,0,0,0,0,0,0,0,0,0,0,0,0,0,0,0,0,0,0,0,0,0,0,0,0,0,0,0,0,0,0,0,0,0,0,0,0,0,0,0,0,0,0,0,0,0,0,0,0,0,0,0,0,0,0,0,0,1,0,0,0,0,0,0,0,0,0,0,0,0,0,0,0,0,0,0,0,0,0,0,0,0,0,0,0,0,0,0,0,0,0,0,0,0,0,0,0,0,0,0,0,0,0,0,0,0,0,0,0,0,0,0,0,0,0,0,0,0,0,0,0,0,1,0,0,0,1,0,1,0,0,0,0,0,0,0,0,0,0,1,250.0,2350.0,525.0,1650,4700,3175.0,0.1818181818181812,0.22303206997084546,0.0024449877750611247,"[2, 3, 4, 5, 6, 7, 8, 9, 10, 11]",2|3|4|5|6|7|8|9|10|11
764,Rose Garden Ludhiana,Ludhiana,Punjab,North,Garden,"Nature,Flowers","Family,Couples",20,100,1200,300,30.9,75.8573,4.3,3200,2,11,Urban,PUN-209,48.6,False,Easy,Short (1-2 hrs),0,0,0,0,0,0,0,0,0,0,0,0,0,0,0,0,0,0,0,0,0,0,0,0,0,0,0,0,0,0,0,0,0,0,0,0,0,0,0,0,0,0,0,1,0,0,0,0,0,0,0,0,0,0,0,0,0,0,0,0,0,0,0,0,0,0,0,0,0,0,0,0,0,0,0,0,0,0,0,0,0,0,0,0,1,0,0,0,0,0,0,0,0,0,0,0,0,0,0,0,0,0,0,0,0,0,0,0,0,0,0,0,0,0,0,0,0,0,0,0,0,0,0,0,0,0,0,0,0,0,0,0,0,0,0,0,0,0,0,0,0,0,0,0,0,0,0,0,0,0,0,0,0,0,1,1,0,0,0,0,0,0,0,0,0,0,1,200.0,2350.0,525.0,1620,4570,3095.0,0.3636363636363633,0.36151603498542273,0.0033340742387197157,"[2, 3, 4, 5, 6, 7, 8, 9, 10, 11]",2|3|4|5|6|7|8|9|10|11
765,World Amusement Park,Ludhiana,Punjab,North,Amusement Park,"Rides,Entertainment","Family,Friends",600,500,1500,350,30.792,75.715,4.2,5200,3,10,Urban,PUN-209,40.9,False,Easy,Full-day (4-8 hrs),0,0,0,0,0,0,0,0,0,0,0,0,0,0,0,0,0,0,0,0,0,0,0,0,0,0,0,0,0,0,0,0,0,0,0,0,0,0,1,0,0,0,0,0,0,0,0,0,0,0,0,0,0,0,0,0,0,0,0,0,0,0,0,0,0,0,0,0,0,0,0,0,0,0,0,0,0,0,0,0,0,0,0,0,0,0,0,0,0,0,0,0,0,0,0,0,0,0,0,0,0,0,1,0,0,0,0,0,0,0,0,0,0,0,0,0,0,0,0,0,0,0,0,0,0,0,0,0,0,0,0,0,0,0,0,0,0,0,0,0,0,0,0,0,0,0,0,0,0,0,0,0,0,0,0,1,1,0,0,0,0,0,0,0,0,0,1,1000.0,2750.0,575.0,2950,6900,4925.0,0.27272727272727293,0.24927113702623904,0.005556790397866193,"[3, 4, 5, 6, 7, 8, 9, 10]",3|4|5|6|7|8|9|10
766,Ropar Wetland,Rupnagar,Punjab,North,Wetland,"Nature,Birdwatching","Photographers,Family",0,100,1200,300,31.0,76.53,4.4,2100,10,3,Forest,PUN-206,56.1,False,Moderate,Half-day (2-4 hrs),0,0,0,0,0,0,0,0,0,0,0,0,0,0,0,1,0,0,0,0,0,0,0,0,0,0,0,0,0,0,0,0,0,0,0,0,0,0,0,0,0,0,0,0,0,0,0,0,0,0,0,0,0,0,0,0,0,0,0,0,0,0,0,0,0,0,0,0,0,0,0,0,0,0,0,0,0,0,0,0,0,0,0,0,1,0,0,0,0,0,0,0,0,0,0,0,0,0,0,0,0,0,0,0,0,0,0,0,0,0,0,0,0,0,0,0,0,0,0,0,0,0,0,0,0,0,0,0,0,0,0,0,0,0,0,0,0,0,0,0,0,0,0,0,0,0,0,0,0,0,0,0,0,0,0,1,0,0,1,0,0,0,0,0,0,0,2,250.0,2350.0,525.0,1600,4650,3125.0,0.4545454545454546,0.4708454810495626,0.0021115803511891533,"[10, 11, 12, 1, 2, 3]",10|11|12|1|2|3
767,Takhni Rehmapur Wildlife Sanctuary,Hoshiarpur,Punjab,North,Wildlife Sanctuary,"Wildlife,Nature","Students,Photographers",50,200,1200,300,31.58,75.82,4.2,1500,10,3,Forest,PUN-208,46.8,False,Moderate,Full-day (4-8 hrs),0,0,0,0,0,0,0,0,0,0,0,0,0,0,0,0,0,0,0,0,0,0,0,0,0,0,0,0,0,0,0,0,0,0,0,0,0,0,0,0,0,0,0,0,0,0,0,0,0,0,0,0,0,0,0,0,0,0,0,0,0,0,0,0,0,0,0,0,0,0,0,0,0,0,0,0,0,0,0,0,0,0,0,0,1,0,0,0,0,0,0,0,0,0,0,0,0,0,0,0,0,0,0,0,0,0,0,0,0,0,0,0,0,0,0,0,0,0,0,0,0,0,0,0,0,0,0,0,0,0,0,0,0,0,0,0,0,0,0,0,0,0,0,0,0,0,0,0,0,1,0,0,0,0,0,0,0,0,1,0,0,0,0,0,1,0,2,400.0,2350.0,525.0,1750,4900,3325.0,0.27272727272727293,0.33527696793002904,0.0014447655034452102,"[10, 11, 12, 1, 2, 3]",10|11|12|1|2|3
768,Bir Talab Zoo,Bathinda,Punjab,North,Zoo,"Wildlife,Nature","Family,Children",50,100,1200,300,30.207,74.948,4.1,2000,2,11,Urban,PUN-210,40.0,False,Easy,Half-day (2-4 hrs),0,0,0,0,0,0,0,0,0,0,0,0,0,0,0,0,0,0,0,0,0,0,0,0,0,0,0,0,0,0,0,0,0,0,0,0,0,0,0,0,0,0,0,0,0,0,0,0,0,0,0,0,0,0,0,0,0,0,0,0,0,0,0,0,0,0,0,0,0,0,0,0,0,0,0,0,0,0,0,0,0,0,0,0,1,0,0,0,0,0,0,0,0,0,0,0,0,0,0,0,0,0,0,0,0,0,0,0,0,0,0,0,0,0,0,0,0,0,0,0,0,0,0,0,0,0,0,0,0,0,0,0,0,0,0,0,0,0,0,0,0,0,0,0,0,0,0,0,0,1,0,0,0,1,0,1,0,0,0,0,0,0,0,0,0,0,1,250.0,2350.0,525.0,1650,4700,3175.0,0.1818181818181812,0.23615160349854225,0.0020004445432318294,"[2, 3, 4, 5, 6, 7, 8, 9, 10, 11]",2|3|4|5|6|7|8|9|10|11
769,Kurukshetra Panorama & Science Centre,Kurukshetra,Haryana,North,Museum,"Science,Educational","Students,Family",30,100,1200,300,29.9695,76.8783,4.3,2100,1,12,Urban,HAR-102,50.7,False,Easy,Half-day (2-4 hrs),0,0,0,0,0,0,0,0,0,0,0,0,0,0,0,0,0,0,0,0,0,0,0,0,0,0,0,0,0,0,0,0,0,0,0,0,1,0,0,0,0,0,0,0,0,0,0,0,0,0,0,0,0,0,0,0,0,0,0,0,0,0,0,0,0,0,0,0,0,0,0,0,0,0,0,0,0,0,0,0,0,0,0,0,0,0,0,0,0,0,0,0,0,0,0,0,0,0,0,0,0,0,0,0,0,0,0,0,0,0,0,0,0,1,0,0,0,0,0,0,0,0,0,0,0,0,0,0,0,0,0,0,0,0,0,0,0,0,0,0,0,0,0,0,0,0,0,0,0,0,0,0,0,0,0,1,0,0,0,0,0,0,0,0,1,0,1,200.0,2350.0,500.0,1630,4530,3080.0,0.3636363636363633,0.39212827988338195,0.0021115803511891533,"[1, 2, 3, 4, 5, 6, 7, 8, 9, 10, 11, 12]",1|2|3|4|5|6|7|8|9|10|11|12
770,Shri Krishna Museum,Kurukshetra,Haryana,North,Museum,"Religion,Heritage","Students,Family",20,100,1200,300,29.9692,76.878,4.4,2400,1,12,Urban,HAR-102,55.5,False,Easy,Half-day (2-4 hrs),0,0,0,0,0,0,0,0,0,0,0,0,0,0,0,0,0,0,0,0,0,0,0,0,0,0,0,0,0,0,0,0,0,0,0,0,0,0,0,0,0,0,0,0,0,0,0,0,0,0,0,0,0,1,0,0,0,0,0,0,0,0,0,0,0,0,0,0,0,0,0,0,0,0,0,0,0,0,0,0,0,0,0,0,0,0,0,0,0,0,0,0,0,0,0,0,0,0,0,0,1,0,0,0,0,0,0,0,0,0,0,0,0,0,0,0,0,0,0,0,0,0,0,0,0,0,0,0,0,0,0,0,0,0,0,0,0,0,0,0,0,0,0,0,0,0,0,0,0,0,0,0,0,0,0,1,0,0,0,0,0,0,0,0,1,0,1,200.0,2350.0,500.0,1620,4520,3070.0,0.4545454545454546,0.46209912536443143,0.0024449877750611247,"[1, 2, 3, 4, 5, 6, 7, 8, 9, 10, 11, 12]",1|2|3|4|5|6|7|8|9|10|11|12
771,Bhishma Kund,Kurukshetra,Haryana,North,Religious Site,"Mythology,Heritage","Pilgrims,Family",0,50,1000,300,29.9735,76.8788,4.2,1500,1,12,Urban,HAR-102,46.8,False,Moderate,Half-day (2-4 hrs),0,0,0,0,0,0,0,0,0,0,0,0,0,0,0,0,0,0,0,0,0,0,0,0,0,0,0,0,0,0,0,0,0,0,0,0,0,0,0,0,0,0,0,0,0,0,0,0,0,0,0,0,0,1,0,0,0,0,0,0,0,0,0,0,0,0,0,0,0,0,0,0,0,0,0,0,0,0,0,0,0,0,0,1,0,0,0,0,0,0,0,0,0,0,0,0,0,0,0,0,0,0,0,0,0,0,0,0,0,0,0,0,0,0,0,0,0,0,0,0,0,0,0,0,0,0,0,0,0,0,0,0,0,0,0,0,0,0,0,0,0,0,0,0,0,0,0,0,0,0,0,0,0,0,0,1,0,0,0,1,0,0,0,0,0,0,2,125.0,2000.0,500.0,1350,3900,2625.0,0.27272727272727293,0.33527696793002904,0.0014447655034452102,"[1, 2, 3, 4, 5, 6, 7, 8, 9, 10, 11, 12]",1|2|3|4|5|6|7|8|9|10|11|12
772,Saraswati Heritage Development Board Site,Kurukshetra,Haryana,North,Heritage Site,"Heritage,Heritage","Students,Tourists",0,50,1000,300,29.9675,76.88,4.1,900,1,12,Urban,HAR-102,43.8,False,Easy,Half-day (2-4 hrs),0,0,0,0,0,0,0,0,0,0,0,0,0,0,0,0,0,0,0,0,0,0,0,0,0,0,0,0,0,0,0,0,0,0,0,0,0,0,0,0,0,0,0,0,0,0,0,0,0,0,0,0,0,1,0,0,0,0,0,0,0,0,0,0,0,0,0,0,0,0,0,0,0,0,0,0,0,0,0,0,0,0,0,0,0,0,0,0,0,0,0,0,0,0,0,0,0,0,0,0,0,0,0,0,0,0,0,0,0,0,0,0,0,0,0,0,0,0,0,0,0,0,0,0,0,0,0,0,0,0,0,0,0,0,0,0,0,0,0,0,0,0,0,0,0,0,0,0,0,0,0,0,0,0,0,0,0,0,0,0,0,0,0,0,1,1,1,125.0,2000.0,500.0,1350,3900,2625.0,0.1818181818181812,0.29154518950437314,0.000777950655701267,"[1, 2, 3, 4, 5, 6, 7, 8, 9, 10, 11, 12]",1|2|3|4|5|6|7|8|9|10|11|12
773,Kalesar National Park,Yamunanagar,Haryana,North,National Park,"Wildlife,Nature","Photographers,Family",100,300,1500,350,30.316,77.545,4.5,2500,10,3,Forest,HAR-105,60.7,False,Moderate,Full-day (4-8 hrs),0,0,0,0,0,0,0,0,0,0,0,0,0,0,0,0,0,0,0,0,0,0,0,0,0,0,0,0,0,0,0,0,0,0,0,0,0,0,0,0,0,0,0,0,0,0,0,0,0,0,0,0,0,0,0,0,0,0,0,0,0,0,0,0,0,0,0,0,0,0,0,0,0,0,0,0,0,0,0,0,0,0,0,0,1,0,0,0,0,0,0,0,0,0,0,0,0,0,0,0,0,0,0,0,0,0,0,0,0,0,0,0,0,0,0,0,0,0,0,0,0,0,0,0,0,0,0,0,0,0,0,0,0,0,0,0,0,0,0,0,0,0,0,0,0,0,0,0,0,1,0,0,0,0,0,1,0,0,1,0,0,0,0,0,0,0,2,750.0,2500.0,575.0,2250,5600,3925.0,0.5454545454545454,0.5379008746355685,0.0025561235830184486,"[10, 11, 12, 1, 2, 3]",10|11|12|1|2|3
774,Kalesar Wildlife Sanctuary,Yamunanagar,Haryana,North,Wildlife Sanctuary,"Wildlife,Nature","Photographers,Students",100,300,1500,350,30.32,77.548,4.4,2100,10,3,Forest,HAR-105,56.1,False,Moderate,Full-day (4-8 hrs),0,0,0,0,0,0,0,0,0,0,0,0,0,0,0,0,0,0,0,0,0,0,0,0,0,0,0,0,0,0,0,0,0,0,0,0,0,0,0,0,0,0,0,0,0,0,0,0,0,0,0,0,0,0,0,0,0,0,0,0,0,0,0,0,0,0,0,0,0,0,0,0,0,0,0,0,0,0,0,0,0,0,0,0,1,0,0,0,0,0,0,0,0,0,0,0,0,0,0,0,0,0,0,0,0,0,0,0,0,0,0,0,0,0,0,0,0,0,0,0,0,0,0,0,0,0,0,0,0,0,0,0,0,0,0,0,0,0,0,0,0,0,0,0,0,0,0,0,0,1,0,0,0,0,0,0,0,0,1,0,0,0,0,0,1,0,2,750.0,2500.0,575.0,2250,5600,3925.0,0.4545454545454546,0.4708454810495626,0.0021115803511891533,"[10, 11, 12, 1, 2, 3]",10|11|12|1|2|3
775,Chhatbir Zoo,Zirakpur,Haryana,North,Zoo,"Wildlife,Nature","Family,Children",100,200,1500,350,30.57,76.82,4.4,6000,2,11,Forest,HAR-103,51.1,False,Moderate,Half-day (2-4 hrs),0,0,0,0,0,0,0,0,0,0,0,0,0,0,0,0,0,0,0,0,0,0,0,0,0,0,0,0,0,0,0,0,0,0,0,0,0,0,0,0,0,0,0,0,0,0,0,0,0,0,0,0,0,0,0,0,0,0,0,0,0,0,0,0,0,0,0,0,0,0,0,0,0,0,0,0,0,0,0,0,0,0,0,0,1,0,0,0,0,0,0,0,0,0,0,0,0,0,0,0,0,0,0,0,0,0,0,0,0,0,0,0,0,0,0,0,0,0,0,0,0,0,0,0,0,0,0,0,0,0,0,0,0,0,0,0,0,0,0,0,0,0,0,0,0,0,0,0,0,1,0,0,0,1,0,1,0,0,0,0,0,0,0,0,0,0,2,350.0,2500.0,575.0,2150,4900,3525.0,0.4545454545454546,0.3979591836734694,0.0064458768615247835,"[2, 3, 4, 5, 6, 7, 8, 9, 10, 11]",2|3|4|5|6|7|8|9|10|11
776,Cactus Garden Panchkula,Panchkula,Haryana,North,Garden,"Nature,","Family,Students",20,50,1200,300,30.695,76.86,4.3,1900,2,11,Urban,HAR-103,51.1,False,Easy,Short (1-2 hrs),0,0,0,0,0,0,0,0,0,0,0,0,0,0,0,0,0,0,0,0,0,0,0,0,0,0,0,0,0,0,0,0,0,0,0,0,0,0,0,0,0,0,0,0,0,0,0,0,0,0,0,0,0,0,0,0,0,0,0,0,0,0,0,0,0,0,0,0,0,0,0,0,0,0,0,0,0,0,0,0,0,0,0,0,1,0,0,0,0,0,0,0,0,0,0,0,0,0,0,0,0,0,0,0,0,0,0,0,0,0,0,0,0,0,0,0,0,0,0,0,0,0,0,0,0,0,0,0,0,0,0,0,0,0,0,0,0,0,0,0,0,0,0,0,0,0,0,0,0,0,0,0,0,0,0,1,0,0,0,0,0,0,0,0,1,0,1,125.0,2350.0,500.0,1570,4420,2995.0,0.3636363636363633,0.3979591836734694,0.0018893087352745057,"[2, 3, 4, 5, 6, 7, 8, 9, 10, 11]",2|3|4|5|6|7|8|9|10|11
777,Tilyar Mini Zoo,Rohtak,Haryana,North,Zoo,"Wildlife,Leisure","Family,Children",50,100,1200,300,28.889,76.615,4.2,2100,2,11,Urban,HAR-101,45.2,False,Easy,Half-day (2-4 hrs),0,0,0,0,0,0,0,0,0,0,0,0,0,0,0,0,0,0,0,0,0,0,0,0,0,0,0,0,0,0,0,0,0,0,0,0,0,0,0,0,0,0,0,0,0,0,0,0,0,0,0,0,0,0,0,0,0,0,0,0,0,0,0,0,0,0,0,0,0,1,0,0,0,0,0,0,0,0,0,0,0,0,0,0,0,0,0,0,0,0,0,0,0,0,0,0,0,0,0,0,0,0,0,0,0,0,0,0,0,0,0,0,0,0,0,0,0,0,0,0,0,0,0,0,0,0,0,0,0,0,0,0,0,0,0,0,0,0,0,0,0,0,0,0,0,0,0,0,0,1,0,0,0,1,0,1,0,0,0,0,0,0,0,0,0,0,1,250.0,2100.0,500.0,1650,4150,2900.0,0.27272727272727293,0.3119533527696793,0.0021115803511891533,"[2, 3, 4, 5, 6, 7, 8, 9, 10, 11]",2|3|4|5|6|7|8|9|10|11
778,Bhindawas Wildlife Sanctuary,Jhajjar,Haryana,North,Wildlife Sanctuary,"Birdwatching,Nature","Photographers,Students",50,100,1200,300,28.533,76.55,4.3,1600,10,3,Forest,HAR-101,51.9,False,Moderate,Full-day (4-8 hrs),0,0,0,0,0,0,0,0,0,0,0,0,0,0,0,1,0,0,0,0,0,0,0,0,0,0,0,0,0,0,0,0,0,0,0,0,0,0,0,0,0,0,0,0,0,0,0,0,0,0,0,0,0,0,0,0,0,0,0,0,0,0,0,0,0,0,0,0,0,0,0,0,0,0,0,0,0,0,0,0,0,0,0,0,1,0,0,0,0,0,0,0,0,0,0,0,0,0,0,0,0,0,0,0,0,0,0,0,0,0,0,0,0,0,0,0,0,0,0,0,0,0,0,0,0,0,0,0,0,0,0,0,0,0,0,0,0,0,0,0,0,0,0,0,0,0,0,0,0,0,0,0,0,0,0,0,0,0,1,0,0,0,0,0,1,0,2,250.0,2100.0,500.0,1650,4150,2900.0,0.3636363636363633,0.40962099125364426,0.0015559013114025341,"[10, 11, 12, 1, 2, 3]",10|11|12|1|2|3
779,Damdama Hill Viewpoint Point,Gurugram,Haryana,North,Viewpoint,"Nature,Scenic","Friends,Couples",0,200,1500,350,28.31,77.1,4.4,2500,2,11,Mountain,HAR-101,55.3,False,Moderate,Short (1-2 hrs),0,0,0,0,0,0,0,0,0,0,0,0,0,0,0,0,0,0,0,0,0,0,0,0,0,0,0,0,0,0,0,0,0,0,0,0,0,0,0,0,0,0,0,0,0,0,0,0,0,0,0,0,0,0,0,0,0,0,0,0,0,0,0,0,0,0,0,0,0,0,0,0,0,0,0,0,0,0,0,0,0,0,0,0,1,0,0,0,0,0,0,0,0,0,0,0,0,0,0,0,0,0,0,0,0,0,0,0,0,0,0,0,1,0,0,0,0,0,0,0,0,0,0,0,0,0,0,0,0,0,0,0,0,0,0,0,0,0,0,0,0,0,0,0,0,0,0,0,0,0,0,0,0,0,1,0,1,0,0,0,0,0,0,0,0,0,2,600.0,2750.0,575.0,2050,5800,3925.0,0.4545454545454546,0.4591836734693876,0.0025561235830184486,"[2, 3, 4, 5, 6, 7, 8, 9, 10, 11]",2|3|4|5|6|7|8|9|10|11
780,Badhkal Hill Viewpoint,Faridabad,Haryana,North,Viewpoint,"Nature,Photography","Friends,Couples",0,200,1500,350,28.424,77.3,4.1,1700,2,11,Mountain,HAR-101,40.7,False,Moderate,Short (1-2 hrs),0,0,0,0,0,0,0,0,0,0,0,0,0,0,0,0,0,0,0,0,0,0,0,0,0,0,0,0,0,0,0,0,0,0,0,0,0,0,0,0,0,0,0,0,0,0,0,0,0,0,0,0,0,0,0,0,0,0,0,0,0,0,0,0,0,0,0,0,0,0,0,0,0,0,0,0,0,0,0,0,0,0,0,0,1,0,0,0,0,0,0,0,1,0,0,0,0,0,0,0,0,0,0,0,0,0,0,0,0,0,0,0,0,0,0,0,0,0,0,0,0,0,0,0,0,0,0,0,0,0,0,0,0,0,0,0,0,0,0,0,0,0,0,0,0,0,0,0,0,0,0,0,0,0,1,0,1,0,0,0,0,0,0,0,0,0,2,600.0,2500.0,575.0,2050,5300,3675.0,0.1818181818181812,0.24635568513119532,0.001667037119359858,"[2, 3, 4, 5, 6, 7, 8, 9, 10, 11]",2|3|4|5|6|7|8|9|10|11
781,Raja Nahar Singh Fort Museum,Faridabad,Haryana,North,Fort,"Heritage,Heritage","Students,Family",50,100,1200,300,28.244,77.326,4.3,2000,1,12,Urban,HAR-101,50.9,False,Moderate,Half-day (2-4 hrs),0,0,0,0,0,0,0,0,0,0,0,0,0,0,0,0,0,0,0,0,0,0,0,0,0,0,0,0,0,0,0,0,0,0,0,0,0,0,0,0,0,0,0,0,0,0,0,0,0,0,0,0,0,1,0,0,0,0,0,0,0,0,0,0,0,0,0,0,0,0,0,0,0,0,0,0,0,0,0,0,0,0,0,0,0,0,0,0,0,0,0,0,0,0,0,0,0,0,0,0,0,0,0,0,0,0,0,0,0,0,0,0,0,0,0,0,0,0,0,0,0,0,0,0,0,0,0,0,0,0,0,0,0,0,0,0,0,0,0,0,0,0,0,0,0,0,0,0,0,0,0,0,0,0,0,1,0,0,0,0,0,0,0,0,1,0,2,200.0,2350.0,500.0,1650,4550,3100.0,0.3636363636363633,0.39504373177842556,0.0020004445432318294,"[1, 2, 3, 4, 5, 6, 7, 8, 9, 10, 11, 12]",1|2|3|4|5|6|7|8|9|10|11|12
782,Mata Mansa Devi Temple,Panchkula,Haryana,North,Temple,"Religion,Spiritual","Pilgrims,Family",0,100,1200,300,30.721,76.853,4.6,7000,1,12,Urban,HAR-103,61.3,False,Easy,Short (1-2 hrs),0,0,0,0,0,0,0,0,0,0,0,0,0,0,0,0,0,0,0,0,0,0,0,0,0,0,0,0,0,0,0,0,0,0,0,0,0,0,0,0,0,0,0,0,0,0,0,0,0,0,0,0,0,0,0,0,0,0,0,0,0,0,0,0,0,0,0,0,0,0,0,0,0,0,0,0,0,0,0,0,0,0,0,0,0,0,0,0,0,0,0,0,0,0,0,0,0,0,0,0,1,0,0,0,0,0,0,0,0,0,0,0,0,0,0,0,0,0,0,0,0,0,1,0,0,0,0,0,0,0,0,0,0,0,0,0,0,0,0,0,0,0,0,0,0,0,0,0,0,0,0,0,0,0,0,1,0,0,0,1,0,0,0,0,0,0,1,200.0,2350.0,500.0,1600,4500,3050.0,0.6363636363636362,0.5466472303206996,0.007557234941098022,"[1, 2, 3, 4, 5, 6, 7, 8, 9, 10, 11, 12]",1|2|3|4|5|6|7|8|9|10|11|12
783,Pipli Zoo,Kurukshetra,Haryana,North,Zoo,"Wildlife,Leisure","Family,Children",50,100,1200,300,29.979,76.825,4.1,1500,2,11,Urban,HAR-102,41.3,False,Easy,Half-day (2-4 hrs),0,0,0,0,0,0,0,0,0,0,0,0,0,0,0,0,0,0,0,0,0,0,0,0,0,0,0,0,0,0,0,0,0,0,0,0,0,0,0,0,0,0,0,0,0,0,0,0,0,0,0,0,0,0,0,0,0,0,0,0,0,0,0,0,0,0,0,0,0,1,0,0,0,0,0,0,0,0,0,0,0,0,0,0,0,0,0,0,0,0,0,0,0,0,0,0,0,0,0,0,0,0,0,0,0,0,0,0,0,0,0,0,0,0,0,0,0,0,0,0,0,0,0,0,0,0,0,0,0,0,0,0,0,0,0,0,0,0,0,0,0,0,0,0,0,0,0,0,0,1,0,0,0,1,0,1,0,0,0,0,0,0,0,0,0,0,1,250.0,2100.0,500.0,1650,4150,2900.0,0.1818181818181812,0.2551020408163265,0.0014447655034452102,"[2, 3, 4, 5, 6, 7, 8, 9, 10, 11]",2|3|4|5|6|7|8|9|10|11
784,Panchkula Urban Park,Panchkula,Haryana,North,Park,"Nature,Leisure","Family,Couples",10,50,1200,300,30.6955,76.8605,4.2,1800,2,11,Urban,HAR-103,45.9,False,Easy,Half-day (2-4 hrs),0,0,0,0,0,0,0,0,0,0,0,0,0,0,0,0,0,0,0,0,0,0,0,0,0,0,0,0,0,0,0,0,0,0,0,0,0,0,0,0,0,0,0,0,0,0,0,0,0,0,0,0,0,0,0,0,0,0,0,0,0,0,0,0,0,0,0,0,0,1,0,0,0,0,0,0,0,0,0,0,0,0,0,0,1,0,0,0,0,0,0,0,0,0,0,0,0,0,0,0,0,0,0,0,0,0,0,0,0,0,0,0,0,0,0,0,0,0,0,0,0,0,0,0,0,0,0,0,0,0,0,0,0,0,0,0,0,0,0,0,0,0,0,0,0,0,0,0,0,0,0,0,0,0,1,1,0,0,0,0,0,0,0,0,0,0,1,125.0,2350.0,500.0,1560,4410,2985.0,0.27272727272727293,0.32215743440233224,0.0017781729273171818,"[2, 3, 4, 5, 6, 7, 8, 9, 10, 11]",2|3|4|5|6|7|8|9|10|11
785,Banni Khera Farm,Rohtak,Haryana,North,Farm Tourism,"Rural,Ecologicallogical","Family,Students",200,300,1500,350,28.93,76.62,4.3,1300,10,3,Forest,HAR-101,52.9,False,Moderate,Half-day (2-4 hrs),0,0,0,0,0,0,0,0,0,0,0,0,0,0,0,0,0,0,0,0,0,0,0,0,0,0,0,0,0,0,0,0,0,0,0,1,0,0,0,0,0,0,0,0,0,0,0,0,0,0,0,0,0,0,0,0,0,0,0,0,0,0,0,0,0,0,0,0,0,0,0,0,0,0,0,0,0,0,0,0,0,0,0,0,0,0,0,0,0,0,0,0,0,0,0,0,0,0,0,0,0,0,0,0,0,0,0,0,0,0,1,0,0,0,0,0,0,0,0,0,0,0,0,0,0,0,0,0,0,0,0,0,0,0,0,0,0,0,0,0,0,0,0,0,0,0,0,0,0,0,0,0,0,0,0,1,0,0,0,0,0,0,0,0,1,0,2,550.0,2750.0,575.0,2350,5800,4075.0,0.3636363636363633,0.42419825072886286,0.0012224938875305626,"[10, 11, 12, 1, 2, 3]",10|11|12|1|2|3
786,Heritage Transport Museum,Tauru,Haryana,North,Museum,"Transport,Heritage","Students,Family",400,200,1500,350,28.21,76.98,4.7,9000,1,12,Urban,HAR-101,65.5,True,Easy,Half-day (2-4 hrs),0,0,0,0,0,0,0,0,0,0,0,0,0,0,0,0,0,0,0,0,0,0,0,0,0,0,0,0,0,0,0,0,0,0,0,0,0,0,0,0,0,0,0,0,0,0,0,0,0,0,0,0,0,1,0,0,0,0,0,0,0,0,0,0,0,0,0,0,0,0,0,0,0,0,0,0,0,0,0,0,0,0,0,0,0,0,0,0,0,0,0,0,0,0,0,0,0,0,0,0,0,0,0,0,0,0,0,0,0,0,0,0,0,0,0,0,0,0,0,0,0,0,0,0,0,0,0,0,0,0,0,0,0,0,0,1,0,0,0,0,0,0,0,0,0,0,0,0,0,0,0,0,0,0,0,1,0,0,0,0,0,0,0,0,1,0,1,350.0,2750.0,575.0,2450,5700,4075.0,0.7272727272727271,0.6078717201166179,0.0097799511002445,"[1, 2, 3, 4, 5, 6, 7, 8, 9, 10, 11, 12]",1|2|3|4|5|6|7|8|9|10|11|12
787,Sohna Hot Springs,Sohna,Haryana,North,Hot Spring,"Nature,Relaxation","Family,Couples",100,200,1500,350,28.248,77.07,4.3,3200,2,11,Mountain,HAR-101,48.6,False,Moderate,Short (1-2 hrs),0,0,0,0,0,0,0,0,0,0,0,0,0,0,0,0,0,0,0,0,0,0,0,0,0,0,0,0,0,0,0,0,0,0,0,0,0,0,0,0,0,0,0,0,0,0,0,0,0,0,0,0,0,0,0,0,0,0,0,0,0,0,0,0,0,0,0,0,0,0,0,0,0,0,0,0,0,0,0,0,0,0,0,0,1,0,0,0,0,0,0,0,0,0,0,0,0,0,0,1,0,0,0,0,0,0,0,0,0,0,0,0,0,0,0,0,0,0,0,0,0,0,0,0,0,0,0,0,0,0,0,0,0,0,0,0,0,0,0,0,0,0,0,0,0,0,0,0,0,0,0,0,0,0,1,1,0,0,0,0,0,0,0,0,0,0,2,400.0,2500.0,575.0,2150,5000,3575.0,0.3636363636363633,0.36151603498542273,0.0033340742387197157,"[2, 3, 4, 5, 6, 7, 8, 9, 10, 11]",2|3|4|5|6|7|8|9|10|11
788,Lansdowne,Pauri Garhwal,Uttarakhand,North,Hill Station,"Nature,Relaxation","Family,Couples",0,300,1500,350,29.838,78.687,4.5,5200,3,10,Mountain,UTT-287,57.2,False,Moderate,Full-day (4-8 hrs),0,0,0,0,0,0,0,0,0,0,0,0,0,0,0,0,0,0,0,0,0,0,0,0,0,0,0,0,0,0,0,0,0,0,0,0,0,0,0,0,0,0,0,0,0,0,0,0,0,0,0,0,0,0,0,0,0,0,0,0,0,0,0,0,0,0,0,0,0,0,0,0,0,0,0,0,0,0,0,0,0,0,0,0,1,0,0,0,0,0,0,0,0,0,0,0,0,0,0,1,0,0,0,0,0,0,0,0,0,0,0,0,0,0,0,0,0,0,0,0,0,0,0,0,0,0,0,0,0,0,0,0,0,0,0,0,0,0,0,0,0,0,0,0,0,0,0,0,0,0,0,0,0,0,1,1,0,0,0,0,0,0,0,0,0,0,2,900.0,2750.0,575.0,2150,6300,4225.0,0.5454545454545454,0.4868804664723032,0.005556790397866193,"[3, 4, 5, 6, 7, 8, 9, 10]",3|4|5|6|7|8|9|10
789,Dhanaulti,Tehri Garhwal,Uttarakhand,North,Hill Station,"Nature,Scenic","Family,Couples",0,300,1500,350,30.449,78.291,4.4,4800,3,10,Mountain,UTT-286,52.2,False,Moderate,Full-day (4-8 hrs),0,0,0,0,0,0,0,0,0,0,0,0,0,0,0,0,0,0,0,0,0,0,0,0,0,0,0,0,0,0,0,0,0,0,0,0,0,0,0,0,0,0,0,0,0,0,0,0,0,0,0,0,0,0,0,0,0,0,0,0,0,0,0,0,0,0,0,0,0,0,0,0,0,0,0,0,0,0,0,0,0,0,0,0,1,0,0,0,0,0,0,0,0,0,0,0,0,0,0,0,0,0,0,0,0,0,0,0,0,0,0,0,1,0,0,0,0,0,0,0,0,0,0,0,0,0,0,0,0,0,0,0,0,0,0,0,0,0,0,0,0,0,0,0,0,0,0,0,0,0,0,0,0,0,1,1,0,0,0,0,0,0,0,0,0,0,2,900.0,2750.0,575.0,2150,6300,4225.0,0.4545454545454546,0.4139941690962099,0.005112247166036897,"[3, 4, 5, 6, 7, 8, 9, 10]",3|4|5|6|7|8|9|10
790,Almora,Almora,Uttarakhand,North,Hill Town,"Heritage,Nature","Family,Students",0,300,1500,350,29.597,79.659,4.5,6200,3,10,Mountain,UTT-285,56.4,False,Moderate,Half-day (2-4 hrs),0,0,0,0,0,0,0,0,0,0,0,0,0,0,0,0,0,0,0,0,0,0,0,0,0,0,0,0,0,0,0,0,0,0,0,0,0,0,0,0,0,0,0,0,0,0,0,0,0,0,0,0,0,1,0,0,0,0,0,0,0,0,0,0,0,0,0,0,0,0,0,0,0,0,0,0,0,0,0,0,0,0,0,0,1,0,0,0,0,0,0,0,0,0,0,0,0,0,0,0,0,0,0,0,0,0,0,0,0,0,0,0,0,0,0,0,0,0,0,0,0,0,0,0,0,0,0,0,0,0,0,0,0,0,0,0,0,0,0,0,0,0,0,0,0,0,0,0,0,0,0,0,0,0,0,1,0,0,0,0,0,0,0,0,1,0,2,900.0,2500.0,575.0,2150,5800,3975.0,0.5454545454545454,0.4752186588921282,0.006668148477439431,"[3, 4, 5, 6, 7, 8, 9, 10]",3|4|5|6|7|8|9|10
791,Ranikhet,Almora,Uttarakhand,North,Hill Station,"Nature,Peaceful","Family,Couples",0,300,1500,350,29.64,79.432,4.6,5400,3,10,Mountain,UTT-285,62.5,False,Moderate,Full-day (4-8 hrs),0,0,0,0,0,0,0,0,0,0,0,0,0,0,0,0,0,0,0,0,0,0,0,0,0,0,0,0,0,0,0,0,0,0,0,0,0,0,0,0,0,0,0,0,0,0,0,0,0,0,0,0,0,0,0,0,0,0,0,0,0,0,0,0,0,0,0,0,0,0,0,0,0,0,0,0,0,0,0,0,0,0,0,0,1,0,0,0,0,0,0,1,0,0,0,0,0,0,0,0,0,0,0,0,0,0,0,0,0,0,0,0,0,0,0,0,0,0,0,0,0,0,0,0,0,0,0,0,0,0,0,0,0,0,0,0,0,0,0,0,0,0,0,0,0,0,0,0,0,0,0,0,0,0,1,1,0,0,0,0,0,0,0,0,0,0,2,900.0,2500.0,575.0,2150,5800,3975.0,0.6363636363636362,0.564139941690962,0.005779062013780841,"[3, 4, 5, 6, 7, 8, 9, 10]",3|4|5|6|7|8|9|10
792,Munsiyari,Pithoragarh,Uttarakhand,North,Hill Station,"Trekking,Nature","Friends,Adventure",0,500,1500,350,30.067,80.238,4.7,4200,4,10,Mountain,UTT-285,69.2,True,Moderate,Full-day (4-8 hrs),0,0,0,0,0,0,0,0,0,0,0,0,0,0,0,0,0,0,0,0,0,0,0,0,0,0,0,0,0,0,0,0,0,0,0,0,0,0,0,0,0,0,0,0,0,0,0,0,0,0,0,0,0,0,0,0,0,0,0,0,0,0,0,0,0,0,0,0,0,0,0,0,0,0,0,0,0,0,0,0,0,0,0,0,1,0,0,0,0,0,0,0,0,0,0,0,0,0,0,0,0,0,0,0,0,0,0,0,0,0,0,0,0,0,0,0,0,0,0,0,0,0,0,0,0,0,0,0,0,0,0,0,0,0,0,0,1,0,0,0,0,0,0,0,0,0,0,0,0,0,0,0,1,0,0,0,1,0,0,0,0,0,0,0,0,0,2,1500.0,2750.0,600.0,2350,7350,4850.0,0.7272727272727271,0.661807580174927,0.0044454323182929545,"[4, 5, 6, 7, 8, 9, 10]",4|5|6|7|8|9|10
793,Mukteshwar,Nainital,Uttarakhand,North,Hill Station,"Nature,","Couples,Friends",0,300,1500,350,29.473,79.647,4.6,3800,3,10,Mountain,UTT-285,64.2,True,Moderate,Full-day (4-8 hrs),0,0,0,0,0,0,0,0,0,0,0,0,0,0,0,0,0,0,0,0,0,0,0,0,0,0,0,0,0,0,0,0,0,0,0,0,0,0,0,0,0,0,0,0,0,0,0,0,0,0,0,0,0,0,0,0,0,0,0,0,0,0,0,0,0,0,0,0,0,0,0,0,0,0,0,0,0,0,0,0,0,0,0,0,1,0,0,0,0,0,0,0,0,0,0,0,0,0,0,0,0,0,0,0,0,0,0,0,0,0,0,0,0,0,0,0,0,0,0,0,0,0,0,0,0,0,0,0,0,0,0,0,0,0,0,0,0,0,0,0,0,0,0,0,0,0,0,0,0,0,0,0,0,0,1,0,1,0,0,0,0,0,0,0,0,0,2,900.0,2500.0,575.0,2150,5800,3975.0,0.6363636363636362,0.5889212827988337,0.004000889086463659,"[3, 4, 5, 6, 7, 8, 9, 10]",3|4|5|6|7|8|9|10
794,Chakrata,Dehradun,Uttarakhand,North,Hill Station,"Nature,Trekking","Friends,Couples",0,300,1500,350,30.703,77.861,4.5,3600,3,10,Mountain,UTT-286,59.0,False,Moderate,Full-day (4-8 hrs),0,0,0,0,0,0,0,0,0,0,0,0,0,0,0,0,0,0,0,0,0,0,0,0,0,0,0,0,0,0,0,0,0,0,0,0,0,0,0,0,0,0,0,0,0,0,0,0,0,0,0,0,0,0,0,0,0,0,0,0,0,0,0,0,0,0,0,0,0,0,0,0,0,0,0,0,0,0,0,0,0,0,0,0,1,0,0,0,0,0,0,0,0,0,0,0,0,0,0,0,0,0,0,0,0,0,0,0,0,0,0,0,0,0,0,0,0,0,0,0,0,0,0,0,0,0,0,0,0,0,0,0,0,0,0,0,1,0,0,0,0,0,0,0,0,0,0,0,0,0,0,0,0,0,1,0,1,0,0,0,0,0,0,0,0,0,2,900.0,2500.0,575.0,2150,5800,3975.0,0.5454545454545454,0.5131195335276967,0.003778617470549011,"[3, 4, 5, 6, 7, 8, 9, 10]",3|4|5|6|7|8|9|10
795,Bhimtal,Nainital,Uttarakhand,North,Lake Town,"Nature,Boating","Family,Couples",0,200,1500,350,29.344,79.563,4.5,4500,3,10,Valley,UTT-285,57.9,False,Easy,Full-day (4-8 hrs),0,0,0,0,0,0,0,0,0,0,0,0,0,0,0,0,1,0,0,0,0,0,0,0,0,0,0,0,0,0,0,0,0,0,0,0,0,0,0,0,0,0,0,0,0,0,0,0,0,0,0,0,0,0,0,0,0,0,0,0,0,0,0,0,0,0,0,0,0,0,0,0,0,0,0,0,0,0,0,0,0,0,0,0,1,0,0,0,0,0,0,0,0,0,0,0,0,0,0,0,0,0,0,0,0,0,0,0,0,0,0,0,0,0,0,0,0,0,0,0,0,0,0,0,0,0,0,0,0,0,0,0,0,0,0,0,0,0,0,0,0,0,0,0,0,0,0,0,0,0,0,0,0,0,1,1,0,0,0,0,0,0,0,0,0,0,1,500.0,2500.0,575.0,2050,5100,3575.0,0.5454545454545454,0.49708454810495617,0.004778839742164926,"[3, 4, 5, 6, 7, 8, 9, 10]",3|4|5|6|7|8|9|10
796,Sattal,Nainital,Uttarakhand,North,Lake Area,"Nature,Birdwatching","Photographers,Family",0,200,1500,350,29.335,79.576,4.6,3000,3,10,Valley,UTT-285,65.3,True,Easy,Full-day (4-8 hrs),0,0,0,0,0,0,0,0,0,0,0,0,0,0,0,1,0,0,0,0,0,0,0,0,0,0,0,0,0,0,0,0,0,0,0,0,0,0,0,0,0,0,0,0,0,0,0,0,0,0,0,0,0,0,0,0,0,0,0,0,0,0,0,0,0,0,0,0,0,0,0,0,0,0,0,0,0,0,0,0,0,0,0,0,1,0,0,0,0,0,0,0,0,0,0,0,0,0,0,0,0,0,0,0,0,0,0,0,0,0,0,0,0,0,0,0,0,0,0,0,0,0,0,0,0,0,0,0,0,0,0,0,0,0,0,0,0,0,0,0,0,0,0,0,0,0,0,0,0,0,0,0,0,0,0,1,0,0,1,0,0,0,0,0,0,0,1,500.0,2500.0,575.0,2050,5100,3575.0,0.6363636363636362,0.6049562682215742,0.003111802622805068,"[3, 4, 5, 6, 7, 8, 9, 10]",3|4|5|6|7|8|9|10
797,Pangot,Nainital,Uttarakhand,North,Village,"Birdwatching,Nature","Photographers,Friends",0,200,1500,350,29.391,79.458,4.5,2400,3,10,Forest,UTT-285,60.9,False,Moderate,Half-day (2-4 hrs),0,0,0,0,0,0,0,0,0,0,0,0,0,0,0,1,0,0,0,0,0,0,0,0,0,0,0,0,0,0,0,0,0,0,0,0,0,0,0,0,0,0,0,0,0,0,0,0,0,0,0,0,0,0,0,0,0,0,0,0,0,0,0,0,0,0,0,0,0,0,0,0,0,0,0,0,0,0,0,0,0,0,0,0,1,0,0,0,0,0,0,0,0,0,0,0,0,0,0,0,0,0,0,0,0,0,0,0,0,0,0,0,0,0,0,0,0,0,0,0,0,0,0,0,0,0,0,0,0,0,0,0,0,0,0,0,0,0,0,0,0,0,0,0,0,0,0,0,0,0,0,0,0,0,0,0,1,0,1,0,0,0,0,0,0,0,2,500.0,2500.0,575.0,2050,5100,3575.0,0.5454545454545454,0.5408163265306122,0.0024449877750611247,"[3, 4, 5, 6, 7, 8, 9, 10]",3|4|5|6|7|8|9|10
798,Bhimtal Lake,Nainital,Uttarakhand,North,Lake,"Nature,Boating","Family,Couples",0,200,1500,350,29.343,79.5635,4.5,4700,3,10,Valley,UTT-285,57.7,False,Easy,Full-day (4-8 hrs),0,0,0,0,0,0,0,0,0,0,0,0,0,0,0,0,1,0,0,0,0,0,0,0,0,0,0,0,0,0,0,0,0,0,0,0,0,0,0,0,0,0,0,0,0,0,0,0,0,0,0,0,0,0,0,0,0,0,0,0,0,0,0,0,0,0,0,0,0,0,0,0,0,0,0,0,0,0,0,0,0,0,0,0,1,0,0,0,0,0,0,0,0,0,0,0,0,0,0,0,0,0,0,0,0,0,0,0,0,0,0,0,0,0,0,0,0,0,0,0,0,0,0,0,0,0,0,0,0,0,0,0,0,0,0,0,0,0,0,0,0,0,0,0,0,0,0,0,0,0,0,0,0,0,1,1,0,0,0,0,0,0,0,0,0,0,1,500.0,2500.0,575.0,2050,5100,3575.0,0.5454545454545454,0.49416909620991245,0.005001111358079574,"[3, 4, 5, 6, 7, 8, 9, 10]",3|4|5|6|7|8|9|10
799,Naukuchiatal Lake,Nainital,Uttarakhand,North,Lake,"Nature,Boating","Family,Couples",0,200,1500,350,29.336,79.61,4.5,3300,3,10,Valley,UTT-285,59.4,False,Easy,Full-day (4-8 hrs),0,0,0,0,0,0,0,0,0,0,0,0,0,0,0,0,1,0,0,0,0,0,0,0,0,0,0,0,0,0,0,0,0,0,0,0,0,0,0,0,0,0,0,0,0,0,0,0,0,0,0,0,0,0,0,0,0,0,0,0,0,0,0,0,0,0,0,0,0,0,0,0,0,0,0,0,0,0,0,0,0,0,0,0,1,0,0,0,0,0,0,0,0,0,0,0,0,0,0,0,0,0,0,0,0,0,0,0,0,0,0,0,0,0,0,0,0,0,0,0,0,0,0,0,0,0,0,0,0,0,0,0,0,0,0,0,0,0,0,0,0,0,0,0,0,0,0,0,0,0,0,0,0,0,1,1,0,0,0,0,0,0,0,0,0,0,1,500.0,2500.0,575.0,2050,5100,3575.0,0.5454545454545454,0.5189504373177841,0.0034452100466770396,"[3, 4, 5, 6, 7, 8, 9, 10]",3|4|5|6|7|8|9|10
800,Sattal Lake,Nainital,Uttarakhand,North,Lake,"Nature,Birdwatching","Photographers,Friends",0,200,1500,350,29.3355,79.5755,4.6,2800,3,10,Valley,UTT-285,65.6,True,Easy,Full-day (4-8 hrs),0,0,0,0,0,0,0,0,0,0,0,0,0,0,0,1,0,0,0,0,0,0,0,0,0,0,0,0,0,0,0,0,0,0,0,0,0,0,0,0,0,0,0,0,0,0,0,0,0,0,0,0,0,0,0,0,0,0,0,0,0,0,0,0,0,0,0,0,0,0,0,0,0,0,0,0,0,0,0,0,0,0,0,0,1,0,0,0,0,0,0,0,0,0,0,0,0,0,0,0,0,0,0,0,0,0,0,0,0,0,0,0,0,0,0,0,0,0,0,0,0,0,0,0,0,0,0,0,0,0,0,0,0,0,0,0,0,0,0,0,0,0,0,0,0,0,0,0,0,0,0,0,0,0,0,0,1,0,1,0,0,0,0,0,0,0,1,500.0,2500.0,575.0,2050,5100,3575.0,0.6363636363636362,0.6093294460641397,0.0028895310068904204,"[3, 4, 5, 6, 7, 8, 9, 10]",3|4|5|6|7|8|9|10
801,Dodital Lake,Uttarkashi,Uttarakhand,North,Lake,"Trekking,Nature","Adventure,Friends",0,500,1500,350,30.871,78.473,4.7,2100,4,10,Mountain,UTT-285,72.5,True,Moderate,Full-day (4-8 hrs),0,0,0,0,0,0,0,0,0,0,0,0,0,0,0,0,0,0,0,0,0,0,0,0,0,0,0,0,0,0,0,0,0,0,0,0,0,0,0,0,0,0,0,0,0,0,0,0,0,0,0,0,0,0,0,0,0,0,0,0,0,0,0,0,0,0,0,0,0,0,0,0,0,0,0,0,0,0,0,0,0,0,0,0,1,0,0,0,0,0,0,0,0,0,0,0,0,0,0,0,0,0,0,0,0,0,0,0,0,0,0,0,0,0,0,0,0,0,0,0,0,0,0,0,0,0,0,0,0,0,0,0,0,0,0,0,1,0,0,0,0,0,0,0,0,0,0,0,0,0,0,0,1,0,0,0,1,0,0,0,0,0,0,0,0,0,2,1250.0,2500.0,575.0,2350,6300,4325.0,0.7272727272727271,0.7099125364431487,0.0021115803511891533,"[4, 5, 6, 7, 8, 9, 10]",4|5|6|7|8|9|10
802,Deoria Tal,Rudraprayag,Uttarakhand,North,Lake,"Trekking,Nature","Adventure,Photographers",0,400,1500,350,30.528,79.216,4.7,2400,4,10,Mountain,UTT-285,71.8,True,Moderate,Full-day (4-8 hrs),0,0,0,0,0,0,0,0,0,0,0,0,0,0,0,0,0,0,0,0,0,0,0,0,0,0,0,0,0,0,0,0,0,0,0,0,0,0,0,0,0,0,0,0,0,0,0,0,0,0,0,0,0,0,0,0,0,0,0,0,0,0,0,0,0,0,0,0,0,0,0,0,0,0,0,0,0,0,0,0,0,0,0,0,1,0,0,0,0,0,0,0,0,0,0,0,0,0,0,0,0,0,0,0,0,0,0,0,0,0,0,0,0,0,0,0,0,0,0,0,0,0,0,0,0,0,0,0,0,0,0,0,0,0,0,0,1,0,0,0,0,0,0,0,0,0,0,0,0,0,0,0,1,0,0,0,0,0,1,0,0,0,0,0,0,0,2,950.0,2500.0,575.0,2250,5800,4025.0,0.7272727272727271,0.6997084548104955,0.0024449877750611247,"[4, 5, 6, 7, 8, 9, 10]",4|5|6|7|8|9|10
803,Hemkund Lake,Chamoli,Uttarakhand,North,Lake,"Spiritual,Trekking","Pilgrims,Adventure",0,500,1500,350,30.726,79.604,4.8,3000,6,9,Mountain,UTT-285,76.2,True,Moderate,Full-day (4-8 hrs),0,0,0,0,0,0,0,0,0,0,0,0,0,0,0,0,0,0,0,0,0,0,0,0,0,0,0,0,0,0,0,0,0,0,0,0,0,0,0,0,0,0,0,0,0,0,0,0,0,0,0,0,0,0,0,0,0,0,0,0,0,0,0,0,0,0,0,0,0,0,0,0,0,0,0,0,0,0,0,0,0,0,0,0,0,0,0,0,0,0,0,0,0,0,0,0,0,0,0,0,0,0,0,0,0,0,0,0,0,0,0,0,0,0,0,0,0,0,0,0,0,0,1,0,0,0,0,0,0,0,0,0,0,0,0,0,1,0,0,0,0,0,0,0,0,0,0,0,0,0,0,0,1,0,0,0,0,0,0,1,0,0,0,0,0,0,2,1250.0,2500.0,575.0,2350,6300,4325.0,0.8181818181818179,0.7638483965014577,0.003111802622805068,"[6, 7, 8, 9]",6|7|8|9
804,Hemkund Sahib,Chamoli,Uttarakhand,North,Gurdwara,"Religion,Spiritual",Pilgrims,0,500,1500,350,30.7265,79.6035,4.9,8000,6,9,Mountain,UTT-285,77.0,True,Moderate,Short (1-2 hrs),0,0,0,0,0,0,0,0,0,0,0,0,0,0,0,0,0,0,0,0,0,0,0,0,0,0,0,0,0,0,0,0,0,0,0,0,0,0,0,0,0,0,0,0,0,0,0,0,0,0,0,0,0,0,0,0,0,0,0,0,0,0,0,0,0,0,0,0,0,0,0,0,0,0,0,0,0,0,0,0,0,0,0,0,0,0,0,0,0,0,0,0,0,0,0,0,0,0,0,0,1,0,0,0,0,0,0,0,0,0,0,0,0,0,0,0,0,0,0,0,0,0,1,0,0,0,0,0,0,0,0,0,0,0,0,0,0,0,0,0,0,0,0,0,0,0,0,0,0,0,0,0,0,0,0,0,0,0,0,1,0,0,0,0,0,0,2,1250.0,2500.0,575.0,2350,6300,4325.0,0.9090909090909096,0.7755102040816326,0.008668593020671262,"[6, 7, 8, 9]",6|7|8|9
805,Jageshwar Dham,Almora,Uttarakhand,North,Temple,"Religion,Heritage","Pilgrims,Family",0,100,1200,300,29.6405,79.849,4.7,4200,3,10,Forest,UTT-285,69.2,True,Moderate,Short (1-2 hrs),0,0,0,0,0,0,0,0,0,0,0,0,0,0,0,0,0,0,0,0,0,0,0,0,0,0,0,0,0,0,0,0,0,0,0,0,0,0,0,0,0,0,0,0,0,0,0,0,0,0,0,0,0,1,0,0,0,0,0,0,0,0,0,0,0,0,0,0,0,0,0,0,0,0,0,0,0,0,0,0,0,0,0,0,0,0,0,0,0,0,0,0,0,0,0,0,0,0,0,0,1,0,0,0,0,0,0,0,0,0,0,0,0,0,0,0,0,0,0,0,0,0,0,0,0,0,0,0,0,0,0,0,0,0,0,0,0,0,0,0,0,0,0,0,0,0,0,0,0,0,0,0,0,0,0,1,0,0,0,1,0,0,0,0,0,0,2,200.0,2100.0,500.0,1600,4000,2800.0,0.7272727272727271,0.661807580174927,0.0044454323182929545,"[3, 4, 5, 6, 7, 8, 9, 10]",3|4|5|6|7|8|9|10
806,Neelkanth Mahadev Temple,Pauri Garhwal,Uttarakhand,North,Temple,"Religion,Spiritual","Pilgrims,Family",0,200,1200,300,30.13,78.323,4.6,9000,3,10,Mountain,UTT-286,60.1,False,Moderate,Short (1-2 hrs),0,0,0,0,0,0,0,0,0,0,0,0,0,0,0,0,0,0,0,0,0,0,0,0,0,0,0,0,0,0,0,0,0,0,0,0,0,0,0,0,0,0,0,0,0,0,0,0,0,0,0,0,0,0,0,0,0,0,0,0,0,0,0,0,0,0,0,0,0,0,0,0,0,0,0,0,0,0,0,0,0,0,0,0,0,0,0,0,0,0,0,0,0,0,0,0,0,0,0,0,1,0,0,0,0,0,0,0,0,0,0,0,0,0,0,0,0,0,0,0,0,0,1,0,0,0,0,0,0,0,0,0,0,0,0,0,0,0,0,0,0,0,0,0,0,0,0,0,0,0,0,0,0,0,0,1,0,0,0,1,0,0,0,0,0,0,2,400.0,2100.0,500.0,1700,4300,3000.0,0.6363636363636362,0.5291545189504373,0.0097799511002445,"[3, 4, 5, 6, 7, 8, 9, 10]",3|4|5|6|7|8|9|10
807,Kainchi Dham,Nainital,Uttarakhand,North,Temple,"Spiritual,Heritage","Pilgrims,Family",0,100,1200,300,29.387,79.512,4.8,7500,3,10,Mountain,UTT-285,71.9,True,Moderate,Short (1-2 hrs),0,0,0,0,0,0,0,0,0,0,0,0,0,0,0,0,0,0,0,0,0,0,0,0,0,0,0,0,0,0,0,0,0,0,0,0,0,0,0,0,0,0,0,0,0,0,0,0,0,0,0,0,0,1,0,0,0,0,0,0,0,0,0,0,0,0,0,0,0,0,0,0,0,0,0,0,0,0,0,0,0,0,0,0,0,0,0,0,0,0,0,0,0,0,0,0,0,0,0,0,0,0,0,0,0,0,0,0,0,0,0,0,0,0,0,0,0,0,0,0,0,0,1,0,0,0,0,0,0,0,0,0,0,0,0,0,0,0,0,0,0,0,0,0,0,0,0,0,0,0,0,0,0,0,0,1,0,0,0,1,0,0,0,0,0,0,2,200.0,2100.0,500.0,1600,4000,2800.0,0.8181818181818179,0.7011661807580174,0.008112913980884642,"[3, 4, 5, 6, 7, 8, 9, 10]",3|4|5|6|7|8|9|10
808,Patal Bhuvaneshwar,Pithoragarh,Uttarakhand,North,Cave Temple,"Religion,Adventure","Pilgrims,Friends",0,200,1200,300,29.695,80.058,4.6,2600,3,10,Mountain,UTT-285,66.0,True,Moderate,Short (1-2 hrs),1,0,0,0,0,0,0,0,0,0,0,0,0,0,0,0,0,0,0,0,0,0,0,0,0,0,0,0,0,0,0,0,0,0,0,0,0,0,0,0,0,0,0,0,0,0,0,0,0,0,0,0,0,0,0,0,0,0,0,0,0,0,0,0,0,0,0,0,0,0,0,0,0,0,0,0,0,0,0,0,0,0,0,0,0,0,0,0,0,0,0,0,0,0,0,0,0,0,0,0,1,0,0,0,0,0,0,0,0,0,0,0,0,0,0,0,0,0,0,0,0,0,0,0,0,0,0,0,0,0,0,0,0,0,0,0,0,0,0,0,0,0,0,0,0,0,0,0,0,0,0,0,0,0,0,0,1,0,0,1,0,0,0,0,0,0,2,400.0,2100.0,500.0,1700,4300,3000.0,0.6363636363636362,0.6151603498542273,0.0026672593909757725,"[3, 4, 5, 6, 7, 8, 9, 10]",3|4|5|6|7|8|9|10
809,Surkanda Devi Temple,Tehri Garhwal,Uttarakhand,North,Temple,"Trekking,Spiritual","Pilgrims,Friends",0,200,1200,300,30.372,78.351,4.7,2800,3,10,Mountain,UTT-286,71.1,True,Moderate,Short (1-2 hrs),0,0,0,0,0,0,0,0,0,0,0,0,0,0,0,0,0,0,0,0,0,0,0,0,0,0,0,0,0,0,0,0,0,0,0,0,0,0,0,0,0,0,0,0,0,0,0,0,0,0,0,0,0,0,0,0,0,0,0,0,0,0,0,0,0,0,0,0,0,0,0,0,0,0,0,0,0,0,0,0,0,0,0,0,0,0,0,0,0,0,0,0,0,0,0,0,0,0,0,0,0,0,0,0,0,0,0,0,0,0,0,0,0,0,0,0,0,0,0,0,0,0,1,0,0,0,0,0,0,0,0,0,0,0,0,0,1,0,0,0,0,0,0,0,0,0,0,0,0,0,0,0,0,0,0,0,1,0,0,1,0,0,0,0,0,0,2,400.0,2100.0,500.0,1700,4300,3000.0,0.7272727272727271,0.6895043731778423,0.0028895310068904204,"[3, 4, 5, 6, 7, 8, 9, 10]",3|4|5|6|7|8|9|10
810,Baijnath Temple,Bageshwar,Uttarakhand,North,Temple,"Heritage,Religion","Pilgrims,Family",0,100,1200,300,29.903,79.621,4.5,2100,3,10,Mountain,UTT-285,61.6,False,Moderate,Short (1-2 hrs),0,0,0,0,0,0,0,0,0,0,0,0,0,0,0,0,0,0,0,0,0,0,0,0,0,0,0,0,0,0,0,0,0,0,0,0,0,0,0,0,0,0,0,0,0,0,0,0,0,0,0,0,0,1,0,0,0,0,0,0,0,0,0,0,0,0,0,0,0,0,0,0,0,0,0,0,0,0,0,0,0,0,0,0,0,0,0,0,0,0,0,0,0,0,0,0,0,0,0,0,1,0,0,0,0,0,0,0,0,0,0,0,0,0,0,0,0,0,0,0,0,0,0,0,0,0,0,0,0,0,0,0,0,0,0,0,0,0,0,0,0,0,0,0,0,0,0,0,0,0,0,0,0,0,0,1,0,0,0,1,0,0,0,0,0,0,2,200.0,2100.0,500.0,1600,4000,2800.0,0.5454545454545454,0.5510204081632653,0.0021115803511891533,"[3, 4, 5, 6, 7, 8, 9, 10]",3|4|5|6|7|8|9|10
811,Pithoragarh,Pithoragarh,Uttarakhand,North,Hill Town,"Nature,Heritage","Family,Couples",0,300,1500,350,29.583,80.218,4.4,3100,3,10,Mountain,UTT-285,54.3,False,Moderate,Half-day (2-4 hrs),0,0,0,0,0,0,0,0,0,0,0,0,0,0,0,0,0,0,0,0,0,0,0,0,0,0,0,0,0,0,0,0,0,0,0,0,0,0,0,0,0,0,0,0,0,0,0,0,0,0,0,0,0,1,0,0,0,0,0,0,0,0,0,0,0,0,0,0,0,0,0,0,0,0,0,0,0,0,0,0,0,0,0,0,1,0,0,0,0,0,0,0,0,0,0,0,0,0,0,0,0,0,0,0,0,0,0,0,0,0,0,0,0,0,0,0,0,0,0,0,0,0,0,0,0,0,0,0,0,0,0,0,0,0,0,0,0,0,0,0,0,0,0,0,0,0,0,0,0,0,0,0,0,0,1,1,0,0,0,0,0,0,0,0,0,0,2,900.0,2500.0,575.0,2150,5800,3975.0,0.4545454545454546,0.444606413994169,0.0032229384307623917,"[3, 4, 5, 6, 7, 8, 9, 10]",3|4|5|6|7|8|9|10
812,Milam Glacier,Pithoragarh,Uttarakhand,North,Glacier,"Trekking,Adventure","Adventure,Friends",0,1000,1500,350,30.44,80.17,4.7,1200,5,9,Mountain,UTT-285,75.1,True,Strenuous,Multi-day (1-3 days),1,0,0,0,0,0,0,0,0,0,0,0,0,0,0,0,0,0,0,0,0,0,0,0,0,0,0,0,0,0,0,0,0,0,0,0,0,0,0,0,0,0,0,0,0,0,0,0,0,0,0,0,0,0,0,0,0,0,0,0,0,0,0,0,0,0,0,0,0,0,0,0,0,0,0,0,0,0,0,0,0,0,0,0,0,0,0,0,0,0,0,0,0,0,0,0,0,0,0,0,0,0,0,0,0,0,0,0,0,0,0,0,0,0,0,0,0,0,0,0,0,0,0,0,0,0,0,0,0,0,0,0,0,0,0,0,1,0,0,0,0,0,0,0,0,0,0,0,0,0,0,0,1,0,0,0,1,0,0,0,0,0,0,0,0,0,3,2500.0,2500.0,575.0,2850,8300,5575.0,0.7272727272727271,0.7478134110787169,0.0011113580795732386,"[5, 6, 7, 8, 9]",5|6|7|8|9
813,Pindari Glacier,Bageshwar,Uttarakhand,North,Glacier,"Trekking,Adventure","Adventure,Friends",0,1000,1500,350,30.27,80.04,4.7,1800,5,9,Mountain,UTT-285,73.2,True,Strenuous,Multi-day (1-3 days),1,0,0,0,0,0,0,0,0,0,0,0,0,0,0,0,0,0,0,0,0,0,0,0,0,0,0,0,0,0,0,0,0,0,0,0,0,0,0,0,0,0,0,0,0,0,0,0,0,0,0,0,0,0,0,0,0,0,0,0,0,0,0,0,0,0,0,0,0,0,0,0,0,0,0,0,0,0,0,0,0,0,0,0,0,0,0,0,0,0,0,0,0,0,0,0,0,0,0,0,0,0,0,0,0,0,0,0,0,0,0,0,0,0,0,0,0,0,0,0,0,0,0,0,0,0,0,0,0,0,0,0,0,0,0,0,1,0,0,0,0,0,0,0,0,0,0,0,0,0,0,0,1,0,0,0,1,0,0,0,0,0,0,0,0,0,3,2500.0,2500.0,575.0,2850,8300,5575.0,0.7272727272727271,0.7201166180758016,0.0017781729273171818,"[5, 6, 7, 8, 9]",5|6|7|8|9
814,Kafni Glacier,Bageshwar,Uttarakhand,North,Glacier,"Trekking,Adventure","Adventure,Friends",0,1000,1500,350,30.2,80.05,4.6,1400,5,9,Mountain,UTT-285,68.9,True,Strenuous,Multi-day (1-3 days),1,0,0,0,0,0,0,0,0,0,0,0,0,0,0,0,0,0,0,0,0,0,0,0,0,0,0,0,0,0,0,0,0,0,0,0,0,0,0,0,0,0,0,0,0,0,0,0,0,0,0,0,0,0,0,0,0,0,0,0,0,0,0,0,0,0,0,0,0,0,0,0,0,0,0,0,0,0,0,0,0,0,0,0,0,0,0,0,0,0,0,0,0,0,0,0,0,0,0,0,0,0,0,0,0,0,0,0,0,0,0,0,0,0,0,0,0,0,0,0,0,0,0,0,0,0,0,0,0,0,0,0,0,0,0,0,1,0,0,0,0,0,0,0,0,0,0,0,0,0,0,0,1,0,0,0,1,0,0,0,0,0,0,0,0,0,3,2500.0,2500.0,575.0,2850,8300,5575.0,0.6363636363636362,0.6574344023323615,0.0013336296954878865,"[5, 6, 7, 8, 9]",5|6|7|8|9
815,Har Ki Dun Valley,Uttarkashi,Uttarakhand,North,Valley,"Trekking,Nature","Adventure,Friends",0,800,1500,350,31.062,78.474,4.8,2200,4,10,Valley,UTT-285,77.7,True,Moderate,Full-day (4-8 hrs),0,0,0,0,0,0,0,0,0,0,0,0,0,0,0,0,0,0,0,0,0,0,0,0,0,0,0,0,0,0,0,0,0,0,0,0,0,0,0,0,0,0,0,0,0,0,0,0,0,0,0,0,0,0,0,0,0,0,0,0,0,0,0,0,0,0,0,0,0,0,0,0,0,0,0,0,0,0,0,0,0,0,0,0,1,0,0,0,0,0,0,0,0,0,0,0,0,0,0,0,0,0,0,0,0,0,0,0,0,0,0,0,0,0,0,0,0,0,0,0,0,0,0,0,0,0,0,0,0,0,0,0,0,0,0,0,1,0,0,0,0,0,0,0,0,0,0,0,0,0,0,0,1,0,0,0,1,0,0,0,0,0,0,0,0,0,2,1900.0,2500.0,575.0,2650,7300,4975.0,0.8181818181818179,0.7857142857142856,0.002222716159146477,"[4, 5, 6, 7, 8, 9, 10]",4|5|6|7|8|9|10
816,Kempty Falls,Mussoorie,Uttarakhand,North,Waterfall,"Nature,Photography","Family,Friends",50,200,1500,350,30.454,78.08,4.4,11000,3,10,Mountain,UTT-286,48.2,False,Moderate,Half-day (2-4 hrs),0,0,0,0,0,0,0,0,0,0,0,0,0,0,0,0,0,0,0,0,0,0,0,0,0,0,0,0,0,0,0,0,0,0,0,0,0,0,0,0,0,0,0,0,0,0,0,0,0,0,0,0,0,0,0,0,0,0,0,0,0,0,0,0,0,0,0,0,0,0,0,0,0,0,0,0,0,0,0,0,0,0,0,0,1,0,0,0,0,0,0,0,1,0,0,0,0,0,0,0,0,0,0,0,0,0,0,0,0,0,0,0,0,0,0,0,0,0,0,0,0,0,0,0,0,0,0,0,0,0,0,0,0,0,0,0,0,0,0,0,0,0,0,0,0,0,0,0,0,0,0,0,0,0,0,1,1,0,0,0,0,0,0,0,0,0,2,400.0,2500.0,575.0,2100,4950,3525.0,0.4545454545454546,0.3556851311953353,0.012002667259390977,"[3, 4, 5, 6, 7, 8, 9, 10]",3|4|5|6|7|8|9|10
817,Tiger Falls,Chakrata,Uttarakhand,North,Waterfall,"Nature,Trekking","Friends,Adventure",0,200,1500,350,30.702,77.8615,4.6,3000,3,10,Forest,UTT-286,65.3,True,Moderate,Half-day (2-4 hrs),0,0,0,0,0,0,0,0,0,0,0,0,0,0,0,0,0,0,0,0,0,0,0,0,0,0,0,0,0,0,0,0,0,0,0,0,0,0,0,0,0,0,0,0,0,0,0,0,0,0,0,0,0,0,0,0,0,0,0,0,0,0,0,0,0,0,0,0,0,0,0,0,0,0,0,0,0,0,0,0,0,0,0,0,1,0,0,0,0,0,0,0,0,0,0,0,0,0,0,0,0,0,0,0,0,0,0,0,0,0,0,0,0,0,0,0,0,0,0,0,0,0,0,0,0,0,0,0,0,0,0,0,0,0,0,0,1,0,0,0,0,0,0,0,0,0,0,0,0,0,0,0,1,0,0,0,1,0,0,0,0,0,0,0,0,0,2,400.0,2500.0,575.0,2050,4900,3475.0,0.6363636363636362,0.6049562682215742,0.003111802622805068,"[3, 4, 5, 6, 7, 8, 9, 10]",3|4|5|6|7|8|9|10
818,Birthi Falls,Pithoragarh,Uttarakhand,North,Waterfall,"Nature,Photography","Friends,Photographers",0,200,1500,350,30.24,80.15,4.5,1800,3,10,Mountain,UTT-285,62.3,False,Moderate,Half-day (2-4 hrs),0,0,0,0,0,0,0,0,0,0,0,0,0,0,0,0,0,0,0,0,0,0,0,0,0,0,0,0,0,0,0,0,0,0,0,0,0,0,0,0,0,0,0,0,0,0,0,0,0,0,0,0,0,0,0,0,0,0,0,0,0,0,0,0,0,0,0,0,0,0,0,0,0,0,0,0,0,0,0,0,0,0,0,0,1,0,0,0,0,0,0,0,1,0,0,0,0,0,0,0,0,0,0,0,0,0,0,0,0,0,0,0,0,0,0,0,0,0,0,0,0,0,0,0,0,0,0,0,0,0,0,0,0,0,0,0,0,0,0,0,0,0,0,0,0,0,0,0,0,0,0,0,0,0,0,0,1,0,1,0,0,0,0,0,0,0,2,400.0,2500.0,575.0,2050,4900,3475.0,0.5454545454545454,0.5612244897959182,0.0017781729273171818,"[3, 4, 5, 6, 7, 8, 9, 10]",3|4|5|6|7|8|9|10
819,Vasudhara Falls,Chamoli,Uttarakhand,North,Waterfall,"Trekking,Nature","Adventure,Friends",0,300,1500,350,30.743,79.48,4.6,1500,5,9,Mountain,UTT-285,68.6,True,Moderate,Half-day (2-4 hrs),0,0,0,0,0,0,0,0,0,0,0,0,0,0,0,0,0,0,0,0,0,0,0,0,0,0,0,0,0,0,0,0,0,0,0,0,0,0,0,0,0,0,0,0,0,0,0,0,0,0,0,0,0,0,0,0,0,0,0,0,0,0,0,0,0,0,0,0,0,0,0,0,0,0,0,0,0,0,0,0,0,0,0,0,1,0,0,0,0,0,0,0,0,0,0,0,0,0,0,0,0,0,0,0,0,0,0,0,0,0,0,0,0,0,0,0,0,0,0,0,0,0,0,0,0,0,0,0,0,0,0,0,0,0,0,0,1,0,0,0,0,0,0,0,0,0,0,0,0,0,0,0,1,0,0,0,1,0,0,0,0,0,0,0,0,0,2,650.0,2500.0,575.0,2150,5300,3725.0,0.6363636363636362,0.6530612244897958,0.0014447655034452102,"[5, 6, 7, 8, 9]",5|6|7|8|9
820,Rajaji National Park,Haridwar,Uttarakhand,North,National Park,"Wildlife,Nature","Family,Photographers",150,400,1500,350,30.05,78.3,4.6,7200,11,6,Forest,UTT-286,61.2,False,Moderate,Full-day (4-8 hrs),0,0,0,0,0,0,0,0,0,0,0,0,0,0,0,0,0,0,0,0,0,0,0,0,0,0,0,0,0,0,0,0,0,0,0,0,0,0,0,0,0,0,0,0,0,0,0,0,0,0,0,0,0,0,0,0,0,0,0,0,0,0,0,0,0,0,0,0,0,0,0,0,0,0,0,0,0,0,0,0,0,0,0,0,1,0,0,0,0,0,0,0,0,0,0,0,0,0,0,0,0,0,0,0,0,0,0,0,0,0,0,0,0,0,0,0,0,0,0,0,0,0,0,0,0,0,0,0,0,0,0,0,0,0,0,0,0,0,0,0,0,0,0,0,0,0,0,0,0,1,0,0,0,0,0,1,0,0,1,0,0,0,0,0,0,0,2,800.0,2500.0,575.0,2400,5650,4025.0,0.6363636363636362,0.5451895043731778,0.00777950655701267,"[11, 12, 1, 2, 3, 4, 5, 6]",11|12|1|2|3|4|5|6
821,Nanda Devi National Park,Chamoli,Uttarakhand,North,National Park,"Wildlife,Trekking","Adventure,Photographers",200,500,1500,350,30.4,79.9,4.8,4100,5,9,Mountain,UTT-285,74.7,True,Moderate,Full-day (4-8 hrs),0,0,0,0,0,0,0,0,0,0,0,0,0,0,0,0,0,0,0,0,0,0,0,0,0,0,0,0,0,0,0,0,0,0,0,0,0,0,0,0,0,0,0,0,0,0,0,0,0,0,0,0,0,0,0,0,0,0,0,0,0,0,0,0,0,0,0,0,0,0,0,0,0,0,0,0,0,0,0,0,0,0,0,0,0,0,0,0,0,0,0,0,0,0,0,0,0,0,0,0,0,0,0,0,0,0,0,0,0,0,0,0,0,0,0,0,0,0,0,0,0,0,0,0,0,0,0,0,0,0,0,0,0,0,0,0,1,0,0,0,0,0,0,0,0,0,0,0,0,1,0,0,1,0,0,0,0,0,1,0,0,0,0,0,0,0,2,1000.0,2500.0,575.0,2550,6000,4275.0,0.8181818181818179,0.7419825072886297,0.00433429651033563,"[5, 6, 7, 8, 9]",5|6|7|8|9
822,Govind Wildlife Sanctuary,Uttarkashi,Uttarakhand,North,Wildlife Sanctuary,"Wildlife,Nature","Photographers,Friends",100,300,1500,350,31.09,78.47,4.5,2100,4,10,Forest,UTT-285,61.6,False,Moderate,Full-day (4-8 hrs),0,0,0,0,0,0,0,0,0,0,0,0,0,0,0,0,0,0,0,0,0,0,0,0,0,0,0,0,0,0,0,0,0,0,0,0,0,0,0,0,0,0,0,0,0,0,0,0,0,0,0,0,0,0,0,0,0,0,0,0,0,0,0,0,0,0,0,0,0,0,0,0,0,0,0,0,0,0,0,0,0,0,0,0,1,0,0,0,0,0,0,0,0,0,0,0,0,0,0,0,0,0,0,0,0,0,0,0,0,0,0,0,0,0,0,0,0,0,0,0,0,0,0,0,0,0,0,0,0,0,0,0,0,0,0,0,0,0,0,0,0,0,0,0,0,0,0,0,0,1,0,0,0,0,0,0,1,0,1,0,0,0,0,0,0,0,2,650.0,2500.0,575.0,2250,5400,3825.0,0.5454545454545454,0.5510204081632653,0.0021115803511891533,"[4, 5, 6, 7, 8, 9, 10]",4|5|6|7|8|9|10
823,Askot Wildlife Sanctuary,Pithoragarh,Uttarakhand,North,Wildlife Sanctuary,"Wildlife,Nature","Photographers,Students",100,300,1500,350,29.85,80.3,4.4,1800,4,10,Forest,UTT-285,56.8,False,Moderate,Full-day (4-8 hrs),0,0,0,0,0,0,0,0,0,0,0,0,0,0,0,0,0,0,0,0,0,0,0,0,0,0,0,0,0,0,0,0,0,0,0,0,0,0,0,0,0,0,0,0,0,0,0,0,0,0,0,0,0,0,0,0,0,0,0,0,0,0,0,0,0,0,0,0,0,0,0,0,0,0,0,0,0,0,0,0,0,0,0,0,1,0,0,0,0,0,0,0,0,0,0,0,0,0,0,0,0,0,0,0,0,0,0,0,0,0,0,0,0,0,0,0,0,0,0,0,0,0,0,0,0,0,0,0,0,0,0,0,0,0,0,0,0,0,0,0,0,0,0,0,0,0,0,0,0,1,0,0,0,0,0,0,0,0,1,0,0,0,0,0,1,0,2,650.0,2500.0,575.0,2250,5400,3825.0,0.4545454545454546,0.48104956268221566,0.0017781729273171818,"[4, 5, 6, 7, 8, 9, 10]",4|5|6|7|8|9|10
824,Dayara Bugyal,Uttarkashi,Uttarakhand,North,Meadow,"Trekking,Nature","Adventure,Friends",0,600,1500,350,30.8,78.6,4.8,2500,4,10,Mountain,UTT-285,77.1,True,Moderate,Half-day (2-4 hrs),0,0,0,0,0,0,0,0,0,0,0,0,0,0,0,0,0,0,0,0,0,0,0,0,0,0,0,0,0,0,0,0,0,0,0,0,0,0,0,0,0,0,0,0,0,0,0,0,0,0,0,0,0,0,0,0,0,0,0,0,0,0,0,0,0,0,0,0,0,0,0,0,0,0,0,0,0,0,0,0,0,0,0,0,1,0,0,0,0,0,0,0,0,0,0,0,0,0,0,0,0,0,0,0,0,0,0,0,0,0,0,0,0,0,0,0,0,0,0,0,0,0,0,0,0,0,0,0,0,0,0,0,0,0,0,0,1,0,0,0,0,0,0,0,0,0,0,0,0,0,0,0,1,0,0,0,1,0,0,0,0,0,0,0,0,0,2,1300.0,2500.0,575.0,2450,6300,4375.0,0.8181818181818179,0.7769679300291543,0.0025561235830184486,"[4, 5, 6, 7, 8, 9, 10]",4|5|6|7|8|9|10
825,Bedni Bugyal,Chamoli,Uttarakhand,North,Meadow,"Trekking,Nature","Adventure,Friends",0,600,1500,350,30.14,79.73,4.8,2300,4,10,Mountain,UTT-285,77.5,True,Moderate,Half-day (2-4 hrs),0,0,0,0,0,0,0,0,0,0,0,0,0,0,0,0,0,0,0,0,0,0,0,0,0,0,0,0,0,0,0,0,0,0,0,0,0,0,0,0,0,0,0,0,0,0,0,0,0,0,0,0,0,0,0,0,0,0,0,0,0,0,0,0,0,0,0,0,0,0,0,0,0,0,0,0,0,0,0,0,0,0,0,0,1,0,0,0,0,0,0,0,0,0,0,0,0,0,0,0,0,0,0,0,0,0,0,0,0,0,0,0,0,0,0,0,0,0,0,0,0,0,0,0,0,0,0,0,0,0,0,0,0,0,0,0,1,0,0,0,0,0,0,0,0,0,0,0,0,0,0,0,1,0,0,0,1,0,0,0,0,0,0,0,0,0,2,1300.0,2500.0,575.0,2450,6300,4375.0,0.8181818181818179,0.7827988338192418,0.0023338519671038008,"[4, 5, 6, 7, 8, 9, 10]",4|5|6|7|8|9|10
826,Ali Bugyal,Chamoli,Uttarakhand,North,Meadow,"Trekking,Nature","Adventure,Friends",0,600,1500,350,30.16,79.73,4.8,2200,4,10,Mountain,UTT-285,77.7,True,Moderate,Half-day (2-4 hrs),0,0,0,0,0,0,0,0,0,0,0,0,0,0,0,0,0,0,0,0,0,0,0,0,0,0,0,0,0,0,0,0,0,0,0,0,0,0,0,0,0,0,0,0,0,0,0,0,0,0,0,0,0,0,0,0,0,0,0,0,0,0,0,0,0,0,0,0,0,0,0,0,0,0,0,0,0,0,0,0,0,0,0,0,1,0,0,0,0,0,0,0,0,0,0,0,0,0,0,0,0,0,0,0,0,0,0,0,0,0,0,0,0,0,0,0,0,0,0,0,0,0,0,0,0,0,0,0,0,0,0,0,0,0,0,0,1,0,0,0,0,0,0,0,0,0,0,0,0,0,0,0,1,0,0,0,1,0,0,0,0,0,0,0,0,0,2,1300.0,2500.0,575.0,2450,6300,4375.0,0.8181818181818179,0.7857142857142856,0.002222716159146477,"[4, 5, 6, 7, 8, 9, 10]",4|5|6|7|8|9|10
827,Roopkund Lake,Chamoli,Uttarakhand,North,Lake,"Trekking,Adventure","Adventure,Friends",0,800,1500,350,30.256,79.732,4.7,2700,5,9,Mountain,UTT-285,71.3,True,Moderate,Full-day (4-8 hrs),1,0,0,0,0,0,0,0,0,0,0,0,0,0,0,0,0,0,0,0,0,0,0,0,0,0,0,0,0,0,0,0,0,0,0,0,0,0,0,0,0,0,0,0,0,0,0,0,0,0,0,0,0,0,0,0,0,0,0,0,0,0,0,0,0,0,0,0,0,0,0,0,0,0,0,0,0,0,0,0,0,0,0,0,0,0,0,0,0,0,0,0,0,0,0,0,0,0,0,0,0,0,0,0,0,0,0,0,0,0,0,0,0,0,0,0,0,0,0,0,0,0,0,0,0,0,0,0,0,0,0,0,0,0,0,0,1,0,0,0,0,0,0,0,0,0,0,0,0,0,0,0,1,0,0,0,1,0,0,0,0,0,0,0,0,0,2,1900.0,2500.0,575.0,2650,7300,4975.0,0.7272727272727271,0.6924198250728861,0.0027783951989330965,"[5, 6, 7, 8, 9]",5|6|7|8|9
828,Kushinagar,Kushinagar,Uttar Pradesh,North,Heritage Site,"Buddhist Cultural,Heritage","Students,International Tourists",20,100,1200,300,26.74,83.89,4.5,4200,10,3,Urban,UTT-276,58.3,False,Easy,Half-day (2-4 hrs),0,0,0,0,0,0,0,0,0,0,0,0,0,0,0,0,0,0,1,0,0,0,0,0,0,0,0,0,0,0,0,0,0,0,0,0,0,0,0,0,0,0,0,0,0,0,0,0,0,0,0,0,0,1,0,0,0,0,0,0,0,0,0,0,0,0,0,0,0,0,0,0,0,0,0,0,0,0,0,0,0,0,0,0,0,0,0,0,0,0,0,0,0,0,0,0,0,0,0,0,0,0,0,0,0,0,0,0,0,0,0,0,0,0,0,0,0,0,0,0,0,0,0,0,0,0,0,0,0,0,0,0,0,0,0,0,0,0,0,0,0,0,0,0,0,0,0,0,0,0,0,0,0,0,0,0,0,1,0,0,0,0,0,0,1,0,1,250.0,2350.0,500.0,1620,4620,3120.0,0.5454545454545454,0.5029154518950436,0.0044454323182929545,"[10, 11, 12, 1, 2, 3]",10|11|12|1|2|3
829,Shravasti,Shravasti,Uttar Pradesh,North,Heritage Site,"Buddhist Cultural,Heritage","Students,Pilgrims",20,100,1200,300,27.507,82.05,4.4,3100,10,3,Urban,UTT-277,54.3,False,Easy,Half-day (2-4 hrs),0,0,0,0,0,0,0,0,0,0,0,0,0,0,0,0,0,0,1,0,0,0,0,0,0,0,0,0,0,0,0,0,0,0,0,0,0,0,0,0,0,0,0,0,0,0,0,0,0,0,0,0,0,1,0,0,0,0,0,0,0,0,0,0,0,0,0,0,0,0,0,0,0,0,0,0,0,0,0,0,0,0,0,0,0,0,0,0,0,0,0,0,0,0,0,0,0,0,0,0,0,0,0,0,0,0,0,0,0,0,0,0,0,0,0,0,0,0,0,0,0,0,0,0,0,0,0,0,0,0,0,0,0,0,0,0,0,0,0,0,0,0,0,0,0,0,0,0,0,0,0,0,0,0,0,0,0,0,0,1,0,0,0,0,1,0,1,250.0,2350.0,500.0,1620,4620,3120.0,0.4545454545454546,0.444606413994169,0.0032229384307623917,"[10, 11, 12, 1, 2, 3]",10|11|12|1|2|3
830,Kaushambi,Kaushambi,Uttar Pradesh,North,Archaeological Site,"Heritage,Heritage","Students,Tourists",20,100,1200,300,25.335,81.39,4.2,1800,10,3,Urban,UTT-278,45.9,False,Moderate,Half-day (2-4 hrs),0,0,0,0,0,0,0,0,0,0,0,0,0,0,0,0,0,0,0,0,0,0,0,0,0,0,0,0,0,0,0,0,0,0,0,0,0,0,0,0,0,0,0,0,0,0,0,0,0,0,0,0,0,1,0,0,0,0,0,0,0,0,0,0,0,0,0,0,0,0,0,0,0,0,0,0,0,0,0,0,0,0,0,0,0,0,0,0,0,0,0,0,0,0,0,0,0,0,0,0,0,0,0,0,0,0,0,0,0,0,0,0,0,0,0,0,0,0,0,0,0,0,0,0,0,0,0,0,0,0,0,0,0,0,0,0,0,0,0,0,0,0,0,0,0,0,0,0,0,0,0,0,0,0,0,0,0,0,0,0,0,0,0,0,1,1,2,250.0,2350.0,500.0,1620,4620,3120.0,0.27272727272727293,0.32215743440233224,0.0017781729273171818,"[10, 11, 12, 1, 2, 3]",10|11|12|1|2|3
831,Vindhyachal Temple,Mirzapur,Uttar Pradesh,North,Temple,"Religion,Spiritual","Pilgrims,Family",0,100,1200,300,25.166,82.58,4.7,8200,10,3,Mountain,UTT-266,66.0,True,Moderate,Short (1-2 hrs),0,0,0,0,0,0,0,0,0,0,0,0,0,0,0,0,0,0,0,0,0,0,0,0,0,0,0,0,0,0,0,0,0,0,0,0,0,0,0,0,0,0,0,0,0,0,0,0,0,0,0,0,0,0,0,0,0,0,0,0,0,0,0,0,0,0,0,0,0,0,0,0,0,0,0,0,0,0,0,0,0,0,0,0,0,0,0,0,0,0,0,0,0,0,0,0,0,0,0,0,1,0,0,0,0,0,0,0,0,0,0,0,0,0,0,0,0,0,0,0,0,0,1,0,0,0,0,0,0,0,0,0,0,0,0,0,0,0,0,0,0,0,0,0,0,0,0,0,0,0,0,0,0,0,0,1,0,0,0,1,0,0,0,0,0,0,2,200.0,2350.0,500.0,1600,4500,3050.0,0.7272727272727271,0.6151603498542273,0.008890864636585909,"[10, 11, 12, 1, 2, 3]",10|11|12|1|2|3
832,Govardhan Hill,Mathura,Uttar Pradesh,North,Hill,"Religion,Trekking","Pilgrims,Friends",0,200,1200,300,27.5,77.46,4.6,6200,10,3,Mountain,UTT-268,61.9,False,Moderate,Half-day (2-4 hrs),0,0,0,0,0,0,0,0,0,0,0,0,0,0,0,0,0,0,0,0,0,0,0,0,0,0,0,0,0,0,0,0,0,0,0,0,0,0,0,0,0,0,0,0,0,0,0,0,0,0,0,0,0,0,0,0,0,0,0,0,0,0,0,0,0,0,0,0,0,0,0,0,0,0,0,0,0,0,0,0,0,0,0,0,0,0,0,0,0,0,0,0,0,0,0,0,0,0,0,0,1,0,0,0,0,0,0,0,0,0,0,0,0,0,0,0,0,0,0,0,0,0,0,0,0,0,0,0,0,0,0,0,0,0,0,0,1,0,0,0,0,0,0,0,0,0,0,0,0,0,0,0,0,0,0,0,1,0,0,1,0,0,0,0,0,0,2,350.0,2350.0,500.0,1700,4700,3200.0,0.6363636363636362,0.5553935860058308,0.006668148477439431,"[10, 11, 12, 1, 2, 3]",10|11|12|1|2|3
833,Barsana,Mathura,Uttar Pradesh,North,Town,"Religion,Heritage","Pilgrims,Family",0,100,1200,300,27.648,77.378,4.5,5400,10,3,Urban,UTT-268,57.1,False,Easy,Half-day (2-4 hrs),0,0,0,0,0,0,0,0,0,0,0,0,0,0,0,0,0,0,0,0,0,0,0,0,0,0,0,0,0,0,0,0,0,0,0,0,0,0,0,0,0,0,0,0,0,0,0,0,0,0,0,0,0,1,0,0,0,0,0,0,0,0,0,0,0,0,0,0,0,0,0,0,0,0,0,0,0,0,0,0,0,0,0,0,0,0,0,0,0,0,0,0,0,0,0,0,0,0,0,0,1,0,0,0,0,0,0,0,0,0,0,0,0,0,0,0,0,0,0,0,0,0,0,0,0,0,0,0,0,0,0,0,0,0,0,0,0,0,0,0,0,0,0,0,0,0,0,0,0,0,0,0,0,0,0,1,0,0,0,1,0,0,0,0,0,0,1,200.0,2350.0,500.0,1600,4500,3050.0,0.5454545454545454,0.4854227405247813,0.005779062013780841,"[10, 11, 12, 1, 2, 3]",10|11|12|1|2|3
834,Naimisharanya,Sitapur,Uttar Pradesh,North,Religious Site,"Spiritual,Heritage","Pilgrims,Family",0,100,1200,300,27.3,80.5,4.4,4200,10,3,Forest,UTT-279,52.8,False,Moderate,Half-day (2-4 hrs),0,0,0,0,0,0,0,0,0,0,0,0,0,0,0,0,0,0,0,0,0,0,0,0,0,0,0,0,0,0,0,0,0,0,0,0,0,0,0,0,0,0,0,0,0,0,0,0,0,0,0,0,0,1,0,0,0,0,0,0,0,0,0,0,0,0,0,0,0,0,0,0,0,0,0,0,0,0,0,0,0,0,0,0,0,0,0,0,0,0,0,0,0,0,0,0,0,0,0,0,0,0,0,0,0,0,0,0,0,0,0,0,0,0,0,0,0,0,0,0,0,0,1,0,0,0,0,0,0,0,0,0,0,0,0,0,0,0,0,0,0,0,0,0,0,0,0,0,0,0,0,0,0,0,0,1,0,0,0,1,0,0,0,0,0,0,2,200.0,2350.0,500.0,1600,4500,3050.0,0.4545454545454546,0.42274052478134105,0.0044454323182929545,"[10, 11, 12, 1, 2, 3]",10|11|12|1|2|3
835,Deva Sharif,Barabanki,Uttar Pradesh,North,Dargah,"Religion,Heritage","Pilgrims,Family",0,100,1200,300,26.81,81.12,4.5,3600,10,3,Urban,UTT-269,59.0,False,Easy,Short (1-2 hrs),0,0,0,0,0,0,0,0,0,0,0,0,0,0,0,0,0,0,0,0,0,0,0,0,0,0,0,0,0,0,0,0,0,0,0,0,0,0,0,0,0,0,0,0,0,0,0,0,0,0,0,0,0,1,0,0,0,0,0,0,0,0,0,0,0,0,0,0,0,0,0,0,0,0,0,0,0,0,0,0,0,0,0,0,0,0,0,0,0,0,0,0,0,0,0,0,0,0,0,0,1,0,0,0,0,0,0,0,0,0,0,0,0,0,0,0,0,0,0,0,0,0,0,0,0,0,0,0,0,0,0,0,0,0,0,0,0,0,0,0,0,0,0,0,0,0,0,0,0,0,0,0,0,0,0,1,0,0,0,1,0,0,0,0,0,0,1,200.0,2350.0,500.0,1600,4500,3050.0,0.5454545454545454,0.5131195335276967,0.003778617470549011,"[10, 11, 12, 1, 2, 3]",10|11|12|1|2|3
836,Katarniaghat Wildlife Sanctuary,Bahraich,Uttar Pradesh,North,Wildlife Sanctuary,"Wildlife,Nature","Photographers,Students",100,300,1200,300,28.28,81.24,4.6,2600,11,5,Forest,UTT-280,66.0,True,Moderate,Full-day (4-8 hrs),0,0,0,0,0,0,0,0,0,0,0,0,0,0,0,0,0,0,0,0,0,0,0,0,0,0,0,0,0,0,0,0,0,0,0,0,0,0,0,0,0,0,0,0,0,0,0,0,0,0,0,0,0,0,0,0,0,0,0,0,0,0,0,0,0,0,0,0,0,0,0,0,0,0,0,0,0,0,0,0,0,0,0,0,1,0,0,0,0,0,0,0,0,0,0,0,0,0,0,0,0,0,0,0,0,0,0,0,0,0,0,0,0,0,0,0,0,0,0,0,0,0,0,0,0,0,0,0,0,0,0,0,0,0,0,0,0,0,0,0,0,0,0,0,0,0,0,0,0,1,0,0,0,0,0,0,0,0,1,0,0,0,0,0,1,0,2,600.0,2350.0,500.0,1900,5200,3550.0,0.6363636363636362,0.6151603498542273,0.0026672593909757725,"[11, 12, 1, 2, 3, 4, 5]",11|12|1|2|3|4|5
837,Chandraprabha Wildlife Sanctuary,Chandauli,Uttar Pradesh,North,Wildlife Sanctuary,"Wildlife,Nature","Photographers,Friends",100,300,1200,300,24.9,83.05,4.4,1900,11,5,Forest,UTT-266,56.6,False,Moderate,Full-day (4-8 hrs),0,0,0,0,0,0,0,0,0,0,0,0,0,0,0,0,0,0,0,0,0,0,0,0,0,0,0,0,0,0,0,0,0,0,0,0,0,0,0,0,0,0,0,0,0,0,0,0,0,0,0,0,0,0,0,0,0,0,0,0,0,0,0,0,0,0,0,0,0,0,0,0,0,0,0,0,0,0,0,0,0,0,0,0,1,0,0,0,0,0,0,0,0,0,0,0,0,0,0,0,0,0,0,0,0,0,0,0,0,0,0,0,0,0,0,0,0,0,0,0,0,0,0,0,0,0,0,0,0,0,0,0,0,0,0,0,0,0,0,0,0,0,0,0,0,0,0,0,0,1,0,0,0,0,0,0,1,0,1,0,0,0,0,0,0,0,2,600.0,2350.0,500.0,1900,5200,3550.0,0.4545454545454546,0.47813411078717194,0.0018893087352745057,"[11, 12, 1, 2, 3, 4, 5]",11|12|1|2|3|4|5
838,Sur Sarovar Bird Sanctuary,Agra,Uttar Pradesh,North,Bird Sanctuary,"Birdwatching,Nature","Photographers,Students",50,200,1200,300,27.23,78.02,4.4,2100,11,3,Forest,UTT-265,56.1,False,Moderate,Half-day (2-4 hrs),0,0,0,0,0,0,0,0,0,0,0,0,0,0,0,1,0,0,0,0,0,0,0,0,0,0,0,0,0,0,0,0,0,0,0,0,0,0,0,0,0,0,0,0,0,0,0,0,0,0,0,0,0,0,0,0,0,0,0,0,0,0,0,0,0,0,0,0,0,0,0,0,0,0,0,0,0,0,0,0,0,0,0,0,1,0,0,0,0,0,0,0,0,0,0,0,0,0,0,0,0,0,0,0,0,0,0,0,0,0,0,0,0,0,0,0,0,0,0,0,0,0,0,0,0,0,0,0,0,0,0,0,0,0,0,0,0,0,0,0,0,0,0,0,0,0,0,0,0,0,0,0,0,0,0,0,0,0,1,0,0,0,0,0,1,0,2,350.0,2350.0,500.0,1750,4750,3250.0,0.4545454545454546,0.4708454810495626,0.0021115803511891533,"[11, 12, 1, 2, 3]",11|12|1|2|3
839,Nawabganj Bird Sanctuary,Unnao,Uttar Pradesh,North,Bird Sanctuary,"Birdwatching,Nature","Photographers,Family",50,200,1200,300,26.55,80.73,4.3,1900,11,3,Forest,UTT-269,51.1,False,Moderate,Half-day (2-4 hrs),0,0,0,0,0,0,0,0,0,0,0,0,0,0,0,1,0,0,0,0,0,0,0,0,0,0,0,0,0,0,0,0,0,0,0,0,0,0,0,0,0,0,0,0,0,0,0,0,0,0,0,0,0,0,0,0,0,0,0,0,0,0,0,0,0,0,0,0,0,0,0,0,0,0,0,0,0,0,0,0,0,0,0,0,1,0,0,0,0,0,0,0,0,0,0,0,0,0,0,0,0,0,0,0,0,0,0,0,0,0,0,0,0,0,0,0,0,0,0,0,0,0,0,0,0,0,0,0,0,0,0,0,0,0,0,0,0,0,0,0,0,0,0,0,0,0,0,0,0,0,0,0,0,0,0,1,0,0,1,0,0,0,0,0,0,0,2,350.0,2350.0,500.0,1750,4750,3250.0,0.3636363636363633,0.3979591836734694,0.0018893087352745057,"[11, 12, 1, 2, 3]",11|12|1|2|3
840,Lakh Bahosi Bird Sanctuary,Kannauj,Uttar Pradesh,North,Bird Sanctuary,"Birdwatching,Nature","Photographers,Students",50,200,1200,300,27.1,79.93,4.3,1600,11,3,Forest,UTT-281,51.9,False,Moderate,Half-day (2-4 hrs),0,0,0,0,0,0,0,0,0,0,0,0,0,0,0,1,0,0,0,0,0,0,0,0,0,0,0,0,0,0,0,0,0,0,0,0,0,0,0,0,0,0,0,0,0,0,0,0,0,0,0,0,0,0,0,0,0,0,0,0,0,0,0,0,0,0,0,0,0,0,0,0,0,0,0,0,0,0,0,0,0,0,0,0,1,0,0,0,0,0,0,0,0,0,0,0,0,0,0,0,0,0,0,0,0,0,0,0,0,0,0,0,0,0,0,0,0,0,0,0,0,0,0,0,0,0,0,0,0,0,0,0,0,0,0,0,0,0,0,0,0,0,0,0,0,0,0,0,0,0,0,0,0,0,0,0,0,0,1,0,0,0,0,0,1,0,2,350.0,2350.0,500.0,1750,4750,3250.0,0.3636363636363633,0.40962099125364426,0.0015559013114025341,"[11, 12, 1, 2, 3]",11|12|1|2|3
841,Hastinapur Wildlife Sanctuary,Meerut,Uttar Pradesh,North,Wildlife Sanctuary,"Wildlife,Nature","Photographers,Friends",100,300,1200,300,29.17,78.01,4.4,2200,11,4,Forest,UTT-270,55.9,False,Moderate,Full-day (4-8 hrs),0,0,0,0,0,0,0,0,0,0,0,0,0,0,0,0,0,0,0,0,0,0,0,0,0,0,0,0,0,0,0,0,0,0,0,0,0,0,0,0,0,0,0,0,0,0,0,0,0,0,0,0,0,0,0,0,0,0,0,0,0,0,0,0,0,0,0,0,0,0,0,0,0,0,0,0,0,0,0,0,0,0,0,0,1,0,0,0,0,0,0,0,0,0,0,0,0,0,0,0,0,0,0,0,0,0,0,0,0,0,0,0,0,0,0,0,0,0,0,0,0,0,0,0,0,0,0,0,0,0,0,0,0,0,0,0,0,0,0,0,0,0,0,0,0,0,0,0,0,1,0,0,0,0,0,0,1,0,1,0,0,0,0,0,0,0,2,600.0,2350.0,500.0,1900,5200,3550.0,0.4545454545454546,0.46793002915451887,0.002222716159146477,"[11, 12, 1, 2, 3, 4]",11|12|1|2|3|4
842,Sohagi Barwa Wildlife Sanctuary,Maharajganj,Uttar Pradesh,North,Wildlife Sanctuary,"Wildlife,Nature","Photographers,Friends",100,300,1200,300,27.5,83.75,4.3,1700,11,4,Forest,UTT-282,51.7,False,Moderate,Full-day (4-8 hrs),0,0,0,0,0,0,0,0,0,0,0,0,0,0,0,0,0,0,0,0,0,0,0,0,0,0,0,0,0,0,0,0,0,0,0,0,0,0,0,0,0,0,0,0,0,0,0,0,0,0,0,0,0,0,0,0,0,0,0,0,0,0,0,0,0,0,0,0,0,0,0,0,0,0,0,0,0,0,0,0,0,0,0,0,1,0,0,0,0,0,0,0,0,0,0,0,0,0,0,0,0,0,0,0,0,0,0,0,0,0,0,0,0,0,0,0,0,0,0,0,0,0,0,0,0,0,0,0,0,0,0,0,0,0,0,0,0,0,0,0,0,0,0,0,0,0,0,0,0,1,0,0,0,0,0,0,1,0,1,0,0,0,0,0,0,0,2,600.0,2350.0,500.0,1900,5200,3550.0,0.3636363636363633,0.40670553935860054,0.001667037119359858,"[11, 12, 1, 2, 3, 4]",11|12|1|2|3|4
843,Bhitargaon Temple,Kanpur,Uttar Pradesh,North,Temple,"Heritage,Heritage","Students,Tourists",20,100,1200,300,26.3,80.3,4.3,1400,10,3,Urban,UTT-283,52.6,False,Easy,Short (1-2 hrs),0,0,0,0,0,0,0,0,0,0,0,0,0,0,0,0,0,0,0,0,0,0,0,0,0,0,0,0,0,0,0,0,0,0,0,0,0,0,0,0,0,0,0,0,0,0,0,0,0,0,0,0,0,1,0,0,0,0,0,0,0,0,0,0,0,0,0,0,0,0,0,0,0,0,0,0,0,0,0,0,0,0,0,0,0,0,0,0,0,0,0,0,0,0,0,0,0,0,0,0,0,0,0,0,0,0,0,0,0,0,0,0,0,0,0,0,0,0,0,0,0,0,0,0,0,0,0,0,0,0,0,0,0,0,0,0,0,0,0,0,0,0,0,0,0,0,0,0,0,0,0,0,0,0,0,0,0,0,0,0,0,0,0,0,1,1,1,200.0,2350.0,500.0,1620,4520,3070.0,0.3636363636363633,0.41982507288629733,0.0013336296954878865,"[10, 11, 12, 1, 2, 3]",10|11|12|1|2|3
844,Ramgarh Tal,Gorakhpur,Uttar Pradesh,North,Lake,"Nature,Boating","Family,Couples",20,200,1200,300,26.76,83.39,4.4,4200,10,3,Urban,UTT-271,52.8,False,Easy,Full-day (4-8 hrs),0,0,0,0,0,0,0,0,0,0,0,0,0,0,0,0,1,0,0,0,0,0,0,0,0,0,0,0,0,0,0,0,0,0,0,0,0,0,0,0,0,0,0,0,0,0,0,0,0,0,0,0,0,0,0,0,0,0,0,0,0,0,0,0,0,0,0,0,0,0,0,0,0,0,0,0,0,0,0,0,0,0,0,0,1,0,0,0,0,0,0,0,0,0,0,0,0,0,0,0,0,0,0,0,0,0,0,0,0,0,0,0,0,0,0,0,0,0,0,0,0,0,0,0,0,0,0,0,0,0,0,0,0,0,0,0,0,0,0,0,0,0,0,0,0,0,0,0,0,0,0,0,0,0,1,1,0,0,0,0,0,0,0,0,0,0,1,400.0,2350.0,500.0,1720,4820,3270.0,0.4545454545454546,0.42274052478134105,0.0044454323182929545,"[10, 11, 12, 1, 2, 3]",10|11|12|1|2|3
845,Gorakhnath Temple,Gorakhpur,Uttar Pradesh,North,Temple,"Religion,Spiritual","Pilgrims,Family",0,100,1200,300,26.7606,83.3732,4.7,9000,10,3,Urban,UTT-271,65.5,True,Easy,Short (1-2 hrs),0,0,0,0,0,0,0,0,0,0,0,0,0,0,0,0,0,0,0,0,0,0,0,0,0,0,0,0,0,0,0,0,0,0,0,0,0,0,0,0,0,0,0,0,0,0,0,0,0,0,0,0,0,0,0,0,0,0,0,0,0,0,0,0,0,0,0,0,0,0,0,0,0,0,0,0,0,0,0,0,0,0,0,0,0,0,0,0,0,0,0,0,0,0,0,0,0,0,0,0,1,0,0,0,0,0,0,0,0,0,0,0,0,0,0,0,0,0,0,0,0,0,1,0,0,0,0,0,0,0,0,0,0,0,0,0,0,0,0,0,0,0,0,0,0,0,0,0,0,0,0,0,0,0,0,1,0,0,0,1,0,0,0,0,0,0,1,200.0,2350.0,500.0,1600,4500,3050.0,0.7272727272727271,0.6078717201166179,0.0097799511002445,"[10, 11, 12, 1, 2, 3]",10|11|12|1|2|3
846,Mankameshwar Temple,Agra,Uttar Pradesh,North,Temple,"Religion,Heritage","Pilgrims,Family",0,100,1200,300,27.183,78.01,4.5,4800,10,3,Urban,UTT-265,57.6,False,Easy,Short (1-2 hrs),0,0,0,0,0,0,0,0,0,0,0,0,0,0,0,0,0,0,0,0,0,0,0,0,0,0,0,0,0,0,0,0,0,0,0,0,0,0,0,0,0,0,0,0,0,0,0,0,0,0,0,0,0,1,0,0,0,0,0,0,0,0,0,0,0,0,0,0,0,0,0,0,0,0,0,0,0,0,0,0,0,0,0,0,0,0,0,0,0,0,0,0,0,0,0,0,0,0,0,0,1,0,0,0,0,0,0,0,0,0,0,0,0,0,0,0,0,0,0,0,0,0,0,0,0,0,0,0,0,0,0,0,0,0,0,0,0,0,0,0,0,0,0,0,0,0,0,0,0,0,0,0,0,0,0,1,0,0,0,1,0,0,0,0,0,0,1,200.0,2350.0,500.0,1600,4500,3050.0,0.5454545454545454,0.49271137026239065,0.005112247166036897,"[10, 11, 12, 1, 2, 3]",10|11|12|1|2|3
847,Banke Bihari Temple,Vrindavan,Uttar Pradesh,North,Temple,"Religion,Spiritual","Pilgrims,Family",0,100,1200,300,27.575,77.7,4.8,12000,10,3,Urban,UTT-268,69.6,True,Easy,Short (1-2 hrs),0,0,0,0,0,0,0,0,0,0,0,0,0,0,0,0,0,0,0,0,0,0,0,0,0,0,0,0,0,0,0,0,0,0,0,0,0,0,0,0,0,0,0,0,0,0,0,0,0,0,0,0,0,0,0,0,0,0,0,0,0,0,0,0,0,0,0,0,0,0,0,0,0,0,0,0,0,0,0,0,0,0,0,0,0,0,0,0,0,0,0,0,0,0,0,0,0,0,0,0,1,0,0,0,0,0,0,0,0,0,0,0,0,0,0,0,0,0,0,0,0,0,1,0,0,0,0,0,0,0,0,0,0,0,0,0,0,0,0,0,0,0,0,0,0,0,0,0,0,0,0,0,0,0,0,1,0,0,0,1,0,0,0,0,0,0,1,200.0,2350.0,500.0,1600,4500,3050.0,0.8181818181818179,0.6676384839650145,0.013114025338964216,"[10, 11, 12, 1, 2, 3]",10|11|12|1|2|3
848,Prem Mandir,Vrindavan,Uttar Pradesh,North,Temple,"Religion,Architecture","Family,Tourists",0,100,1200,300,27.565,77.68,4.8,14000,10,3,Urban,UTT-268,68.9,True,Easy,Short (1-2 hrs),0,0,0,0,1,0,0,0,0,0,0,0,0,0,0,0,0,0,0,0,0,0,0,0,0,0,0,0,0,0,0,0,0,0,0,0,0,0,0,0,0,0,0,0,0,0,0,0,0,0,0,0,0,0,0,0,0,0,0,0,0,0,0,0,0,0,0,0,0,0,0,0,0,0,0,0,0,0,0,0,0,0,0,0,0,0,0,0,0,0,0,0,0,0,0,0,0,0,0,0,1,0,0,0,0,0,0,0,0,0,0,0,0,0,0,0,0,0,0,0,0,0,0,0,0,0,0,0,0,0,0,0,0,0,0,0,0,0,0,0,0,0,0,0,0,0,0,0,0,0,0,0,0,0,0,1,0,0,0,0,0,0,0,0,0,1,1,200.0,2350.0,500.0,1600,4500,3050.0,0.8181818181818179,0.6574344023323615,0.015336741498110693,"[10, 11, 12, 1, 2, 3]",10|11|12|1|2|3
849,Iskcon Temple Vrindavan,Vrindavan,Uttar Pradesh,North,Temple,"Spiritual,Heritage","Pilgrims,International Tourists",0,100,1200,300,27.576,77.69,4.7,10000,10,3,Urban,UTT-268,65.0,True,Easy,Short (1-2 hrs),0,0,0,0,0,0,0,0,0,0,0,0,0,0,0,0,0,0,0,0,0,0,0,0,0,0,0,0,0,0,0,0,0,0,0,0,0,0,0,0,0,0,0,0,0,0,0,0,0,0,0,0,0,1,0,0,0,0,0,0,0,0,0,0,0,0,0,0,0,0,0,0,0,0,0,0,0,0,0,0,0,0,0,0,0,0,0,0,0,0,0,0,0,0,0,0,0,0,0,0,0,0,0,0,0,0,0,0,0,0,0,0,0,0,0,0,0,0,0,0,0,0,1,0,0,0,0,0,0,0,0,0,0,0,0,0,0,0,0,0,0,0,0,0,0,0,0,0,0,0,0,0,0,0,0,0,0,1,0,1,0,0,0,0,0,0,1,200.0,2350.0,500.0,1600,4500,3050.0,0.7272727272727271,0.6005830903790087,0.010891309179817739,"[10, 11, 12, 1, 2, 3]",10|11|12|1|2|3
850,Radha Raman Temple,Vrindavan,Uttar Pradesh,North,Temple,"Religion,Heritage",Pilgrims,0,100,1200,300,27.574,77.695,4.6,3200,10,3,Urban,UTT-268,65.0,True,Easy,Short (1-2 hrs),0,0,0,0,0,0,0,0,0,0,0,0,0,0,0,0,0,0,0,0,0,0,0,0,0,0,0,0,0,0,0,0,0,0,0,0,0,0,0,0,0,0,0,0,0,0,0,0,0,0,0,0,0,1,0,0,0,0,0,0,0,0,0,0,0,0,0,0,0,0,0,0,0,0,0,0,0,0,0,0,0,0,0,0,0,0,0,0,0,0,0,0,0,0,0,0,0,0,0,0,1,0,0,0,0,0,0,0,0,0,0,0,0,0,0,0,0,0,0,0,0,0,0,0,0,0,0,0,0,0,0,0,0,0,0,0,0,0,0,0,0,0,0,0,0,0,0,0,0,0,0,0,0,0,0,0,0,0,0,1,0,0,0,0,0,0,1,200.0,2350.0,500.0,1600,4500,3050.0,0.6363636363636362,0.6005830903790087,0.0033340742387197157,"[10, 11, 12, 1, 2, 3]",10|11|12|1|2|3
851,Radha Vallabh Temple,Vrindavan,Uttar Pradesh,North,Temple,"Religion,Heritage",Pilgrims,0,100,1200,300,27.5755,77.697,4.6,3000,10,3,Urban,UTT-268,65.3,True,Easy,Short (1-2 hrs),0,0,0,0,0,0,0,0,0,0,0,0,0,0,0,0,0,0,0,0,0,0,0,0,0,0,0,0,0,0,0,0,0,0,0,0,0,0,0,0,0,0,0,0,0,0,0,0,0,0,0,0,0,1,0,0,0,0,0,0,0,0,0,0,0,0,0,0,0,0,0,0,0,0,0,0,0,0,0,0,0,0,0,0,0,0,0,0,0,0,0,0,0,0,0,0,0,0,0,0,1,0,0,0,0,0,0,0,0,0,0,0,0,0,0,0,0,0,0,0,0,0,0,0,0,0,0,0,0,0,0,0,0,0,0,0,0,0,0,0,0,0,0,0,0,0,0,0,0,0,0,0,0,0,0,0,0,0,0,1,0,0,0,0,0,0,1,200.0,2350.0,500.0,1600,4500,3050.0,0.6363636363636362,0.6049562682215742,0.003111802622805068,"[10, 11, 12, 1, 2, 3]",10|11|12|1|2|3
852,Rangji Temple,Vrindavan,Uttar Pradesh,North,Temple,"Religion,Architecture","Pilgrims,Tourists",0,100,1200,300,27.5742,77.687,4.6,3100,10,3,Urban,UTT-268,65.2,True,Easy,Short (1-2 hrs),0,0,0,0,1,0,0,0,0,0,0,0,0,0,0,0,0,0,0,0,0,0,0,0,0,0,0,0,0,0,0,0,0,0,0,0,0,0,0,0,0,0,0,0,0,0,0,0,0,0,0,0,0,0,0,0,0,0,0,0,0,0,0,0,0,0,0,0,0,0,0,0,0,0,0,0,0,0,0,0,0,0,0,0,0,0,0,0,0,0,0,0,0,0,0,0,0,0,0,0,1,0,0,0,0,0,0,0,0,0,0,0,0,0,0,0,0,0,0,0,0,0,0,0,0,0,0,0,0,0,0,0,0,0,0,0,0,0,0,0,0,0,0,0,0,0,0,0,0,0,0,0,0,0,0,0,0,0,0,1,0,0,0,0,0,1,1,200.0,2350.0,500.0,1600,4500,3050.0,0.6363636363636362,0.6034985422740524,0.0032229384307623917,"[10, 11, 12, 1, 2, 3]",10|11|12|1|2|3
853,Assi Ghat,Varanasi,Uttar Pradesh,North,Ghat,"Spiritual,Cultural","Tourists,Photographers",0,100,1200,300,25.287,83.003,4.7,15000,10,3,Urban,UTT-266,63.1,True,Easy,Short (1-2 hrs),0,0,0,0,0,0,0,0,0,0,0,0,0,0,0,0,0,0,0,0,0,0,0,0,0,0,0,0,0,0,0,1,0,0,0,0,0,0,0,0,0,0,0,0,0,0,0,0,0,0,0,0,0,0,0,0,0,0,0,0,0,0,0,0,0,0,0,0,0,0,0,0,0,0,0,0,0,0,0,0,0,0,0,0,0,0,0,0,0,0,0,0,0,0,0,0,0,0,0,0,0,0,0,0,0,0,0,0,0,0,0,0,0,0,0,0,0,0,0,0,0,0,1,0,0,0,0,0,0,0,0,0,0,0,0,0,0,0,0,0,0,0,0,0,0,0,0,0,0,0,0,0,0,0,0,0,0,0,1,0,0,0,0,0,0,1,1,200.0,2350.0,500.0,1600,4500,3050.0,0.7272727272727271,0.5728862973760932,0.01644809957768393,"[10, 11, 12, 1, 2, 3]",10|11|12|1|2|3
854,Manikarnika Ghat,Varanasi,Uttar Pradesh,North,Ghat,"Spiritual,Heritage",Tourists,0,100,1200,300,25.31,83.01,4.6,12000,10,3,Urban,UTT-266,58.7,False,Easy,Short (1-2 hrs),0,0,0,0,0,0,0,0,0,0,0,0,0,0,0,0,0,0,0,0,0,0,0,0,0,0,0,0,0,0,0,0,0,0,0,0,0,0,0,0,0,0,0,0,0,0,0,0,0,0,0,0,0,1,0,0,0,0,0,0,0,0,0,0,0,0,0,0,0,0,0,0,0,0,0,0,0,0,0,0,0,0,0,0,0,0,0,0,0,0,0,0,0,0,0,0,0,0,0,0,0,0,0,0,0,0,0,0,0,0,0,0,0,0,0,0,0,0,0,0,0,0,1,0,0,0,0,0,0,0,0,0,0,0,0,0,0,0,0,0,0,0,0,0,0,0,0,0,0,0,0,0,0,0,0,0,0,0,0,0,0,0,0,0,0,1,1,200.0,2350.0,500.0,1600,4500,3050.0,0.6363636363636362,0.5087463556851312,0.013114025338964216,"[10, 11, 12, 1, 2, 3]",10|11|12|1|2|3
855,Tulsi Manas Temple,Varanasi,Uttar Pradesh,North,Temple,"Religion,Heritage","Family,Pilgrims",0,100,1200,300,25.285,83.002,4.6,4200,10,3,Urban,UTT-266,63.7,True,Easy,Short (1-2 hrs),0,0,0,0,0,0,0,0,0,0,0,0,0,0,0,0,0,0,0,0,0,0,0,0,0,0,0,0,0,0,0,0,0,0,0,0,0,0,0,0,0,0,0,0,0,0,0,0,0,0,0,0,0,1,0,0,0,0,0,0,0,0,0,0,0,0,0,0,0,0,0,0,0,0,0,0,0,0,0,0,0,0,0,0,0,0,0,0,0,0,0,0,0,0,0,0,0,0,0,0,1,0,0,0,0,0,0,0,0,0,0,0,0,0,0,0,0,0,0,0,0,0,0,0,0,0,0,0,0,0,0,0,0,0,0,0,0,0,0,0,0,0,0,0,0,0,0,0,0,0,0,0,0,0,0,1,0,0,0,1,0,0,0,0,0,0,1,200.0,2350.0,500.0,1600,4500,3050.0,0.6363636363636362,0.5816326530612245,0.0044454323182929545,"[10, 11, 12, 1, 2, 3]",10|11|12|1|2|3
856,Durga Temple,Varanasi,Uttar Pradesh,North,Temple,"Religion,Heritage","Pilgrims,Family",0,100,1200,300,25.296,82.996,4.5,3900,10,3,Urban,UTT-266,58.6,False,Easy,Short (1-2 hrs),0,0,0,0,0,0,0,0,0,0,0,0,0,0,0,0,0,0,0,0,0,0,0,0,0,0,0,0,0,0,0,0,0,0,0,0,0,0,0,0,0,0,0,0,0,0,0,0,0,0,0,0,0,1,0,0,0,0,0,0,0,0,0,0,0,0,0,0,0,0,0,0,0,0,0,0,0,0,0,0,0,0,0,0,0,0,0,0,0,0,0,0,0,0,0,0,0,0,0,0,1,0,0,0,0,0,0,0,0,0,0,0,0,0,0,0,0,0,0,0,0,0,0,0,0,0,0,0,0,0,0,0,0,0,0,0,0,0,0,0,0,0,0,0,0,0,0,0,0,0,0,0,0,0,0,1,0,0,0,1,0,0,0,0,0,0,1,200.0,2350.0,500.0,1600,4500,3050.0,0.5454545454545454,0.5072886297376092,0.004112024894420982,"[10, 11, 12, 1, 2, 3]",10|11|12|1|2|3
857,Bharat Mata Temple,Varanasi,Uttar Pradesh,North,Temple,"Heritage,Patriotic","Students,Tourists",0,100,1200,300,25.315,82.973,4.4,2700,10,3,Urban,UTT-266,54.9,False,Easy,Short (1-2 hrs),0,0,0,0,0,0,0,0,0,0,0,0,0,0,0,0,0,0,0,0,0,0,0,0,0,0,0,0,0,0,0,0,0,0,0,0,0,0,0,0,0,0,0,0,0,0,0,0,0,0,0,0,0,1,0,0,0,0,0,0,0,0,0,0,0,0,0,0,0,0,0,0,0,0,0,0,0,0,0,0,0,0,0,0,0,0,0,0,0,1,0,0,0,0,0,0,0,0,0,0,0,0,0,0,0,0,0,0,0,0,0,0,0,0,0,0,0,0,0,0,0,0,0,0,0,0,0,0,0,0,0,0,0,0,0,0,0,0,0,0,0,0,0,0,0,0,0,0,0,0,0,0,0,0,0,0,0,0,0,0,0,0,0,0,1,1,1,200.0,2350.0,500.0,1600,4500,3050.0,0.4545454545454546,0.45335276967930016,0.0027783951989330965,"[10, 11, 12, 1, 2, 3]",10|11|12|1|2|3
858,Chunar Fort,Mirzapur,Uttar Pradesh,North,Fort,"Heritage,Heritage","Students,Tourists",50,200,1200,300,25.12,82.88,4.4,3100,10,3,Mountain,UTT-266,54.3,False,Moderate,Half-day (2-4 hrs),0,0,0,0,0,0,0,0,0,0,0,0,0,0,0,0,0,0,0,0,0,0,0,0,0,0,0,0,0,0,0,0,0,0,0,0,0,0,0,0,0,0,0,0,0,0,0,0,0,0,0,0,0,1,0,0,0,0,0,0,0,0,0,0,0,0,0,0,0,0,0,0,0,0,0,0,0,0,0,0,0,0,0,0,0,0,0,0,0,0,0,0,0,0,0,0,0,0,0,0,0,0,0,0,0,0,0,0,0,0,0,0,0,0,0,0,0,0,0,0,0,0,0,0,0,0,0,0,0,0,0,0,0,0,0,0,0,0,0,0,0,0,0,0,0,0,0,0,0,0,0,0,0,0,0,0,0,0,0,0,0,0,0,0,1,1,2,350.0,2350.0,500.0,1750,4750,3250.0,0.4545454545454546,0.444606413994169,0.0032229384307623917,"[10, 11, 12, 1, 2, 3]",10|11|12|1|2|3
859,Vindhyavasini Devi Temple,Mirzapur,Uttar Pradesh,North,Temple,"Religion,Spiritual","Pilgrims,Family",0,100,1200,300,25.1665,82.582,4.7,8200,10,3,Mountain,UTT-266,66.0,True,Moderate,Short (1-2 hrs),0,0,0,0,0,0,0,0,0,0,0,0,0,0,0,0,0,0,0,0,0,0,0,0,0,0,0,0,0,0,0,0,0,0,0,0,0,0,0,0,0,0,0,0,0,0,0,0,0,0,0,0,0,0,0,0,0,0,0,0,0,0,0,0,0,0,0,0,0,0,0,0,0,0,0,0,0,0,0,0,0,0,0,0,0,0,0,0,0,0,0,0,0,0,0,0,0,0,0,0,1,0,0,0,0,0,0,0,0,0,0,0,0,0,0,0,0,0,0,0,0,0,1,0,0,0,0,0,0,0,0,0,0,0,0,0,0,0,0,0,0,0,0,0,0,0,0,0,0,0,0,0,0,0,0,1,0,0,0,1,0,0,0,0,0,0,2,200.0,2350.0,500.0,1600,4500,3050.0,0.7272727272727271,0.6151603498542273,0.008890864636585909,"[10, 11, 12, 1, 2, 3]",10|11|12|1|2|3
860,Sankat Mochan Hanuman Temple,Varanasi,Uttar Pradesh,North,Temple,"Religion,Spiritual",Pilgrims,0,100,1200,300,25.28,82.999,4.7,8500,10,3,Urban,UTT-266,65.8,True,Easy,Short (1-2 hrs),0,0,0,0,0,0,0,0,0,0,0,0,0,0,0,0,0,0,0,0,0,0,0,0,0,0,0,0,0,0,0,0,0,0,0,0,0,0,0,0,0,0,0,0,0,0,0,0,0,0,0,0,0,0,0,0,0,0,0,0,0,0,0,0,0,0,0,0,0,0,0,0,0,0,0,0,0,0,0,0,0,0,0,0,0,0,0,0,0,0,0,0,0,0,0,0,0,0,0,0,1,0,0,0,0,0,0,0,0,0,0,0,0,0,0,0,0,0,0,0,0,0,1,0,0,0,0,0,0,0,0,0,0,0,0,0,0,0,0,0,0,0,0,0,0,0,0,0,0,0,0,0,0,0,0,0,0,0,0,1,0,0,0,0,0,0,1,200.0,2350.0,500.0,1600,4500,3050.0,0.7272727272727271,0.6122448979591836,0.00922427206045788,"[10, 11, 12, 1, 2, 3]",10|11|12|1|2|3
861,Anand Bhavan,Prayagraj,Uttar Pradesh,North,Museum,"Heritage,Heritage","Students,Tourists",50,200,1200,300,25.455,81.842,4.6,5000,10,3,Urban,UTT-267,62.9,True,Easy,Half-day (2-4 hrs),0,0,0,0,0,0,0,0,0,0,0,0,0,0,0,0,0,0,0,0,0,0,0,0,0,0,0,0,0,0,0,0,0,0,0,0,0,0,0,0,0,0,0,0,0,0,0,0,0,0,0,0,0,1,0,0,0,0,0,0,0,0,0,0,0,0,0,0,0,0,0,0,0,0,0,0,0,0,0,0,0,0,0,0,0,0,0,0,0,0,0,0,0,0,0,0,0,0,0,0,0,0,0,0,0,0,0,0,0,0,0,0,0,0,0,0,0,0,0,0,0,0,0,0,0,0,0,0,0,0,0,0,0,0,0,0,0,0,0,0,0,0,0,0,0,0,0,0,0,0,0,0,0,0,0,0,0,0,0,0,0,0,0,0,1,1,1,350.0,2350.0,500.0,1750,4750,3250.0,0.6363636363636362,0.5699708454810495,0.005334518781951545,"[10, 11, 12, 1, 2, 3]",10|11|12|1|2|3
862,Khusro Bagh,Prayagraj,Uttar Pradesh,North,Heritage Garden,"Heritage,Architecture","Tourists,Family",20,100,1200,300,25.44,81.84,4.3,2800,10,3,Urban,UTT-267,49.3,False,Easy,Half-day (2-4 hrs),0,0,0,0,1,0,0,0,0,0,0,0,0,0,0,0,0,0,0,0,0,0,0,0,0,0,0,0,0,0,0,0,0,0,0,0,0,0,0,0,0,0,0,0,0,0,0,0,0,0,0,0,0,1,0,0,0,0,0,0,0,0,0,0,0,0,0,0,0,0,0,0,0,0,0,0,0,0,0,0,0,0,0,0,0,0,0,0,0,0,0,0,0,0,0,0,0,0,0,0,0,0,0,0,0,0,0,0,0,0,0,0,0,0,0,0,0,0,0,0,0,0,0,0,0,0,0,0,0,0,0,0,0,0,0,0,0,0,0,0,0,0,0,0,0,0,0,0,0,0,0,0,0,0,0,1,0,0,0,0,0,0,0,0,0,1,1,200.0,2350.0,500.0,1620,4520,3070.0,0.3636363636363633,0.3717201166180757,0.0028895310068904204,"[10, 11, 12, 1, 2, 3]",10|11|12|1|2|3
863,Company Garden Prayagraj,Prayagraj,Uttar Pradesh,North,Garden,"Nature,Leisure","Family,Couples",20,100,1200,300,25.457,81.85,4.3,2400,10,3,Urban,UTT-267,50.0,False,Easy,Short (1-2 hrs),0,0,0,0,0,0,0,0,0,0,0,0,0,0,0,0,0,0,0,0,0,0,0,0,0,0,0,0,0,0,0,0,0,0,0,0,0,0,0,0,0,0,0,0,0,0,0,0,0,0,0,0,0,0,0,0,0,0,0,0,0,0,0,0,0,0,0,0,0,1,0,0,0,0,0,0,0,0,0,0,0,0,0,0,1,0,0,0,0,0,0,0,0,0,0,0,0,0,0,0,0,0,0,0,0,0,0,0,0,0,0,0,0,0,0,0,0,0,0,0,0,0,0,0,0,0,0,0,0,0,0,0,0,0,0,0,0,0,0,0,0,0,0,0,0,0,0,0,0,0,0,0,0,0,1,1,0,0,0,0,0,0,0,0,0,0,1,200.0,2350.0,500.0,1620,4520,3070.0,0.3636363636363633,0.38192419825072876,0.0024449877750611247,"[10, 11, 12, 1, 2, 3]",10|11|12|1|2|3
864,Janeshwar Mishra Park,Lucknow,Uttar Pradesh,North,Park,"Nature,Leisure","Family,Couples",20,100,1200,300,26.85,81.02,4.5,7200,10,3,Urban,UTT-269,55.7,False,Easy,Half-day (2-4 hrs),0,0,0,0,0,0,0,0,0,0,0,0,0,0,0,0,0,0,0,0,0,0,0,0,0,0,0,0,0,0,0,0,0,0,0,0,0,0,0,0,0,0,0,0,0,0,0,0,0,0,0,0,0,0,0,0,0,0,0,0,0,0,0,0,0,0,0,0,0,1,0,0,0,0,0,0,0,0,0,0,0,0,0,0,1,0,0,0,0,0,0,0,0,0,0,0,0,0,0,0,0,0,0,0,0,0,0,0,0,0,0,0,0,0,0,0,0,0,0,0,0,0,0,0,0,0,0,0,0,0,0,0,0,0,0,0,0,0,0,0,0,0,0,0,0,0,0,0,0,0,0,0,0,0,1,1,0,0,0,0,0,0,0,0,0,0,1,200.0,2350.0,500.0,1620,4520,3070.0,0.5454545454545454,0.46501457725947515,0.00777950655701267,"[10, 11, 12, 1, 2, 3]",10|11|12|1|2|3
865,Ambedkar Memorial Park,Lucknow,Uttar Pradesh,North,Memorial,"Architecture,Heritage","Tourists,Students",20,100,1200,300,26.846,80.992,4.5,8500,10,3,Urban,UTT-269,54.9,False,Easy,Short (1-2 hrs),0,0,0,0,1,0,0,0,0,0,0,0,0,0,0,0,0,0,0,0,0,0,0,0,0,0,0,0,0,0,0,0,0,0,0,0,0,0,0,0,0,0,0,0,0,0,0,0,0,0,0,0,0,1,0,0,0,0,0,0,0,0,0,0,0,0,0,0,0,0,0,0,0,0,0,0,0,0,0,0,0,0,0,0,0,0,0,0,0,0,0,0,0,0,0,0,0,0,0,0,0,0,0,0,0,0,0,0,0,0,0,0,0,0,0,0,0,0,0,0,0,0,0,0,0,0,0,0,0,0,0,0,0,0,0,0,0,0,0,0,0,0,0,0,0,0,0,0,0,0,0,0,0,0,0,0,0,0,0,0,0,0,0,0,1,1,1,200.0,2350.0,500.0,1620,4520,3070.0,0.5454545454545454,0.45335276967930016,0.00922427206045788,"[10, 11, 12, 1, 2, 3]",10|11|12|1|2|3
866,Dilkusha Kothi,Lucknow,Uttar Pradesh,North,Heritage Site,"Heritage,Architecture","Tourists,Students",20,100,1200,300,26.86,80.96,4.3,1900,10,3,Urban,UTT-269,51.1,False,Easy,Half-day (2-4 hrs),0,0,0,0,1,0,0,0,0,0,0,0,0,0,0,0,0,0,0,0,0,0,0,0,0,0,0,0,0,0,0,0,0,0,0,0,0,0,0,0,0,0,0,0,0,0,0,0,0,0,0,0,0,1,0,0,0,0,0,0,0,0,0,0,0,0,0,0,0,0,0,0,0,0,0,0,0,0,0,0,0,0,0,0,0,0,0,0,0,0,0,0,0,0,0,0,0,0,0,0,0,0,0,0,0,0,0,0,0,0,0,0,0,0,0,0,0,0,0,0,0,0,0,0,0,0,0,0,0,0,0,0,0,0,0,0,0,0,0,0,0,0,0,0,0,0,0,0,0,0,0,0,0,0,0,0,0,0,0,0,0,0,0,0,1,1,1,200.0,2350.0,500.0,1620,4520,3070.0,0.3636363636363633,0.3979591836734694,0.0018893087352745057,"[10, 11, 12, 1, 2, 3]",10|11|12|1|2|3
867,La Martiniere College,Lucknow,Uttar Pradesh,North,Heritage Building,"Architecture,Heritage","Students,Tourists",20,100,1200,300,26.857,80.947,4.4,2500,10,3,Urban,UTT-269,55.3,False,Easy,Half-day (2-4 hrs),0,0,0,0,1,0,0,0,0,0,0,0,0,0,0,0,0,0,0,0,0,0,0,0,0,0,0,0,0,0,0,0,0,0,0,0,0,0,0,0,0,0,0,0,0,0,0,0,0,0,0,0,0,1,0,0,0,0,0,0,0,0,0,0,0,0,0,0,0,0,0,0,0,0,0,0,0,0,0,0,0,0,0,0,0,0,0,0,0,0,0,0,0,0,0,0,0,0,0,0,0,0,0,0,0,0,0,0,0,0,0,0,0,0,0,0,0,0,0,0,0,0,0,0,0,0,0,0,0,0,0,0,0,0,0,0,0,0,0,0,0,0,0,0,0,0,0,0,0,0,0,0,0,0,0,0,0,0,0,0,0,0,0,0,1,1,1,200.0,2350.0,500.0,1620,4520,3070.0,0.4545454545454546,0.4591836734693876,0.0025561235830184486,"[10, 11, 12, 1, 2, 3]",10|11|12|1|2|3
868,Residency Lucknow,Lucknow,Uttar Pradesh,North,Heritage Site,"Heritage,Architecture","Tourists,Students",25,100,1200,300,26.87,80.913,4.6,6400,10,3,Urban,UTT-269,61.7,False,Easy,Half-day (2-4 hrs),0,0,0,0,1,0,0,0,0,0,0,0,0,0,0,0,0,0,0,0,0,0,0,0,0,0,0,0,0,0,0,0,0,0,0,0,0,0,0,0,0,0,0,0,0,0,0,0,0,0,0,0,0,1,0,0,0,0,0,0,0,0,0,0,0,0,0,0,0,0,0,0,0,0,0,0,0,0,0,0,0,0,0,0,0,0,0,0,0,0,0,0,0,0,0,0,0,0,0,0,0,0,0,0,0,0,0,0,0,0,0,0,0,0,0,0,0,0,0,0,0,0,0,0,0,0,0,0,0,0,0,0,0,0,0,0,0,0,0,0,0,0,0,0,0,0,0,0,0,0,0,0,0,0,0,0,0,0,0,0,0,0,0,0,1,1,1,200.0,2350.0,500.0,1625,4525,3075.0,0.6363636363636362,0.5524781341107872,0.006890420093354079,"[10, 11, 12, 1, 2, 3]",10|11|12|1|2|3
869,Moti Mahal,Lucknow,Uttar Pradesh,North,Palace,"Heritage,Architecture","Tourists,Students",20,100,1200,300,26.8705,80.91,4.3,2200,10,3,Urban,UTT-269,50.4,False,Easy,Half-day (2-4 hrs),0,0,0,0,1,0,0,0,0,0,0,0,0,0,0,0,0,0,0,0,0,0,0,0,0,0,0,0,0,0,0,0,0,0,0,0,0,0,0,0,0,0,0,0,0,0,0,0,0,0,0,0,0,1,0,0,0,0,0,0,0,0,0,0,0,0,0,0,0,0,0,0,0,0,0,0,0,0,0,0,0,0,0,0,0,0,0,0,0,0,0,0,0,0,0,0,0,0,0,0,0,0,0,0,0,0,0,0,0,0,0,0,0,0,0,0,0,0,0,0,0,0,0,0,0,0,0,0,0,0,0,0,0,0,0,0,0,0,0,0,0,0,0,0,0,0,0,0,0,0,0,0,0,0,0,0,0,0,0,0,0,0,0,0,1,1,1,200.0,2350.0,500.0,1620,4520,3070.0,0.3636363636363633,0.3877551020408162,0.002222716159146477,"[10, 11, 12, 1, 2, 3]",10|11|12|1|2|3
870,Husainabad Clock Tower,Lucknow,Uttar Pradesh,North,Monument,"Architecture,Heritage",Tourists,0,100,1200,300,26.872,80.908,4.5,5300,10,3,Urban,UTT-269,57.2,False,Easy,Short (1-2 hrs),0,0,0,0,1,0,0,0,0,0,0,0,0,0,0,0,0,0,0,0,0,0,0,0,0,0,0,0,0,0,0,0,0,0,0,0,0,0,0,0,0,0,0,0,0,0,0,0,0,0,0,0,0,1,0,0,0,0,0,0,0,0,0,0,0,0,0,0,0,0,0,0,0,0,0,0,0,0,0,0,0,0,0,0,0,0,0,0,0,0,0,0,0,0,0,0,0,0,0,0,0,0,0,0,0,0,0,0,0,0,0,0,0,0,0,0,0,0,0,0,0,0,0,0,0,0,0,0,0,0,0,0,0,0,0,0,0,0,0,0,0,0,0,0,0,0,0,0,0,0,0,0,0,0,0,0,0,0,0,0,0,0,0,0,0,1,1,200.0,2350.0,500.0,1600,4500,3050.0,0.5454545454545454,0.4868804664723032,0.005667926205823516,"[10, 11, 12, 1, 2, 3]",10|11|12|1|2|3
871,Chota Imambara,Lucknow,Uttar Pradesh,North,Heritage Monument,"Architecture,Religion","Tourists,Family",25,100,1200,300,26.871,80.909,4.6,7200,10,3,Urban,UTT-269,61.2,False,Easy,Half-day (2-4 hrs),0,0,0,0,1,0,0,0,0,0,0,0,0,0,0,0,0,0,0,0,0,0,0,0,0,0,0,0,0,0,0,0,0,0,0,0,0,0,0,0,0,0,0,0,0,0,0,0,0,0,0,0,0,0,0,0,0,0,0,0,0,0,0,0,0,0,0,0,0,0,0,0,0,0,0,0,0,0,0,0,0,0,0,0,0,0,0,0,0,0,0,0,0,0,0,0,0,0,0,0,1,0,0,0,0,0,0,0,0,0,0,0,0,0,0,0,0,0,0,0,0,0,0,0,0,0,0,0,0,0,0,0,0,0,0,0,0,0,0,0,0,0,0,0,0,0,0,0,0,0,0,0,0,0,0,1,0,0,0,0,0,0,0,0,0,1,1,200.0,2350.0,500.0,1625,4525,3075.0,0.6363636363636362,0.5451895043731778,0.00777950655701267,"[10, 11, 12, 1, 2, 3]",10|11|12|1|2|3
872,Shah Najaf Imambara,Lucknow,Uttar Pradesh,North,Heritage Monument,"Religion,Architecture",Tourists,0,100,1200,300,26.846,80.946,4.4,2400,10,3,Urban,UTT-269,55.5,False,Easy,Half-day (2-4 hrs),0,0,0,0,1,0,0,0,0,0,0,0,0,0,0,0,0,0,0,0,0,0,0,0,0,0,0,0,0,0,0,0,0,0,0,0,0,0,0,0,0,0,0,0,0,0,0,0,0,0,0,0,0,0,0,0,0,0,0,0,0,0,0,0,0,0,0,0,0,0,0,0,0,0,0,0,0,0,0,0,0,0,0,0,0,0,0,0,0,0,0,0,0,0,0,0,0,0,0,0,1,0,0,0,0,0,0,0,0,0,0,0,0,0,0,0,0,0,0,0,0,0,0,0,0,0,0,0,0,0,0,0,0,0,0,0,0,0,0,0,0,0,0,0,0,0,0,0,0,0,0,0,0,0,0,0,0,0,0,0,0,0,0,0,0,1,1,200.0,2350.0,500.0,1600,4500,3050.0,0.4545454545454546,0.46209912536443143,0.0024449877750611247,"[10, 11, 12, 1, 2, 3]",10|11|12|1|2|3
873,Kal Bhairav Temple,Varanasi,Uttar Pradesh,North,Temple,"Religion,Spiritual","Pilgrims,Family",0,100,1200,300,25.317,83.012,4.7,5100,10,3,Urban,UTT-266,68.2,True,Easy,Short (1-2 hrs),0,0,0,0,0,0,0,0,0,0,0,0,0,0,0,0,0,0,0,0,0,0,0,0,0,0,0,0,0,0,0,0,0,0,0,0,0,0,0,0,0,0,0,0,0,0,0,0,0,0,0,0,0,0,0,0,0,0,0,0,0,0,0,0,0,0,0,0,0,0,0,0,0,0,0,0,0,0,0,0,0,0,0,0,0,0,0,0,0,0,0,0,0,0,0,0,0,0,0,0,1,0,0,0,0,0,0,0,0,0,0,0,0,0,0,0,0,0,0,0,0,0,1,0,0,0,0,0,0,0,0,0,0,0,0,0,0,0,0,0,0,0,0,0,0,0,0,0,0,0,0,0,0,0,0,1,0,0,0,1,0,0,0,0,0,0,1,200.0,2350.0,500.0,1600,4500,3050.0,0.7272727272727271,0.6472303206997084,0.005445654589908869,"[10, 11, 12, 1, 2, 3]",10|11|12|1|2|3
874,Bateshwar Temples,Agra,Uttar Pradesh,North,Temple Complex,"Heritage,Religion","Pilgrims,Tourists",20,100,1200,300,26.94,78.47,4.5,2600,10,3,Urban,UTT-284,60.5,False,Easy,Short (1-2 hrs),0,0,0,0,0,0,0,0,0,0,0,0,0,0,0,0,0,0,0,0,0,0,0,0,0,0,0,0,0,0,0,0,0,0,0,0,0,0,0,0,0,0,0,0,0,0,0,0,0,0,0,0,0,1,0,0,0,0,0,0,0,0,0,0,0,0,0,0,0,0,0,0,0,0,0,0,0,0,0,0,0,0,0,0,0,0,0,0,0,0,0,0,0,0,0,0,0,0,0,0,1,0,0,0,0,0,0,0,0,0,0,0,0,0,0,0,0,0,0,0,0,0,0,0,0,0,0,0,0,0,0,0,0,0,0,0,0,0,0,0,0,0,0,0,0,0,0,0,0,0,0,0,0,0,0,0,0,0,0,1,0,0,0,0,0,1,1,200.0,2350.0,500.0,1620,4520,3070.0,0.5454545454545454,0.5349854227405247,0.0026672593909757725,"[10, 11, 12, 1, 2, 3]",10|11|12|1|2|3
875,Suraj Kund,Meerut,Uttar Pradesh,North,Lake,"Nature,Heritage","Family,Couples",0,100,1200,300,28.984,77.705,4.3,2100,10,3,Urban,UTT-270,50.7,False,Easy,Full-day (4-8 hrs),0,0,0,0,0,0,0,0,0,0,0,0,0,0,0,0,0,0,0,0,0,0,0,0,0,0,0,0,0,0,0,0,0,0,0,0,0,0,0,0,0,0,0,0,0,0,0,0,0,0,0,0,0,1,0,0,0,0,0,0,0,0,0,0,0,0,0,0,0,0,0,0,0,0,0,0,0,0,0,0,0,0,0,0,1,0,0,0,0,0,0,0,0,0,0,0,0,0,0,0,0,0,0,0,0,0,0,0,0,0,0,0,0,0,0,0,0,0,0,0,0,0,0,0,0,0,0,0,0,0,0,0,0,0,0,0,0,0,0,0,0,0,0,0,0,0,0,0,0,0,0,0,0,0,1,1,0,0,0,0,0,0,0,0,0,0,1,200.0,2350.0,500.0,1600,4500,3050.0,0.3636363636363633,0.39212827988338195,0.0021115803511891533,"[10, 11, 12, 1, 2, 3]",10|11|12|1|2|3
876,Parikshitgarh Fort,Meerut,Uttar Pradesh,North,Fort,"Heritage,Heritage","Students,Tourists",20,100,1200,300,29.21,77.88,4.2,1500,10,3,Urban,UTT-270,46.8,False,Moderate,Half-day (2-4 hrs),0,0,0,0,0,0,0,0,0,0,0,0,0,0,0,0,0,0,0,0,0,0,0,0,0,0,0,0,0,0,0,0,0,0,0,0,0,0,0,0,0,0,0,0,0,0,0,0,0,0,0,0,0,1,0,0,0,0,0,0,0,0,0,0,0,0,0,0,0,0,0,0,0,0,0,0,0,0,0,0,0,0,0,0,0,0,0,0,0,0,0,0,0,0,0,0,0,0,0,0,0,0,0,0,0,0,0,0,0,0,0,0,0,0,0,0,0,0,0,0,0,0,0,0,0,0,0,0,0,0,0,0,0,0,0,0,0,0,0,0,0,0,0,0,0,0,0,0,0,0,0,0,0,0,0,0,0,0,0,0,0,0,0,0,1,1,2,200.0,2350.0,500.0,1620,4520,3070.0,0.27272727272727293,0.33527696793002904,0.0014447655034452102,"[10, 11, 12, 1, 2, 3]",10|11|12|1|2|3
877,Umaid Bhawan Palace,Jodhpur,Rajasthan,West,Palace,"Heritage,Architecture","Couples,Family",200,200,4000,500,26.288,73.0479,4.7,12000,10,3,Urban,RAJ-215,64.2,True,Easy,Half-day (2-4 hrs),0,0,0,0,1,0,0,0,0,0,0,0,0,0,0,0,0,0,0,0,0,0,0,0,0,0,0,0,0,0,0,0,0,0,0,0,0,0,0,0,0,0,0,0,0,0,0,0,0,0,0,0,0,1,0,0,0,0,0,0,0,0,0,0,0,0,0,0,0,0,0,0,0,0,0,0,0,0,0,0,0,0,0,0,0,0,0,0,0,0,0,0,0,0,0,0,0,0,0,0,0,0,0,0,0,0,0,0,0,0,0,0,0,0,0,0,0,0,0,0,0,0,0,0,0,0,0,0,0,0,0,0,0,0,0,0,0,0,0,0,0,0,0,0,0,0,0,0,0,0,0,0,0,0,1,1,0,0,0,0,0,0,0,0,0,0,1,350.0,8000.0,850.0,4900,13900,9400.0,0.7272727272727271,0.5889212827988337,0.013114025338964216,"[10, 11, 12, 1, 2, 3]",10|11|12|1|2|3
878,Jal Mahal,Jaipur,Rajasthan,West,Palace,"Architecture,Lake","Tourists,Photographers",50,100,2000,400,26.9535,75.8462,4.6,11000,10,3,Urban,RAJ-213,59.1,False,Easy,Half-day (2-4 hrs),0,0,0,0,1,0,0,0,0,0,0,0,0,0,0,0,0,0,0,0,0,0,0,0,0,0,0,0,0,0,0,0,0,0,0,0,0,0,0,0,0,0,0,0,0,0,0,0,0,0,0,0,0,0,0,0,0,0,0,0,0,0,0,0,0,0,0,1,0,0,0,0,0,0,0,0,0,0,0,0,0,0,0,0,0,0,0,0,0,0,0,0,0,0,0,0,0,0,0,0,0,0,0,0,0,0,0,0,0,0,0,0,0,0,0,0,0,0,0,0,0,0,0,0,0,0,0,0,0,0,0,0,0,0,0,0,0,0,0,0,0,0,0,0,0,0,0,0,0,0,0,0,0,0,0,0,0,0,1,0,0,0,0,0,0,1,1,200.0,4000.0,700.0,2550,7350,4950.0,0.6363636363636362,0.5145772594752186,0.012002667259390977,"[10, 11, 12, 1, 2, 3]",10|11|12|1|2|3
879,Jaigarh Fort,Jaipur,Rajasthan,West,Fort,"Heritage,Heritage","Students,Tourists",150,200,2000,400,26.9855,75.8507,4.6,9000,10,3,Mountain,RAJ-213,60.1,False,Moderate,Half-day (2-4 hrs),0,0,0,0,0,0,0,0,0,0,0,0,0,0,0,0,0,0,0,0,0,0,0,0,0,0,0,0,0,0,0,0,0,0,0,0,0,0,0,0,0,0,0,0,0,0,0,0,0,0,0,0,0,1,0,0,0,0,0,0,0,0,0,0,0,0,0,0,0,0,0,0,0,0,0,0,0,0,0,0,0,0,0,0,0,0,0,0,0,0,0,0,0,0,0,0,0,0,0,0,0,0,0,0,0,0,0,0,0,0,0,0,0,0,0,0,0,0,0,0,0,0,0,0,0,0,0,0,0,0,0,0,0,0,0,0,0,0,0,0,0,0,0,0,0,0,0,0,0,0,0,0,0,0,0,0,0,0,0,0,0,0,0,0,1,1,2,350.0,4000.0,700.0,2750,7650,5200.0,0.6363636363636362,0.5291545189504373,0.0097799511002445,"[10, 11, 12, 1, 2, 3]",10|11|12|1|2|3
880,Albert Hall Museum,Jaipur,Rajasthan,West,Museum,"Heritage,Art","Students,Family",100,100,2000,400,26.9115,75.8197,4.5,8000,10,3,Urban,RAJ-213,55.2,False,Easy,Half-day (2-4 hrs),0,0,0,0,0,0,1,0,0,0,0,0,0,0,0,0,0,0,0,0,0,0,0,0,0,0,0,0,0,0,0,0,0,0,0,0,0,0,0,0,0,0,0,0,0,0,0,0,0,0,0,0,0,1,0,0,0,0,0,0,0,0,0,0,0,0,0,0,0,0,0,0,0,0,0,0,0,0,0,0,0,0,0,0,0,0,0,0,0,0,0,0,0,0,0,0,0,0,0,0,0,0,0,0,0,0,0,0,0,0,0,0,0,0,0,0,0,0,0,0,0,0,0,0,0,0,0,0,0,0,0,0,0,0,0,0,0,0,0,0,0,0,0,0,0,0,0,0,0,0,0,0,0,0,0,1,0,0,0,0,0,0,0,0,1,0,1,200.0,4000.0,700.0,2600,7400,5000.0,0.5454545454545454,0.4577259475218659,0.008668593020671262,"[10, 11, 12, 1, 2, 3]",10|11|12|1|2|3
881,Jantar Mantar Jaipur,Jaipur,Rajasthan,West,Observatory,"Astronomy,Heritage","Students,Tourists",200,100,2000,400,26.9248,75.8237,4.6,15000,10,3,Urban,RAJ-213,57.7,False,Easy,Half-day (2-4 hrs),0,0,0,0,0,0,0,0,1,0,0,0,0,0,0,0,0,0,0,0,0,0,0,0,0,0,0,0,0,0,0,0,0,0,0,0,0,0,0,0,0,0,0,0,0,0,0,0,0,0,0,0,0,1,0,0,0,0,0,0,0,0,0,0,0,0,0,0,0,0,0,0,0,0,0,0,0,0,0,0,0,0,0,0,0,0,0,0,0,0,0,0,0,0,0,0,0,0,0,0,0,0,0,0,0,0,0,0,0,0,0,0,0,0,0,0,0,0,0,0,0,0,0,0,0,0,0,0,0,0,0,0,0,0,0,0,0,0,0,0,0,0,0,0,0,0,0,0,0,0,0,0,0,0,0,0,0,0,0,0,0,0,0,0,1,1,1,200.0,4000.0,700.0,2700,7500,5100.0,0.6363636363636362,0.49416909620991245,0.01644809957768393,"[10, 11, 12, 1, 2, 3]",10|11|12|1|2|3
882,Birla Mandir Jaipur,Jaipur,Rajasthan,West,Temple,"Religion,Architecture","Family,Pilgrims",0,50,2000,400,26.8922,75.8153,4.6,9000,10,3,Urban,RAJ-213,60.1,False,Easy,Short (1-2 hrs),0,0,0,0,1,0,0,0,0,0,0,0,0,0,0,0,0,0,0,0,0,0,0,0,0,0,0,0,0,0,0,0,0,0,0,0,0,0,0,0,0,0,0,0,0,0,0,0,0,0,0,0,0,0,0,0,0,0,0,0,0,0,0,0,0,0,0,0,0,0,0,0,0,0,0,0,0,0,0,0,0,0,0,0,0,0,0,0,0,0,0,0,0,0,0,0,0,0,0,0,1,0,0,0,0,0,0,0,0,0,0,0,0,0,0,0,0,0,0,0,0,0,0,0,0,0,0,0,0,0,0,0,0,0,0,0,0,0,0,0,0,0,0,0,0,0,0,0,0,0,0,0,0,0,0,1,0,0,0,1,0,0,0,0,0,0,1,125.0,4000.0,700.0,2450,7200,4825.0,0.6363636363636362,0.5291545189504373,0.0097799511002445,"[10, 11, 12, 1, 2, 3]",10|11|12|1|2|3
883,Patwon Ki Haveli,Jaisalmer,Rajasthan,West,Haveli,"Heritage,Architecture","Tourists,Students",100,100,2000,400,26.914,70.911,4.6,7000,10,3,Desert,RAJ-216,61.3,False,Moderate,Half-day (2-4 hrs),0,0,0,0,1,0,0,0,0,0,0,0,0,0,0,0,0,0,0,0,0,0,0,0,0,0,0,0,0,0,0,0,0,0,0,0,0,0,0,0,0,0,0,0,0,0,0,0,0,0,0,0,0,1,0,0,0,0,0,0,0,0,0,0,0,0,0,0,0,0,0,0,0,0,0,0,0,0,0,0,0,0,0,0,0,0,0,0,0,0,0,0,0,0,0,0,0,0,0,0,0,0,0,0,0,0,0,0,0,0,0,0,0,0,0,0,0,0,0,0,0,0,0,0,0,0,0,0,0,0,0,0,0,0,0,0,0,0,0,0,0,0,0,0,0,0,0,0,0,0,0,0,0,0,0,0,0,0,0,0,0,0,0,0,1,1,2,200.0,4000.0,700.0,2600,7400,5000.0,0.6363636363636362,0.5466472303206996,0.007557234941098022,"[10, 11, 12, 1, 2, 3]",10|11|12|1|2|3
884,Salim Singh Ki Haveli,Jaisalmer,Rajasthan,West,Haveli,Heritage,Tourists,100,100,2000,400,26.9148,70.9122,4.5,4000,10,3,Desert,RAJ-216,58.5,False,Moderate,Half-day (2-4 hrs),0,0,0,0,0,0,0,0,0,0,0,0,0,0,0,0,0,0,0,0,0,0,0,0,0,0,0,0,0,0,0,0,0,0,0,0,0,0,0,0,0,0,0,0,0,0,0,0,0,0,0,0,0,1,0,0,0,0,0,0,0,0,0,0,0,0,0,0,0,0,0,0,0,0,0,0,0,0,0,0,0,0,0,0,0,0,0,0,0,0,0,0,0,0,0,0,0,0,0,0,0,0,0,0,0,0,0,0,0,0,0,0,0,0,0,0,0,0,0,0,0,0,0,0,0,0,0,0,0,0,0,0,0,0,0,0,0,0,0,0,0,0,0,0,0,0,0,0,0,0,0,0,0,0,0,0,0,0,0,0,0,0,0,0,0,1,2,200.0,4000.0,700.0,2600,7400,5000.0,0.5454545454545454,0.5058309037900873,0.004223160702378307,"[10, 11, 12, 1, 2, 3]",10|11|12|1|2|3
885,Nathmal Ki Haveli,Jaisalmer,Rajasthan,West,Haveli,"Heritage,Architecture",Tourists,100,100,2000,400,26.9153,70.9105,4.5,3500,10,3,Desert,RAJ-216,59.1,False,Moderate,Half-day (2-4 hrs),0,0,0,0,1,0,0,0,0,0,0,0,0,0,0,0,0,0,0,0,0,0,0,0,0,0,0,0,0,0,0,0,0,0,0,0,0,0,0,0,0,0,0,0,0,0,0,0,0,0,0,0,0,1,0,0,0,0,0,0,0,0,0,0,0,0,0,0,0,0,0,0,0,0,0,0,0,0,0,0,0,0,0,0,0,0,0,0,0,0,0,0,0,0,0,0,0,0,0,0,0,0,0,0,0,0,0,0,0,0,0,0,0,0,0,0,0,0,0,0,0,0,0,0,0,0,0,0,0,0,0,0,0,0,0,0,0,0,0,0,0,0,0,0,0,0,0,0,0,0,0,0,0,0,0,0,0,0,0,0,0,0,0,0,0,1,2,200.0,4000.0,700.0,2600,7400,5000.0,0.5454545454545454,0.5145772594752186,0.003667481662591687,"[10, 11, 12, 1, 2, 3]",10|11|12|1|2|3
886,Gadisar Lake,Jaisalmer,Rajasthan,West,Lake,"Nature,Boating","Family,Couples",50,100,2000,400,26.9093,70.9083,4.6,6000,10,3,Desert,RAJ-216,62.0,False,Moderate,Full-day (4-8 hrs),0,0,0,0,0,0,0,0,0,0,0,0,0,0,0,0,1,0,0,0,0,0,0,0,0,0,0,0,0,0,0,0,0,0,0,0,0,0,0,0,0,0,0,0,0,0,0,0,0,0,0,0,0,0,0,0,0,0,0,0,0,0,0,0,0,0,0,0,0,0,0,0,0,0,0,0,0,0,0,0,0,0,0,0,1,0,0,0,0,0,0,0,0,0,0,0,0,0,0,0,0,0,0,0,0,0,0,0,0,0,0,0,0,0,0,0,0,0,0,0,0,0,0,0,0,0,0,0,0,0,0,0,0,0,0,0,0,0,0,0,0,0,0,0,0,0,0,0,0,0,0,0,0,0,1,1,0,0,0,0,0,0,0,0,0,0,2,200.0,4000.0,700.0,2550,7350,4950.0,0.6363636363636362,0.5568513119533527,0.0064458768615247835,"[10, 11, 12, 1, 2, 3]",10|11|12|1|2|3
887,Kuldhara Village,Jaisalmer,Rajasthan,West,Heritage Village,"Heritage,Mystery","Tourists,Students",50,100,2000,400,26.945,70.8,4.4,3000,10,3,Desert,RAJ-216,54.4,False,Moderate,Half-day (2-4 hrs),0,0,0,0,0,0,0,0,0,0,0,0,0,0,0,0,0,0,0,0,0,0,0,0,0,0,0,0,0,0,0,0,0,0,0,0,0,0,0,0,0,0,0,0,0,0,0,0,0,0,0,0,0,1,0,0,0,0,0,0,0,0,0,0,0,0,0,0,0,0,0,0,0,0,0,0,0,0,0,0,0,0,1,0,0,0,0,0,0,0,0,0,0,0,0,0,0,0,0,0,0,0,0,0,0,0,0,0,0,0,0,0,0,0,0,0,0,0,0,0,0,0,0,0,0,0,0,0,0,0,0,0,0,0,0,0,0,0,0,0,0,0,0,0,0,0,0,0,0,0,0,0,0,0,0,0,0,0,0,0,0,0,0,0,1,1,2,150.0,4000.0,700.0,2550,7250,4900.0,0.4545454545454546,0.4460641399416909,0.003111802622805068,"[10, 11, 12, 1, 2, 3]",10|11|12|1|2|3
888,Bada Bagh,Jaisalmer,Rajasthan,West,Heritage Garden,"Heritage,Architecture",Tourists,100,100,2000,400,26.9985,70.9013,4.5,2800,10,3,Desert,RAJ-216,60.2,False,Moderate,Half-day (2-4 hrs),0,0,0,0,1,0,0,0,0,0,0,0,0,0,0,0,0,0,0,0,0,0,0,0,0,0,0,0,0,0,0,0,0,0,0,0,0,0,0,0,0,0,0,0,0,0,0,0,0,0,0,0,0,1,0,0,0,0,0,0,0,0,0,0,0,0,0,0,0,0,0,0,0,0,0,0,0,0,0,0,0,0,0,0,0,0,0,0,0,0,0,0,0,0,0,0,0,0,0,0,0,0,0,0,0,0,0,0,0,0,0,0,0,0,0,0,0,0,0,0,0,0,0,0,0,0,0,0,0,0,0,0,0,0,0,0,0,0,0,0,0,0,0,0,0,0,0,0,0,0,0,0,0,0,0,0,0,0,0,0,0,0,0,0,0,1,2,150.0,4000.0,700.0,2600,7300,4950.0,0.5454545454545454,0.5306122448979591,0.0028895310068904204,"[10, 11, 12, 1, 2, 3]",10|11|12|1|2|3
889,Mandore Gardens,Jodhpur,Rajasthan,West,Garden,"Heritage,Nature","Family,Tourists",50,100,2000,400,26.35,73.06,4.4,4200,10,3,Urban,RAJ-215,52.8,False,Easy,Short (1-2 hrs),0,0,0,0,0,0,0,0,0,0,0,0,0,0,0,0,0,0,0,0,0,0,0,0,0,0,0,0,0,0,0,0,0,0,0,0,0,0,0,0,0,0,0,0,0,0,0,0,0,0,0,0,0,1,0,0,0,0,0,0,0,0,0,0,0,0,0,0,0,0,0,0,0,0,0,0,0,0,0,0,0,0,0,0,1,0,0,0,0,0,0,0,0,0,0,0,0,0,0,0,0,0,0,0,0,0,0,0,0,0,0,0,0,0,0,0,0,0,0,0,0,0,0,0,0,0,0,0,0,0,0,0,0,0,0,0,0,0,0,0,0,0,0,0,0,0,0,0,0,0,0,0,0,0,0,1,0,0,0,0,0,0,0,0,0,1,1,150.0,4000.0,700.0,2550,7250,4900.0,0.4545454545454546,0.42274052478134105,0.0044454323182929545,"[10, 11, 12, 1, 2, 3]",10|11|12|1|2|3
890,Jaswant Thada,Jodhpur,Rajasthan,West,Memorial,"Architecture,Heritage",Tourists,50,100,2000,400,26.2987,73.035,4.6,8000,10,3,Urban,RAJ-215,60.7,False,Easy,Short (1-2 hrs),0,0,0,0,1,0,0,0,0,0,0,0,0,0,0,0,0,0,0,0,0,0,0,0,0,0,0,0,0,0,0,0,0,0,0,0,0,0,0,0,0,0,0,0,0,0,0,0,0,0,0,0,0,1,0,0,0,0,0,0,0,0,0,0,0,0,0,0,0,0,0,0,0,0,0,0,0,0,0,0,0,0,0,0,0,0,0,0,0,0,0,0,0,0,0,0,0,0,0,0,0,0,0,0,0,0,0,0,0,0,0,0,0,0,0,0,0,0,0,0,0,0,0,0,0,0,0,0,0,0,0,0,0,0,0,0,0,0,0,0,0,0,0,0,0,0,0,0,0,0,0,0,0,0,0,0,0,0,0,0,0,0,0,0,0,1,1,150.0,4000.0,700.0,2550,7250,4900.0,0.6363636363636362,0.5379008746355685,0.008668593020671262,"[10, 11, 12, 1, 2, 3]",10|11|12|1|2|3
891,Osian Desert,Osian,Rajasthan,West,Desert,"Camel Ride,Desert","Adventure,Friends",0,500,2000,400,26.722,72.918,4.6,5000,10,3,Desert,RAJ-220,62.9,True,Moderate,Full-day (4-8 hrs),0,0,0,0,0,0,0,0,0,0,0,0,0,0,0,0,0,0,0,0,1,0,0,0,0,0,0,0,0,0,0,0,1,0,0,0,0,0,0,0,0,0,0,0,0,0,0,0,0,0,0,0,0,0,0,0,0,0,0,0,0,0,0,0,0,0,0,0,0,0,0,0,0,0,0,0,0,0,0,0,0,0,0,0,0,0,0,0,0,0,0,0,0,0,0,0,0,0,0,0,0,0,0,0,0,0,0,0,0,0,0,0,0,0,0,0,0,0,0,0,0,0,0,0,0,0,0,0,0,0,0,0,0,0,0,0,0,0,0,0,0,0,0,0,0,0,0,0,0,0,0,0,1,0,0,0,1,0,0,0,0,0,0,0,0,0,2,1250.0,4000.0,700.0,2900,9000,5950.0,0.6363636363636362,0.5699708454810495,0.005334518781951545,"[10, 11, 12, 1, 2, 3]",10|11|12|1|2|3
892,Osian Temples,Osian,Rajasthan,West,Temple,"Heritage,Religion","Pilgrims,Tourists",0,100,2000,400,26.7225,72.919,4.5,2500,10,3,Desert,RAJ-220,60.7,False,Moderate,Short (1-2 hrs),0,0,0,0,0,0,0,0,0,0,0,0,0,0,0,0,0,0,0,0,0,0,0,0,0,0,0,0,0,0,0,0,0,0,0,0,0,0,0,0,0,0,0,0,0,0,0,0,0,0,0,0,0,1,0,0,0,0,0,0,0,0,0,0,0,0,0,0,0,0,0,0,0,0,0,0,0,0,0,0,0,0,0,0,0,0,0,0,0,0,0,0,0,0,0,0,0,0,0,0,1,0,0,0,0,0,0,0,0,0,0,0,0,0,0,0,0,0,0,0,0,0,0,0,0,0,0,0,0,0,0,0,0,0,0,0,0,0,0,0,0,0,0,0,0,0,0,0,0,0,0,0,0,0,0,0,0,0,0,1,0,0,0,0,0,1,2,150.0,4000.0,700.0,2500,7200,4850.0,0.5454545454545454,0.5379008746355685,0.0025561235830184486,"[10, 11, 12, 1, 2, 3]",10|11|12|1|2|3
893,Khimsar Fort,Nagaur,Rajasthan,West,Fort,"Heritage,Architecture","Tourists,Couples",200,200,3000,400,27.0,73.4,4.5,2600,10,3,Desert,RAJ-227,60.5,False,Moderate,Half-day (2-4 hrs),0,0,0,0,1,0,0,0,0,0,0,0,0,0,0,0,0,0,0,0,0,0,0,0,0,0,0,0,0,0,0,0,0,0,0,0,0,0,0,0,0,0,0,0,0,0,0,0,0,0,0,0,0,1,0,0,0,0,0,0,0,0,0,0,0,0,0,0,0,0,0,0,0,0,0,0,0,0,0,0,0,0,0,0,0,0,0,0,0,0,0,0,0,0,0,0,0,0,0,0,0,0,0,0,0,0,0,0,0,0,0,0,0,0,0,0,0,0,0,0,0,0,0,0,0,0,0,0,0,0,0,0,0,0,0,0,0,0,0,0,0,0,0,0,0,0,0,0,0,0,0,0,0,0,1,0,0,0,0,0,0,0,0,0,0,1,2,350.0,6000.0,700.0,3800,10700,7250.0,0.5454545454545454,0.5349854227405247,0.0026672593909757725,"[10, 11, 12, 1, 2, 3]",10|11|12|1|2|3
894,Nagaur Fort,Nagaur,Rajasthan,West,Fort,Heritage,"Students,Tourists",100,100,2000,400,27.2,73.74,4.5,3000,10,3,Desert,RAJ-228,59.9,False,Moderate,Half-day (2-4 hrs),0,0,0,0,0,0,0,0,0,0,0,0,0,0,0,0,0,0,0,0,0,0,0,0,0,0,0,0,0,0,0,0,0,0,0,0,0,0,0,0,0,0,0,0,0,0,0,0,0,0,0,0,0,1,0,0,0,0,0,0,0,0,0,0,0,0,0,0,0,0,0,0,0,0,0,0,0,0,0,0,0,0,0,0,0,0,0,0,0,0,0,0,0,0,0,0,0,0,0,0,0,0,0,0,0,0,0,0,0,0,0,0,0,0,0,0,0,0,0,0,0,0,0,0,0,0,0,0,0,0,0,0,0,0,0,0,0,0,0,0,0,0,0,0,0,0,0,0,0,0,0,0,0,0,0,0,0,0,0,0,0,0,0,0,1,1,2,200.0,4000.0,700.0,2600,7400,5000.0,0.5454545454545454,0.5262390670553935,0.003111802622805068,"[10, 11, 12, 1, 2, 3]",10|11|12|1|2|3
895,Taragarh Fort Bundi,Bundi,Rajasthan,West,Fort,Heritage,"Tourists,Students",100,100,1500,400,25.442,75.637,4.4,2500,10,3,Mountain,RAJ-221,55.3,False,Moderate,Half-day (2-4 hrs),0,0,0,0,0,0,0,0,0,0,0,0,0,0,0,0,0,0,0,0,0,0,0,0,0,0,0,0,0,0,0,0,0,0,0,0,0,0,0,0,0,0,0,0,0,0,0,0,0,0,0,0,0,1,0,0,0,0,0,0,0,0,0,0,0,0,0,0,0,0,0,0,0,0,0,0,0,0,0,0,0,0,0,0,0,0,0,0,0,0,0,0,0,0,0,0,0,0,0,0,0,0,0,0,0,0,0,0,0,0,0,0,0,0,0,0,0,0,0,0,0,0,0,0,0,0,0,0,0,0,0,0,0,0,0,0,0,0,0,0,0,0,0,0,0,0,0,0,0,0,0,0,0,0,0,0,0,0,0,0,0,0,0,0,1,1,2,200.0,2750.0,700.0,2100,5400,3750.0,0.4545454545454546,0.4591836734693876,0.0025561235830184486,"[10, 11, 12, 1, 2, 3]",10|11|12|1|2|3
896,Bundi Palace,Bundi,Rajasthan,West,Palace,"Heritage,Architecture",Tourists,100,100,1500,400,25.438,75.64,4.6,3200,10,3,Urban,RAJ-221,65.0,True,Easy,Half-day (2-4 hrs),0,0,0,0,1,0,0,0,0,0,0,0,0,0,0,0,0,0,0,0,0,0,0,0,0,0,0,0,0,0,0,0,0,0,0,0,0,0,0,0,0,0,0,0,0,0,0,0,0,0,0,0,0,1,0,0,0,0,0,0,0,0,0,0,0,0,0,0,0,0,0,0,0,0,0,0,0,0,0,0,0,0,0,0,0,0,0,0,0,0,0,0,0,0,0,0,0,0,0,0,0,0,0,0,0,0,0,0,0,0,0,0,0,0,0,0,0,0,0,0,0,0,0,0,0,0,0,0,0,0,0,0,0,0,0,0,0,0,0,0,0,0,0,0,0,0,0,0,0,0,0,0,0,0,0,0,0,0,0,0,0,0,0,0,0,1,1,200.0,2750.0,700.0,2100,5400,3750.0,0.6363636363636362,0.6005830903790087,0.0033340742387197157,"[10, 11, 12, 1, 2, 3]",10|11|12|1|2|3
897,Garh Palace Bundi,Bundi,Rajasthan,West,Palace,Heritage,Tourists,100,100,1500,400,25.439,75.6405,4.5,2900,10,3,Urban,RAJ-221,60.0,False,Easy,Half-day (2-4 hrs),0,0,0,0,0,0,0,0,0,0,0,0,0,0,0,0,0,0,0,0,0,0,0,0,0,0,0,0,0,0,0,0,0,0,0,0,0,0,0,0,0,0,0,0,0,0,0,0,0,0,0,0,0,1,0,0,0,0,0,0,0,0,0,0,0,0,0,0,0,0,0,0,0,0,0,0,0,0,0,0,0,0,0,0,0,0,0,0,0,0,0,0,0,0,0,0,0,0,0,0,0,0,0,0,0,0,0,0,0,0,0,0,0,0,0,0,0,0,0,0,0,0,0,0,0,0,0,0,0,0,0,0,0,0,0,0,0,0,0,0,0,0,0,0,0,0,0,0,0,0,0,0,0,0,0,0,0,0,0,0,0,0,0,0,0,1,1,200.0,2750.0,700.0,2100,5400,3750.0,0.5454545454545454,0.5276967930029154,0.003000666814847744,"[10, 11, 12, 1, 2, 3]",10|11|12|1|2|3
898,Chaurasi Khambon Ki Chhatri,Bundi,Rajasthan,West,Monument,"Architecture,Heritage",Tourists,50,50,1500,400,25.441,75.642,4.4,2100,10,3,Urban,RAJ-221,56.1,False,Easy,Short (1-2 hrs),0,0,0,0,1,0,0,0,0,0,0,0,0,0,0,0,0,0,0,0,0,0,0,0,0,0,0,0,0,0,0,0,0,0,0,0,0,0,0,0,0,0,0,0,0,0,0,0,0,0,0,0,0,1,0,0,0,0,0,0,0,0,0,0,0,0,0,0,0,0,0,0,0,0,0,0,0,0,0,0,0,0,0,0,0,0,0,0,0,0,0,0,0,0,0,0,0,0,0,0,0,0,0,0,0,0,0,0,0,0,0,0,0,0,0,0,0,0,0,0,0,0,0,0,0,0,0,0,0,0,0,0,0,0,0,0,0,0,0,0,0,0,0,0,0,0,0,0,0,0,0,0,0,0,0,0,0,0,0,0,0,0,0,0,0,1,1,125.0,2750.0,700.0,2000,5250,3625.0,0.4545454545454546,0.4708454810495626,0.0021115803511891533,"[10, 11, 12, 1, 2, 3]",10|11|12|1|2|3
899,Rani Ji Ki Baori,Bundi,Rajasthan,West,Stepwell,"Architecture,Heritage","Students,Tourists",50,50,1500,400,25.4385,75.6402,4.5,2600,10,3,Urban,RAJ-221,60.5,False,Moderate,Half-day (2-4 hrs),0,0,0,0,1,0,0,0,0,0,0,0,0,0,0,0,0,0,0,0,0,0,0,0,0,0,0,0,0,0,0,0,0,0,0,0,0,0,0,0,0,0,0,0,0,0,0,0,0,0,0,0,0,1,0,0,0,0,0,0,0,0,0,0,0,0,0,0,0,0,0,0,0,0,0,0,0,0,0,0,0,0,0,0,0,0,0,0,0,0,0,0,0,0,0,0,0,0,0,0,0,0,0,0,0,0,0,0,0,0,0,0,0,0,0,0,0,0,0,0,0,0,0,0,0,0,0,0,0,0,0,0,0,0,0,0,0,0,0,0,0,0,0,0,0,0,0,0,0,0,0,0,0,0,0,0,0,0,0,0,0,0,0,0,1,1,2,125.0,2750.0,700.0,2000,5250,3625.0,0.5454545454545454,0.5349854227405247,0.0026672593909757725,"[10, 11, 12, 1, 2, 3]",10|11|12|1|2|3
900,Chambal Garden Kota,Kota,Rajasthan,West,Garden,"Nature,Leisure","Family,Couples",20,50,1500,400,25.18,75.86,4.4,3500,10,3,Urban,RAJ-221,53.7,False,Easy,Short (1-2 hrs),0,0,0,0,0,0,0,0,0,0,0,0,0,0,0,0,0,0,0,0,0,0,0,0,0,0,0,0,0,0,0,0,0,0,0,0,0,0,0,0,0,0,0,0,0,0,0,0,0,0,0,0,0,0,0,0,0,0,0,0,0,0,0,0,0,0,0,0,0,1,0,0,0,0,0,0,0,0,0,0,0,0,0,0,1,0,0,0,0,0,0,0,0,0,0,0,0,0,0,0,0,0,0,0,0,0,0,0,0,0,0,0,0,0,0,0,0,0,0,0,0,0,0,0,0,0,0,0,0,0,0,0,0,0,0,0,0,0,0,0,0,0,0,0,0,0,0,0,0,0,0,0,0,0,1,1,0,0,0,0,0,0,0,0,0,0,1,125.0,2750.0,700.0,1970,5220,3595.0,0.4545454545454546,0.43586005830903785,0.003667481662591687,"[10, 11, 12, 1, 2, 3]",10|11|12|1|2|3
901,Garadia Mahadev Temple,Kota,Rajasthan,West,Temple Viewpoint,"Nature,","Photographers,Friends",0,100,1500,400,25.2,75.88,4.7,5000,10,3,Valley,RAJ-221,68.3,True,Easy,Short (1-2 hrs),0,0,0,0,0,0,0,0,0,0,0,0,0,0,0,0,0,0,0,0,0,0,0,0,0,0,0,0,0,0,0,0,0,0,0,0,0,0,0,0,0,0,0,0,0,0,0,0,0,0,0,0,0,0,0,0,0,0,0,0,0,0,0,0,0,0,0,0,0,0,0,0,0,0,0,0,0,0,0,0,0,0,0,0,1,0,0,0,0,0,0,0,0,0,0,0,0,0,0,0,0,0,0,0,0,0,0,0,0,0,0,0,0,0,0,0,0,0,0,0,0,0,0,0,0,0,0,0,0,0,0,0,0,0,0,0,0,0,0,0,0,0,0,0,0,0,0,0,0,0,0,0,0,0,0,0,1,0,1,0,0,0,0,0,0,0,1,200.0,2750.0,700.0,2000,5300,3650.0,0.7272727272727271,0.6486880466472301,0.005334518781951545,"[10, 11, 12, 1, 2, 3]",10|11|12|1|2|3
902,Jagmandir Palace Udaipur,Udaipur,Rajasthan,West,Palace,"Heritage,Lake","Couples,Tourists",200,200,3000,500,24.576,73.679,4.6,7000,10,3,Urban,RAJ-214,61.3,False,Easy,Half-day (2-4 hrs),0,0,0,0,0,0,0,0,0,0,0,0,0,0,0,0,0,0,0,0,0,0,0,0,0,0,0,0,0,0,0,0,0,0,0,0,0,0,0,0,0,0,0,0,0,0,0,0,0,0,0,0,0,1,0,0,0,0,0,0,0,0,0,0,0,0,0,1,0,0,0,0,0,0,0,0,0,0,0,0,0,0,0,0,0,0,0,0,0,0,0,0,0,0,0,0,0,0,0,0,0,0,0,0,0,0,0,0,0,0,0,0,0,0,0,0,0,0,0,0,0,0,0,0,0,0,0,0,0,0,0,0,0,0,0,0,0,0,0,0,0,0,0,0,0,0,0,0,0,0,0,0,0,0,1,0,0,0,0,0,0,0,0,0,0,1,1,350.0,5500.0,850.0,3900,9900,6900.0,0.6363636363636362,0.5466472303206996,0.007557234941098022,"[10, 11, 12, 1, 2, 3]",10|11|12|1|2|3
903,Saheliyon Ki Bari,Udaipur,Rajasthan,West,Garden,"Nature,Heritage","Family,Couples",50,50,3000,500,24.603,73.682,4.5,6500,10,3,Urban,RAJ-214,56.2,False,Easy,Short (1-2 hrs),0,0,0,0,0,0,0,0,0,0,0,0,0,0,0,0,0,0,0,0,0,0,0,0,0,0,0,0,0,0,0,0,0,0,0,0,0,0,0,0,0,0,0,0,0,0,0,0,0,0,0,0,0,1,0,0,0,0,0,0,0,0,0,0,0,0,0,0,0,0,0,0,0,0,0,0,0,0,0,0,0,0,0,0,1,0,0,0,0,0,0,0,0,0,0,0,0,0,0,0,0,0,0,0,0,0,0,0,0,0,0,0,0,0,0,0,0,0,0,0,0,0,0,0,0,0,0,0,0,0,0,0,0,0,0,0,0,0,0,0,0,0,0,0,0,0,0,0,0,0,0,0,0,0,1,1,0,0,0,0,0,0,0,0,0,0,1,125.0,5500.0,850.0,3600,9450,6525.0,0.5454545454545454,0.4723032069970845,0.007001555901311403,"[10, 11, 12, 1, 2, 3]",10|11|12|1|2|3
904,Bagore Ki Haveli,Udaipur,Rajasthan,West,Haveli,"Heritage,Museum",Tourists,100,100,3000,500,24.579,73.683,4.6,5200,10,3,Urban,RAJ-214,62.7,False,Moderate,Half-day (2-4 hrs),0,0,0,0,0,0,0,0,0,0,0,0,0,0,0,0,0,0,0,0,0,0,0,0,0,0,0,0,0,0,0,0,0,0,0,0,0,0,0,0,0,0,0,0,0,0,0,0,0,0,0,0,0,1,0,0,0,0,0,0,0,0,0,0,0,0,0,0,0,0,0,0,0,0,0,0,0,0,0,0,0,1,0,0,0,0,0,0,0,0,0,0,0,0,0,0,0,0,0,0,0,0,0,0,0,0,0,0,0,0,0,0,0,0,0,0,0,0,0,0,0,0,0,0,0,0,0,0,0,0,0,0,0,0,0,0,0,0,0,0,0,0,0,0,0,0,0,0,0,0,0,0,0,0,0,0,0,0,0,0,0,0,0,0,0,1,2,200.0,5500.0,850.0,3700,9600,6650.0,0.6363636363636362,0.5670553935860058,0.005556790397866193,"[10, 11, 12, 1, 2, 3]",10|11|12|1|2|3
905,Fateh Sagar Lake,Udaipur,Rajasthan,West,Lake,"Nature,Boating","Family,Couples",50,100,3000,500,24.6,73.68,4.7,15000,10,3,Urban,RAJ-214,63.1,True,Easy,Full-day (4-8 hrs),0,0,0,0,0,0,0,0,0,0,0,0,0,0,0,0,1,0,0,0,0,0,0,0,0,0,0,0,0,0,0,0,0,0,0,0,0,0,0,0,0,0,0,0,0,0,0,0,0,0,0,0,0,0,0,0,0,0,0,0,0,0,0,0,0,0,0,0,0,0,0,0,0,0,0,0,0,0,0,0,0,0,0,0,1,0,0,0,0,0,0,0,0,0,0,0,0,0,0,0,0,0,0,0,0,0,0,0,0,0,0,0,0,0,0,0,0,0,0,0,0,0,0,0,0,0,0,0,0,0,0,0,0,0,0,0,0,0,0,0,0,0,0,0,0,0,0,0,0,0,0,0,0,0,1,1,0,0,0,0,0,0,0,0,0,0,1,200.0,5500.0,850.0,3650,9550,6600.0,0.7272727272727271,0.5728862973760932,0.01644809957768393,"[10, 11, 12, 1, 2, 3]",10|11|12|1|2|3
906,Monsoon Palace Sajjangarh,Udaipur,Rajasthan,West,Palace,",Heritage",Tourists,80,100,3000,500,24.583,73.667,4.6,9000,10,3,Mountain,RAJ-214,60.1,False,Moderate,Half-day (2-4 hrs),0,0,0,0,0,0,0,0,0,0,0,0,0,0,0,0,0,0,0,0,0,0,0,0,0,0,0,0,0,0,0,0,0,0,0,0,0,0,0,0,0,0,0,0,0,0,0,0,0,0,0,0,0,1,0,0,0,0,0,0,0,0,0,0,0,0,0,0,0,0,0,0,0,0,0,0,0,0,0,0,0,0,0,0,0,0,0,0,0,0,0,0,0,0,0,0,0,0,0,0,0,0,0,0,0,0,0,0,0,0,0,0,0,0,0,0,0,0,0,0,0,0,0,0,0,0,0,0,0,0,0,0,0,0,0,0,0,0,0,0,0,0,0,0,0,0,0,0,0,0,0,0,0,0,0,0,0,0,0,0,0,0,0,0,0,1,2,200.0,5500.0,850.0,3680,9580,6630.0,0.6363636363636362,0.5291545189504373,0.0097799511002445,"[10, 11, 12, 1, 2, 3]",10|11|12|1|2|3
907,Eklingji Temple,Udaipur,Rajasthan,West,Temple,"Religion,Heritage",Pilgrims,0,50,2000,400,24.745,73.695,4.7,4800,10,3,Mountain,RAJ-214,68.5,True,Moderate,Short (1-2 hrs),0,0,0,0,0,0,0,0,0,0,0,0,0,0,0,0,0,0,0,0,0,0,0,0,0,0,0,0,0,0,0,0,0,0,0,0,0,0,0,0,0,0,0,0,0,0,0,0,0,0,0,0,0,1,0,0,0,0,0,0,0,0,0,0,0,0,0,0,0,0,0,0,0,0,0,0,0,0,0,0,0,0,0,0,0,0,0,0,0,0,0,0,0,0,0,0,0,0,0,0,1,0,0,0,0,0,0,0,0,0,0,0,0,0,0,0,0,0,0,0,0,0,0,0,0,0,0,0,0,0,0,0,0,0,0,0,0,0,0,0,0,0,0,0,0,0,0,0,0,0,0,0,0,0,0,0,0,0,0,1,0,0,0,0,0,0,2,125.0,4000.0,700.0,2450,7200,4825.0,0.7272727272727271,0.651603498542274,0.005112247166036897,"[10, 11, 12, 1, 2, 3]",10|11|12|1|2|3
908,Haldighati,Rajsamand,Rajasthan,West,Historic Site,"Heritage,Battlefield","Students,Tourists",50,50,2000,400,25.03,73.78,4.4,3000,10,3,Valley,RAJ-214,54.4,False,Moderate,Half-day (2-4 hrs),0,0,0,0,0,0,0,0,0,0,0,0,1,0,0,0,0,0,0,0,0,0,0,0,0,0,0,0,0,0,0,0,0,0,0,0,0,0,0,0,0,0,0,0,0,0,0,0,0,0,0,0,0,1,0,0,0,0,0,0,0,0,0,0,0,0,0,0,0,0,0,0,0,0,0,0,0,0,0,0,0,0,0,0,0,0,0,0,0,0,0,0,0,0,0,0,0,0,0,0,0,0,0,0,0,0,0,0,0,0,0,0,0,0,0,0,0,0,0,0,0,0,0,0,0,0,0,0,0,0,0,0,0,0,0,0,0,0,0,0,0,0,0,0,0,0,0,0,0,0,0,0,0,0,0,0,0,0,0,0,0,0,0,0,1,1,2,125.0,4000.0,700.0,2500,7250,4875.0,0.4545454545454546,0.4460641399416909,0.003111802622805068,"[10, 11, 12, 1, 2, 3]",10|11|12|1|2|3
909,Kumbhalgarh Fort,Rajsamand,Rajasthan,West,Fort,"Heritage,Heritage",Tourists,200,200,2000,400,25.149,73.588,4.8,11000,10,3,Mountain,RAJ-214,70.0,True,Moderate,Half-day (2-4 hrs),0,0,0,0,0,0,0,0,0,0,0,0,0,0,0,0,0,0,0,0,0,0,0,0,0,0,0,0,0,0,0,0,0,0,0,0,0,0,0,0,0,0,0,0,0,0,0,0,0,0,0,0,0,1,0,0,0,0,0,0,0,0,0,0,0,0,0,0,0,0,0,0,0,0,0,0,0,0,0,0,0,0,0,0,0,0,0,0,0,0,0,0,0,0,0,0,0,0,0,0,0,0,0,0,0,0,0,0,0,0,0,0,0,0,0,0,0,0,0,0,0,0,0,0,0,0,0,0,0,0,0,0,0,0,0,0,0,0,0,0,0,0,0,0,0,0,0,0,0,0,0,0,0,0,0,0,0,0,0,0,0,0,0,0,0,1,2,350.0,4000.0,700.0,2800,7700,5250.0,0.8181818181818179,0.6734693877551019,0.012002667259390977,"[10, 11, 12, 1, 2, 3]",10|11|12|1|2|3
910,Ranakpur Jain Temple,Pali,Rajasthan,West,Temple,"Religion,Architecture","Tourists,Pilgrims",100,100,2000,400,25.115,73.472,4.8,9000,10,3,Mountain,RAJ-214,71.0,True,Moderate,Short (1-2 hrs),0,0,0,0,1,0,0,0,0,0,0,0,0,0,0,0,0,0,0,0,0,0,0,0,0,0,0,0,0,0,0,0,0,0,0,0,0,0,0,0,0,0,0,0,0,0,0,0,0,0,0,0,0,0,0,0,0,0,0,0,0,0,0,0,0,0,0,0,0,0,0,0,0,0,0,0,0,0,0,0,0,0,0,0,0,0,0,0,0,0,0,0,0,0,0,0,0,0,0,0,1,0,0,0,0,0,0,0,0,0,0,0,0,0,0,0,0,0,0,0,0,0,0,0,0,0,0,0,0,0,0,0,0,0,0,0,0,0,0,0,0,0,0,0,0,0,0,0,0,0,0,0,0,0,0,0,0,0,0,1,0,0,0,0,0,1,2,200.0,4000.0,700.0,2600,7400,5000.0,0.8181818181818179,0.6880466472303206,0.0097799511002445,"[10, 11, 12, 1, 2, 3]",10|11|12|1|2|3
911,Keoladeo National Park,Bharatpur,Rajasthan,West,National Park,"Birdwatching,Wildlife","Photographers,Students",75,200,1500,400,27.159,77.521,4.7,12000,10,3,Forest,RAJ-222,64.2,True,Moderate,Full-day (4-8 hrs),0,0,0,0,0,0,0,0,0,0,0,0,0,0,0,1,0,0,0,0,0,0,0,0,0,0,0,0,0,0,0,0,0,0,0,0,0,0,0,0,0,0,0,0,0,0,0,0,0,0,0,0,0,0,0,0,0,0,0,0,0,0,0,0,0,0,0,0,0,0,0,0,0,0,0,0,0,0,0,0,0,0,0,0,0,0,0,0,0,0,0,0,0,0,0,0,0,0,0,0,0,0,0,0,0,0,0,0,0,0,0,0,0,0,0,0,0,0,0,0,0,0,0,0,0,0,0,0,0,0,0,0,0,0,0,0,0,0,0,0,0,0,0,0,0,0,0,0,0,1,0,0,0,0,0,0,0,0,1,0,0,0,0,0,1,0,2,350.0,2750.0,700.0,2175,5575,3875.0,0.7272727272727271,0.5889212827988337,0.013114025338964216,"[10, 11, 12, 1, 2, 3]",10|11|12|1|2|3
912,Lohagarh Fort Bharatpur,Bharatpur,Rajasthan,West,Fort,Heritage,"Students,Tourists",50,50,1500,400,27.215,77.49,4.5,3500,10,3,Urban,RAJ-222,59.1,False,Moderate,Half-day (2-4 hrs),0,0,0,0,0,0,0,0,0,0,0,0,0,0,0,0,0,0,0,0,0,0,0,0,0,0,0,0,0,0,0,0,0,0,0,0,0,0,0,0,0,0,0,0,0,0,0,0,0,0,0,0,0,1,0,0,0,0,0,0,0,0,0,0,0,0,0,0,0,0,0,0,0,0,0,0,0,0,0,0,0,0,0,0,0,0,0,0,0,0,0,0,0,0,0,0,0,0,0,0,0,0,0,0,0,0,0,0,0,0,0,0,0,0,0,0,0,0,0,0,0,0,0,0,0,0,0,0,0,0,0,0,0,0,0,0,0,0,0,0,0,0,0,0,0,0,0,0,0,0,0,0,0,0,0,0,0,0,0,0,0,0,0,0,1,1,2,125.0,2750.0,700.0,2000,5250,3625.0,0.5454545454545454,0.5145772594752186,0.003667481662591687,"[10, 11, 12, 1, 2, 3]",10|11|12|1|2|3
913,Deeg Palace,Deeg,Rajasthan,West,Palace,"Heritage,Garden",Tourists,100,100,1500,400,27.471,77.326,4.6,4200,10,3,Urban,RAJ-222,63.7,True,Easy,Half-day (2-4 hrs),0,0,0,0,0,0,0,0,0,0,0,0,0,0,0,0,0,0,0,0,0,0,0,0,0,0,0,0,0,0,0,0,0,0,0,0,0,0,0,0,0,0,0,0,0,0,0,1,0,0,0,0,0,1,0,0,0,0,0,0,0,0,0,0,0,0,0,0,0,0,0,0,0,0,0,0,0,0,0,0,0,0,0,0,0,0,0,0,0,0,0,0,0,0,0,0,0,0,0,0,0,0,0,0,0,0,0,0,0,0,0,0,0,0,0,0,0,0,0,0,0,0,0,0,0,0,0,0,0,0,0,0,0,0,0,0,0,0,0,0,0,0,0,0,0,0,0,0,0,0,0,0,0,0,0,0,0,0,0,0,0,0,0,0,0,1,1,200.0,2750.0,700.0,2100,5400,3750.0,0.6363636363636362,0.5816326530612245,0.0044454323182929545,"[10, 11, 12, 1, 2, 3]",10|11|12|1|2|3
914,Abhaneri Stepwell Chand Baori,Dausa,Rajasthan,West,Stepwell,"Architecture,Heritage","Students,Tourists",50,50,1500,400,27.007,76.606,4.7,8000,10,3,Urban,RAJ-223,66.1,True,Moderate,Half-day (2-4 hrs),0,0,0,0,1,0,0,0,0,0,0,0,0,0,0,0,0,0,0,0,0,0,0,0,0,0,0,0,0,0,0,0,0,0,0,0,0,0,0,0,0,0,0,0,0,0,0,0,0,0,0,0,0,1,0,0,0,0,0,0,0,0,0,0,0,0,0,0,0,0,0,0,0,0,0,0,0,0,0,0,0,0,0,0,0,0,0,0,0,0,0,0,0,0,0,0,0,0,0,0,0,0,0,0,0,0,0,0,0,0,0,0,0,0,0,0,0,0,0,0,0,0,0,0,0,0,0,0,0,0,0,0,0,0,0,0,0,0,0,0,0,0,0,0,0,0,0,0,0,0,0,0,0,0,0,0,0,0,0,0,0,0,0,0,1,1,2,125.0,2750.0,700.0,2000,5250,3625.0,0.7272727272727271,0.6166180758017491,0.008668593020671262,"[10, 11, 12, 1, 2, 3]",10|11|12|1|2|3
915,Harshat Mata Temple,Dausa,Rajasthan,West,Temple,"Heritage,Religion","Pilgrims,Tourists",0,50,1500,400,27.0065,76.6055,4.5,2000,10,3,Urban,RAJ-223,61.8,False,Easy,Short (1-2 hrs),0,0,0,0,0,0,0,0,0,0,0,0,0,0,0,0,0,0,0,0,0,0,0,0,0,0,0,0,0,0,0,0,0,0,0,0,0,0,0,0,0,0,0,0,0,0,0,0,0,0,0,0,0,1,0,0,0,0,0,0,0,0,0,0,0,0,0,0,0,0,0,0,0,0,0,0,0,0,0,0,0,0,0,0,0,0,0,0,0,0,0,0,0,0,0,0,0,0,0,0,1,0,0,0,0,0,0,0,0,0,0,0,0,0,0,0,0,0,0,0,0,0,0,0,0,0,0,0,0,0,0,0,0,0,0,0,0,0,0,0,0,0,0,0,0,0,0,0,0,0,0,0,0,0,0,0,0,0,0,1,0,0,0,0,0,1,1,125.0,2750.0,700.0,1950,5200,3575.0,0.5454545454545454,0.5539358600583089,0.0020004445432318294,"[10, 11, 12, 1, 2, 3]",10|11|12|1|2|3
916,Bhangarh Fort,Alwar,Rajasthan,West,Fort,"Heritage,Haunted","Tourists,Friends",50,50,2000,400,27.092,76.285,4.4,9500,10,3,Mountain,RAJ-223,48.9,False,Moderate,Half-day (2-4 hrs),0,0,0,0,0,0,0,0,0,0,0,0,0,0,0,0,0,0,0,0,0,0,0,0,0,0,0,0,0,0,0,0,0,0,0,0,0,0,0,0,0,0,0,0,0,0,0,0,0,0,0,0,1,1,0,0,0,0,0,0,0,0,0,0,0,0,0,0,0,0,0,0,0,0,0,0,0,0,0,0,0,0,0,0,0,0,0,0,0,0,0,0,0,0,0,0,0,0,0,0,0,0,0,0,0,0,0,0,0,0,0,0,0,0,0,0,0,0,0,0,0,0,0,0,0,0,0,0,0,0,0,0,0,0,0,0,0,0,0,0,0,0,0,0,0,0,0,0,0,0,0,0,0,0,0,0,1,0,0,0,0,0,0,0,0,1,2,125.0,4000.0,700.0,2500,7250,4875.0,0.4545454545454546,0.36588921282798825,0.010335630140031119,"[10, 11, 12, 1, 2, 3]",10|11|12|1|2|3
917,Neemrana Fort Palace,Alwar,Rajasthan,West,Fort Palace,"Heritage,Luxury","Couples,Tourists",200,200,5000,600,27.988,76.384,4.7,7800,10,3,Mountain,RAJ-229,66.2,True,Moderate,Half-day (2-4 hrs),0,0,0,0,0,0,0,0,0,0,0,0,0,0,0,0,0,0,0,0,0,0,0,0,0,0,0,0,0,0,0,0,0,0,0,0,0,0,0,0,0,0,0,0,0,0,0,0,0,0,0,0,0,1,0,0,0,0,0,0,0,0,0,0,0,0,0,0,0,0,0,0,1,0,0,0,0,0,0,0,0,0,0,0,0,0,0,0,0,0,0,0,0,0,0,0,0,0,0,0,0,0,0,0,0,0,0,0,0,0,0,0,0,0,0,0,0,0,0,0,0,0,0,0,0,0,0,0,0,0,0,0,0,0,0,0,0,0,0,0,0,0,0,0,0,0,0,0,0,0,0,0,0,0,1,0,0,0,0,0,0,0,0,0,0,1,2,350.0,10000.0,1050.0,6000,17200,11600.0,0.7272727272727271,0.6180758017492711,0.008446321404756613,"[10, 11, 12, 1, 2, 3]",10|11|12|1|2|3
918,Sariska National Park,Alwar,Rajasthan,West,National Park,"Wildlife,Forest","Photographers,Adventure",200,500,2000,400,27.332,76.439,4.5,6000,10,3,Forest,RAJ-223,56.6,False,Moderate,Full-day (4-8 hrs),0,0,0,0,0,0,0,0,0,0,0,0,0,0,0,0,0,0,0,0,0,0,0,0,0,0,0,0,0,0,0,0,0,0,0,0,0,0,0,0,0,0,0,0,0,1,0,0,0,0,0,0,0,0,0,0,0,0,0,0,0,0,0,0,0,0,0,0,0,0,0,0,0,0,0,0,0,0,0,0,0,0,0,0,0,0,0,0,0,0,0,0,0,0,0,0,0,0,0,0,0,0,0,0,0,0,0,0,0,0,0,0,0,0,0,0,0,0,0,0,0,0,0,0,0,0,0,0,0,0,0,0,0,0,0,0,0,0,0,0,0,0,0,0,0,0,0,0,0,1,0,0,1,0,0,0,0,0,1,0,0,0,0,0,0,0,2,1000.0,4000.0,700.0,3100,8700,5900.0,0.5454545454545454,0.47813411078717194,0.0064458768615247835,"[10, 11, 12, 1, 2, 3]",10|11|12|1|2|3
919,Pandupol Hanuman Temple,Alwar,Rajasthan,West,Temple,"Religion,Forest",Pilgrims,0,50,2000,400,27.37,76.4,4.6,3000,10,3,Forest,RAJ-223,65.3,True,Moderate,Short (1-2 hrs),0,0,0,0,0,0,0,0,0,0,0,0,0,0,0,0,0,0,0,0,0,0,0,0,0,0,0,0,0,0,0,0,0,0,0,0,0,0,0,0,0,0,0,0,0,1,0,0,0,0,0,0,0,0,0,0,0,0,0,0,0,0,0,0,0,0,0,0,0,0,0,0,0,0,0,0,0,0,0,0,0,0,0,0,0,0,0,0,0,0,0,0,0,0,0,0,0,0,0,0,1,0,0,0,0,0,0,0,0,0,0,0,0,0,0,0,0,0,0,0,0,0,0,0,0,0,0,0,0,0,0,0,0,0,0,0,0,0,0,0,0,0,0,0,0,0,0,0,0,0,0,0,0,0,0,0,0,0,0,1,0,0,0,0,0,0,2,125.0,4000.0,700.0,2450,7200,4825.0,0.6363636363636362,0.6049562682215742,0.003111802622805068,"[10, 11, 12, 1, 2, 3]",10|11|12|1|2|3
920,Siliserh Lake,Alwar,Rajasthan,West,Lake,"Nature,Boating","Family,Couples",50,100,2000,400,27.196,76.354,4.5,4200,10,3,Valley,RAJ-223,58.3,False,Easy,Full-day (4-8 hrs),0,0,0,0,0,0,0,0,0,0,0,0,0,0,0,0,1,0,0,0,0,0,0,0,0,0,0,0,0,0,0,0,0,0,0,0,0,0,0,0,0,0,0,0,0,0,0,0,0,0,0,0,0,0,0,0,0,0,0,0,0,0,0,0,0,0,0,0,0,0,0,0,0,0,0,0,0,0,0,0,0,0,0,0,1,0,0,0,0,0,0,0,0,0,0,0,0,0,0,0,0,0,0,0,0,0,0,0,0,0,0,0,0,0,0,0,0,0,0,0,0,0,0,0,0,0,0,0,0,0,0,0,0,0,0,0,0,0,0,0,0,0,0,0,0,0,0,0,0,0,0,0,0,0,1,1,0,0,0,0,0,0,0,0,0,0,1,200.0,4000.0,700.0,2550,7350,4950.0,0.5454545454545454,0.5029154518950436,0.0044454323182929545,"[10, 11, 12, 1, 2, 3]",10|11|12|1|2|3
921,Galtaji Temple,Jaipur,Rajasthan,West,Temple,"Religion,Heritage","Pilgrims,Tourists",0,50,2000,400,26.924,75.88,4.6,7200,10,3,Mountain,RAJ-213,61.2,False,Moderate,Short (1-2 hrs),0,0,0,0,0,0,0,0,0,0,0,0,0,0,0,0,0,0,0,0,0,0,0,0,0,0,0,0,0,0,0,0,0,0,0,0,0,0,0,0,0,0,0,0,0,0,0,0,0,0,0,0,0,1,0,0,0,0,0,0,0,0,0,0,0,0,0,0,0,0,0,0,0,0,0,0,0,0,0,0,0,0,0,0,0,0,0,0,0,0,0,0,0,0,0,0,0,0,0,0,1,0,0,0,0,0,0,0,0,0,0,0,0,0,0,0,0,0,0,0,0,0,0,0,0,0,0,0,0,0,0,0,0,0,0,0,0,0,0,0,0,0,0,0,0,0,0,0,0,0,0,0,0,0,0,0,0,0,0,1,0,0,0,0,0,1,2,125.0,4000.0,700.0,2450,7200,4825.0,0.6363636363636362,0.5451895043731778,0.00777950655701267,"[10, 11, 12, 1, 2, 3]",10|11|12|1|2|3
922,Samode Palace,Jaipur,Rajasthan,West,Palace,"Heritage,Luxury","Couples,Tourists",200,200,5000,600,27.162,75.803,4.7,3500,10,3,Mountain,RAJ-213,70.0,True,Moderate,Half-day (2-4 hrs),0,0,0,0,0,0,0,0,0,0,0,0,0,0,0,0,0,0,0,0,0,0,0,0,0,0,0,0,0,0,0,0,0,0,0,0,0,0,0,0,0,0,0,0,0,0,0,0,0,0,0,0,0,1,0,0,0,0,0,0,0,0,0,0,0,0,0,0,0,0,0,0,1,0,0,0,0,0,0,0,0,0,0,0,0,0,0,0,0,0,0,0,0,0,0,0,0,0,0,0,0,0,0,0,0,0,0,0,0,0,0,0,0,0,0,0,0,0,0,0,0,0,0,0,0,0,0,0,0,0,0,0,0,0,0,0,0,0,0,0,0,0,0,0,0,0,0,0,0,0,0,0,0,0,1,0,0,0,0,0,0,0,0,0,0,1,2,350.0,10000.0,1050.0,6000,17200,11600.0,0.7272727272727271,0.6734693877551019,0.003667481662591687,"[10, 11, 12, 1, 2, 3]",10|11|12|1|2|3
923,Khatu Shyam Temple,Sikar,Rajasthan,West,Temple,"Religion,Pilgrimage","Pilgrims,Family",0,50,1500,400,27.381,75.35,4.8,20000,10,3,Urban,RAJ-230,67.2,True,Easy,Short (1-2 hrs),0,0,0,0,0,0,0,0,0,0,0,0,0,0,0,0,0,0,0,0,0,0,0,0,0,0,0,0,0,0,0,0,0,0,0,0,0,0,0,0,0,0,0,0,0,0,0,0,0,0,0,0,0,0,0,0,0,0,0,0,0,0,0,0,0,0,0,0,0,0,0,0,0,0,0,0,0,0,0,0,0,0,0,0,0,0,0,0,0,0,0,0,0,0,1,0,0,0,0,0,1,0,0,0,0,0,0,0,0,0,0,0,0,0,0,0,0,0,0,0,0,0,0,0,0,0,0,0,0,0,0,0,0,0,0,0,0,0,0,0,0,0,0,0,0,0,0,0,0,0,0,0,0,0,0,1,0,0,0,1,0,0,0,0,0,0,1,125.0,2750.0,700.0,1950,5200,3575.0,0.8181818181818179,0.6326530612244897,0.022004889975550123,"[10, 11, 12, 1, 2, 3]",10|11|12|1|2|3
924,Salasar Balaji Temple,Churu,Rajasthan,West,Temple,"Religion,Pilgrimage",Pilgrims,0,50,1500,400,27.707,74.467,4.7,15000,10,3,Desert,RAJ-224,63.1,True,Moderate,Short (1-2 hrs),0,0,0,0,0,0,0,0,0,0,0,0,0,0,0,0,0,0,0,0,0,0,0,0,0,0,0,0,0,0,0,0,0,0,0,0,0,0,0,0,0,0,0,0,0,0,0,0,0,0,0,0,0,0,0,0,0,0,0,0,0,0,0,0,0,0,0,0,0,0,0,0,0,0,0,0,0,0,0,0,0,0,0,0,0,0,0,0,0,0,0,0,0,0,1,0,0,0,0,0,1,0,0,0,0,0,0,0,0,0,0,0,0,0,0,0,0,0,0,0,0,0,0,0,0,0,0,0,0,0,0,0,0,0,0,0,0,0,0,0,0,0,0,0,0,0,0,0,0,0,0,0,0,0,0,0,0,0,0,1,0,0,0,0,0,0,2,125.0,2750.0,700.0,1950,5200,3575.0,0.7272727272727271,0.5728862973760932,0.01644809957768393,"[10, 11, 12, 1, 2, 3]",10|11|12|1|2|3
925,Tal Chhapar Sanctuary,Churu,Rajasthan,West,Wildlife Sanctuary,"Wildlife,Birdwatching","Photographers,Students",100,200,1500,400,27.82,74.44,4.6,3800,10,3,Forest,RAJ-224,64.2,True,Moderate,Full-day (4-8 hrs),0,0,0,0,0,0,0,0,0,0,0,0,0,0,0,1,0,0,0,0,0,0,0,0,0,0,0,0,0,0,0,0,0,0,0,0,0,0,0,0,0,0,0,0,0,0,0,0,0,0,0,0,0,0,0,0,0,0,0,0,0,0,0,0,0,0,0,0,0,0,0,0,0,0,0,0,0,0,0,0,0,0,0,0,0,0,0,0,0,0,0,0,0,0,0,0,0,0,0,0,0,0,0,0,0,0,0,0,0,0,0,0,0,0,0,0,0,0,0,0,0,0,0,0,0,0,0,0,0,0,0,0,0,0,0,0,0,0,0,0,0,0,0,0,0,0,0,0,0,1,0,0,0,0,0,0,0,0,1,0,0,0,0,0,1,0,2,350.0,2750.0,700.0,2200,5600,3900.0,0.6363636363636362,0.5889212827988337,0.004000889086463659,"[10, 11, 12, 1, 2, 3]",10|11|12|1|2|3
926,Ramdevra Temple,Jaisalmer,Rajasthan,West,Temple,"Religion,Pilgrimage",Pilgrims,0,50,1500,400,25.42,71.13,4.7,8000,10,3,Desert,RAJ-231,66.1,True,Moderate,Short (1-2 hrs),0,0,0,0,0,0,0,0,0,0,0,0,0,0,0,0,0,0,0,0,0,0,0,0,0,0,0,0,0,0,0,0,0,0,0,0,0,0,0,0,0,0,0,0,0,0,0,0,0,0,0,0,0,0,0,0,0,0,0,0,0,0,0,0,0,0,0,0,0,0,0,0,0,0,0,0,0,0,0,0,0,0,0,0,0,0,0,0,0,0,0,0,0,0,1,0,0,0,0,0,1,0,0,0,0,0,0,0,0,0,0,0,0,0,0,0,0,0,0,0,0,0,0,0,0,0,0,0,0,0,0,0,0,0,0,0,0,0,0,0,0,0,0,0,0,0,0,0,0,0,0,0,0,0,0,0,0,0,0,1,0,0,0,0,0,0,2,125.0,2750.0,700.0,1950,5200,3575.0,0.7272727272727271,0.6166180758017491,0.008668593020671262,"[10, 11, 12, 1, 2, 3]",10|11|12|1|2|3
927,Kolayat Lake,Bikaner,Rajasthan,West,Lake,"Religion,Nature","Pilgrims,Family",0,50,1500,400,27.85,72.98,4.5,2600,10,3,Desert,RAJ-219,60.5,False,Moderate,Full-day (4-8 hrs),0,0,0,0,0,0,0,0,0,0,0,0,0,0,0,0,0,0,0,0,0,0,0,0,0,0,0,0,0,0,0,0,0,0,0,0,0,0,0,0,0,0,0,0,0,0,0,0,0,0,0,0,0,0,0,0,0,0,0,0,0,0,0,0,0,0,0,0,0,0,0,0,0,0,0,0,0,0,0,0,0,0,0,0,1,0,0,0,0,0,0,0,0,0,0,0,0,0,0,0,1,0,0,0,0,0,0,0,0,0,0,0,0,0,0,0,0,0,0,0,0,0,0,0,0,0,0,0,0,0,0,0,0,0,0,0,0,0,0,0,0,0,0,0,0,0,0,0,0,0,0,0,0,0,0,1,0,0,0,1,0,0,0,0,0,0,2,125.0,2750.0,700.0,1950,5200,3575.0,0.5454545454545454,0.5349854227405247,0.0026672593909757725,"[10, 11, 12, 1, 2, 3]",10|11|12|1|2|3
928,Karni Mata Temple Deshnok,Bikaner,Rajasthan,West,Temple,"Religion,Unique","Pilgrims,Tourists",0,50,1500,400,27.798,73.34,4.6,12000,10,3,Desert,RAJ-219,58.7,False,Moderate,Short (1-2 hrs),0,0,0,0,0,0,0,0,0,0,0,0,0,0,0,0,0,0,0,0,0,0,0,0,0,0,0,0,0,0,0,0,0,0,0,0,0,0,0,0,0,0,0,0,0,0,0,0,0,0,0,0,0,0,0,0,0,0,0,0,0,0,0,0,0,0,0,0,0,0,0,0,0,0,0,0,0,0,0,0,0,0,0,0,0,0,0,0,0,0,0,0,0,0,0,0,0,0,0,0,1,0,0,0,0,0,0,0,0,0,0,0,0,0,0,0,0,0,0,0,0,0,0,0,0,0,0,0,0,0,0,0,0,0,0,0,0,0,0,0,1,0,0,0,0,0,0,0,0,0,0,0,0,0,0,0,0,0,0,1,0,0,0,0,0,1,2,125.0,2750.0,700.0,1950,5200,3575.0,0.6363636363636362,0.5087463556851312,0.013114025338964216,"[10, 11, 12, 1, 2, 3]",10|11|12|1|2|3
929,Girnar Hill,Junagadh,Gujarat,West,Hill,"Trekking,Spiritual","Adventure,Pilgrims",0,200,1500,400,21.519,70.528,4.7,12000,10,3,Mountain,GUJ-80,64.2,True,Moderate,Half-day (2-4 hrs),0,0,0,0,0,0,0,0,0,0,0,0,0,0,0,0,0,0,0,0,0,0,0,0,0,0,0,0,0,0,0,0,0,0,0,0,0,0,0,0,0,0,0,0,0,0,0,0,0,0,0,0,0,0,0,0,0,0,0,0,0,0,0,0,0,0,0,0,0,0,0,0,0,0,0,0,0,0,0,0,0,0,0,0,0,0,0,0,0,0,0,0,0,0,0,0,0,0,0,0,0,0,0,0,0,0,0,0,0,0,0,0,0,0,0,0,0,0,0,0,0,0,1,0,0,0,0,0,0,0,0,0,0,0,0,0,1,0,0,0,0,0,0,0,0,0,0,0,0,0,0,0,1,0,0,0,0,0,0,1,0,0,0,0,0,0,2,500.0,3000.0,700.0,2100,6300,4200.0,0.7272727272727271,0.5889212827988337,0.013114025338964216,"[10, 11, 12, 1, 2, 3]",10|11|12|1|2|3
930,Junagadh Fort,Junagadh,Gujarat,West,Fort,"Heritage,Heritage","Tourists,Students",50,100,1500,400,21.522,70.457,4.5,6000,10,3,Urban,GUJ-80,56.6,False,Moderate,Half-day (2-4 hrs),0,0,0,0,0,0,0,0,0,0,0,0,0,0,0,0,0,0,0,0,0,0,0,0,0,0,0,0,0,0,0,0,0,0,0,0,0,0,0,0,0,0,0,0,0,0,0,0,0,0,0,0,0,1,0,0,0,0,0,0,0,0,0,0,0,0,0,0,0,0,0,0,0,0,0,0,0,0,0,0,0,0,0,0,0,0,0,0,0,0,0,0,0,0,0,0,0,0,0,0,0,0,0,0,0,0,0,0,0,0,0,0,0,0,0,0,0,0,0,0,0,0,0,0,0,0,0,0,0,0,0,0,0,0,0,0,0,0,0,0,0,0,0,0,0,0,0,0,0,0,0,0,0,0,0,0,0,0,0,0,0,0,0,0,1,1,2,200.0,3000.0,700.0,2050,5850,3950.0,0.5454545454545454,0.47813411078717194,0.0064458768615247835,"[10, 11, 12, 1, 2, 3]",10|11|12|1|2|3
931,Uparkot Fort,Junagadh,Gujarat,West,Fort,"Heritage,Architecture","Tourists,Students",40,100,1500,400,21.523,70.4575,4.6,7000,10,3,Urban,GUJ-80,61.3,False,Moderate,Half-day (2-4 hrs),0,0,0,0,1,0,0,0,0,0,0,0,0,0,0,0,0,0,0,0,0,0,0,0,0,0,0,0,0,0,0,0,0,0,0,0,0,0,0,0,0,0,0,0,0,0,0,0,0,0,0,0,0,1,0,0,0,0,0,0,0,0,0,0,0,0,0,0,0,0,0,0,0,0,0,0,0,0,0,0,0,0,0,0,0,0,0,0,0,0,0,0,0,0,0,0,0,0,0,0,0,0,0,0,0,0,0,0,0,0,0,0,0,0,0,0,0,0,0,0,0,0,0,0,0,0,0,0,0,0,0,0,0,0,0,0,0,0,0,0,0,0,0,0,0,0,0,0,0,0,0,0,0,0,0,0,0,0,0,0,0,0,0,0,1,1,2,200.0,3000.0,700.0,2040,5840,3940.0,0.6363636363636362,0.5466472303206996,0.007557234941098022,"[10, 11, 12, 1, 2, 3]",10|11|12|1|2|3
932,Mahabat Maqbara,Junagadh,Gujarat,West,Monument,"Architecture,Heritage","Tourists,Photographers",30,100,1500,400,21.5225,70.4573,4.6,5000,10,3,Urban,GUJ-80,62.9,True,Easy,Short (1-2 hrs),0,0,0,0,1,0,0,0,0,0,0,0,0,0,0,0,0,0,0,0,0,0,0,0,0,0,0,0,0,0,0,0,0,0,0,0,0,0,0,0,0,0,0,0,0,0,0,0,0,0,0,0,0,1,0,0,0,0,0,0,0,0,0,0,0,0,0,0,0,0,0,0,0,0,0,0,0,0,0,0,0,0,0,0,0,0,0,0,0,0,0,0,0,0,0,0,0,0,0,0,0,0,0,0,0,0,0,0,0,0,0,0,0,0,0,0,0,0,0,0,0,0,0,0,0,0,0,0,0,0,0,0,0,0,0,0,0,0,0,0,0,0,0,0,0,0,0,0,0,0,0,0,0,0,0,0,0,0,1,0,0,0,0,0,0,1,1,150.0,3000.0,700.0,2030,5730,3880.0,0.6363636363636362,0.5699708454810495,0.005334518781951545,"[10, 11, 12, 1, 2, 3]",10|11|12|1|2|3
933,Damodar Kund,Junagadh,Gujarat,West,Lake,"Spiritual,Nature","Pilgrims,Family",0,50,1500,400,21.515,70.53,4.4,3000,10,3,Mountain,GUJ-80,54.4,False,Moderate,Full-day (4-8 hrs),0,0,0,0,0,0,0,0,0,0,0,0,0,0,0,0,0,0,0,0,0,0,0,0,0,0,0,0,0,0,0,0,0,0,0,0,0,0,0,0,0,0,0,0,0,0,0,0,0,0,0,0,0,0,0,0,0,0,0,0,0,0,0,0,0,0,0,0,0,0,0,0,0,0,0,0,0,0,0,0,0,0,0,0,1,0,0,0,0,0,0,0,0,0,0,0,0,0,0,0,0,0,0,0,0,0,0,0,0,0,0,0,0,0,0,0,0,0,0,0,0,0,1,0,0,0,0,0,0,0,0,0,0,0,0,0,0,0,0,0,0,0,0,0,0,0,0,0,0,0,0,0,0,0,0,1,0,0,0,1,0,0,0,0,0,0,2,125.0,3000.0,700.0,1950,5700,3825.0,0.4545454545454546,0.4460641399416909,0.003111802622805068,"[10, 11, 12, 1, 2, 3]",10|11|12|1|2|3
934,Datar Hill,Junagadh,Gujarat,West,Hill,"Trekking,Spiritual","Adventure,Pilgrims",0,200,1500,400,21.505,70.52,4.5,2500,10,3,Mountain,GUJ-80,60.7,False,Moderate,Half-day (2-4 hrs),0,0,0,0,0,0,0,0,0,0,0,0,0,0,0,0,0,0,0,0,0,0,0,0,0,0,0,0,0,0,0,0,0,0,0,0,0,0,0,0,0,0,0,0,0,0,0,0,0,0,0,0,0,0,0,0,0,0,0,0,0,0,0,0,0,0,0,0,0,0,0,0,0,0,0,0,0,0,0,0,0,0,0,0,0,0,0,0,0,0,0,0,0,0,0,0,0,0,0,0,0,0,0,0,0,0,0,0,0,0,0,0,0,0,0,0,0,0,0,0,0,0,1,0,0,0,0,0,0,0,0,0,0,0,0,0,1,0,0,0,0,0,0,0,0,0,0,0,0,0,0,0,1,0,0,0,0,0,0,1,0,0,0,0,0,0,2,400.0,3000.0,700.0,2100,6100,4100.0,0.5454545454545454,0.5379008746355685,0.0025561235830184486,"[10, 11, 12, 1, 2, 3]",10|11|12|1|2|3
935,Palitana Temples,Palitana,Gujarat,West,Temple Complex,"Religion,Architecture","Pilgrims,Tourists",50,200,1500,400,21.525,71.82,4.9,18000,10,3,Mountain,GUJ-81,73.2,True,Moderate,Short (1-2 hrs),0,0,0,0,1,0,0,0,0,0,0,0,0,0,0,0,0,0,0,0,0,0,0,0,0,0,0,0,0,0,0,0,0,0,0,0,0,0,0,0,0,0,0,0,0,0,0,0,0,0,0,0,0,0,0,0,0,0,0,0,0,0,0,0,0,0,0,0,0,0,0,0,0,0,0,0,0,0,0,0,0,0,0,0,0,0,0,0,0,0,0,0,0,0,0,0,0,0,0,0,1,0,0,0,0,0,0,0,0,0,0,0,0,0,0,0,0,0,0,0,0,0,0,0,0,0,0,0,0,0,0,0,0,0,0,0,0,0,0,0,0,0,0,0,0,0,0,0,0,0,0,0,0,0,0,0,0,0,0,1,0,0,0,0,0,1,2,400.0,3000.0,700.0,2150,6150,4150.0,0.9090909090909096,0.7201166180758016,0.019782173816403646,"[10, 11, 12, 1, 2, 3]",10|11|12|1|2|3
936,Shatrunjaya Hill,Palitana,Gujarat,West,Hill,"Trekking,Spiritual","Pilgrims,Adventure",0,200,1500,400,21.5255,71.819,4.8,14000,10,3,Mountain,GUJ-81,68.9,True,Moderate,Half-day (2-4 hrs),0,0,0,0,0,0,0,0,0,0,0,0,0,0,0,0,0,0,0,0,0,0,0,0,0,0,0,0,0,0,0,0,0,0,0,0,0,0,0,0,0,0,0,0,0,0,0,0,0,0,0,0,0,0,0,0,0,0,0,0,0,0,0,0,0,0,0,0,0,0,0,0,0,0,0,0,0,0,0,0,0,0,0,0,0,0,0,0,0,0,0,0,0,0,0,0,0,0,0,0,0,0,0,0,0,0,0,0,0,0,0,0,0,0,0,0,0,0,0,0,0,0,1,0,0,0,0,0,0,0,0,0,0,0,0,0,1,0,0,0,0,0,0,0,0,0,0,0,0,0,0,0,1,0,0,0,0,0,0,1,0,0,0,0,0,0,2,400.0,3000.0,700.0,2100,6100,4100.0,0.8181818181818179,0.6574344023323615,0.015336741498110693,"[10, 11, 12, 1, 2, 3]",10|11|12|1|2|3
937,Velavadar Blackbuck National Park,Bhavnagar,Gujarat,West,National Park,"Wildlife,Safari","Photographers,Students",100,500,2000,400,22.04,72.05,4.7,8000,11,4,Forest,GUJ-96,66.1,True,Moderate,Full-day (4-8 hrs),0,0,0,0,0,0,0,0,0,0,0,0,0,0,0,0,0,0,0,0,0,0,0,0,0,0,0,0,0,0,0,0,0,0,0,0,0,0,0,0,0,0,0,0,0,0,0,0,0,0,0,0,0,0,0,0,0,0,0,0,0,0,0,0,0,0,0,0,0,0,0,0,0,0,0,0,0,0,0,0,0,0,0,0,0,0,0,0,0,0,0,0,0,0,0,0,0,0,0,0,0,0,0,0,0,0,0,0,0,0,0,1,0,0,0,0,0,0,0,0,0,0,0,0,0,0,0,0,0,0,0,0,0,0,0,0,0,0,0,0,0,0,0,0,0,0,0,0,0,1,0,0,0,0,0,0,0,0,1,0,0,0,0,0,1,0,2,850.0,3500.0,700.0,3000,7300,5150.0,0.7272727272727271,0.6166180758017491,0.008668593020671262,"[11, 12, 1, 2, 3, 4]",11|12|1|2|3|4
938,Little Rann Of Kutch,Kutch,Gujarat,West,Desert,"Wildlife,Desert","Adventure,Photographers",0,500,2000,400,23.7,71.7,4.6,9000,11,3,Desert,GUJ-82,60.1,False,Moderate,Full-day (4-8 hrs),0,0,0,0,0,0,0,0,0,0,0,0,0,0,0,0,0,0,0,0,0,0,0,0,0,0,0,0,0,0,0,0,1,0,0,0,0,0,0,0,0,0,0,0,0,0,0,0,0,0,0,0,0,0,0,0,0,0,0,0,0,0,0,0,0,0,0,0,0,0,0,0,0,0,0,0,0,0,0,0,0,0,0,0,0,0,0,0,0,0,0,0,0,0,0,0,0,0,0,0,0,0,0,0,0,0,0,0,0,0,0,0,0,0,0,0,0,0,0,0,0,0,0,0,0,0,0,0,0,0,0,0,0,0,0,0,0,0,0,0,0,0,0,0,0,0,0,0,0,1,0,0,1,0,0,0,0,0,1,0,0,0,0,0,0,0,2,1000.0,4000.0,700.0,2900,8500,5700.0,0.6363636363636362,0.5291545189504373,0.0097799511002445,"[11, 12, 1, 2, 3]",11|12|1|2|3
939,Wild Ass Sanctuary,Dasada,Gujarat,West,Wildlife Sanctuary,"Wildlife,Safari",Photographers,150,600,2000,400,23.75,71.6,4.6,7000,11,3,Desert,GUJ-82,61.3,False,Moderate,Full-day (4-8 hrs),0,0,0,0,0,0,0,0,0,0,0,0,0,0,0,0,0,0,0,0,0,0,0,0,0,0,0,0,0,0,0,0,0,0,0,0,0,0,0,0,0,0,0,0,0,0,0,0,0,0,0,0,0,0,0,0,0,0,0,0,0,0,0,0,0,0,0,0,0,0,0,0,0,0,0,0,0,0,0,0,0,0,0,0,0,0,0,0,0,0,0,0,0,0,0,0,0,0,0,0,0,0,0,0,0,0,0,0,0,0,0,1,0,0,0,0,0,0,0,0,0,0,0,0,0,0,0,0,0,0,0,0,0,0,0,0,0,0,0,0,0,0,0,0,0,0,0,0,0,1,0,0,0,0,0,0,0,0,1,0,0,0,0,0,0,0,2,1050.0,4000.0,700.0,3150,8650,5900.0,0.6363636363636362,0.5466472303206996,0.007557234941098022,"[11, 12, 1, 2, 3]",11|12|1|2|3
940,Dholavira,Kutch,Gujarat,West,Archaeological Site,"Heritage,Heritage","Students,Tourists",50,100,1500,400,23.885,70.205,4.7,8500,10,3,Desert,GUJ-77,65.8,True,Moderate,Half-day (2-4 hrs),0,0,0,0,0,0,0,0,0,0,0,0,0,0,0,0,0,0,0,0,0,0,0,0,0,0,0,0,0,0,0,0,0,0,0,0,0,0,0,0,0,0,0,0,0,0,0,0,0,0,0,0,0,1,0,0,0,0,0,0,0,0,0,0,0,0,0,0,0,0,0,0,0,0,0,0,0,0,0,0,0,0,0,0,0,0,0,0,0,0,0,0,0,0,0,0,0,0,0,0,0,0,0,0,0,0,0,0,0,0,0,0,0,0,0,0,0,0,0,0,0,0,0,0,0,0,0,0,0,0,0,0,0,0,0,0,0,0,0,0,0,0,0,0,0,0,0,0,0,0,0,0,0,0,0,0,0,0,0,0,0,0,0,0,1,1,2,200.0,3000.0,700.0,2050,5850,3950.0,0.7272727272727271,0.6122448979591836,0.00922427206045788,"[10, 11, 12, 1, 2, 3]",10|11|12|1|2|3
941,Lothal,Ahmedabad,Gujarat,West,Archaeological Site,"Heritage,Indus Valley","Students,Tourists",40,100,1500,400,22.522,72.248,4.5,6000,10,3,Urban,GUJ-83,56.6,False,Moderate,Half-day (2-4 hrs),0,0,0,0,0,0,0,0,0,0,0,0,0,0,0,0,0,0,0,0,0,0,0,0,0,0,0,0,0,0,0,0,0,0,0,0,0,0,0,0,0,0,0,0,0,0,0,0,0,0,0,0,0,1,0,0,0,0,0,1,0,0,0,0,0,0,0,0,0,0,0,0,0,0,0,0,0,0,0,0,0,0,0,0,0,0,0,0,0,0,0,0,0,0,0,0,0,0,0,0,0,0,0,0,0,0,0,0,0,0,0,0,0,0,0,0,0,0,0,0,0,0,0,0,0,0,0,0,0,0,0,0,0,0,0,0,0,0,0,0,0,0,0,0,0,0,0,0,0,0,0,0,0,0,0,0,0,0,0,0,0,0,0,0,1,1,2,200.0,3000.0,700.0,2040,5840,3940.0,0.5454545454545454,0.47813411078717194,0.0064458768615247835,"[10, 11, 12, 1, 2, 3]",10|11|12|1|2|3
942,Bhuj,Bhuj,Gujarat,West,City Attraction,"Cultural,Heritage","Tourists,Family",0,100,2000,400,23.242,69.666,4.5,9000,10,3,Urban,GUJ-84,54.6,False,Easy,Half-day (2-4 hrs),0,0,0,0,0,0,0,0,0,0,0,0,0,0,0,0,0,0,0,0,0,0,0,0,0,0,0,0,0,0,0,1,0,0,0,0,0,0,0,0,0,0,0,0,0,0,0,0,0,0,0,0,0,1,0,0,0,0,0,0,0,0,0,0,0,0,0,0,0,0,0,0,0,0,0,0,0,0,0,0,0,0,0,0,0,0,0,0,0,0,0,0,0,0,0,0,0,0,0,0,0,0,0,0,0,0,0,0,0,0,0,0,0,0,0,0,0,0,0,0,0,0,0,0,0,0,0,0,0,0,0,0,0,0,0,0,0,0,0,0,0,0,0,0,0,0,0,0,0,0,0,0,0,0,0,1,0,0,0,0,0,0,0,0,0,1,1,200.0,4000.0,700.0,2500,7300,4900.0,0.5454545454545454,0.44897959183673464,0.0097799511002445,"[10, 11, 12, 1, 2, 3]",10|11|12|1|2|3
943,Aina Mahal,Bhuj,Gujarat,West,Museum,"Heritage,Heritage","Students,Tourists",50,100,2000,400,23.25,69.67,4.4,3500,10,3,Urban,GUJ-84,53.7,False,Easy,Half-day (2-4 hrs),0,0,0,0,0,0,0,0,0,0,0,0,0,0,0,0,0,0,0,0,0,0,0,0,0,0,0,0,0,0,0,0,0,0,0,0,0,0,0,0,0,0,0,0,0,0,0,0,0,0,0,0,0,1,0,0,0,0,0,0,0,0,0,0,0,0,0,0,0,0,0,0,0,0,0,0,0,0,0,0,0,0,0,0,0,0,0,0,0,0,0,0,0,0,0,0,0,0,0,0,0,0,0,0,0,0,0,0,0,0,0,0,0,0,0,0,0,0,0,0,0,0,0,0,0,0,0,0,0,0,0,0,0,0,0,0,0,0,0,0,0,0,0,0,0,0,0,0,0,0,0,0,0,0,0,0,0,0,0,0,0,0,0,0,1,1,1,200.0,4000.0,700.0,2550,7350,4950.0,0.4545454545454546,0.43586005830903785,0.003667481662591687,"[10, 11, 12, 1, 2, 3]",10|11|12|1|2|3
944,Prag Mahal,Bhuj,Gujarat,West,Palace,"Heritage,Architecture",Tourists,50,100,2000,400,23.251,69.6705,4.5,4200,10,3,Urban,GUJ-84,58.3,False,Easy,Half-day (2-4 hrs),0,0,0,0,1,0,0,0,0,0,0,0,0,0,0,0,0,0,0,0,0,0,0,0,0,0,0,0,0,0,0,0,0,0,0,0,0,0,0,0,0,0,0,0,0,0,0,0,0,0,0,0,0,1,0,0,0,0,0,0,0,0,0,0,0,0,0,0,0,0,0,0,0,0,0,0,0,0,0,0,0,0,0,0,0,0,0,0,0,0,0,0,0,0,0,0,0,0,0,0,0,0,0,0,0,0,0,0,0,0,0,0,0,0,0,0,0,0,0,0,0,0,0,0,0,0,0,0,0,0,0,0,0,0,0,0,0,0,0,0,0,0,0,0,0,0,0,0,0,0,0,0,0,0,0,0,0,0,0,0,0,0,0,0,0,1,1,200.0,4000.0,700.0,2550,7350,4950.0,0.5454545454545454,0.5029154518950436,0.0044454323182929545,"[10, 11, 12, 1, 2, 3]",10|11|12|1|2|3
945,Kutch Museum,Bhuj,Gujarat,West,Museum,"Cultural,Heritage","Students,Tourists",20,100,2000,400,23.253,69.671,4.3,3000,10,3,Urban,GUJ-84,49.0,False,Easy,Half-day (2-4 hrs),0,0,0,0,0,0,0,0,0,0,0,0,0,0,0,0,0,0,0,0,0,0,0,0,0,0,0,0,0,0,0,1,0,0,0,0,0,0,0,0,0,0,0,0,0,0,0,0,0,0,0,0,0,1,0,0,0,0,0,0,0,0,0,0,0,0,0,0,0,0,0,0,0,0,0,0,0,0,0,0,0,0,0,0,0,0,0,0,0,0,0,0,0,0,0,0,0,0,0,0,0,0,0,0,0,0,0,0,0,0,0,0,0,0,0,0,0,0,0,0,0,0,0,0,0,0,0,0,0,0,0,0,0,0,0,0,0,0,0,0,0,0,0,0,0,0,0,0,0,0,0,0,0,0,0,0,0,0,0,0,0,0,0,0,1,1,1,150.0,4000.0,700.0,2520,7220,4870.0,0.3636363636363633,0.36734693877551017,0.003111802622805068,"[10, 11, 12, 1, 2, 3]",10|11|12|1|2|3
946,Kalo Dungar,Kutch,Gujarat,West,Hill,",Desert","Tourists,Photographers",0,100,2000,400,23.83,69.03,4.6,5000,10,3,Mountain,GUJ-97,62.9,True,Moderate,Half-day (2-4 hrs),0,0,0,0,0,0,0,0,0,0,0,0,0,0,0,0,0,0,0,0,0,0,0,0,0,0,0,0,0,0,0,0,1,0,0,0,0,0,0,0,0,0,0,0,0,0,0,0,0,0,0,0,0,0,0,0,0,0,0,0,0,0,0,0,0,0,0,0,0,0,0,0,0,0,0,0,0,0,0,0,0,0,0,0,0,0,0,0,0,0,0,0,0,0,0,0,0,0,0,0,0,0,0,0,0,0,0,0,0,0,0,0,0,0,0,0,0,0,0,0,0,0,0,0,0,0,0,0,0,0,0,0,0,0,0,0,0,0,0,0,0,0,0,0,0,0,0,0,0,0,0,0,0,0,0,0,0,0,1,0,0,0,0,0,0,1,2,200.0,4000.0,700.0,2500,7300,4900.0,0.6363636363636362,0.5699708454810495,0.005334518781951545,"[10, 11, 12, 1, 2, 3]",10|11|12|1|2|3
947,Narayan Sarovar,Kutch,Gujarat,West,Lake,"Spiritual,Nature","Pilgrims,Family",0,50,2000,400,23.69,68.54,4.4,2000,10,3,Desert,GUJ-85,56.3,False,Moderate,Full-day (4-8 hrs),0,0,0,0,0,0,0,0,0,0,0,0,0,0,0,0,0,0,0,0,0,0,0,0,0,0,0,0,0,0,0,0,0,0,0,0,0,0,0,0,0,0,0,0,0,0,0,0,0,0,0,0,0,0,0,0,0,0,0,0,0,0,0,0,0,0,0,0,0,0,0,0,0,0,0,0,0,0,0,0,0,0,0,0,1,0,0,0,0,0,0,0,0,0,0,0,0,0,0,0,0,0,0,0,0,0,0,0,0,0,0,0,0,0,0,0,0,0,0,0,0,0,1,0,0,0,0,0,0,0,0,0,0,0,0,0,0,0,0,0,0,0,0,0,0,0,0,0,0,0,0,0,0,0,0,1,0,0,0,1,0,0,0,0,0,0,2,125.0,4000.0,700.0,2450,7200,4825.0,0.4545454545454546,0.4737609329446063,0.0020004445432318294,"[10, 11, 12, 1, 2, 3]",10|11|12|1|2|3
948,Koteshwar Mahadev Temple,Kutch,Gujarat,West,Temple,"Religion,Coastal","Pilgrims,Tourists",0,50,2000,400,23.688,68.52,4.6,4000,10,3,Coastal,GUJ-85,64.0,True,Easy,Short (1-2 hrs),0,0,0,0,0,0,0,0,0,0,0,0,0,0,0,0,0,0,0,0,0,0,0,0,0,1,0,0,0,0,0,0,0,0,0,0,0,0,0,0,0,0,0,0,0,0,0,0,0,0,0,0,0,0,0,0,0,0,0,0,0,0,0,0,0,0,0,0,0,0,0,0,0,0,0,0,0,0,0,0,0,0,0,0,0,0,0,0,0,0,0,0,0,0,0,0,0,0,0,0,1,0,0,0,0,0,0,0,0,0,0,0,0,0,0,0,0,0,0,0,0,0,0,0,0,0,0,0,0,0,0,0,0,0,0,0,0,0,0,0,0,0,0,0,0,0,0,0,0,0,0,0,0,0,0,0,0,0,0,1,0,0,0,0,0,1,1,125.0,4000.0,700.0,2450,7200,4825.0,0.6363636363636362,0.58600583090379,0.004223160702378307,"[10, 11, 12, 1, 2, 3]",10|11|12|1|2|3
949,Vijay Vilas Palace,Mandvi,Gujarat,West,Palace,"Heritage,Architecture",Tourists,50,100,2000,400,22.84,69.36,4.5,4500,10,3,Coastal,GUJ-79,57.9,False,Easy,Half-day (2-4 hrs),0,0,0,0,1,0,0,0,0,0,0,0,0,0,0,0,0,0,0,0,0,0,0,0,0,0,0,0,0,0,0,0,0,0,0,0,0,0,0,0,0,0,0,0,0,0,0,0,0,0,0,0,0,1,0,0,0,0,0,0,0,0,0,0,0,0,0,0,0,0,0,0,0,0,0,0,0,0,0,0,0,0,0,0,0,0,0,0,0,0,0,0,0,0,0,0,0,0,0,0,0,0,0,0,0,0,0,0,0,0,0,0,0,0,0,0,0,0,0,0,0,0,0,0,0,0,0,0,0,0,0,0,0,0,0,0,0,0,0,0,0,0,0,0,0,0,0,0,0,0,0,0,0,0,0,0,0,0,0,0,0,0,0,0,0,1,1,200.0,4000.0,700.0,2550,7350,4950.0,0.5454545454545454,0.49708454810495617,0.004778839742164926,"[10, 11, 12, 1, 2, 3]",10|11|12|1|2|3
950,Tithal Beach,Valsad,Gujarat,West,Beach,"Coastal,Leisure","Family,Couples",0,100,2000,400,20.61,72.9,4.4,6000,10,3,Coastal,GUJ-98,51.1,False,Easy,Full-day (4-8 hrs),0,0,0,0,0,0,0,0,0,0,0,0,0,0,0,0,0,0,0,0,0,0,0,0,0,1,0,0,0,0,0,0,0,0,0,0,0,0,0,0,0,0,0,0,0,0,0,0,0,0,0,0,0,0,0,0,0,0,0,0,0,0,0,0,0,0,0,0,0,1,0,0,0,0,0,0,0,0,0,0,0,0,0,0,0,0,0,0,0,0,0,0,0,0,0,0,0,0,0,0,0,0,0,0,0,0,0,0,0,0,0,0,0,0,0,0,0,0,0,0,0,0,0,0,0,0,0,0,0,0,0,0,0,0,0,0,0,0,0,0,0,0,0,0,0,0,0,0,0,0,0,0,0,0,1,1,0,0,0,0,0,0,0,0,0,0,1,250.0,4000.0,700.0,2500,7400,4950.0,0.4545454545454546,0.3979591836734694,0.0064458768615247835,"[10, 11, 12, 1, 2, 3]",10|11|12|1|2|3
951,Gopnath Beach,Bhavnagar,Gujarat,West,Beach,"Coastal,Scenic","Tourists,Photographers",0,100,2000,400,21.56,72.24,4.5,3500,10,3,Coastal,GUJ-99,59.1,False,Easy,Full-day (4-8 hrs),0,0,0,0,0,0,0,0,0,0,0,0,0,0,0,0,0,0,0,0,0,0,0,0,0,1,0,0,0,0,0,0,0,0,0,0,0,0,0,0,0,0,0,0,0,0,0,0,0,0,0,0,0,0,0,0,0,0,0,0,0,0,0,0,0,0,0,0,0,0,0,0,0,0,0,0,0,0,0,0,0,0,0,0,0,0,0,0,0,0,0,0,0,0,0,0,0,0,0,0,0,0,0,0,0,0,0,0,0,0,0,0,1,0,0,0,0,0,0,0,0,0,0,0,0,0,0,0,0,0,0,0,0,0,0,0,0,0,0,0,0,0,0,0,0,0,0,0,0,0,0,0,0,0,0,0,0,0,1,0,0,0,0,0,0,1,1,250.0,4000.0,700.0,2500,7400,4950.0,0.5454545454545454,0.5145772594752186,0.003667481662591687,"[10, 11, 12, 1, 2, 3]",10|11|12|1|2|3
952,Shivrajpur Beach,Dwarka,Gujarat,West,Beach,"Coastal,Leisure","Family,Couples",0,100,2000,400,22.3,68.97,4.7,8000,10,3,Coastal,GUJ-76,66.1,True,Easy,Full-day (4-8 hrs),0,0,0,0,0,0,0,0,0,0,0,0,0,0,0,0,0,0,0,0,0,0,0,0,0,1,0,0,0,0,0,0,0,0,0,0,0,0,0,0,0,0,0,0,0,0,0,0,0,0,0,0,0,0,0,0,0,0,0,0,0,0,0,0,0,0,0,0,0,1,0,0,0,0,0,0,0,0,0,0,0,0,0,0,0,0,0,0,0,0,0,0,0,0,0,0,0,0,0,0,0,0,0,0,0,0,0,0,0,0,0,0,0,0,0,0,0,0,0,0,0,0,0,0,0,0,0,0,0,0,0,0,0,0,0,0,0,0,0,0,0,0,0,0,0,0,0,0,0,0,0,0,0,0,1,1,0,0,0,0,0,0,0,0,0,0,1,250.0,4000.0,700.0,2500,7400,4950.0,0.7272727272727271,0.6166180758017491,0.008668593020671262,"[10, 11, 12, 1, 2, 3]",10|11|12|1|2|3
953,Dwarka Beach,Dwarka,Gujarat,West,Beach,"Coastal,Spiritual","Pilgrims,Tourists",0,100,2000,400,22.244,68.968,4.6,9000,10,3,Coastal,GUJ-76,60.1,False,Easy,Full-day (4-8 hrs),0,0,0,0,0,0,0,0,0,0,0,0,0,0,0,0,0,0,0,0,0,0,0,0,0,1,0,0,0,0,0,0,0,0,0,0,0,0,0,0,0,0,0,0,0,0,0,0,0,0,0,0,0,0,0,0,0,0,0,0,0,0,0,0,0,0,0,0,0,0,0,0,0,0,0,0,0,0,0,0,0,0,0,0,0,0,0,0,0,0,0,0,0,0,0,0,0,0,0,0,0,0,0,0,0,0,0,0,0,0,0,0,0,0,0,0,0,0,0,0,0,0,1,0,0,0,0,0,0,0,0,0,0,0,0,0,0,0,0,0,0,0,0,0,0,0,0,0,0,0,0,0,0,0,0,0,0,0,0,1,0,0,0,0,0,1,1,250.0,4000.0,700.0,2500,7400,4950.0,0.6363636363636362,0.5291545189504373,0.0097799511002445,"[10, 11, 12, 1, 2, 3]",10|11|12|1|2|3
954,Porbandar Beach,Porbandar,Gujarat,West,Beach,"Coastal,Leisure",Family,0,100,2000,400,21.64,69.61,4.4,5000,10,3,Coastal,GUJ-86,52.0,False,Easy,Full-day (4-8 hrs),0,0,0,0,0,0,0,0,0,0,0,0,0,0,0,0,0,0,0,0,0,0,0,0,0,1,0,0,0,0,0,0,0,0,0,0,0,0,0,0,0,0,0,0,0,0,0,0,0,0,0,0,0,0,0,0,0,0,0,0,0,0,0,0,0,0,0,0,0,1,0,0,0,0,0,0,0,0,0,0,0,0,0,0,0,0,0,0,0,0,0,0,0,0,0,0,0,0,0,0,0,0,0,0,0,0,0,0,0,0,0,0,0,0,0,0,0,0,0,0,0,0,0,0,0,0,0,0,0,0,0,0,0,0,0,0,0,0,0,0,0,0,0,0,0,0,0,0,0,0,0,0,0,0,0,1,0,0,0,0,0,0,0,0,0,0,1,250.0,4000.0,700.0,2500,7400,4950.0,0.4545454545454546,0.41107871720116607,0.005334518781951545,"[10, 11, 12, 1, 2, 3]",10|11|12|1|2|3
955,Sudama Temple,Porbandar,Gujarat,West,Temple,"Religion,Heritage","Pilgrims,Tourists",0,50,2000,400,21.642,69.611,4.6,3500,10,3,Urban,GUJ-86,64.6,True,Easy,Short (1-2 hrs),0,0,0,0,0,0,0,0,0,0,0,0,0,0,0,0,0,0,0,0,0,0,0,0,0,0,0,0,0,0,0,0,0,0,0,0,0,0,0,0,0,0,0,0,0,0,0,0,0,0,0,0,0,1,0,0,0,0,0,0,0,0,0,0,0,0,0,0,0,0,0,0,0,0,0,0,0,0,0,0,0,0,0,0,0,0,0,0,0,0,0,0,0,0,0,0,0,0,0,0,1,0,0,0,0,0,0,0,0,0,0,0,0,0,0,0,0,0,0,0,0,0,0,0,0,0,0,0,0,0,0,0,0,0,0,0,0,0,0,0,0,0,0,0,0,0,0,0,0,0,0,0,0,0,0,0,0,0,0,1,0,0,0,0,0,1,1,125.0,4000.0,700.0,2450,7200,4825.0,0.6363636363636362,0.5947521865889212,0.003667481662591687,"[10, 11, 12, 1, 2, 3]",10|11|12|1|2|3
956,Kirti Mandir Porbandar,Porbandar,Gujarat,West,Memorial,"Heritage,Heritage","Students,Tourists",20,50,2000,400,21.6405,69.609,4.5,4200,10,3,Urban,GUJ-86,58.3,False,Easy,Short (1-2 hrs),0,0,0,0,0,0,0,0,0,0,0,0,0,0,0,0,0,0,0,0,0,0,0,0,0,0,0,0,0,0,0,0,0,0,0,0,0,0,0,0,0,0,0,0,0,0,0,0,0,0,0,0,0,1,0,0,0,0,0,0,0,0,0,0,0,0,0,0,0,0,0,0,0,0,0,0,0,0,0,0,0,0,0,0,0,0,0,0,0,0,0,0,0,0,0,0,0,0,0,0,0,0,0,0,0,0,0,0,0,0,0,0,0,0,0,0,0,0,0,0,0,0,0,0,0,0,0,0,0,0,0,0,0,0,0,0,0,0,0,0,0,0,0,0,0,0,0,0,0,0,0,0,0,0,0,0,0,0,0,0,0,0,0,0,1,1,1,125.0,4000.0,700.0,2470,7220,4845.0,0.5454545454545454,0.5029154518950436,0.0044454323182929545,"[10, 11, 12, 1, 2, 3]",10|11|12|1|2|3
957,Ambaji Temple,Banaskantha,Gujarat,West,Temple,"Religion,Pilgrimage",Pilgrims,0,100,2000,400,24.33,72.85,4.8,20000,10,3,Mountain,GUJ-87,67.2,True,Moderate,Short (1-2 hrs),0,0,0,0,0,0,0,0,0,0,0,0,0,0,0,0,0,0,0,0,0,0,0,0,0,0,0,0,0,0,0,0,0,0,0,0,0,0,0,0,0,0,0,0,0,0,0,0,0,0,0,0,0,0,0,0,0,0,0,0,0,0,0,0,0,0,0,0,0,0,0,0,0,0,0,0,0,0,0,0,0,0,0,0,0,0,0,0,0,0,0,0,0,0,1,0,0,0,0,0,1,0,0,0,0,0,0,0,0,0,0,0,0,0,0,0,0,0,0,0,0,0,0,0,0,0,0,0,0,0,0,0,0,0,0,0,0,0,0,0,0,0,0,0,0,0,0,0,0,0,0,0,0,0,0,0,0,0,0,1,0,0,0,0,0,0,2,200.0,4000.0,700.0,2500,7300,4900.0,0.8181818181818179,0.6326530612244897,0.022004889975550123,"[10, 11, 12, 1, 2, 3]",10|11|12|1|2|3
958,Gabbar Hill,Ambaji,Gujarat,West,Hill,"Trekking,Spiritual","Pilgrims,Adventure",0,200,2000,400,24.335,72.86,4.6,4000,10,3,Mountain,GUJ-87,64.0,True,Moderate,Half-day (2-4 hrs),0,0,0,0,0,0,0,0,0,0,0,0,0,0,0,0,0,0,0,0,0,0,0,0,0,0,0,0,0,0,0,0,0,0,0,0,0,0,0,0,0,0,0,0,0,0,0,0,0,0,0,0,0,0,0,0,0,0,0,0,0,0,0,0,0,0,0,0,0,0,0,0,0,0,0,0,0,0,0,0,0,0,0,0,0,0,0,0,0,0,0,0,0,0,0,0,0,0,0,0,0,0,0,0,0,0,0,0,0,0,0,0,0,0,0,0,0,0,0,0,0,0,1,0,0,0,0,0,0,0,0,0,0,0,0,0,1,0,0,0,0,0,0,0,0,0,0,0,0,0,0,0,1,0,0,0,0,0,0,1,0,0,0,0,0,0,2,350.0,4000.0,700.0,2600,7500,5050.0,0.6363636363636362,0.58600583090379,0.004223160702378307,"[10, 11, 12, 1, 2, 3]",10|11|12|1|2|3
959,Polo Forest,Sabarkantha,Gujarat,West,Forest,"Nature,Trekking","Adventure,Friends",0,200,2000,400,23.65,73.15,4.6,4500,10,3,Forest,GUJ-100,63.4,True,Moderate,Half-day (2-4 hrs),0,0,0,0,0,0,0,0,0,0,0,0,0,0,0,0,0,0,0,0,0,0,0,0,0,0,0,0,0,0,0,0,0,0,0,0,0,0,0,0,0,0,0,0,0,0,0,0,0,0,0,0,0,0,0,0,0,0,0,0,0,0,0,0,0,0,0,0,0,0,0,0,0,0,0,0,0,0,0,0,0,0,0,0,1,0,0,0,0,0,0,0,0,0,0,0,0,0,0,0,0,0,0,0,0,0,0,0,0,0,0,0,0,0,0,0,0,0,0,0,0,0,0,0,0,0,0,0,0,0,0,0,0,0,0,0,1,0,0,0,0,0,0,0,0,0,0,0,0,0,0,0,1,0,0,0,1,0,0,0,0,0,0,0,0,0,2,400.0,4000.0,700.0,2600,7600,5100.0,0.6363636363636362,0.5772594752186587,0.004778839742164926,"[10, 11, 12, 1, 2, 3]",10|11|12|1|2|3
960,Zarwani Waterfall,Narmada,Gujarat,West,Waterfall,"Nature,Trekking","Adventure,Friends",50,200,2000,400,21.87,73.68,4.5,3500,7,1,Forest,GUJ-75,59.1,False,Moderate,Half-day (2-4 hrs),0,0,0,0,0,0,0,0,0,0,0,0,0,0,0,0,0,0,0,0,0,0,0,0,0,0,0,0,0,0,0,0,0,0,0,0,0,0,0,0,0,0,0,0,0,0,0,0,0,0,0,0,0,0,0,0,0,0,0,0,0,0,0,0,0,0,0,0,0,0,0,0,0,0,0,0,0,0,0,0,0,0,0,0,1,0,0,0,0,0,0,0,0,0,0,0,0,0,0,0,0,0,0,0,0,0,0,0,0,0,0,0,0,0,0,0,0,0,0,0,0,0,0,0,0,0,0,0,0,0,0,0,0,0,0,0,1,0,0,0,0,0,0,0,0,0,0,0,0,0,0,0,1,0,0,0,1,0,0,0,0,0,0,0,0,0,2,400.0,4000.0,700.0,2650,7650,5150.0,0.5454545454545454,0.5145772594752186,0.003667481662591687,"[7, 8, 9, 10, 11, 12, 1]",7|8|9|10|11|12|1
961,Shoolpaneshwar Wildlife Sanctuary,Narmada,Gujarat,West,Wildlife Sanctuary,"Wildlife,Forest",Photographers,100,300,2000,400,21.83,73.75,4.5,3200,11,4,Forest,GUJ-75,59.6,False,Moderate,Full-day (4-8 hrs),0,0,0,0,0,0,0,0,0,0,0,0,0,0,0,0,0,0,0,0,0,0,0,0,0,0,0,0,0,0,0,0,0,0,0,0,0,0,0,0,0,0,0,0,0,1,0,0,0,0,0,0,0,0,0,0,0,0,0,0,0,0,0,0,0,0,0,0,0,0,0,0,0,0,0,0,0,0,0,0,0,0,0,0,0,0,0,0,0,0,0,0,0,0,0,0,0,0,0,0,0,0,0,0,0,0,0,0,0,0,0,0,0,0,0,0,0,0,0,0,0,0,0,0,0,0,0,0,0,0,0,0,0,0,0,0,0,0,0,0,0,0,0,0,0,0,0,0,0,1,0,0,0,0,0,0,0,0,1,0,0,0,0,0,0,0,2,600.0,4000.0,700.0,2800,8000,5400.0,0.5454545454545454,0.521865889212828,0.0033340742387197157,"[11, 12, 1, 2, 3, 4]",11|12|1|2|3|4
962,Nalsarovar Bird Sanctuary,Ahmedabad,Gujarat,West,Bird Sanctuary,"Birdwatching,Nature",Photographers,75,200,2000,400,22.8,72.04,4.6,8500,11,2,Forest,GUJ-83,60.4,False,Moderate,Half-day (2-4 hrs),0,0,0,0,0,0,0,0,0,0,0,0,0,0,0,1,0,0,0,0,0,0,0,0,0,0,0,0,0,0,0,0,0,0,0,0,0,0,0,0,0,0,0,0,0,0,0,0,0,0,0,0,0,0,0,0,0,0,0,0,0,0,0,0,0,0,0,0,0,0,0,0,0,0,0,0,0,0,0,0,0,0,0,0,1,0,0,0,0,0,0,0,0,0,0,0,0,0,0,0,0,0,0,0,0,0,0,0,0,0,0,0,0,0,0,0,0,0,0,0,0,0,0,0,0,0,0,0,0,0,0,0,0,0,0,0,0,0,0,0,0,0,0,0,0,0,0,0,0,0,0,0,0,0,0,0,0,0,1,0,0,0,0,0,0,0,2,400.0,4000.0,700.0,2675,7675,5175.0,0.6363636363636362,0.5335276967930028,0.00922427206045788,"[11, 12, 1, 2]",11|12|1|2
963,Thol Bird Sanctuary,Ahmedabad,Gujarat,West,Bird Sanctuary,"Birdwatching,Nature",Photographers,50,200,2000,400,23.13,72.38,4.5,6000,11,2,Forest,GUJ-78,56.6,False,Moderate,Half-day (2-4 hrs),0,0,0,0,0,0,0,0,0,0,0,0,0,0,0,1,0,0,0,0,0,0,0,0,0,0,0,0,0,0,0,0,0,0,0,0,0,0,0,0,0,0,0,0,0,0,0,0,0,0,0,0,0,0,0,0,0,0,0,0,0,0,0,0,0,0,0,0,0,0,0,0,0,0,0,0,0,0,0,0,0,0,0,0,1,0,0,0,0,0,0,0,0,0,0,0,0,0,0,0,0,0,0,0,0,0,0,0,0,0,0,0,0,0,0,0,0,0,0,0,0,0,0,0,0,0,0,0,0,0,0,0,0,0,0,0,0,0,0,0,0,0,0,0,0,0,0,0,0,0,0,0,0,0,0,0,0,0,1,0,0,0,0,0,0,0,2,400.0,4000.0,700.0,2650,7650,5150.0,0.5454545454545454,0.47813411078717194,0.0064458768615247835,"[11, 12, 1, 2]",11|12|1|2
964,Hathisingh Jain Temple,Ahmedabad,Gujarat,West,Temple,"Religion,Architecture","Tourists,Pilgrims",0,50,2000,400,23.04,72.58,4.6,6000,10,3,Urban,GUJ-78,62.0,False,Easy,Short (1-2 hrs),0,0,0,0,1,0,0,0,0,0,0,0,0,0,0,0,0,0,0,0,0,0,0,0,0,0,0,0,0,0,0,0,0,0,0,0,0,0,0,0,0,0,0,0,0,0,0,0,0,0,0,0,0,0,0,0,0,0,0,0,0,0,0,0,0,0,0,0,0,0,0,0,0,0,0,0,0,0,0,0,0,0,0,0,0,0,0,0,0,0,0,0,0,0,0,0,0,0,0,0,1,0,0,0,0,0,0,0,0,0,0,0,0,0,0,0,0,0,0,0,0,0,0,0,0,0,0,0,0,0,0,0,0,0,0,0,0,0,0,0,0,0,0,0,0,0,0,0,0,0,0,0,0,0,0,0,0,0,0,1,0,0,0,0,0,1,1,125.0,4000.0,700.0,2450,7200,4825.0,0.6363636363636362,0.5568513119533527,0.0064458768615247835,"[10, 11, 12, 1, 2, 3]",10|11|12|1|2|3
965,Sidi Saiyyed Mosque,Ahmedabad,Gujarat,West,Mosque,"Architecture,Heritage",Tourists,0,50,2000,400,23.026,72.58,4.7,7000,10,3,Urban,GUJ-78,66.7,True,Easy,Short (1-2 hrs),0,0,0,0,1,0,0,0,0,0,0,0,0,0,0,0,0,0,0,0,0,0,0,0,0,0,0,0,0,0,0,0,0,0,0,0,0,0,0,0,0,0,0,0,0,0,0,0,0,0,0,0,0,1,0,0,0,0,0,0,0,0,0,0,0,0,0,0,0,0,0,0,0,0,0,0,0,0,0,0,0,0,0,0,0,0,0,0,0,0,0,0,0,0,0,0,0,0,0,0,0,0,0,0,0,0,0,0,0,0,0,0,0,0,0,0,0,0,0,0,0,0,0,0,0,0,0,0,0,0,0,0,0,0,0,0,0,0,0,0,0,0,0,0,0,0,0,0,0,0,0,0,0,0,0,0,0,0,0,0,0,0,0,0,0,1,1,125.0,4000.0,700.0,2450,7200,4825.0,0.7272727272727271,0.6253644314868804,0.007557234941098022,"[10, 11, 12, 1, 2, 3]",10|11|12|1|2|3
966,Teen Darwaza,Ahmedabad,Gujarat,West,Monument,"Heritage,Architecture",Tourists,0,50,2000,400,23.024,72.583,4.4,4000,10,3,Urban,GUJ-78,53.0,False,Easy,Short (1-2 hrs),0,0,0,0,1,0,0,0,0,0,0,0,0,0,0,0,0,0,0,0,0,0,0,0,0,0,0,0,0,0,0,0,0,0,0,0,0,0,0,0,0,0,0,0,0,0,0,0,0,0,0,0,0,1,0,0,0,0,0,0,0,0,0,0,0,0,0,0,0,0,0,0,0,0,0,0,0,0,0,0,0,0,0,0,0,0,0,0,0,0,0,0,0,0,0,0,0,0,0,0,0,0,0,0,0,0,0,0,0,0,0,0,0,0,0,0,0,0,0,0,0,0,0,0,0,0,0,0,0,0,0,0,0,0,0,0,0,0,0,0,0,0,0,0,0,0,0,0,0,0,0,0,0,0,0,0,0,0,0,0,0,0,0,0,0,1,1,125.0,4000.0,700.0,2450,7200,4825.0,0.4545454545454546,0.4256559766763848,0.004223160702378307,"[10, 11, 12, 1, 2, 3]",10|11|12|1|2|3
967,Jhulta Minara,Ahmedabad,Gujarat,West,Monument,"Architecture,Heritage","Tourists,Students",20,50,2000,400,23.025,72.6,4.3,3000,10,3,Urban,GUJ-78,49.0,False,Easy,Short (1-2 hrs),0,0,0,0,1,0,0,0,0,0,0,0,0,0,0,0,0,0,0,0,0,0,0,0,0,0,0,0,0,0,0,0,0,0,0,0,0,0,0,0,0,0,0,0,0,0,0,0,0,0,0,0,0,1,0,0,0,0,0,0,0,0,0,0,0,0,0,0,0,0,0,0,0,0,0,0,0,0,0,0,0,0,0,0,0,0,0,0,0,0,0,0,0,0,0,0,0,0,0,0,0,0,0,0,0,0,0,0,0,0,0,0,0,0,0,0,0,0,0,0,0,0,0,0,0,0,0,0,0,0,0,0,0,0,0,0,0,0,0,0,0,0,0,0,0,0,0,0,0,0,0,0,0,0,0,0,0,0,0,0,0,0,0,0,1,1,1,125.0,4000.0,700.0,2470,7220,4845.0,0.3636363636363633,0.36734693877551017,0.003111802622805068,"[10, 11, 12, 1, 2, 3]",10|11|12|1|2|3
968,Kankaria Lake,Ahmedabad,Gujarat,West,Lake,"Leisure,Boating","Family,Couples",25,100,2000,400,23.006,72.603,4.6,12000,10,3,Urban,GUJ-78,58.7,False,Easy,Full-day (4-8 hrs),0,0,0,0,0,0,0,0,0,0,0,0,0,0,0,0,1,0,0,0,0,0,0,0,0,0,0,0,0,0,0,0,0,0,0,0,0,0,0,0,0,0,0,0,0,0,0,0,0,0,0,0,0,0,0,0,0,0,0,0,0,0,0,0,0,0,0,0,0,1,0,0,0,0,0,0,0,0,0,0,0,0,0,0,0,0,0,0,0,0,0,0,0,0,0,0,0,0,0,0,0,0,0,0,0,0,0,0,0,0,0,0,0,0,0,0,0,0,0,0,0,0,0,0,0,0,0,0,0,0,0,0,0,0,0,0,0,0,0,0,0,0,0,0,0,0,0,0,0,0,0,0,0,0,1,1,0,0,0,0,0,0,0,0,0,0,1,200.0,4000.0,700.0,2525,7325,4925.0,0.6363636363636362,0.5087463556851312,0.013114025338964216,"[10, 11, 12, 1, 2, 3]",10|11|12|1|2|3
969,Sarkhej Roza,Ahmedabad,Gujarat,West,Heritage Complex,"Architecture,Heritage",Tourists,20,50,2000,400,22.982,72.498,4.5,3500,10,3,Urban,GUJ-78,59.1,False,Easy,Half-day (2-4 hrs),0,0,0,0,1,0,0,0,0,0,0,0,0,0,0,0,0,0,0,0,0,0,0,0,0,0,0,0,0,0,0,0,0,0,0,0,0,0,0,0,0,0,0,0,0,0,0,0,0,0,0,0,0,1,0,0,0,0,0,0,0,0,0,0,0,0,0,0,0,0,0,0,0,0,0,0,0,0,0,0,0,0,0,0,0,0,0,0,0,0,0,0,0,0,0,0,0,0,0,0,0,0,0,0,0,0,0,0,0,0,0,0,0,0,0,0,0,0,0,0,0,0,0,0,0,0,0,0,0,0,0,0,0,0,0,0,0,0,0,0,0,0,0,0,0,0,0,0,0,0,0,0,0,0,0,0,0,0,0,0,0,0,0,0,0,1,1,125.0,4000.0,700.0,2470,7220,4845.0,0.5454545454545454,0.5145772594752186,0.003667481662591687,"[10, 11, 12, 1, 2, 3]",10|11|12|1|2|3
970,Dwarkadhish Ghat,Dwarka,Gujarat,West,Ghat,"Spiritual,Coastal","Pilgrims,Tourists",0,50,2000,400,22.2445,68.9685,4.6,5000,10,3,Coastal,GUJ-76,62.9,True,Easy,Short (1-2 hrs),0,0,0,0,0,0,0,0,0,0,0,0,0,0,0,0,0,0,0,0,0,0,0,0,0,1,0,0,0,0,0,0,0,0,0,0,0,0,0,0,0,0,0,0,0,0,0,0,0,0,0,0,0,0,0,0,0,0,0,0,0,0,0,0,0,0,0,0,0,0,0,0,0,0,0,0,0,0,0,0,0,0,0,0,0,0,0,0,0,0,0,0,0,0,0,0,0,0,0,0,0,0,0,0,0,0,0,0,0,0,0,0,0,0,0,0,0,0,0,0,0,0,1,0,0,0,0,0,0,0,0,0,0,0,0,0,0,0,0,0,0,0,0,0,0,0,0,0,0,0,0,0,0,0,0,0,0,0,0,1,0,0,0,0,0,1,1,125.0,4000.0,700.0,2450,7200,4825.0,0.6363636363636362,0.5699708454810495,0.005334518781951545,"[10, 11, 12, 1, 2, 3]",10|11|12|1|2|3
971,Bet Dwarka,Dwarka,Gujarat,West,Island,"Spiritual,Island","Pilgrims,Tourists",20,200,2000,400,22.48,69.07,4.6,6500,10,3,Island,GUJ-76,61.6,False,Moderate,Full-day (4-8 hrs),0,0,0,0,0,0,0,0,0,0,0,0,0,0,0,0,0,0,0,0,0,0,0,0,0,0,0,0,0,0,0,0,0,0,0,0,0,0,0,0,0,0,0,0,0,0,0,0,0,0,0,0,0,0,0,0,0,0,0,0,0,0,0,0,1,0,0,0,0,0,0,0,0,0,0,0,0,0,0,0,0,0,0,0,0,0,0,0,0,0,0,0,0,0,0,0,0,0,0,0,0,0,0,0,0,0,0,0,0,0,0,0,0,0,0,0,0,0,0,0,0,0,1,0,0,0,0,0,0,0,0,0,0,0,0,0,0,0,0,0,0,0,0,0,0,0,0,0,0,0,0,0,0,0,0,0,0,0,0,1,0,0,0,0,0,1,2,350.0,4000.0,700.0,2620,7520,5070.0,0.6363636363636362,0.5510204081632653,0.007001555901311403,"[10, 11, 12, 1, 2, 3]",10|11|12|1|2|3
972,Gomti Ghat,Dwarka,Gujarat,West,Ghat,"Spiritual,River","Pilgrims,Tourists",0,50,2000,400,22.2447,68.9688,4.6,4500,10,3,Coastal,GUJ-76,63.4,True,Easy,Short (1-2 hrs),0,0,0,0,0,0,0,0,0,0,0,0,0,0,0,0,0,0,0,0,0,0,0,0,0,0,0,0,0,0,0,0,0,0,0,0,0,0,0,0,0,0,0,0,0,0,0,0,0,0,0,0,0,0,0,0,0,0,0,0,0,0,0,0,0,0,0,0,0,0,0,0,0,0,0,0,0,0,0,0,0,0,0,0,0,0,0,0,0,0,0,0,0,0,0,0,0,0,0,0,0,0,0,0,1,0,0,0,0,0,0,0,0,0,0,0,0,0,0,0,0,0,1,0,0,0,0,0,0,0,0,0,0,0,0,0,0,0,0,0,0,0,0,0,0,0,0,0,0,0,0,0,0,0,0,0,0,0,0,1,0,0,0,0,0,1,1,125.0,4000.0,700.0,2450,7200,4825.0,0.6363636363636362,0.5772594752186587,0.004778839742164926,"[10, 11, 12, 1, 2, 3]",10|11|12|1|2|3
973,Hanuman Dandi,Bet Dwarka,Gujarat,West,Temple,"Religion,Spiritual",Pilgrims,0,50,2000,400,22.47,69.06,4.5,3000,10,3,Island,GUJ-76,59.9,False,Easy,Short (1-2 hrs),0,0,0,0,0,0,0,0,0,0,0,0,0,0,0,0,0,0,0,0,0,0,0,0,0,0,0,0,0,0,0,0,0,0,0,0,0,0,0,0,0,0,0,0,0,0,0,0,0,0,0,0,0,0,0,0,0,0,0,0,0,0,0,0,0,0,0,0,0,0,0,0,0,0,0,0,0,0,0,0,0,0,0,0,0,0,0,0,0,0,0,0,0,0,0,0,0,0,0,0,1,0,0,0,0,0,0,0,0,0,0,0,0,0,0,0,0,0,0,0,0,0,1,0,0,0,0,0,0,0,0,0,0,0,0,0,0,0,0,0,0,0,0,0,0,0,0,0,0,0,0,0,0,0,0,0,0,0,0,1,0,0,0,0,0,0,1,125.0,4000.0,700.0,2450,7200,4825.0,0.5454545454545454,0.5262390670553935,0.003111802622805068,"[10, 11, 12, 1, 2, 3]",10|11|12|1|2|3
974,Sanjay Gandhi National Park,Mumbai,Maharashtra,West,National Park,"Wildlife,Nature","Family,Photographers",85,200,2000,500,19.2147,72.9106,4.6,15000,10,3,Forest,MAH-170,57.7,False,Moderate,Full-day (4-8 hrs),0,0,0,0,0,0,0,0,0,0,0,0,0,0,0,0,0,0,0,0,0,0,0,0,0,0,0,0,0,0,0,0,0,0,0,0,0,0,0,0,0,0,0,0,0,0,0,0,0,0,0,0,0,0,0,0,0,0,0,0,0,0,0,0,0,0,0,0,0,0,0,0,0,0,0,0,0,0,0,0,0,0,0,0,1,0,0,0,0,0,0,0,0,0,0,0,0,0,0,0,0,0,0,0,0,0,0,0,0,0,0,0,0,0,0,0,0,0,0,0,0,0,0,0,0,0,0,0,0,0,0,0,0,0,0,0,0,0,0,0,0,0,0,0,0,0,0,0,0,1,0,0,0,0,0,1,0,0,1,0,0,0,0,0,0,0,2,400.0,4500.0,850.0,2785,8885,5835.0,0.6363636363636362,0.49416909620991245,0.01644809957768393,"[10, 11, 12, 1, 2, 3]",10|11|12|1|2|3
975,Kanheri Caves,Mumbai,Maharashtra,West,Cave,"Heritage,Buddhist Cultural","Students,Tourists",40,100,2000,500,19.209,72.91,4.5,8000,10,3,Forest,MAH-170,55.2,False,Moderate,Half-day (2-4 hrs),0,0,0,0,0,0,0,0,0,0,0,0,0,0,0,0,0,0,1,0,0,0,0,0,0,0,0,0,0,0,0,0,0,0,0,0,0,0,0,0,0,0,0,0,0,0,0,0,0,0,0,0,0,1,0,0,0,0,0,0,0,0,0,0,0,0,0,0,0,0,0,0,0,0,0,0,0,0,0,0,0,0,0,0,0,0,0,0,0,0,0,0,0,0,0,0,0,0,0,0,0,0,0,0,0,0,0,0,0,0,0,0,0,0,0,0,0,0,0,0,0,0,0,0,0,0,0,0,0,0,0,0,0,0,0,0,0,0,0,0,0,0,0,0,0,0,0,0,0,0,0,0,0,0,0,0,0,0,0,0,0,0,0,0,1,1,2,200.0,4500.0,850.0,2640,8540,5590.0,0.5454545454545454,0.4577259475218659,0.008668593020671262,"[10, 11, 12, 1, 2, 3]",10|11|12|1|2|3
976,Haji Ali Dargah,Mumbai,Maharashtra,West,Religious Site,"Spiritual,Heritage","Pilgrims,Tourists",0,50,2000,500,18.9828,72.8087,4.6,20000,10,3,Coastal,MAH-170,56.3,False,Moderate,Half-day (2-4 hrs),0,0,0,0,0,0,0,0,0,0,0,0,0,0,0,0,0,0,0,0,0,0,0,0,0,0,0,0,0,0,0,0,0,0,0,0,0,0,0,0,0,0,0,0,0,0,0,0,0,0,0,0,0,1,0,0,0,0,0,0,0,0,0,0,0,0,0,0,0,0,0,0,0,0,0,0,0,0,0,0,0,0,0,0,0,0,0,0,0,0,0,0,0,0,0,0,0,0,0,0,0,0,0,0,0,0,0,0,0,0,0,0,0,0,0,0,0,0,0,0,0,0,1,0,0,0,0,0,0,0,0,0,0,0,0,0,0,0,0,0,0,0,0,0,0,0,0,0,0,0,0,0,0,0,0,0,0,0,0,1,0,0,0,0,0,1,2,125.0,4500.0,850.0,2550,8400,5475.0,0.6363636363636362,0.4737609329446063,0.022004889975550123,"[10, 11, 12, 1, 2, 3]",10|11|12|1|2|3
977,Siddhivinayak Temple,Mumbai,Maharashtra,West,Temple,"Religion,Spiritual","Pilgrims,Family",0,50,2000,500,19.0176,72.83,4.8,30000,10,3,Urban,MAH-170,65.3,True,Easy,Short (1-2 hrs),0,0,0,0,0,0,0,0,0,0,0,0,0,0,0,0,0,0,0,0,0,0,0,0,0,0,0,0,0,0,0,0,0,0,0,0,0,0,0,0,0,0,0,0,0,0,0,0,0,0,0,0,0,0,0,0,0,0,0,0,0,0,0,0,0,0,0,0,0,0,0,0,0,0,0,0,0,0,0,0,0,0,0,0,0,0,0,0,0,0,0,0,0,0,0,0,0,0,0,0,1,0,0,0,0,0,0,0,0,0,0,0,0,0,0,0,0,0,0,0,0,0,1,0,0,0,0,0,0,0,0,0,0,0,0,0,0,0,0,0,0,0,0,0,0,0,0,0,0,0,0,0,0,0,0,1,0,0,0,1,0,0,0,0,0,0,1,125.0,4500.0,850.0,2550,8400,5475.0,0.8181818181818179,0.6049562682215742,0.03311847077128251,"[10, 11, 12, 1, 2, 3]",10|11|12|1|2|3
978,Mount Mary Church,Mumbai,Maharashtra,West,Church,"Religion,Heritage","Family,Tourists",0,50,2000,500,19.043,72.82,4.6,7000,10,3,Urban,MAH-170,61.3,False,Easy,Short (1-2 hrs),0,0,0,0,0,0,0,0,0,0,0,0,0,0,0,0,0,0,0,0,0,0,0,0,0,0,0,0,0,0,0,0,0,0,0,0,0,0,0,0,0,0,0,0,0,0,0,0,0,0,0,0,0,1,0,0,0,0,0,0,0,0,0,0,0,0,0,0,0,0,0,0,0,0,0,0,0,0,0,0,0,0,0,0,0,0,0,0,0,0,0,0,0,0,0,0,0,0,0,0,1,0,0,0,0,0,0,0,0,0,0,0,0,0,0,0,0,0,0,0,0,0,0,0,0,0,0,0,0,0,0,0,0,0,0,0,0,0,0,0,0,0,0,0,0,0,0,0,0,0,0,0,0,0,0,1,0,0,0,0,0,0,0,0,0,1,1,125.0,4500.0,850.0,2550,8400,5475.0,0.6363636363636362,0.5466472303206996,0.007557234941098022,"[10, 11, 12, 1, 2, 3]",10|11|12|1|2|3
979,Chhatrapati Shivaji Maharaj Terminus,Mumbai,Maharashtra,West,Heritage Site,"Architecture,Heritage","Tourists,Students",0,50,2000,500,18.9402,72.8356,4.7,25000,10,3,Urban,MAH-170,60.7,False,Easy,Half-day (2-4 hrs),0,0,0,0,1,0,0,0,0,0,0,0,0,0,0,0,0,0,0,0,0,0,0,0,0,0,0,0,0,0,0,0,0,0,0,0,0,0,0,0,0,0,0,0,0,0,0,0,0,0,0,0,0,1,0,0,0,0,0,0,0,0,0,0,0,0,0,0,0,0,0,0,0,0,0,0,0,0,0,0,0,0,0,0,0,0,0,0,0,0,0,0,0,0,0,0,0,0,0,0,0,0,0,0,0,0,0,0,0,0,0,0,0,0,0,0,0,0,0,0,0,0,0,0,0,0,0,0,0,0,0,0,0,0,0,0,0,0,0,0,0,0,0,0,0,0,0,0,0,0,0,0,0,0,0,0,0,0,0,0,0,0,0,0,1,1,1,125.0,4500.0,850.0,2550,8400,5475.0,0.7272727272727271,0.5379008746355685,0.027561680373416317,"[10, 11, 12, 1, 2, 3]",10|11|12|1|2|3
980,Shaniwar Wada,Pune,Maharashtra,West,Fort,"Heritage,Heritage","Students,Tourists",25,100,1800,400,18.5196,73.8553,4.5,12000,10,3,Urban,MAH-170,53.3,False,Moderate,Half-day (2-4 hrs),0,0,0,0,0,0,0,0,0,0,0,0,0,0,0,0,0,0,0,0,0,0,0,0,0,0,0,0,0,0,0,0,0,0,0,0,0,0,0,0,0,0,0,0,0,0,0,0,0,0,0,0,0,1,0,0,0,0,0,0,0,0,0,0,0,0,0,0,0,0,0,0,0,0,0,0,0,0,0,0,0,0,0,0,0,0,0,0,0,0,0,0,0,0,0,0,0,0,0,0,0,0,0,0,0,0,0,0,0,0,0,0,0,0,0,0,0,0,0,0,0,0,0,0,0,0,0,0,0,0,0,0,0,0,0,0,0,0,0,0,0,0,0,0,0,0,0,0,0,0,0,0,0,0,0,0,0,0,0,0,0,0,0,0,1,1,2,200.0,3400.0,700.0,2325,6325,4325.0,0.5454545454545454,0.4300291545189503,0.013114025338964216,"[10, 11, 12, 1, 2, 3]",10|11|12|1|2|3
981,Dagadusheth Halwai Ganapati Temple,Pune,Maharashtra,West,Temple,Religion,"Pilgrims,Family",0,50,1800,400,18.5165,73.856,4.8,20000,10,3,Urban,MAH-170,67.2,True,Easy,Short (1-2 hrs),0,0,0,0,0,0,0,0,0,0,0,0,0,0,0,0,0,0,0,0,0,0,0,0,0,0,0,0,0,0,0,0,0,0,0,0,0,0,0,0,0,0,0,0,0,0,0,0,0,0,0,0,0,0,0,0,0,0,0,0,0,0,0,0,0,0,0,0,0,0,0,0,0,0,0,0,0,0,0,0,0,0,0,0,0,0,0,0,0,0,0,0,0,0,0,0,0,0,0,0,1,0,0,0,0,0,0,0,0,0,0,0,0,0,0,0,0,0,0,0,0,0,0,0,0,0,0,0,0,0,0,0,0,0,0,0,0,0,0,0,0,0,0,0,0,0,0,0,0,0,0,0,0,0,0,1,0,0,0,1,0,0,0,0,0,0,1,125.0,3400.0,700.0,2250,6200,4225.0,0.8181818181818179,0.6326530612244897,0.022004889975550123,"[10, 11, 12, 1, 2, 3]",10|11|12|1|2|3
982,Pataleshwar Cave Temple,Pune,Maharashtra,West,Cave Temple,"Heritage,Religion","Tourists,Students",0,50,1800,400,18.5236,73.8478,4.4,6000,10,3,Urban,MAH-170,51.1,False,Moderate,Short (1-2 hrs),0,0,0,0,0,0,0,0,0,0,0,0,0,0,0,0,0,0,0,0,0,0,0,0,0,0,0,0,0,0,0,0,0,0,0,0,0,0,0,0,0,0,0,0,0,0,0,0,0,0,0,0,0,1,0,0,0,0,0,0,0,0,0,0,0,0,0,0,0,0,0,0,0,0,0,0,0,0,0,0,0,0,0,0,0,0,0,0,0,0,0,0,0,0,0,0,0,0,0,0,1,0,0,0,0,0,0,0,0,0,0,0,0,0,0,0,0,0,0,0,0,0,0,0,0,0,0,0,0,0,0,0,0,0,0,0,0,0,0,0,0,0,0,0,0,0,0,0,0,0,0,0,0,0,0,0,0,0,0,0,0,0,0,0,1,1,2,125.0,3400.0,700.0,2250,6200,4225.0,0.4545454545454546,0.3979591836734694,0.0064458768615247835,"[10, 11, 12, 1, 2, 3]",10|11|12|1|2|3
983,Ajinkyatara Fort,Satara,Maharashtra,West,Fort,"Heritage,Trekking","Adventure,Students",0,200,1500,400,17.68,73.99,4.5,4000,10,3,Mountain,MAH-170,58.5,False,Moderate,Half-day (2-4 hrs),0,0,0,0,0,0,0,0,0,0,0,0,0,0,0,0,0,0,0,0,0,0,0,0,0,0,0,0,0,0,0,0,0,0,0,0,0,0,0,0,0,0,0,0,0,0,0,0,0,0,0,0,0,1,0,0,0,0,0,0,0,0,0,0,0,0,0,0,0,0,0,0,0,0,0,0,0,0,0,0,0,0,0,0,0,0,0,0,0,0,0,0,0,0,0,0,0,0,0,0,0,0,0,0,0,0,0,0,0,0,0,0,0,0,0,0,0,0,0,0,0,0,0,0,0,0,0,0,0,0,0,0,0,0,0,0,1,0,0,0,0,0,0,0,0,0,0,0,0,0,0,0,1,0,0,0,0,0,0,0,0,0,0,0,1,0,2,400.0,2750.0,650.0,2100,5500,3800.0,0.5454545454545454,0.5058309037900873,0.004223160702378307,"[10, 11, 12, 1, 2, 3]",10|11|12|1|2|3
984,Pratapgad Fort,Satara,Maharashtra,West,Fort,"Heritage,Trekking","Adventure,Tourists",0,200,1500,400,17.935,73.579,4.7,9000,10,3,Mountain,MAH-170,65.5,True,Moderate,Half-day (2-4 hrs),0,0,0,0,0,0,0,0,0,0,0,0,0,0,0,0,0,0,0,0,0,0,0,0,0,0,0,0,0,0,0,0,0,0,0,0,0,0,0,0,0,0,0,0,0,0,0,0,0,0,0,0,0,1,0,0,0,0,0,0,0,0,0,0,0,0,0,0,0,0,0,0,0,0,0,0,0,0,0,0,0,0,0,0,0,0,0,0,0,0,0,0,0,0,0,0,0,0,0,0,0,0,0,0,0,0,0,0,0,0,0,0,0,0,0,0,0,0,0,0,0,0,0,0,0,0,0,0,0,0,0,0,0,0,0,0,1,0,0,0,0,0,0,0,0,0,0,0,0,0,0,0,1,0,0,0,0,0,0,0,0,0,0,0,0,1,2,400.0,2750.0,650.0,2100,5500,3800.0,0.7272727272727271,0.6078717201166179,0.0097799511002445,"[10, 11, 12, 1, 2, 3]",10|11|12|1|2|3
985,Torna Fort,Pune,Maharashtra,West,Fort,"Trekking,Heritage","Adventure,Friends",0,200,1500,400,18.276,73.622,4.7,8000,10,3,Mountain,MAH-170,66.1,True,Moderate,Half-day (2-4 hrs),0,0,0,0,0,0,0,0,0,0,0,0,0,0,0,0,0,0,0,0,0,0,0,0,0,0,0,0,0,0,0,0,0,0,0,0,0,0,0,0,0,0,0,0,0,0,0,0,0,0,0,0,0,1,0,0,0,0,0,0,0,0,0,0,0,0,0,0,0,0,0,0,0,0,0,0,0,0,0,0,0,0,0,0,0,0,0,0,0,0,0,0,0,0,0,0,0,0,0,0,0,0,0,0,0,0,0,0,0,0,0,0,0,0,0,0,0,0,0,0,0,0,0,0,0,0,0,0,0,0,0,0,0,0,0,0,1,0,0,0,0,0,0,0,0,0,0,0,0,0,0,0,1,0,0,0,1,0,0,0,0,0,0,0,0,0,2,450.0,2750.0,650.0,2100,5600,3850.0,0.7272727272727271,0.6166180758017491,0.008668593020671262,"[10, 11, 12, 1, 2, 3]",10|11|12|1|2|3
986,Rajmachi Fort,Lonavala,Maharashtra,West,Fort,"Trekking,Heritage","Adventure,Friends",0,200,2000,400,18.829,73.406,4.6,7000,10,3,Mountain,MAH-170,61.3,False,Moderate,Half-day (2-4 hrs),0,0,0,0,0,0,0,0,0,0,0,0,0,0,0,0,0,0,0,0,0,0,0,0,0,0,0,0,0,0,0,0,0,0,0,0,0,0,0,0,0,0,0,0,0,0,0,0,0,0,0,0,0,1,0,0,0,0,0,0,0,0,0,0,0,0,0,0,0,0,0,0,0,0,0,0,0,0,0,0,0,0,0,0,0,0,0,0,0,0,0,0,0,0,0,0,0,0,0,0,0,0,0,0,0,0,0,0,0,0,0,0,0,0,0,0,0,0,0,0,0,0,0,0,0,0,0,0,0,0,0,0,0,0,0,0,1,0,0,0,0,0,0,0,0,0,0,0,0,0,0,0,1,0,0,0,1,0,0,0,0,0,0,0,0,0,2,450.0,4000.0,650.0,2600,7600,5100.0,0.6363636363636362,0.5466472303206996,0.007557234941098022,"[10, 11, 12, 1, 2, 3]",10|11|12|1|2|3
987,Vikramgad Fort,Palghar,Maharashtra,West,Fort,"Heritage,Trekking",Adventure,0,200,1500,400,19.57,73.13,4.3,1500,10,3,Mountain,MAH-178,52.3,False,Moderate,Half-day (2-4 hrs),0,0,0,0,0,0,0,0,0,0,0,0,0,0,0,0,0,0,0,0,0,0,0,0,0,0,0,0,0,0,0,0,0,0,0,0,0,0,0,0,0,0,0,0,0,0,0,0,0,0,0,0,0,1,0,0,0,0,0,0,0,0,0,0,0,0,0,0,0,0,0,0,0,0,0,0,0,0,0,0,0,0,0,0,0,0,0,0,0,0,0,0,0,0,0,0,0,0,0,0,0,0,0,0,0,0,0,0,0,0,0,0,0,0,0,0,0,0,0,0,0,0,0,0,0,0,0,0,0,0,0,0,0,0,0,0,1,0,0,0,0,0,0,0,0,0,0,0,0,0,0,0,1,0,0,0,0,0,0,0,0,0,0,0,0,0,2,400.0,2750.0,650.0,2100,5500,3800.0,0.3636363636363633,0.4154518950437317,0.0014447655034452102,"[10, 11, 12, 1, 2, 3]",10|11|12|1|2|3
988,Karnala Bird Sanctuary,Raigad,Maharashtra,West,Bird Sanctuary,"Birdwatching,Nature","Photographers,Students",60,200,1500,400,18.88,73.12,4.5,4500,11,3,Forest,MAH-170,57.9,False,Moderate,Half-day (2-4 hrs),0,0,0,0,0,0,0,0,0,0,0,0,0,0,0,1,0,0,0,0,0,0,0,0,0,0,0,0,0,0,0,0,0,0,0,0,0,0,0,0,0,0,0,0,0,0,0,0,0,0,0,0,0,0,0,0,0,0,0,0,0,0,0,0,0,0,0,0,0,0,0,0,0,0,0,0,0,0,0,0,0,0,0,0,1,0,0,0,0,0,0,0,0,0,0,0,0,0,0,0,0,0,0,0,0,0,0,0,0,0,0,0,0,0,0,0,0,0,0,0,0,0,0,0,0,0,0,0,0,0,0,0,0,0,0,0,0,0,0,0,0,0,0,0,0,0,0,0,0,0,0,0,0,0,0,0,0,0,1,0,0,0,0,0,1,0,2,350.0,2750.0,650.0,2160,5460,3810.0,0.5454545454545454,0.49708454810495617,0.004778839742164926,"[11, 12, 1, 2, 3]",11|12|1|2|3
989,Harishchandragad,Ahmednagar,Maharashtra,West,Mountain Fort,"Trekking,Adventure","Adventure,Friends",0,300,1500,400,19.39,73.77,4.8,11000,10,3,Mountain,MAH-173,70.0,True,Moderate,Half-day (2-4 hrs),1,0,0,0,0,0,0,0,0,0,0,0,0,0,0,0,0,0,0,0,0,0,0,0,0,0,0,0,0,0,0,0,0,0,0,0,0,0,0,0,0,0,0,0,0,0,0,0,0,0,0,0,0,0,0,0,0,0,0,0,0,0,0,0,0,0,0,0,0,0,0,0,0,0,0,0,0,0,0,0,0,0,0,0,0,0,0,0,0,0,0,0,0,0,0,0,0,0,0,0,0,0,0,0,0,0,0,0,0,0,0,0,0,0,0,0,0,0,0,0,0,0,0,0,0,0,0,0,0,0,0,0,0,0,0,0,1,0,0,0,0,0,0,0,0,0,0,0,0,0,0,0,1,0,0,0,1,0,0,0,0,0,0,0,0,0,2,600.0,2750.0,650.0,2200,5800,4000.0,0.8181818181818179,0.6734693877551019,0.012002667259390977,"[10, 11, 12, 1, 2, 3]",10|11|12|1|2|3
990,Kalavantin Durg,Panvel,Maharashtra,West,Fort,"Trekking,Adventure","Adventure,Friends",0,300,1500,400,18.88,73.2,4.7,9000,10,3,Mountain,MAH-170,65.5,True,Moderate,Half-day (2-4 hrs),1,0,0,0,0,0,0,0,0,0,0,0,0,0,0,0,0,0,0,0,0,0,0,0,0,0,0,0,0,0,0,0,0,0,0,0,0,0,0,0,0,0,0,0,0,0,0,0,0,0,0,0,0,0,0,0,0,0,0,0,0,0,0,0,0,0,0,0,0,0,0,0,0,0,0,0,0,0,0,0,0,0,0,0,0,0,0,0,0,0,0,0,0,0,0,0,0,0,0,0,0,0,0,0,0,0,0,0,0,0,0,0,0,0,0,0,0,0,0,0,0,0,0,0,0,0,0,0,0,0,0,0,0,0,0,0,1,0,0,0,0,0,0,0,0,0,0,0,0,0,0,0,1,0,0,0,1,0,0,0,0,0,0,0,0,0,2,600.0,2750.0,650.0,2200,5800,4000.0,0.7272727272727271,0.6078717201166179,0.0097799511002445,"[10, 11, 12, 1, 2, 3]",10|11|12|1|2|3
991,Bhivpuri Waterfall,Karjat,Maharashtra,West,Waterfall,"Nature,Monsoon","Friends,Adventure",0,200,2000,400,18.95,73.33,4.4,4000,6,9,Valley,MAH-170,53.0,False,Moderate,Half-day (2-4 hrs),0,0,0,0,0,0,0,0,0,0,0,0,0,0,0,0,0,0,0,0,0,0,0,0,0,0,0,0,0,0,0,0,0,0,0,0,0,0,0,0,0,0,0,0,0,0,0,0,0,0,0,0,0,0,0,0,0,0,0,0,0,0,0,0,0,0,0,0,0,0,0,0,0,0,0,0,0,0,1,0,0,0,0,0,1,0,0,0,0,0,0,0,0,0,0,0,0,0,0,0,0,0,0,0,0,0,0,0,0,0,0,0,0,0,0,0,0,0,0,0,0,0,0,0,0,0,0,0,0,0,0,0,0,0,0,0,0,0,0,0,0,0,0,0,0,0,0,0,0,0,0,0,1,0,0,0,1,0,0,0,0,0,0,0,0,0,2,350.0,4000.0,650.0,2600,7400,5000.0,0.4545454545454546,0.4256559766763848,0.004223160702378307,"[6, 7, 8, 9]",6|7|8|9
992,Malshej Ghat,Thane,Maharashtra,West,Ghat,"Nature,","Tourists,Photographers",0,100,2000,400,19.3,73.77,4.7,15000,6,9,Mountain,MAH-173,63.1,True,Moderate,Short (1-2 hrs),0,0,0,0,0,0,0,0,0,0,0,0,0,0,0,0,0,0,0,0,0,0,0,0,0,0,0,0,0,0,0,0,0,0,0,0,0,0,0,0,0,0,0,0,0,0,0,0,0,0,0,0,0,0,0,0,0,0,0,0,0,0,0,0,0,0,0,0,0,0,0,0,0,0,0,0,0,0,0,0,0,0,0,0,1,0,0,0,0,0,0,0,0,0,0,0,0,0,0,0,0,0,0,0,0,0,0,0,0,0,0,0,0,0,0,0,0,0,0,0,0,0,0,0,0,0,0,0,0,0,0,0,0,0,0,0,0,0,0,0,0,0,0,0,0,0,0,0,0,0,0,0,0,0,0,0,0,0,1,0,0,0,0,0,0,1,2,250.0,4000.0,650.0,2500,7300,4900.0,0.7272727272727271,0.5728862973760932,0.01644809957768393,"[6, 7, 8, 9]",6|7|8|9
993,Korigad Fort,Lonavala,Maharashtra,West,Fort,"Trekking,Heritage","Adventure,Friends",0,200,2000,400,18.62,73.39,4.6,6000,10,3,Mountain,MAH-170,62.0,False,Moderate,Half-day (2-4 hrs),0,0,0,0,0,0,0,0,0,0,0,0,0,0,0,0,0,0,0,0,0,0,0,0,0,0,0,0,0,0,0,0,0,0,0,0,0,0,0,0,0,0,0,0,0,0,0,0,0,0,0,0,0,1,0,0,0,0,0,0,0,0,0,0,0,0,0,0,0,0,0,0,0,0,0,0,0,0,0,0,0,0,0,0,0,0,0,0,0,0,0,0,0,0,0,0,0,0,0,0,0,0,0,0,0,0,0,0,0,0,0,0,0,0,0,0,0,0,0,0,0,0,0,0,0,0,0,0,0,0,0,0,0,0,0,0,1,0,0,0,0,0,0,0,0,0,0,0,0,0,0,0,1,0,0,0,1,0,0,0,0,0,0,0,0,0,2,400.0,4000.0,650.0,2600,7500,5050.0,0.6363636363636362,0.5568513119533527,0.0064458768615247835,"[10, 11, 12, 1, 2, 3]",10|11|12|1|2|3
994,Chorla Ghat,Sindhudurg,Maharashtra,West,Ghat,"Nature,Forest","Photographers,Tourists",0,100,1500,400,15.65,74.1,4.6,3500,10,3,Forest,MAH-174,64.6,True,Moderate,Short (1-2 hrs),0,0,0,0,0,0,0,0,0,0,0,0,0,0,0,0,0,0,0,0,0,0,0,0,0,0,0,0,0,0,0,0,0,0,0,0,0,0,0,0,0,0,0,0,0,1,0,0,0,0,0,0,0,0,0,0,0,0,0,0,0,0,0,0,0,0,0,0,0,0,0,0,0,0,0,0,0,0,0,0,0,0,0,0,1,0,0,0,0,0,0,0,0,0,0,0,0,0,0,0,0,0,0,0,0,0,0,0,0,0,0,0,0,0,0,0,0,0,0,0,0,0,0,0,0,0,0,0,0,0,0,0,0,0,0,0,0,0,0,0,0,0,0,0,0,0,0,0,0,0,0,0,0,0,0,0,0,0,1,0,0,0,0,0,0,1,2,200.0,2750.0,650.0,2000,5200,3600.0,0.6363636363636362,0.5947521865889212,0.003667481662591687,"[10, 11, 12, 1, 2, 3]",10|11|12|1|2|3
995,Amboli,Sindhudurg,Maharashtra,West,Hill Station,"Nature,Waterfalls","Family,Couples",0,200,2000,400,15.96,73.99,4.6,7000,6,9,Mountain,MAH-174,61.3,False,Moderate,Full-day (4-8 hrs),0,0,0,0,0,0,0,0,0,0,0,0,0,0,0,0,0,0,0,0,0,0,0,0,0,0,0,0,0,0,0,0,0,0,0,0,0,0,0,0,0,0,0,0,0,0,0,0,0,0,0,0,0,0,0,0,0,0,0,0,0,0,0,0,0,0,0,0,0,0,0,0,0,0,0,0,0,0,0,0,0,0,0,0,1,0,0,0,0,0,0,0,0,0,0,0,0,0,0,0,0,0,0,0,0,0,0,0,0,0,0,0,0,0,0,0,0,0,0,0,0,0,0,0,0,0,0,0,0,0,0,0,0,0,0,0,0,0,0,0,0,0,0,0,0,0,0,1,0,0,0,0,0,0,1,1,0,0,0,0,0,0,0,0,0,0,2,400.0,3500.0,650.0,2600,6500,4550.0,0.6363636363636362,0.5466472303206996,0.007557234941098022,"[6, 7, 8, 9]",6|7|8|9
996,Panhala Fort,Kolhapur,Maharashtra,West,Fort,"Heritage,Heritage","Tourists,Students",50,100,1800,400,16.81,74.11,4.6,6500,10,3,Mountain,MAH-179,61.6,False,Moderate,Half-day (2-4 hrs),0,0,0,0,0,0,0,0,0,0,0,0,0,0,0,0,0,0,0,0,0,0,0,0,0,0,0,0,0,0,0,0,0,0,0,0,0,0,0,0,0,0,0,0,0,0,0,0,0,0,0,0,0,1,0,0,0,0,0,0,0,0,0,0,0,0,0,0,0,0,0,0,0,0,0,0,0,0,0,0,0,0,0,0,0,0,0,0,0,0,0,0,0,0,0,0,0,0,0,0,0,0,0,0,0,0,0,0,0,0,0,0,0,0,0,0,0,0,0,0,0,0,0,0,0,0,0,0,0,0,0,0,0,0,0,0,0,0,0,0,0,0,0,0,0,0,0,0,0,0,0,0,0,0,0,0,0,0,0,0,0,0,0,0,1,1,2,200.0,3400.0,650.0,2350,6250,4300.0,0.6363636363636362,0.5510204081632653,0.007001555901311403,"[10, 11, 12, 1, 2, 3]",10|11|12|1|2|3
997,Sindhudurg Fort,Malvan,Maharashtra,West,Coastal Fort,"Heritage,Coastal","Tourists,Friends",100,200,2000,400,16.03,73.46,4.7,8000,10,3,Coastal,MAH-172,66.1,True,Moderate,Half-day (2-4 hrs),0,0,0,0,0,0,0,0,0,0,0,0,0,0,0,0,0,0,0,0,0,0,0,0,0,1,0,0,0,0,0,0,0,0,0,0,0,0,0,0,0,0,0,0,0,0,0,0,0,0,0,0,0,1,0,0,0,0,0,0,0,0,0,0,0,0,0,0,0,0,0,0,0,0,0,0,0,0,0,0,0,0,0,0,0,0,0,0,0,0,0,0,0,0,0,0,0,0,0,0,0,0,0,0,0,0,0,0,0,0,0,0,0,0,0,0,0,0,0,0,0,0,0,0,0,0,0,0,0,0,0,0,0,0,0,0,0,0,0,0,0,0,0,0,0,0,0,0,0,0,0,0,0,0,0,0,1,0,0,0,0,0,0,0,0,1,2,350.0,4000.0,650.0,2700,7500,5100.0,0.7272727272727271,0.6166180758017491,0.008668593020671262,"[10, 11, 12, 1, 2, 3]",10|11|12|1|2|3
998,Ratnagiri Beach,Ratnagiri,Maharashtra,West,Beach,"Coastal,Leisure","Family,Couples",0,100,2000,400,16.99,73.3,4.6,9000,10,3,Coastal,MAH-175,60.1,False,Easy,Full-day (4-8 hrs),0,0,0,0,0,0,0,0,0,0,0,0,0,0,0,0,0,0,0,0,0,0,0,0,0,1,0,0,0,0,0,0,0,0,0,0,0,0,0,0,0,0,0,0,0,0,0,0,0,0,0,0,0,0,0,0,0,0,0,0,0,0,0,0,0,0,0,0,0,1,0,0,0,0,0,0,0,0,0,0,0,0,0,0,0,0,0,0,0,0,0,0,0,0,0,0,0,0,0,0,0,0,0,0,0,0,0,0,0,0,0,0,0,0,0,0,0,0,0,0,0,0,0,0,0,0,0,0,0,0,0,0,0,0,0,0,0,0,0,0,0,0,0,0,0,0,0,0,0,0,0,0,0,0,1,1,0,0,0,0,0,0,0,0,0,0,1,250.0,4000.0,650.0,2500,7300,4900.0,0.6363636363636362,0.5291545189504373,0.0097799511002445,"[10, 11, 12, 1, 2, 3]",10|11|12|1|2|3
999,Ganpatipule,Ratnagiri,Maharashtra,West,Beach Temple,"Coastal,Religion","Family,Pilgrims",0,100,2000,400,17.15,73.27,4.7,12000,10,3,Coastal,MAH-175,64.2,True,Easy,Full-day (4-8 hrs),0,0,0,0,0,0,0,0,0,0,0,0,0,0,0,0,0,0,0,0,0,0,0,0,0,1,0,0,0,0,0,0,0,0,0,0,0,0,0,0,0,0,0,0,0,0,0,0,0,0,0,0,0,0,0,0,0,0,0,0,0,0,0,0,0,0,0,0,0,0,0,0,0,0,0,0,0,0,0,0,0,0,0,0,0,0,0,0,0,0,0,0,0,0,0,0,0,0,0,0,1,0,0,0,0,0,0,0,0,0,0,0,0,0,0,0,0,0,0,0,0,0,0,0,0,0,0,0,0,0,0,0,0,0,0,0,0,0,0,0,0,0,0,0,0,0,0,0,0,0,0,0,0,0,0,1,0,0,0,1,0,0,0,0,0,0,1,250.0,4000.0,650.0,2500,7300,4900.0,0.7272727272727271,0.5889212827988337,0.013114025338964216,"[10, 11, 12, 1, 2, 3]",10|11|12|1|2|3
1000,Velneshwar Beach,Ratnagiri,Maharashtra,West,Beach,"Coastal,Leisure","Family,Couples",0,100,2000,400,17.37,73.2,4.5,3500,10,3,Coastal,MAH-175,59.1,False,Easy,Full-day (4-8 hrs),0,0,0,0,0,0,0,0,0,0,0,0,0,0,0,0,0,0,0,0,0,0,0,0,0,1,0,0,0,0,0,0,0,0,0,0,0,0,0,0,0,0,0,0,0,0,0,0,0,0,0,0,0,0,0,0,0,0,0,0,0,0,0,0,0,0,0,0,0,1,0,0,0,0,0,0,0,0,0,0,0,0,0,0,0,0,0,0,0,0,0,0,0,0,0,0,0,0,0,0,0,0,0,0,0,0,0,0,0,0,0,0,0,0,0,0,0,0,0,0,0,0,0,0,0,0,0,0,0,0,0,0,0,0,0,0,0,0,0,0,0,0,0,0,0,0,0,0,0,0,0,0,0,0,1,1,0,0,0,0,0,0,0,0,0,0,1,250.0,4000.0,650.0,2500,7300,4900.0,0.5454545454545454,0.5145772594752186,0.003667481662591687,"[10, 11, 12, 1, 2, 3]",10|11|12|1|2|3
1001,Tamhini Ghat,Pune,Maharashtra,West,Ghat,"Nature,Monsoon","Friends,Photographers",0,100,2000,400,18.45,73.42,4.6,7000,6,9,Mountain,MAH-170,61.3,False,Moderate,Short (1-2 hrs),0,0,0,0,0,0,0,0,0,0,0,0,0,0,0,0,0,0,0,0,0,0,0,0,0,0,0,0,0,0,0,0,0,0,0,0,0,0,0,0,0,0,0,0,0,0,0,0,0,0,0,0,0,0,0,0,0,0,0,0,0,0,0,0,0,0,0,0,0,0,0,0,0,0,0,0,0,0,1,0,0,0,0,0,1,0,0,0,0,0,0,0,0,0,0,0,0,0,0,0,0,0,0,0,0,0,0,0,0,0,0,0,0,0,0,0,0,0,0,0,0,0,0,0,0,0,0,0,0,0,0,0,0,0,0,0,0,0,0,0,0,0,0,0,0,0,0,0,0,0,0,0,0,0,0,0,1,0,1,0,0,0,0,0,0,0,2,250.0,4000.0,650.0,2500,7300,4900.0,0.6363636363636362,0.5466472303206996,0.007557234941098022,"[6, 7, 8, 9]",6|7|8|9
1002,Bhandardara,Ahmednagar,Maharashtra,West,Hill Station,"Nature,Lake","Family,Couples",0,200,2000,400,19.53,73.75,4.7,8000,10,3,Mountain,MAH-173,66.1,True,Moderate,Full-day (4-8 hrs),0,0,0,0,0,0,0,0,0,0,0,0,0,0,0,0,0,0,0,0,0,0,0,0,0,0,0,0,0,0,0,0,0,0,0,0,0,0,0,0,0,0,0,0,0,0,0,0,0,0,0,0,0,0,0,0,0,0,0,0,0,0,0,0,0,0,0,1,0,0,0,0,0,0,0,0,0,0,0,0,0,0,0,0,1,0,0,0,0,0,0,0,0,0,0,0,0,0,0,0,0,0,0,0,0,0,0,0,0,0,0,0,0,0,0,0,0,0,0,0,0,0,0,0,0,0,0,0,0,0,0,0,0,0,0,0,0,0,0,0,0,0,0,0,0,0,0,0,0,0,0,0,0,0,1,1,0,0,0,0,0,0,0,0,0,0,2,350.0,4000.0,650.0,2600,7400,5000.0,0.7272727272727271,0.6166180758017491,0.008668593020671262,"[10, 11, 12, 1, 2, 3]",10|11|12|1|2|3
1003,Wilson Point,Mahabaleshwar,Maharashtra,West,Viewpoint,"Nature,Sunrise","Tourists,Photographers",0,50,2500,500,17.925,73.655,4.6,6000,10,3,Mountain,MAH-170,62.0,False,Moderate,Short (1-2 hrs),0,0,0,0,0,0,0,0,0,0,0,0,0,0,0,0,0,0,0,0,0,0,0,0,0,0,0,0,0,0,0,0,0,0,0,0,0,0,0,0,0,0,0,0,0,0,0,0,0,0,0,0,0,0,0,0,0,0,0,0,0,0,0,0,0,0,0,0,0,0,0,0,0,0,0,0,0,0,0,0,0,0,0,0,1,0,0,0,0,0,0,0,0,0,0,0,0,0,0,0,0,0,0,0,0,0,0,0,0,0,0,0,0,0,0,0,0,0,0,0,0,0,0,0,0,0,1,0,0,0,0,0,0,0,0,0,0,0,0,0,0,0,0,0,0,0,0,0,0,0,0,0,0,0,0,0,0,0,1,0,0,0,0,0,0,1,2,125.0,4750.0,750.0,3050,8200,5625.0,0.6363636363636362,0.5568513119533527,0.0064458768615247835,"[10, 11, 12, 1, 2, 3]",10|11|12|1|2|3
1004,Pandav Leni Caves,Nashik,Maharashtra,West,Cave,"Heritage,Buddhist Cultural","Students,Tourists",25,100,1800,400,19.95,73.73,4.5,5000,10,3,Mountain,MAH-173,57.4,False,Moderate,Half-day (2-4 hrs),0,0,0,0,0,0,0,0,0,0,0,0,0,0,0,0,0,0,1,0,0,0,0,0,0,0,0,0,0,0,0,0,0,0,0,0,0,0,0,0,0,0,0,0,0,0,0,0,0,0,0,0,0,1,0,0,0,0,0,0,0,0,0,0,0,0,0,0,0,0,0,0,0,0,0,0,0,0,0,0,0,0,0,0,0,0,0,0,0,0,0,0,0,0,0,0,0,0,0,0,0,0,0,0,0,0,0,0,0,0,0,0,0,0,0,0,0,0,0,0,0,0,0,0,0,0,0,0,0,0,0,0,0,0,0,0,0,0,0,0,0,0,0,0,0,0,0,0,0,0,0,0,0,0,0,0,0,0,0,0,0,0,0,0,1,1,2,200.0,3400.0,650.0,2325,6225,4275.0,0.5454545454545454,0.4897959183673468,0.005334518781951545,"[10, 11, 12, 1, 2, 3]",10|11|12|1|2|3
1005,Trimbakeshwar Temple,Nashik,Maharashtra,West,Temple,"Religion,Pilgrimage",Pilgrims,0,50,1800,400,19.93,73.53,4.8,15000,10,3,Mountain,MAH-173,68.6,True,Moderate,Short (1-2 hrs),0,0,0,0,0,0,0,0,0,0,0,0,0,0,0,0,0,0,0,0,0,0,0,0,0,0,0,0,0,0,0,0,0,0,0,0,0,0,0,0,0,0,0,0,0,0,0,0,0,0,0,0,0,0,0,0,0,0,0,0,0,0,0,0,0,0,0,0,0,0,0,0,0,0,0,0,0,0,0,0,0,0,0,0,0,0,0,0,0,0,0,0,0,0,1,0,0,0,0,0,1,0,0,0,0,0,0,0,0,0,0,0,0,0,0,0,0,0,0,0,0,0,0,0,0,0,0,0,0,0,0,0,0,0,0,0,0,0,0,0,0,0,0,0,0,0,0,0,0,0,0,0,0,0,0,0,0,0,0,1,0,0,0,0,0,0,2,125.0,3400.0,650.0,2250,6100,4175.0,0.8181818181818179,0.6530612244897958,0.01644809957768393,"[10, 11, 12, 1, 2, 3]",10|11|12|1|2|3
1006,Anjneri Hill,Nashik,Maharashtra,West,Hill,"Trekking,Spiritual","Adventure,Pilgrims",0,200,1800,400,19.92,73.57,4.5,3500,10,3,Mountain,MAH-173,59.1,False,Moderate,Half-day (2-4 hrs),0,0,0,0,0,0,0,0,0,0,0,0,0,0,0,0,0,0,0,0,0,0,0,0,0,0,0,0,0,0,0,0,0,0,0,0,0,0,0,0,0,0,0,0,0,0,0,0,0,0,0,0,0,0,0,0,0,0,0,0,0,0,0,0,0,0,0,0,0,0,0,0,0,0,0,0,0,0,0,0,0,0,0,0,0,0,0,0,0,0,0,0,0,0,0,0,0,0,0,0,0,0,0,0,0,0,0,0,0,0,0,0,0,0,0,0,0,0,0,0,0,0,1,0,0,0,0,0,0,0,0,0,0,0,0,0,1,0,0,0,0,0,0,0,0,0,0,0,0,0,0,0,1,0,0,0,0,0,0,1,0,0,0,0,0,0,2,350.0,3400.0,650.0,2400,6400,4400.0,0.5454545454545454,0.5145772594752186,0.003667481662591687,"[10, 11, 12, 1, 2, 3]",10|11|12|1|2|3
1007,Harihareshwar,Raigad,Maharashtra,West,Beach Temple,"Coastal,Religion","Family,Pilgrims",0,100,2000,400,17.99,73.01,4.6,5000,10,3,Coastal,MAH-170,62.9,True,Easy,Full-day (4-8 hrs),0,0,0,0,0,0,0,0,0,0,0,0,0,0,0,0,0,0,0,0,0,0,0,0,0,1,0,0,0,0,0,0,0,0,0,0,0,0,0,0,0,0,0,0,0,0,0,0,0,0,0,0,0,0,0,0,0,0,0,0,0,0,0,0,0,0,0,0,0,0,0,0,0,0,0,0,0,0,0,0,0,0,0,0,0,0,0,0,0,0,0,0,0,0,0,0,0,0,0,0,1,0,0,0,0,0,0,0,0,0,0,0,0,0,0,0,0,0,0,0,0,0,0,0,0,0,0,0,0,0,0,0,0,0,0,0,0,0,0,0,0,0,0,0,0,0,0,0,0,0,0,0,0,0,0,1,0,0,0,1,0,0,0,0,0,0,1,250.0,4000.0,650.0,2500,7300,4900.0,0.6363636363636362,0.5699708454810495,0.005334518781951545,"[10, 11, 12, 1, 2, 3]",10|11|12|1|2|3
1008,Dapoli,Ratnagiri,Maharashtra,West,Coastal Town,"Beach,Leisure","Family,Couples",0,100,2000,400,17.75,73.18,4.5,4000,10,3,Coastal,MAH-170,58.5,False,Easy,Half-day (2-4 hrs),0,0,0,0,0,0,0,0,0,0,0,0,0,1,0,0,0,0,0,0,0,0,0,0,0,0,0,0,0,0,0,0,0,0,0,0,0,0,0,0,0,0,0,0,0,0,0,0,0,0,0,0,0,0,0,0,0,0,0,0,0,0,0,0,0,0,0,0,0,1,0,0,0,0,0,0,0,0,0,0,0,0,0,0,0,0,0,0,0,0,0,0,0,0,0,0,0,0,0,0,0,0,0,0,0,0,0,0,0,0,0,0,0,0,0,0,0,0,0,0,0,0,0,0,0,0,0,0,0,0,0,0,0,0,0,0,0,0,0,0,0,0,0,0,0,0,0,0,0,0,0,0,0,0,1,1,0,0,0,0,0,0,0,0,0,0,1,250.0,4000.0,650.0,2500,7300,4900.0,0.5454545454545454,0.5058309037900873,0.004223160702378307,"[10, 11, 12, 1, 2, 3]",10|11|12|1|2|3
1009,Kashid Beach,Raigad,Maharashtra,West,Beach,"Coastal,Leisure","Family,Couples",0,100,2000,400,18.45,72.9,4.6,9000,10,3,Coastal,MAH-170,60.1,False,Easy,Full-day (4-8 hrs),0,0,0,0,0,0,0,0,0,0,0,0,0,0,0,0,0,0,0,0,0,0,0,0,0,1,0,0,0,0,0,0,0,0,0,0,0,0,0,0,0,0,0,0,0,0,0,0,0,0,0,0,0,0,0,0,0,0,0,0,0,0,0,0,0,0,0,0,0,1,0,0,0,0,0,0,0,0,0,0,0,0,0,0,0,0,0,0,0,0,0,0,0,0,0,0,0,0,0,0,0,0,0,0,0,0,0,0,0,0,0,0,0,0,0,0,0,0,0,0,0,0,0,0,0,0,0,0,0,0,0,0,0,0,0,0,0,0,0,0,0,0,0,0,0,0,0,0,0,0,0,0,0,0,1,1,0,0,0,0,0,0,0,0,0,0,1,250.0,4000.0,650.0,2500,7300,4900.0,0.6363636363636362,0.5291545189504373,0.0097799511002445,"[10, 11, 12, 1, 2, 3]",10|11|12|1|2|3
1010,Murud-Janjira Fort,Murud,Maharashtra,West,Coastal Fort,"Heritage,Coastal","Tourists,Friends",100,200,2000,400,18.3,72.97,4.7,11000,10,3,Coastal,MAH-170,64.6,True,Moderate,Half-day (2-4 hrs),0,0,0,0,0,0,0,0,0,0,0,0,0,0,0,0,0,0,0,0,0,0,0,0,0,1,0,0,0,0,0,0,0,0,0,0,0,0,0,0,0,0,0,0,0,0,0,0,0,0,0,0,0,1,0,0,0,0,0,0,0,0,0,0,0,0,0,0,0,0,0,0,0,0,0,0,0,0,0,0,0,0,0,0,0,0,0,0,0,0,0,0,0,0,0,0,0,0,0,0,0,0,0,0,0,0,0,0,0,0,0,0,0,0,0,0,0,0,0,0,0,0,0,0,0,0,0,0,0,0,0,0,0,0,0,0,0,0,0,0,0,0,0,0,0,0,0,0,0,0,0,0,0,0,0,0,1,0,0,0,0,0,0,0,0,1,2,350.0,4000.0,650.0,2700,7500,5100.0,0.7272727272727271,0.5947521865889212,0.012002667259390977,"[10, 11, 12, 1, 2, 3]",10|11|12|1|2|3
1011,Chiplun,Ratnagiri,Maharashtra,West,Hill Town,"Nature,Leisure",Family,0,100,2000,400,17.53,73.52,4.4,2500,10,3,Valley,MAH-175,55.3,False,Moderate,Half-day (2-4 hrs),0,0,0,0,0,0,0,0,0,0,0,0,0,0,0,0,0,0,0,0,0,0,0,0,0,0,0,0,0,0,0,0,0,0,0,0,0,0,0,0,0,0,0,0,0,0,0,0,0,0,0,0,0,0,0,0,0,0,0,0,0,0,0,0,0,0,0,0,0,1,0,0,0,0,0,0,0,0,0,0,0,0,0,0,1,0,0,0,0,0,0,0,0,0,0,0,0,0,0,0,0,0,0,0,0,0,0,0,0,0,0,0,0,0,0,0,0,0,0,0,0,0,0,0,0,0,0,0,0,0,0,0,0,0,0,0,0,0,0,0,0,0,0,0,0,0,0,0,0,0,0,0,0,0,0,1,0,0,0,0,0,0,0,0,0,0,2,200.0,4000.0,650.0,2500,7200,4850.0,0.4545454545454546,0.4591836734693876,0.0025561235830184486,"[10, 11, 12, 1, 2, 3]",10|11|12|1|2|3
1012,Vishalgad Fort,Kolhapur,Maharashtra,West,Fort,"Heritage,Trekking","Adventure,Students",0,200,1500,400,16.92,73.74,4.5,3000,10,3,Mountain,MAH-180,59.9,False,Moderate,Half-day (2-4 hrs),0,0,0,0,0,0,0,0,0,0,0,0,0,0,0,0,0,0,0,0,0,0,0,0,0,0,0,0,0,0,0,0,0,0,0,0,0,0,0,0,0,0,0,0,0,0,0,0,0,0,0,0,0,1,0,0,0,0,0,0,0,0,0,0,0,0,0,0,0,0,0,0,0,0,0,0,0,0,0,0,0,0,0,0,0,0,0,0,0,0,0,0,0,0,0,0,0,0,0,0,0,0,0,0,0,0,0,0,0,0,0,0,0,0,0,0,0,0,0,0,0,0,0,0,0,0,0,0,0,0,0,0,0,0,0,0,1,0,0,0,0,0,0,0,0,0,0,0,0,0,0,0,1,0,0,0,0,0,0,0,0,0,0,0,1,0,2,400.0,2750.0,650.0,2100,5500,3800.0,0.5454545454545454,0.5262390670553935,0.003111802622805068,"[10, 11, 12, 1, 2, 3]",10|11|12|1|2|3
1013,Vishrambaug Wada,Pune,Maharashtra,West,Heritage Site,"Architecture,Heritage","Students,Tourists",20,50,1800,400,18.516,73.855,4.4,2000,10,3,Urban,MAH-170,56.3,False,Easy,Half-day (2-4 hrs),0,0,0,0,1,0,0,0,0,0,0,0,0,0,0,0,0,0,0,0,0,0,0,0,0,0,0,0,0,0,0,0,0,0,0,0,0,0,0,0,0,0,0,0,0,0,0,0,0,0,0,0,0,1,0,0,0,0,0,0,0,0,0,0,0,0,0,0,0,0,0,0,0,0,0,0,0,0,0,0,0,0,0,0,0,0,0,0,0,0,0,0,0,0,0,0,0,0,0,0,0,0,0,0,0,0,0,0,0,0,0,0,0,0,0,0,0,0,0,0,0,0,0,0,0,0,0,0,0,0,0,0,0,0,0,0,0,0,0,0,0,0,0,0,0,0,0,0,0,0,0,0,0,0,0,0,0,0,0,0,0,0,0,0,1,1,1,125.0,3400.0,650.0,2270,6120,4195.0,0.4545454545454546,0.4737609329446063,0.0020004445432318294,"[10, 11, 12, 1, 2, 3]",10|11|12|1|2|3
1014,Kalsubai Peak,Ahmednagar,Maharashtra,West,Mountain Peak,"Trekking,Adventure","Adventure,Friends",0,300,1500,400,19.6,73.7,4.9,15000,10,3,Mountain,MAH-173,74.0,True,Strenuous,Multi-day (1-3 days),1,0,0,0,0,0,0,0,0,0,0,0,0,0,0,0,0,0,0,0,0,0,0,0,0,0,0,0,0,0,0,0,0,0,0,0,0,0,0,0,0,0,0,0,0,0,0,0,0,0,0,0,0,0,0,0,0,0,0,0,0,0,0,0,0,0,0,0,0,0,0,0,0,0,0,0,0,0,0,0,0,0,0,0,0,0,0,0,0,0,0,0,0,0,0,0,0,0,0,0,0,0,0,0,0,0,0,0,0,0,0,0,0,0,0,0,0,0,0,0,0,0,0,0,0,0,0,0,0,0,0,0,0,0,0,0,1,0,0,0,0,0,0,0,0,0,0,0,0,0,0,0,1,0,0,0,1,0,0,0,0,0,0,0,0,0,3,550.0,2750.0,650.0,2200,5700,3950.0,0.9090909090909096,0.7317784256559765,0.01644809957768393,"[10, 11, 12, 1, 2, 3]",10|11|12|1|2|3
1015,Bhandardara Dam,Ahmednagar,Maharashtra,West,Dam,"Nature,Lake","Family,Photographers",0,100,2000,400,19.53,73.75,4.6,6000,10,3,Mountain,MAH-173,62.0,False,Moderate,Half-day (2-4 hrs),0,0,0,0,0,0,0,0,0,0,0,0,0,0,0,0,0,0,0,0,0,0,0,0,0,0,0,0,0,0,0,0,0,0,0,0,0,0,0,0,0,0,0,0,0,0,0,0,0,0,0,0,0,0,0,0,0,0,0,0,0,0,0,0,0,0,0,1,0,0,0,0,0,0,0,0,0,0,0,0,0,0,0,0,1,0,0,0,0,0,0,0,0,0,0,0,0,0,0,0,0,0,0,0,0,0,0,0,0,0,0,0,0,0,0,0,0,0,0,0,0,0,0,0,0,0,0,0,0,0,0,0,0,0,0,0,0,0,0,0,0,0,0,0,0,0,0,0,0,0,0,0,0,0,0,1,0,0,1,0,0,0,0,0,0,0,2,200.0,4000.0,650.0,2500,7200,4850.0,0.6363636363636362,0.5568513119533527,0.0064458768615247835,"[10, 11, 12, 1, 2, 3]",10|11|12|1|2|3
1016,Malshej Waterfalls,Thane,Maharashtra,West,Waterfall,"Nature,Monsoon","Tourists,Photographers",0,100,2000,400,19.29,73.77,4.6,5500,6,9,Valley,MAH-173,62.4,False,Moderate,Half-day (2-4 hrs),0,0,0,0,0,0,0,0,0,0,0,0,0,0,0,0,0,0,0,0,0,0,0,0,0,0,0,0,0,0,0,0,0,0,0,0,0,0,0,0,0,0,0,0,0,0,0,0,0,0,0,0,0,0,0,0,0,0,0,0,0,0,0,0,0,0,0,0,0,0,0,0,0,0,0,0,0,0,1,0,0,0,0,0,1,0,0,0,0,0,0,0,0,0,0,0,0,0,0,0,0,0,0,0,0,0,0,0,0,0,0,0,0,0,0,0,0,0,0,0,0,0,0,0,0,0,0,0,0,0,0,0,0,0,0,0,0,0,0,0,0,0,0,0,0,0,0,0,0,0,0,0,0,0,0,0,0,0,1,0,0,0,0,0,0,1,2,250.0,4000.0,650.0,2500,7300,4900.0,0.6363636363636362,0.5626822157434401,0.005890197821738164,"[6, 7, 8, 9]",6|7|8|9
1017,Lonar Crater Lake,Buldhana,Maharashtra,West,Crater Lake,"Geology,Nature","Students,Photographers",50,100,1500,400,19.98,76.52,4.6,7000,10,3,Valley,MAH-181,61.3,False,Easy,Full-day (4-8 hrs),0,0,0,0,0,0,0,0,0,0,0,0,0,0,0,0,0,0,0,0,0,0,0,0,0,0,0,0,0,0,0,0,0,0,0,0,0,0,0,0,0,0,0,0,0,0,0,0,0,1,0,0,0,0,0,0,0,0,0,0,0,0,0,0,0,0,0,0,0,0,0,0,0,0,0,0,0,0,0,0,0,0,0,0,1,0,0,0,0,0,0,0,0,0,0,0,0,0,0,0,0,0,0,0,0,0,0,0,0,0,0,0,0,0,0,0,0,0,0,0,0,0,0,0,0,0,0,0,0,0,0,0,0,0,0,0,0,0,0,0,0,0,0,0,0,0,0,0,0,0,0,0,0,0,0,0,0,0,1,0,0,0,0,0,1,0,1,200.0,2750.0,650.0,2050,5250,3650.0,0.6363636363636362,0.5466472303206996,0.007557234941098022,"[10, 11, 12, 1, 2, 3]",10|11|12|1|2|3
1018,Bhuleshwar Temple,Pune,Maharashtra,West,Temple,"Religion,Architecture","Pilgrims,Tourists",20,50,1800,400,18.33,74.03,4.5,3000,10,3,Mountain,MAH-170,59.9,False,Moderate,Short (1-2 hrs),0,0,0,0,1,0,0,0,0,0,0,0,0,0,0,0,0,0,0,0,0,0,0,0,0,0,0,0,0,0,0,0,0,0,0,0,0,0,0,0,0,0,0,0,0,0,0,0,0,0,0,0,0,0,0,0,0,0,0,0,0,0,0,0,0,0,0,0,0,0,0,0,0,0,0,0,0,0,0,0,0,0,0,0,0,0,0,0,0,0,0,0,0,0,0,0,0,0,0,0,1,0,0,0,0,0,0,0,0,0,0,0,0,0,0,0,0,0,0,0,0,0,0,0,0,0,0,0,0,0,0,0,0,0,0,0,0,0,0,0,0,0,0,0,0,0,0,0,0,0,0,0,0,0,0,0,0,0,0,1,0,0,0,0,0,1,2,125.0,3400.0,650.0,2270,6120,4195.0,0.5454545454545454,0.5262390670553935,0.003111802622805068,"[10, 11, 12, 1, 2, 3]",10|11|12|1|2|3
1019,Karla Caves,Lonavala,Maharashtra,West,Cave,"Buddhist Cultural,Heritage","Students,Tourists",40,100,2000,400,18.78,73.47,4.6,9000,10,3,Mountain,MAH-170,60.1,False,Moderate,Half-day (2-4 hrs),0,0,0,0,0,0,0,0,0,0,0,0,0,0,0,0,0,0,1,0,0,0,0,0,0,0,0,0,0,0,0,0,0,0,0,0,0,0,0,0,0,0,0,0,0,0,0,0,0,0,0,0,0,1,0,0,0,0,0,0,0,0,0,0,0,0,0,0,0,0,0,0,0,0,0,0,0,0,0,0,0,0,0,0,0,0,0,0,0,0,0,0,0,0,0,0,0,0,0,0,0,0,0,0,0,0,0,0,0,0,0,0,0,0,0,0,0,0,0,0,0,0,0,0,0,0,0,0,0,0,0,0,0,0,0,0,0,0,0,0,0,0,0,0,0,0,0,0,0,0,0,0,0,0,0,0,0,0,0,0,0,0,0,0,1,1,2,200.0,4000.0,650.0,2540,7240,4890.0,0.6363636363636362,0.5291545189504373,0.0097799511002445,"[10, 11, 12, 1, 2, 3]",10|11|12|1|2|3
1020,Bhaja Caves,Lonavala,Maharashtra,West,Cave,"Buddhist Cultural,Heritage","Students,Tourists",40,100,2000,400,18.73,73.47,4.5,7000,10,3,Mountain,MAH-170,55.8,False,Moderate,Half-day (2-4 hrs),0,0,0,0,0,0,0,0,0,0,0,0,0,0,0,0,0,0,1,0,0,0,0,0,0,0,0,0,0,0,0,0,0,0,0,0,0,0,0,0,0,0,0,0,0,0,0,0,0,0,0,0,0,1,0,0,0,0,0,0,0,0,0,0,0,0,0,0,0,0,0,0,0,0,0,0,0,0,0,0,0,0,0,0,0,0,0,0,0,0,0,0,0,0,0,0,0,0,0,0,0,0,0,0,0,0,0,0,0,0,0,0,0,0,0,0,0,0,0,0,0,0,0,0,0,0,0,0,0,0,0,0,0,0,0,0,0,0,0,0,0,0,0,0,0,0,0,0,0,0,0,0,0,0,0,0,0,0,0,0,0,0,0,0,1,1,2,200.0,4000.0,650.0,2540,7240,4890.0,0.5454545454545454,0.46647230320699695,0.007557234941098022,"[10, 11, 12, 1, 2, 3]",10|11|12|1|2|3
1021,Bedse Caves,Lonavala,Maharashtra,West,Cave,"Buddhist Cultural,Heritage","Students,Tourists",40,100,2000,400,18.73,73.48,4.4,3000,10,3,Mountain,MAH-170,54.4,False,Moderate,Half-day (2-4 hrs),0,0,0,0,0,0,0,0,0,0,0,0,0,0,0,0,0,0,1,0,0,0,0,0,0,0,0,0,0,0,0,0,0,0,0,0,0,0,0,0,0,0,0,0,0,0,0,0,0,0,0,0,0,1,0,0,0,0,0,0,0,0,0,0,0,0,0,0,0,0,0,0,0,0,0,0,0,0,0,0,0,0,0,0,0,0,0,0,0,0,0,0,0,0,0,0,0,0,0,0,0,0,0,0,0,0,0,0,0,0,0,0,0,0,0,0,0,0,0,0,0,0,0,0,0,0,0,0,0,0,0,0,0,0,0,0,0,0,0,0,0,0,0,0,0,0,0,0,0,0,0,0,0,0,0,0,0,0,0,0,0,0,0,0,1,1,2,200.0,4000.0,650.0,2540,7240,4890.0,0.4545454545454546,0.4460641399416909,0.003111802622805068,"[10, 11, 12, 1, 2, 3]",10|11|12|1|2|3
1022,Rajgad Fort,Pune,Maharashtra,West,Fort,"Trekking,Heritage","Adventure,Friends",0,200,1500,400,18.25,73.68,4.8,12000,10,3,Mountain,MAH-170,69.6,True,Moderate,Half-day (2-4 hrs),0,0,0,0,0,0,0,0,0,0,0,0,0,0,0,0,0,0,0,0,0,0,0,0,0,0,0,0,0,0,0,0,0,0,0,0,0,0,0,0,0,0,0,0,0,0,0,0,0,0,0,0,0,1,0,0,0,0,0,0,0,0,0,0,0,0,0,0,0,0,0,0,0,0,0,0,0,0,0,0,0,0,0,0,0,0,0,0,0,0,0,0,0,0,0,0,0,0,0,0,0,0,0,0,0,0,0,0,0,0,0,0,0,0,0,0,0,0,0,0,0,0,0,0,0,0,0,0,0,0,0,0,0,0,0,0,1,0,0,0,0,0,0,0,0,0,0,0,0,0,0,0,1,0,0,0,1,0,0,0,0,0,0,0,0,0,2,450.0,2750.0,650.0,2100,5600,3850.0,0.8181818181818179,0.6676384839650145,0.013114025338964216,"[10, 11, 12, 1, 2, 3]",10|11|12|1|2|3
1023,Prabalgad Fort,Panvel,Maharashtra,West,Fort,"Trekking,Adventure","Adventure,Friends",0,200,1500,400,18.88,73.21,4.6,6000,10,3,Mountain,MAH-170,62.0,False,Moderate,Half-day (2-4 hrs),1,0,0,0,0,0,0,0,0,0,0,0,0,0,0,0,0,0,0,0,0,0,0,0,0,0,0,0,0,0,0,0,0,0,0,0,0,0,0,0,0,0,0,0,0,0,0,0,0,0,0,0,0,0,0,0,0,0,0,0,0,0,0,0,0,0,0,0,0,0,0,0,0,0,0,0,0,0,0,0,0,0,0,0,0,0,0,0,0,0,0,0,0,0,0,0,0,0,0,0,0,0,0,0,0,0,0,0,0,0,0,0,0,0,0,0,0,0,0,0,0,0,0,0,0,0,0,0,0,0,0,0,0,0,0,0,1,0,0,0,0,0,0,0,0,0,0,0,0,0,0,0,1,0,0,0,1,0,0,0,0,0,0,0,0,0,2,450.0,2750.0,650.0,2100,5600,3850.0,0.6363636363636362,0.5568513119533527,0.0064458768615247835,"[10, 11, 12, 1, 2, 3]",10|11|12|1|2|3
1024,Candolim Beach,Candolim,Goa,West,Beach,"Beach,Water_Sports","Friends,Couples",0,500,2500,600,15.518,73.762,4.6,12000,11,3,Coastal,GOA-74,58.7,False,Easy,Full-day (4-8 hrs),0,0,0,0,0,0,0,0,0,0,0,0,0,1,0,0,0,0,0,0,0,0,0,0,0,0,0,0,0,0,0,0,0,0,0,0,0,0,0,0,0,0,0,0,0,0,0,0,0,0,0,0,0,0,0,0,0,0,0,0,0,0,0,0,0,0,0,0,0,0,0,0,0,0,0,0,0,0,0,0,0,0,0,0,0,0,0,0,0,0,0,0,0,0,0,0,0,0,0,0,0,0,0,0,0,0,0,0,0,0,0,0,0,0,0,0,0,0,0,0,0,0,0,0,0,0,0,0,0,0,0,0,0,0,0,0,0,0,0,0,0,0,0,0,0,0,1,0,0,0,0,0,0,0,1,0,1,0,0,0,0,0,0,0,0,0,1,1750.0,5250.0,1050.0,3600,12500,8050.0,0.6363636363636362,0.5087463556851312,0.013114025338964216,"[11, 12, 1, 2, 3]",11|12|1|2|3
1025,Sinquerim Beach,Candolim,Goa,West,Beach,"Beach,Water_Sports","Friends,Couples",0,500,2500,600,15.515,73.768,4.5,8000,11,3,Coastal,GOA-74,55.2,False,Easy,Full-day (4-8 hrs),0,0,0,0,0,0,0,0,0,0,0,0,0,1,0,0,0,0,0,0,0,0,0,0,0,0,0,0,0,0,0,0,0,0,0,0,0,0,0,0,0,0,0,0,0,0,0,0,0,0,0,0,0,0,0,0,0,0,0,0,0,0,0,0,0,0,0,0,0,0,0,0,0,0,0,0,0,0,0,0,0,0,0,0,0,0,0,0,0,0,0,0,0,0,0,0,0,0,0,0,0,0,0,0,0,0,0,0,0,0,0,0,0,0,0,0,0,0,0,0,0,0,0,0,0,0,0,0,0,0,0,0,0,0,0,0,0,0,0,0,0,0,0,0,0,0,1,0,0,0,0,0,0,0,1,0,1,0,0,0,0,0,0,0,0,0,1,1750.0,5250.0,1050.0,3600,12500,8050.0,0.5454545454545454,0.4577259475218659,0.008668593020671262,"[11, 12, 1, 2, 3]",11|12|1|2|3
1026,Mobor Beach,Cavelossim,Goa,West,Beach,"Beach,Relaxation","Couples,Family",0,300,3000,700,15.02,73.92,4.5,5000,11,3,Coastal,GOA-74,57.4,False,Easy,Full-day (4-8 hrs),0,0,0,0,0,0,0,0,0,0,0,0,0,1,0,0,0,0,0,0,0,0,0,0,0,0,0,0,0,0,0,0,0,0,0,0,0,0,0,0,0,0,0,0,0,0,0,0,0,0,0,0,0,0,0,0,0,0,0,0,0,0,0,0,0,0,0,0,0,0,0,0,0,0,0,0,0,0,0,0,0,0,0,0,0,0,0,0,0,0,0,0,0,0,0,0,0,0,0,1,0,0,0,0,0,0,0,0,0,0,0,0,0,0,0,0,0,0,0,0,0,0,0,0,0,0,0,0,0,0,0,0,0,0,0,0,0,0,0,0,0,0,0,0,0,0,0,0,0,0,0,0,0,0,1,1,0,0,0,0,0,0,0,0,0,0,1,1150.0,6000.0,1100.0,4000,12500,8250.0,0.5454545454545454,0.4897959183673468,0.005334518781951545,"[11, 12, 1, 2, 3]",11|12|1|2|3
1027,Cavelossim Beach,Cavelossim,Goa,West,Beach,"Beach,Relaxation","Couples,Family",0,300,3000,700,15.016,73.922,4.6,6000,11,3,Coastal,GOA-74,62.0,False,Easy,Full-day (4-8 hrs),0,0,0,0,0,0,0,0,0,0,0,0,0,1,0,0,0,0,0,0,0,0,0,0,0,0,0,0,0,0,0,0,0,0,0,0,0,0,0,0,0,0,0,0,0,0,0,0,0,0,0,0,0,0,0,0,0,0,0,0,0,0,0,0,0,0,0,0,0,0,0,0,0,0,0,0,0,0,0,0,0,0,0,0,0,0,0,0,0,0,0,0,0,0,0,0,0,0,0,1,0,0,0,0,0,0,0,0,0,0,0,0,0,0,0,0,0,0,0,0,0,0,0,0,0,0,0,0,0,0,0,0,0,0,0,0,0,0,0,0,0,0,0,0,0,0,0,0,0,0,0,0,0,0,1,1,0,0,0,0,0,0,0,0,0,0,1,1150.0,6000.0,1100.0,4000,12500,8250.0,0.6363636363636362,0.5568513119533527,0.0064458768615247835,"[11, 12, 1, 2, 3]",11|12|1|2|3
1028,Varca Beach,Varca,Goa,West,Beach,"Beach,Relaxation","Family,Couples",0,300,2500,600,15.21,73.92,4.5,7000,11,3,Coastal,GOA-74,55.8,False,Easy,Full-day (4-8 hrs),0,0,0,0,0,0,0,0,0,0,0,0,0,1,0,0,0,0,0,0,0,0,0,0,0,0,0,0,0,0,0,0,0,0,0,0,0,0,0,0,0,0,0,0,0,0,0,0,0,0,0,0,0,0,0,0,0,0,0,0,0,0,0,0,0,0,0,0,0,0,0,0,0,0,0,0,0,0,0,0,0,0,0,0,0,0,0,0,0,0,0,0,0,0,0,0,0,0,0,1,0,0,0,0,0,0,0,0,0,0,0,0,0,0,0,0,0,0,0,0,0,0,0,0,0,0,0,0,0,0,0,0,0,0,0,0,0,0,0,0,0,0,0,0,0,0,0,0,0,0,0,0,0,0,1,1,0,0,0,0,0,0,0,0,0,0,1,1150.0,5250.0,1050.0,3400,11500,7450.0,0.5454545454545454,0.46647230320699695,0.007557234941098022,"[11, 12, 1, 2, 3]",11|12|1|2|3
1029,Betalbatim Beach,Betalbatim,Goa,West,Beach,"Beach,Sunset","Couples,Photographers",0,300,2500,600,15.28,73.91,4.5,4000,11,3,Coastal,GOA-74,58.5,False,Easy,Full-day (4-8 hrs),0,0,0,0,0,0,0,0,0,0,0,0,0,1,0,0,0,0,0,0,0,0,0,0,0,0,0,0,0,0,0,0,0,0,0,0,0,0,0,0,0,0,0,0,0,0,0,0,0,0,0,0,0,0,0,0,0,0,0,0,0,0,0,0,0,0,0,0,0,0,0,0,0,0,0,0,0,0,0,0,0,0,0,0,0,0,0,0,0,0,0,0,0,0,0,0,0,0,0,0,0,0,0,0,0,0,0,0,0,0,0,0,0,0,0,0,0,0,0,0,0,0,0,0,0,0,0,1,0,0,0,0,0,0,0,0,0,0,0,0,0,0,0,0,0,0,0,0,0,0,0,0,0,0,1,0,0,0,1,0,0,0,0,0,0,0,1,1150.0,4750.0,1000.0,3400,10400,6900.0,0.5454545454545454,0.5058309037900873,0.004223160702378307,"[11, 12, 1, 2, 3]",11|12|1|2|3
1030,Majorda Beach,Majorda,Goa,West,Beach,"Beach,Food","Family,Couples",0,300,2500,600,15.3,73.91,4.6,6000,11,3,Coastal,GOA-74,62.0,False,Easy,Full-day (4-8 hrs),0,0,0,0,0,0,0,0,0,0,0,0,0,1,0,0,0,0,0,0,0,0,0,0,0,0,0,0,0,0,0,0,0,0,0,0,0,0,0,0,0,0,0,0,1,0,0,0,0,0,0,0,0,0,0,0,0,0,0,0,0,0,0,0,0,0,0,0,0,0,0,0,0,0,0,0,0,0,0,0,0,0,0,0,0,0,0,0,0,0,0,0,0,0,0,0,0,0,0,0,0,0,0,0,0,0,0,0,0,0,0,0,0,0,0,0,0,0,0,0,0,0,0,0,0,0,0,0,0,0,0,0,0,0,0,0,0,0,0,0,0,0,0,0,0,0,0,0,0,0,0,0,0,0,1,1,0,0,0,0,0,0,0,0,0,0,1,1150.0,4750.0,1000.0,3400,10400,6900.0,0.6363636363636362,0.5568513119533527,0.0064458768615247835,"[11, 12, 1, 2, 3]",11|12|1|2|3
1031,Agonda Beach,Agonda,Goa,West,Beach,"Beach,Relaxation","Couples,Solo",0,300,2500,600,15.04,73.98,4.7,9000,11,3,Coastal,GOA-74,65.5,True,Easy,Full-day (4-8 hrs),0,0,0,0,0,0,0,0,0,0,0,0,0,1,0,0,0,0,0,0,0,0,0,0,0,0,0,0,0,0,0,0,0,0,0,0,0,0,0,0,0,0,0,0,0,0,0,0,0,0,0,0,0,0,0,0,0,0,0,0,0,0,0,0,0,0,0,0,0,0,0,0,0,0,0,0,0,0,0,0,0,0,0,0,0,0,0,0,0,0,0,0,0,0,0,0,0,0,0,1,0,0,0,0,0,0,0,0,0,0,0,0,0,0,0,0,0,0,0,0,0,0,0,0,0,0,0,0,0,0,0,0,0,0,0,0,0,0,0,0,0,0,0,0,0,0,0,0,0,0,0,0,0,0,1,0,0,0,0,0,0,0,1,0,0,0,1,1150.0,4750.0,1000.0,3400,10400,6900.0,0.7272727272727271,0.6078717201166179,0.0097799511002445,"[11, 12, 1, 2, 3]",11|12|1|2|3
1032,Patnem Beach,Canacona,Goa,West,Beach,"Beach,Relaxation","Couples,Solo",0,300,2500,600,15.01,74.02,4.6,4500,11,3,Coastal,GOA-74,63.4,True,Easy,Full-day (4-8 hrs),0,0,0,0,0,0,0,0,0,0,0,0,0,1,0,0,0,0,0,0,0,0,0,0,0,0,0,0,0,0,0,0,0,0,0,0,0,0,0,0,0,0,0,0,0,0,0,0,0,0,0,0,0,0,0,0,0,0,0,0,0,0,0,0,0,0,0,0,0,0,0,0,0,0,0,0,0,0,0,0,0,0,0,0,0,0,0,0,0,0,0,0,0,0,0,0,0,0,0,1,0,0,0,0,0,0,0,0,0,0,0,0,0,0,0,0,0,0,0,0,0,0,0,0,0,0,0,0,0,0,0,0,0,0,0,0,0,0,0,0,0,0,0,0,0,0,0,0,0,0,0,0,0,0,1,0,0,0,0,0,0,0,1,0,0,0,1,1150.0,4750.0,1000.0,3400,10400,6900.0,0.6363636363636362,0.5772594752186587,0.004778839742164926,"[11, 12, 1, 2, 3]",11|12|1|2|3
1033,Bogmalo Beach,Bogmalo,Goa,West,Beach,"Beach,Water_Sports","Family,Friends",0,400,2500,600,15.36,73.83,4.4,3500,11,3,Coastal,GOA-74,53.7,False,Easy,Full-day (4-8 hrs),0,0,0,0,0,0,0,0,0,0,0,0,0,1,0,0,0,0,0,0,0,0,0,0,0,0,0,0,0,0,0,0,0,0,0,0,0,0,0,0,0,0,0,0,0,0,0,0,0,0,0,0,0,0,0,0,0,0,0,0,0,0,0,0,0,0,0,0,0,0,0,0,0,0,0,0,0,0,0,0,0,0,0,0,0,0,0,0,0,0,0,0,0,0,0,0,0,0,0,0,0,0,0,0,0,0,0,0,0,0,0,0,0,0,0,0,0,0,0,0,0,0,0,0,0,0,0,0,0,0,0,0,0,0,0,0,0,0,0,0,0,0,0,0,0,0,1,0,0,0,0,0,0,0,0,1,1,0,0,0,0,0,0,0,0,0,1,1450.0,4750.0,1000.0,3500,10900,7200.0,0.4545454545454546,0.43586005830903785,0.003667481662591687,"[11, 12, 1, 2, 3]",11|12|1|2|3
1034,Dona Paula,Panaji,Goa,West,Viewpoint,",Romantic","Couples,Tourists",0,100,2500,600,15.46,73.8,4.5,10000,11,3,Coastal,GOA-74,54.1,False,Moderate,Short (1-2 hrs),0,0,0,0,0,0,0,0,0,0,0,0,0,0,0,0,0,0,0,0,0,0,0,0,0,0,0,0,0,0,0,0,0,0,0,0,0,0,0,0,0,0,0,0,0,0,0,0,0,0,0,0,0,0,0,0,0,0,0,0,0,0,0,0,0,0,0,0,0,0,0,0,0,0,0,0,0,0,0,0,0,0,0,0,0,0,0,0,0,0,0,0,0,0,0,0,0,0,0,0,0,0,0,0,0,0,0,0,1,0,0,0,0,0,0,0,0,0,0,0,0,0,0,0,0,0,0,0,0,0,0,0,0,0,0,0,0,0,0,0,0,0,0,0,0,0,0,0,0,0,0,0,0,0,1,0,0,0,0,0,0,0,0,0,0,1,2,300.0,5250.0,1050.0,3200,10000,6600.0,0.5454545454545454,0.4416909620991253,0.010891309179817739,"[11, 12, 1, 2, 3]",11|12|1|2|3
1035,Chapora River Viewpointpoint,Chapora,Goa,West,Viewpoint,"River,Photography","Photographers,Friends",0,100,2000,600,15.6,73.74,4.5,4000,11,3,Coastal,GOA-74,58.5,False,Moderate,Short (1-2 hrs),0,0,0,0,0,0,0,0,0,0,0,0,0,0,0,0,0,0,0,0,0,0,0,0,0,0,0,0,0,0,0,0,0,0,0,0,0,0,0,0,0,0,0,0,0,0,0,0,0,0,0,0,0,0,0,0,0,0,0,0,0,0,0,0,0,0,0,0,0,0,0,0,0,0,0,0,0,0,0,0,0,0,0,0,0,0,0,0,0,0,0,0,1,0,0,0,0,0,0,0,0,0,0,0,1,0,0,0,0,0,0,0,0,0,0,0,0,0,0,0,0,0,0,0,0,0,0,0,0,0,0,0,0,0,0,0,0,0,0,0,0,0,0,0,0,0,0,0,0,0,0,0,0,0,0,0,1,0,1,0,0,0,0,0,0,0,2,200.0,4000.0,950.0,2700,7600,5150.0,0.5454545454545454,0.5058309037900873,0.004223160702378307,"[11, 12, 1, 2, 3]",11|12|1|2|3
1036,Torre De Santo Ant?Nio,Chapora,Goa,West,Fort Tower,"Heritage,Architecture","Students,Tourists",0,100,2000,600,15.6,73.75,4.3,1500,11,3,Coastal,GOA-74,52.3,False,Moderate,Half-day (2-4 hrs),0,0,0,0,1,0,0,0,0,0,0,0,0,0,0,0,0,0,0,0,0,0,0,0,0,0,0,0,0,0,0,0,0,0,0,0,0,0,0,0,0,0,0,0,0,0,0,0,0,0,0,0,0,1,0,0,0,0,0,0,0,0,0,0,0,0,0,0,0,0,0,0,0,0,0,0,0,0,0,0,0,0,0,0,0,0,0,0,0,0,0,0,0,0,0,0,0,0,0,0,0,0,0,0,0,0,0,0,0,0,0,0,0,0,0,0,0,0,0,0,0,0,0,0,0,0,0,0,0,0,0,0,0,0,0,0,0,0,0,0,0,0,0,0,0,0,0,0,0,0,0,0,0,0,0,0,0,0,0,0,0,0,0,0,1,1,2,200.0,4000.0,950.0,2700,7600,5150.0,0.3636363636363633,0.4154518950437317,0.0014447655034452102,"[11, 12, 1, 2, 3]",11|12|1|2|3
1037,Salim Ali Bird Sanctuary,Chorao,Goa,West,Bird Sanctuary,"Birdwatching,Nature","Photographers,Students",100,200,2000,600,15.49,73.87,4.6,5000,11,3,Forest,GOA-74,62.9,True,Moderate,Half-day (2-4 hrs),0,0,0,0,0,0,0,0,0,0,0,0,0,0,0,1,0,0,0,0,0,0,0,0,0,0,0,0,0,0,0,0,0,0,0,0,0,0,0,0,0,0,0,0,0,0,0,0,0,0,0,0,0,0,0,0,0,0,0,0,0,0,0,0,0,0,0,0,0,0,0,0,0,0,0,0,0,0,0,0,0,0,0,0,1,0,0,0,0,0,0,0,0,0,0,0,0,0,0,0,0,0,0,0,0,0,0,0,0,0,0,0,0,0,0,0,0,0,0,0,0,0,0,0,0,0,0,0,0,0,0,0,0,0,0,0,0,0,0,0,0,0,0,0,0,0,0,0,0,0,0,0,0,0,0,0,0,0,1,0,0,0,0,0,1,0,2,400.0,4000.0,950.0,2900,8000,5450.0,0.6363636363636362,0.5699708454810495,0.005334518781951545,"[11, 12, 1, 2, 3]",11|12|1|2|3
1038,Divar Island,Divar,Goa,West,Island,"Heritage,Nature","Family,Couples",0,200,2000,600,15.5,73.85,4.5,3500,11,3,Island,GOA-74,59.1,False,Moderate,Full-day (4-8 hrs),0,0,0,0,0,0,0,0,0,0,0,0,0,0,0,0,0,0,0,0,0,0,0,0,0,0,0,0,0,0,0,0,0,0,0,0,0,0,0,0,0,0,0,0,0,0,0,0,0,0,0,0,0,1,0,0,0,0,0,0,0,0,0,0,0,0,0,0,0,0,0,0,0,0,0,0,0,0,0,0,0,0,0,0,1,0,0,0,0,0,0,0,0,0,0,0,0,0,0,0,0,0,0,0,0,0,0,0,0,0,0,0,0,0,0,0,0,0,0,0,0,0,0,0,0,0,0,0,0,0,0,0,0,0,0,0,0,0,0,0,0,0,0,0,0,0,0,0,0,0,0,0,0,0,1,1,0,0,0,0,0,0,0,0,0,0,2,350.0,4000.0,950.0,2800,7800,5300.0,0.5454545454545454,0.5145772594752186,0.003667481662591687,"[11, 12, 1, 2, 3]",11|12|1|2|3
1039,Chorao Island,Chorao,Goa,West,Island,"Nature,Birdwatching",Photographers,0,200,2000,600,15.5,73.86,4.5,3000,11,3,Island,GOA-74,59.9,False,Moderate,Full-day (4-8 hrs),0,0,0,0,0,0,0,0,0,0,0,0,0,0,0,1,0,0,0,0,0,0,0,0,0,0,0,0,0,0,0,0,0,0,0,0,0,0,0,0,0,0,0,0,0,0,0,0,0,0,0,0,0,0,0,0,0,0,0,0,0,0,0,0,0,0,0,0,0,0,0,0,0,0,0,0,0,0,0,0,0,0,0,0,1,0,0,0,0,0,0,0,0,0,0,0,0,0,0,0,0,0,0,0,0,0,0,0,0,0,0,0,0,0,0,0,0,0,0,0,0,0,0,0,0,0,0,0,0,0,0,0,0,0,0,0,0,0,0,0,0,0,0,0,0,0,0,0,0,0,0,0,0,0,0,0,0,0,1,0,0,0,0,0,0,0,2,350.0,4000.0,950.0,2800,7800,5300.0,0.5454545454545454,0.5262390670553935,0.003111802622805068,"[11, 12, 1, 2, 3]",11|12|1|2|3
1040,Panjim Church,Panaji,Goa,West,Church,"Religion,Architecture","Family,Tourists",0,50,2500,600,15.4989,73.8278,4.7,15000,11,3,Urban,GOA-74,63.1,True,Easy,Short (1-2 hrs),0,0,0,0,1,0,0,0,0,0,0,0,0,0,0,0,0,0,0,0,0,0,0,0,0,0,0,0,0,0,0,0,0,0,0,0,0,0,0,0,0,0,0,0,0,0,0,0,0,0,0,0,0,0,0,0,0,0,0,0,0,0,0,0,0,0,0,0,0,0,0,0,0,0,0,0,0,0,0,0,0,0,0,0,0,0,0,0,0,0,0,0,0,0,0,0,0,0,0,0,1,0,0,0,0,0,0,0,0,0,0,0,0,0,0,0,0,0,0,0,0,0,0,0,0,0,0,0,0,0,0,0,0,0,0,0,0,0,0,0,0,0,0,0,0,0,0,0,0,0,0,0,0,0,0,1,0,0,0,0,0,0,0,0,0,1,1,125.0,5250.0,1050.0,3150,9700,6425.0,0.7272727272727271,0.5728862973760932,0.01644809957768393,"[11, 12, 1, 2, 3]",11|12|1|2|3
1041,Shantadurga Temple,Ponda,Goa,West,Temple,"Religion,Heritage","Pilgrims,Family",0,50,2000,600,15.42,74.03,4.7,7000,11,3,Urban,GOA-74,66.7,True,Easy,Short (1-2 hrs),0,0,0,0,0,0,0,0,0,0,0,0,0,0,0,0,0,0,0,0,0,0,0,0,0,0,0,0,0,0,0,0,0,0,0,0,0,0,0,0,0,0,0,0,0,0,0,0,0,0,0,0,0,1,0,0,0,0,0,0,0,0,0,0,0,0,0,0,0,0,0,0,0,0,0,0,0,0,0,0,0,0,0,0,0,0,0,0,0,0,0,0,0,0,0,0,0,0,0,0,1,0,0,0,0,0,0,0,0,0,0,0,0,0,0,0,0,0,0,0,0,0,0,0,0,0,0,0,0,0,0,0,0,0,0,0,0,0,0,0,0,0,0,0,0,0,0,0,0,0,0,0,0,0,0,1,0,0,0,1,0,0,0,0,0,0,1,125.0,4000.0,950.0,2650,7500,5075.0,0.7272727272727271,0.6253644314868804,0.007557234941098022,"[11, 12, 1, 2, 3]",11|12|1|2|3
1042,Mangueshi Temple,Ponda,Goa,West,Temple,"Religion,Heritage","Pilgrims,Family",0,50,2000,600,15.45,73.98,4.7,8000,11,3,Urban,GOA-74,66.1,True,Easy,Short (1-2 hrs),0,0,0,0,0,0,0,0,0,0,0,0,0,0,0,0,0,0,0,0,0,0,0,0,0,0,0,0,0,0,0,0,0,0,0,0,0,0,0,0,0,0,0,0,0,0,0,0,0,0,0,0,0,1,0,0,0,0,0,0,0,0,0,0,0,0,0,0,0,0,0,0,0,0,0,0,0,0,0,0,0,0,0,0,0,0,0,0,0,0,0,0,0,0,0,0,0,0,0,0,1,0,0,0,0,0,0,0,0,0,0,0,0,0,0,0,0,0,0,0,0,0,0,0,0,0,0,0,0,0,0,0,0,0,0,0,0,0,0,0,0,0,0,0,0,0,0,0,0,0,0,0,0,0,0,1,0,0,0,1,0,0,0,0,0,0,1,125.0,4000.0,950.0,2650,7500,5075.0,0.7272727272727271,0.6166180758017491,0.008668593020671262,"[11, 12, 1, 2, 3]",11|12|1|2|3
1043,Mahalaxmi Temple,Panaji,Goa,West,Temple,Religion,"Pilgrims,Family",0,50,2500,600,15.5,73.83,4.6,4000,11,3,Urban,GOA-74,64.0,True,Easy,Short (1-2 hrs),0,0,0,0,0,0,0,0,0,0,0,0,0,0,0,0,0,0,0,0,0,0,0,0,0,0,0,0,0,0,0,0,0,0,0,0,0,0,0,0,0,0,0,0,0,0,0,0,0,0,0,0,0,0,0,0,0,0,0,0,0,0,0,0,0,0,0,0,0,0,0,0,0,0,0,0,0,0,0,0,0,0,0,0,0,0,0,0,0,0,0,0,0,0,0,0,0,0,0,0,1,0,0,0,0,0,0,0,0,0,0,0,0,0,0,0,0,0,0,0,0,0,0,0,0,0,0,0,0,0,0,0,0,0,0,0,0,0,0,0,0,0,0,0,0,0,0,0,0,0,0,0,0,0,0,1,0,0,0,1,0,0,0,0,0,0,1,125.0,5250.0,1050.0,3150,9700,6425.0,0.6363636363636362,0.58600583090379,0.004223160702378307,"[11, 12, 1, 2, 3]",11|12|1|2|3
1044,Old Goa Churches,Old Goa,Goa,West,Heritage Site,"Heritage,Christianity","Tourists,Students",0,100,2500,600,15.5,73.91,4.8,20000,11,3,Urban,GOA-74,67.2,True,Easy,Half-day (2-4 hrs),0,0,0,0,0,0,0,0,0,0,0,0,0,0,0,0,0,0,0,0,0,0,1,0,0,0,0,0,0,0,0,0,0,0,0,0,0,0,0,0,0,0,0,0,0,0,0,0,0,0,0,0,0,1,0,0,0,0,0,0,0,0,0,0,0,0,0,0,0,0,0,0,0,0,0,0,0,0,0,0,0,0,0,0,0,0,0,0,0,0,0,0,0,0,0,0,0,0,0,0,0,0,0,0,0,0,0,0,0,0,0,0,0,0,0,0,0,0,0,0,0,0,0,0,0,0,0,0,0,0,0,0,0,0,0,0,0,0,0,0,0,0,0,0,0,0,0,0,0,0,0,0,0,0,0,0,0,0,0,0,0,0,0,0,1,1,1,200.0,5250.0,1050.0,3200,9800,6500.0,0.8181818181818179,0.6326530612244897,0.022004889975550123,"[11, 12, 1, 2, 3]",11|12|1|2|3
1045,Our Lady Of The Immaculate Conception Church,Panaji,Goa,West,Church,"Religion,Architecture","Tourists,Family",0,50,2500,600,15.499,73.8275,4.7,12000,11,3,Urban,GOA-74,64.2,True,Easy,Short (1-2 hrs),0,0,0,0,1,0,0,0,0,0,0,0,0,0,0,0,0,0,0,0,0,0,0,0,0,0,0,0,0,0,0,0,0,0,0,0,0,0,0,0,0,0,0,0,0,0,0,0,0,0,0,0,0,0,0,0,0,0,0,0,0,0,0,0,0,0,0,0,0,0,0,0,0,0,0,0,0,0,0,0,0,0,0,0,0,0,0,0,0,0,0,0,0,0,0,0,0,0,0,0,1,0,0,0,0,0,0,0,0,0,0,0,0,0,0,0,0,0,0,0,0,0,0,0,0,0,0,0,0,0,0,0,0,0,0,0,0,0,0,0,0,0,0,0,0,0,0,0,0,0,0,0,0,0,0,1,0,0,0,0,0,0,0,0,0,1,1,125.0,5250.0,1050.0,3150,9700,6425.0,0.7272727272727271,0.5889212827988337,0.013114025338964216,"[11, 12, 1, 2, 3]",11|12|1|2|3
1046,Church Of St. Cajetan,Old Goa,Goa,West,Church,"Heritage,Architecture","Tourists,Students",0,50,2500,600,15.503,73.911,4.6,5000,11,3,Urban,GOA-74,62.9,True,Easy,Short (1-2 hrs),0,0,0,0,1,0,0,0,0,0,0,0,0,0,0,0,0,0,0,0,0,0,0,0,0,0,0,0,0,0,0,0,0,0,0,0,0,0,0,0,0,0,0,0,0,0,0,0,0,0,0,0,0,1,0,0,0,0,0,0,0,0,0,0,0,0,0,0,0,0,0,0,0,0,0,0,0,0,0,0,0,0,0,0,0,0,0,0,0,0,0,0,0,0,0,0,0,0,0,0,0,0,0,0,0,0,0,0,0,0,0,0,0,0,0,0,0,0,0,0,0,0,0,0,0,0,0,0,0,0,0,0,0,0,0,0,0,0,0,0,0,0,0,0,0,0,0,0,0,0,0,0,0,0,0,0,0,0,0,0,0,0,0,0,1,1,1,125.0,5250.0,1050.0,3150,9700,6425.0,0.6363636363636362,0.5699708454810495,0.005334518781951545,"[11, 12, 1, 2, 3]",11|12|1|2|3
1047,St. Augustine Tower,Old Goa,Goa,West,Heritage Tower,"Heritage,Ruins","Tourists,Students",0,50,2500,600,15.5035,73.912,4.5,4500,11,3,Urban,GOA-74,57.9,False,Easy,Half-day (2-4 hrs),0,0,0,0,0,0,0,0,0,0,0,0,0,0,0,0,0,0,0,0,0,0,0,0,0,0,0,0,0,0,0,0,0,0,0,0,0,0,0,0,0,0,0,0,0,0,0,0,0,0,0,0,0,1,0,0,0,0,0,0,0,0,0,0,0,0,0,0,0,0,0,0,0,0,0,0,0,0,0,0,0,0,0,0,0,0,0,0,0,0,0,0,0,0,0,0,0,0,0,0,0,0,0,0,0,0,0,0,0,1,0,0,0,0,0,0,0,0,0,0,0,0,0,0,0,0,0,0,0,0,0,0,0,0,0,0,0,0,0,0,0,0,0,0,0,0,0,0,0,0,0,0,0,0,0,0,0,0,0,0,0,0,0,0,1,1,1,125.0,5250.0,1050.0,3150,9700,6425.0,0.5454545454545454,0.49708454810495617,0.004778839742164926,"[11, 12, 1, 2, 3]",11|12|1|2|3
1048,Monte Hill,Panaji,Goa,West,Hill,",Nature","Photographers,Couples",0,100,2500,600,15.49,73.82,4.4,2000,11,3,Mountain,GOA-74,56.3,False,Moderate,Half-day (2-4 hrs),0,0,0,0,0,0,0,0,0,0,0,0,0,0,0,0,0,0,0,0,0,0,0,0,0,0,0,0,0,0,0,0,0,0,0,0,0,0,0,0,0,0,0,0,0,0,0,0,0,0,0,0,0,0,0,0,0,0,0,0,0,0,0,0,0,0,0,0,0,0,0,0,0,0,0,0,0,0,0,0,0,0,0,0,1,0,0,0,0,0,0,0,0,0,0,0,0,0,0,0,0,0,0,0,0,0,0,0,0,0,0,0,0,0,0,0,0,0,0,0,0,0,0,0,0,0,0,0,0,0,0,0,0,0,0,0,0,0,0,0,0,0,0,0,0,0,0,0,0,0,0,0,0,0,1,0,0,0,1,0,0,0,0,0,0,0,2,200.0,5250.0,1050.0,3200,9800,6500.0,0.4545454545454546,0.4737609329446063,0.0020004445432318294,"[11, 12, 1, 2, 3]",11|12|1|2|3
1049,Bondla Wildlife Sanctuary,Ponda,Goa,West,Wildlife Sanctuary,"Nature,Wildlife","Family,Students",50,200,2000,600,15.41,74.1,4.5,5000,11,3,Forest,GOA-74,57.4,False,Moderate,Full-day (4-8 hrs),0,0,0,0,0,0,0,0,0,0,0,0,0,0,0,0,0,0,0,0,0,0,0,0,0,0,0,0,0,0,0,0,0,0,0,0,0,0,0,0,0,0,0,0,0,0,0,0,0,0,0,0,0,0,0,0,0,0,0,0,0,0,0,0,0,0,0,0,0,0,0,0,0,0,0,0,0,0,0,0,0,0,0,0,1,0,0,0,0,0,0,0,0,0,0,0,0,0,0,0,0,0,0,0,0,0,0,0,0,0,0,0,0,0,0,0,0,0,0,0,0,0,0,0,0,0,0,0,0,0,0,0,0,0,0,0,0,0,0,0,0,0,0,0,0,0,0,0,0,1,0,0,0,0,0,1,0,0,0,0,0,0,0,0,1,0,2,350.0,4000.0,950.0,2850,7850,5350.0,0.5454545454545454,0.4897959183673468,0.005334518781951545,"[11, 12, 1, 2, 3]",11|12|1|2|3
1050,Cotigao Wildlife Sanctuary,Canacona,Goa,West,Wildlife Sanctuary,"Nature,Wildlife",Photographers,50,200,2000,600,14.99,74.21,4.4,3000,11,3,Forest,GOA-74,54.4,False,Moderate,Full-day (4-8 hrs),0,0,0,0,0,0,0,0,0,0,0,0,0,0,0,0,0,0,0,0,0,0,0,0,0,0,0,0,0,0,0,0,0,0,0,0,0,0,0,0,0,0,0,0,0,0,0,0,0,0,0,0,0,0,0,0,0,0,0,0,0,0,0,0,0,0,0,0,0,0,0,0,0,0,0,0,0,0,0,0,0,0,0,0,1,0,0,0,0,0,0,0,0,0,0,0,0,0,0,0,0,0,0,0,0,0,0,0,0,0,0,0,0,0,0,0,0,0,0,0,0,0,0,0,0,0,0,0,0,0,0,0,0,0,0,0,0,0,0,0,0,0,0,0,0,0,0,0,0,1,0,0,0,0,0,0,0,0,1,0,0,0,0,0,0,0,2,350.0,4000.0,950.0,2850,7850,5350.0,0.4545454545454546,0.4460641399416909,0.003111802622805068,"[11, 12, 1, 2, 3]",11|12|1|2|3
1051,Tambdi Surla Mahadev Temple,Mollem,Goa,West,Temple,"Heritage,Religion","Pilgrims,Students",0,50,2000,600,15.44,74.26,4.7,6000,11,3,Forest,GOA-74,67.5,True,Moderate,Short (1-2 hrs),0,0,0,0,0,0,0,0,0,0,0,0,0,0,0,0,0,0,0,0,0,0,0,0,0,0,0,0,0,0,0,0,0,0,0,0,0,0,0,0,0,0,0,0,0,0,0,0,0,0,0,0,0,1,0,0,0,0,0,0,0,0,0,0,0,0,0,0,0,0,0,0,0,0,0,0,0,0,0,0,0,0,0,0,0,0,0,0,0,0,0,0,0,0,0,0,0,0,0,0,1,0,0,0,0,0,0,0,0,0,0,0,0,0,0,0,0,0,0,0,0,0,0,0,0,0,0,0,0,0,0,0,0,0,0,0,0,0,0,0,0,0,0,0,0,0,0,0,0,0,0,0,0,0,0,0,0,0,0,1,0,0,0,0,1,0,2,125.0,4000.0,950.0,2650,7500,5075.0,0.7272727272727271,0.6370262390670552,0.0064458768615247835,"[11, 12, 1, 2, 3]",11|12|1|2|3
1052,Arvalem Caves,Sanquelim,Goa,West,Cave,"Heritage,Heritage","Students,Tourists",20,100,2000,600,15.59,73.99,4.3,2500,11,3,Mountain,GOA-74,49.8,False,Moderate,Half-day (2-4 hrs),0,0,0,0,0,0,0,0,0,0,0,0,0,0,0,0,0,0,0,0,0,0,0,0,0,0,0,0,0,0,0,0,0,0,0,0,0,0,0,0,0,0,0,0,0,0,0,0,0,0,0,0,0,1,0,0,0,0,0,0,0,0,0,0,0,0,0,0,0,0,0,0,0,0,0,0,0,0,0,0,0,0,0,0,0,0,0,0,0,0,0,0,0,0,0,0,0,0,0,0,0,0,0,0,0,0,0,0,0,0,0,0,0,0,0,0,0,0,0,0,0,0,0,0,0,0,0,0,0,0,0,0,0,0,0,0,0,0,0,0,0,0,0,0,0,0,0,0,0,0,0,0,0,0,0,0,0,0,0,0,0,0,0,0,1,1,2,200.0,4000.0,950.0,2720,7620,5170.0,0.3636363636363633,0.37900874635568504,0.0025561235830184486,"[11, 12, 1, 2, 3]",11|12|1|2|3
1053,Dabolim Airport Viewpointpoint,Dabolim,Goa,West,Viewpoint,"Aviation,Photography",Photographers,0,50,2500,600,15.38,73.83,4.4,1500,11,3,Coastal,GOA-74,57.7,False,Moderate,Short (1-2 hrs),0,0,0,0,0,0,0,0,0,1,0,0,0,0,0,0,0,0,0,0,0,0,0,0,0,0,0,0,0,0,0,0,0,0,0,0,0,0,0,0,0,0,0,0,0,0,0,0,0,0,0,0,0,0,0,0,0,0,0,0,0,0,0,0,0,0,0,0,0,0,0,0,0,0,0,0,0,0,0,0,0,0,0,0,0,0,0,0,0,0,0,0,1,0,0,0,0,0,0,0,0,0,0,0,0,0,0,0,0,0,0,0,0,0,0,0,0,0,0,0,0,0,0,0,0,0,0,0,0,0,0,0,0,0,0,0,0,0,0,0,0,0,0,0,0,0,0,0,0,0,0,0,0,0,0,0,0,0,1,0,0,0,0,0,0,0,2,125.0,5250.0,1050.0,3150,9700,6425.0,0.4545454545454546,0.49416909620991245,0.0014447655034452102,"[11, 12, 1, 2, 3]",11|12|1|2|3
1054,Harvalem Waterfall,Sanquelim,Goa,West,Waterfall,Nature,"Family,Photographers",0,100,2000,600,15.59,73.99,4.5,4000,6,9,Valley,GOA-74,58.5,False,Moderate,Half-day (2-4 hrs),0,0,0,0,0,0,0,0,0,0,0,0,0,0,0,0,0,0,0,0,0,0,0,0,0,0,0,0,0,0,0,0,0,0,0,0,0,0,0,0,0,0,0,0,0,0,0,0,0,0,0,0,0,0,0,0,0,0,0,0,0,0,0,0,0,0,0,0,0,0,0,0,0,0,0,0,0,0,0,0,0,0,0,0,1,0,0,0,0,0,0,0,0,0,0,0,0,0,0,0,0,0,0,0,0,0,0,0,0,0,0,0,0,0,0,0,0,0,0,0,0,0,0,0,0,0,0,0,0,0,0,0,0,0,0,0,0,0,0,0,0,0,0,0,0,0,0,0,0,0,0,0,0,0,0,1,0,0,1,0,0,0,0,0,0,0,2,250.0,4000.0,950.0,2700,7700,5200.0,0.5454545454545454,0.5058309037900873,0.004223160702378307,"[6, 7, 8, 9]",6|7|8|9
1055,Morjim Beach,Morjim,Goa,West,Beach,"Beach,Turtle Nesting","Tourists,Photographers",0,300,2500,600,15.63,73.73,4.6,9000,11,3,Coastal,GOA-74,60.1,False,Easy,Full-day (4-8 hrs),0,0,0,0,0,0,0,0,0,0,0,0,0,1,0,0,0,0,0,0,0,0,0,0,0,0,0,0,0,0,0,0,0,0,0,0,0,0,0,0,0,0,0,0,0,0,0,0,0,0,0,0,0,0,0,0,0,0,0,0,0,0,0,0,0,0,0,0,0,0,0,0,0,0,0,0,0,0,0,0,0,0,0,0,0,0,0,0,0,0,0,0,0,0,0,0,0,0,0,0,0,0,0,0,0,0,0,0,0,0,0,0,0,0,0,0,0,0,0,0,0,0,0,0,0,0,0,0,0,0,0,0,0,0,0,0,0,0,1,0,0,0,0,0,0,0,0,0,0,0,0,0,0,0,0,0,0,0,1,0,0,0,0,0,0,1,1,1150.0,4750.0,1000.0,3400,10400,6900.0,0.6363636363636362,0.5291545189504373,0.0097799511002445,"[11, 12, 1, 2, 3]",11|12|1|2|3
1056,Ashwem Beach,Ashwem,Goa,West,Beach,"Beach,Relaxation","Couples,Solo",0,300,2500,600,15.64,73.73,4.6,8000,11,3,Coastal,GOA-74,60.7,False,Easy,Full-day (4-8 hrs),0,0,0,0,0,0,0,0,0,0,0,0,0,1,0,0,0,0,0,0,0,0,0,0,0,0,0,0,0,0,0,0,0,0,0,0,0,0,0,0,0,0,0,0,0,0,0,0,0,0,0,0,0,0,0,0,0,0,0,0,0,0,0,0,0,0,0,0,0,0,0,0,0,0,0,0,0,0,0,0,0,0,0,0,0,0,0,0,0,0,0,0,0,0,0,0,0,0,0,1,0,0,0,0,0,0,0,0,0,0,0,0,0,0,0,0,0,0,0,0,0,0,0,0,0,0,0,0,0,0,0,0,0,0,0,0,0,0,0,0,0,0,0,0,0,0,0,0,0,0,0,0,0,0,1,0,0,0,0,0,0,0,1,0,0,0,1,1150.0,4750.0,1000.0,3400,10400,6900.0,0.6363636363636362,0.5379008746355685,0.008668593020671262,"[11, 12, 1, 2, 3]",11|12|1|2|3
1057,Querim Beach,Querim,Goa,West,Beach,"Beach,Quiet","Couples,Solo",0,300,2000,600,15.72,73.68,4.5,4000,11,3,Coastal,GOA-74,58.5,False,Easy,Full-day (4-8 hrs),0,0,0,0,0,0,0,0,0,0,0,0,0,1,0,0,0,0,0,0,0,0,0,0,0,0,0,0,0,0,0,0,0,0,0,0,0,0,0,0,0,0,0,0,0,0,0,0,0,0,0,0,0,0,0,0,0,0,0,0,0,0,0,0,0,0,0,0,0,0,0,0,0,0,0,0,0,0,0,0,0,0,0,0,0,0,0,0,0,0,0,0,0,0,0,1,0,0,0,0,0,0,0,0,0,0,0,0,0,0,0,0,0,0,0,0,0,0,0,0,0,0,0,0,0,0,0,0,0,0,0,0,0,0,0,0,0,0,0,0,0,0,0,0,0,0,0,0,0,0,0,0,0,0,1,0,0,0,0,0,0,0,1,0,0,0,1,1150.0,4000.0,950.0,2900,9300,6100.0,0.5454545454545454,0.5058309037900873,0.004223160702378307,"[11, 12, 1, 2, 3]",11|12|1|2|3
1058,Sinquerim Fort,Candolim,Goa,West,Fort,"Heritage,Architecture","Tourists,Students",0,100,2500,600,15.514,73.767,4.4,3500,11,3,Coastal,GOA-74,53.7,False,Moderate,Half-day (2-4 hrs),0,0,0,0,1,0,0,0,0,0,0,0,0,0,0,0,0,0,0,0,0,0,0,0,0,0,0,0,0,0,0,0,0,0,0,0,0,0,0,0,0,0,0,0,0,0,0,0,0,0,0,0,0,1,0,0,0,0,0,0,0,0,0,0,0,0,0,0,0,0,0,0,0,0,0,0,0,0,0,0,0,0,0,0,0,0,0,0,0,0,0,0,0,0,0,0,0,0,0,0,0,0,0,0,0,0,0,0,0,0,0,0,0,0,0,0,0,0,0,0,0,0,0,0,0,0,0,0,0,0,0,0,0,0,0,0,0,0,0,0,0,0,0,0,0,0,0,0,0,0,0,0,0,0,0,0,0,0,0,0,0,0,0,0,1,1,2,200.0,5250.0,1050.0,3200,9800,6500.0,0.4545454545454546,0.43586005830903785,0.003667481662591687,"[11, 12, 1, 2, 3]",11|12|1|2|3
1059,Pench National Park,Seoni,Madhya Pradesh,Central,National Park,"Wildlife,Nature","Family,Photographers",200,500,2000,500,21.758,79.297,4.7,12000,11,3,Forest,MAD-158,64.2,True,Moderate,Full-day (4-8 hrs),0,0,0,0,0,0,0,0,0,0,0,0,0,0,0,0,0,0,0,0,0,0,0,0,0,0,0,0,0,0,0,0,0,0,0,0,0,0,0,0,0,0,0,0,0,0,0,0,0,0,0,0,0,0,0,0,0,0,0,0,0,0,0,0,0,0,0,0,0,0,0,0,0,0,0,0,0,0,0,0,0,0,0,0,1,0,0,0,0,0,0,0,0,0,0,0,0,0,0,0,0,0,0,0,0,0,0,0,0,0,0,0,0,0,0,0,0,0,0,0,0,0,0,0,0,0,0,0,0,0,0,0,0,0,0,0,0,0,0,0,0,0,0,0,0,0,0,0,0,1,0,0,0,0,0,1,0,0,1,0,0,0,0,0,0,0,2,1000.0,4000.0,850.0,3200,8900,6050.0,0.7272727272727271,0.5889212827988337,0.013114025338964216,"[11, 12, 1, 2, 3]",11|12|1|2|3
1060,Panna National Park,Panna,Madhya Pradesh,Central,National Park,"Wildlife,Tiger Reserve","Family,Photographers",200,500,2000,500,24.72,80.2,4.6,9000,11,3,Forest,MAD-154,60.1,False,Moderate,Full-day (4-8 hrs),0,0,0,0,0,0,0,0,0,0,0,0,0,0,0,0,0,0,0,0,0,0,0,0,0,0,0,0,0,0,0,0,0,0,0,0,0,0,0,0,0,0,0,0,0,0,0,0,0,0,0,0,0,0,0,0,0,0,0,0,0,0,0,0,0,0,0,0,0,0,0,0,0,0,0,0,0,0,0,0,0,0,0,0,0,0,0,0,0,0,0,0,0,0,0,0,0,0,0,0,0,0,0,0,0,0,0,0,0,0,0,0,0,0,0,0,0,0,0,0,0,0,0,0,0,0,0,0,0,0,0,1,0,0,0,0,0,0,0,0,0,0,0,0,0,0,0,0,0,1,0,0,0,0,0,1,0,0,1,0,0,0,0,0,0,0,2,1000.0,4000.0,850.0,3200,8900,6050.0,0.6363636363636362,0.5291545189504373,0.0097799511002445,"[11, 12, 1, 2, 3]",11|12|1|2|3
1061,Orchha,Orchha,Madhya Pradesh,Central,Heritage Town,"Heritage,Architecture","Tourists,Students",50,200,1800,400,25.35,78.64,4.7,8000,10,3,Urban,MAD-165,66.1,True,Easy,Half-day (2-4 hrs),0,0,0,0,1,0,0,0,0,0,0,0,0,0,0,0,0,0,0,0,0,0,0,0,0,0,0,0,0,0,0,0,0,0,0,0,0,0,0,0,0,0,0,0,0,0,0,0,0,0,0,0,0,1,0,0,0,0,0,0,0,0,0,0,0,0,0,0,0,0,0,0,0,0,0,0,0,0,0,0,0,0,0,0,0,0,0,0,0,0,0,0,0,0,0,0,0,0,0,0,0,0,0,0,0,0,0,0,0,0,0,0,0,0,0,0,0,0,0,0,0,0,0,0,0,0,0,0,0,0,0,0,0,0,0,0,0,0,0,0,0,0,0,0,0,0,0,0,0,0,0,0,0,0,0,0,0,0,0,0,0,0,0,0,1,1,1,350.0,3400.0,700.0,2450,6550,4500.0,0.7272727272727271,0.6166180758017491,0.008668593020671262,"[10, 11, 12, 1, 2, 3]",10|11|12|1|2|3
1062,Raisen Fort,Raisen,Madhya Pradesh,Central,Fort,"Heritage,Architecture","Students,Tourists",25,200,1500,400,23.33,77.78,4.4,2500,10,3,Mountain,MAD-153,55.3,False,Moderate,Half-day (2-4 hrs),0,0,0,0,1,0,0,0,0,0,0,0,0,0,0,0,0,0,0,0,0,0,0,0,0,0,0,0,0,0,0,0,0,0,0,0,0,0,0,0,0,0,0,0,0,0,0,0,0,0,0,0,0,1,0,0,0,0,0,0,0,0,0,0,0,0,0,0,0,0,0,0,0,0,0,0,0,0,0,0,0,0,0,0,0,0,0,0,0,0,0,0,0,0,0,0,0,0,0,0,0,0,0,0,0,0,0,0,0,0,0,0,0,0,0,0,0,0,0,0,0,0,0,0,0,0,0,0,0,0,0,0,0,0,0,0,0,0,0,0,0,0,0,0,0,0,0,0,0,0,0,0,0,0,0,0,0,0,0,0,0,0,0,0,1,1,2,350.0,2750.0,650.0,2125,5425,3775.0,0.4545454545454546,0.4591836734693876,0.0025561235830184486,"[10, 11, 12, 1, 2, 3]",10|11|12|1|2|3
1063,Gohad Fort,Gohad,Madhya Pradesh,Central,Fort,"Heritage,Heritage","Tourists,Students",20,150,1500,400,26.43,78.44,4.2,1200,10,3,Urban,MAD-156,47.9,False,Moderate,Half-day (2-4 hrs),0,0,0,0,0,0,0,0,0,0,0,0,0,0,0,0,0,0,0,0,0,0,0,0,0,0,0,0,0,0,0,0,0,0,0,0,0,0,0,0,0,0,0,0,0,0,0,0,0,0,0,0,0,1,0,0,0,0,0,0,0,0,0,0,0,0,0,0,0,0,0,0,0,0,0,0,0,0,0,0,0,0,0,0,0,0,0,0,0,0,0,0,0,0,0,0,0,0,0,0,0,0,0,0,0,0,0,0,0,0,0,0,0,0,0,0,0,0,0,0,0,0,0,0,0,0,0,0,0,0,0,0,0,0,0,0,0,0,0,0,0,0,0,0,0,0,0,0,0,0,0,0,0,0,0,0,0,0,0,0,0,0,0,0,1,1,2,275.0,2750.0,650.0,2070,5320,3695.0,0.27272727272727293,0.35131195335276966,0.0011113580795732386,"[10, 11, 12, 1, 2, 3]",10|11|12|1|2|3
1064,Chanderi,Chanderi,Madhya Pradesh,Central,Heritage Town,"Heritage,Architecture","Tourists,Students",30,200,1800,400,24.72,78.13,4.5,5000,10,3,Urban,MAD-166,57.4,False,Easy,Half-day (2-4 hrs),0,0,0,0,1,0,0,0,0,0,0,0,0,0,0,0,0,0,0,0,0,0,0,0,0,0,0,0,0,0,0,0,0,0,0,0,0,0,0,0,0,0,0,0,0,0,0,0,0,0,0,0,0,1,0,0,0,0,0,0,0,0,0,0,0,0,0,0,0,0,0,0,0,0,0,0,0,0,0,0,0,0,0,0,0,0,0,0,0,0,0,0,0,0,0,0,0,0,0,0,0,0,0,0,0,0,0,0,0,0,0,0,0,0,0,0,0,0,0,0,0,0,0,0,0,0,0,0,0,0,0,0,0,0,0,0,0,0,0,0,0,0,0,0,0,0,0,0,0,0,0,0,0,0,0,0,0,0,0,0,0,0,0,0,1,1,1,350.0,3400.0,700.0,2430,6530,4480.0,0.5454545454545454,0.4897959183673468,0.005334518781951545,"[10, 11, 12, 1, 2, 3]",10|11|12|1|2|3
1065,Bargi Dam,Jabalpur,Madhya Pradesh,Central,Dam,"Nature,Boating","Family,Photographers",50,200,1800,400,22.95,79.93,4.4,3500,10,3,Valley,MAD-155,53.7,False,Moderate,Half-day (2-4 hrs),0,0,0,0,0,0,0,0,0,0,0,0,0,0,0,0,1,0,0,0,0,0,0,0,0,0,0,0,0,0,0,0,0,0,0,0,0,0,0,0,0,0,0,0,0,0,0,0,0,0,0,0,0,0,0,0,0,0,0,0,0,0,0,0,0,0,0,0,0,0,0,0,0,0,0,0,0,0,0,0,0,0,0,0,1,0,0,0,0,0,0,0,0,0,0,0,0,0,0,0,0,0,0,0,0,0,0,0,0,0,0,0,0,0,0,0,0,0,0,0,0,0,0,0,0,0,0,0,0,0,0,0,0,0,0,0,0,0,0,0,0,0,0,0,0,0,0,0,0,0,0,0,0,0,0,1,0,0,1,0,0,0,0,0,0,0,2,450.0,3400.0,700.0,2450,6750,4600.0,0.4545454545454546,0.43586005830903785,0.003667481662591687,"[10, 11, 12, 1, 2, 3]",10|11|12|1|2|3
1066,Bhopal Lake,Bhopal,Madhya Pradesh,Central,Lake,"Nature,Boating","Family,Couples",50,200,2000,500,23.25,77.41,4.6,10000,10,3,Urban,MAD-153,59.6,False,Easy,Full-day (4-8 hrs),0,0,0,0,0,0,0,0,0,0,0,0,0,0,0,0,1,0,0,0,0,0,0,0,0,0,0,0,0,0,0,0,0,0,0,0,0,0,0,0,0,0,0,0,0,0,0,0,0,0,0,0,0,0,0,0,0,0,0,0,0,0,0,0,0,0,0,0,0,0,0,0,0,0,0,0,0,0,0,0,0,0,0,0,1,0,0,0,0,0,0,0,0,0,0,0,0,0,0,0,0,0,0,0,0,0,0,0,0,0,0,0,0,0,0,0,0,0,0,0,0,0,0,0,0,0,0,0,0,0,0,0,0,0,0,0,0,0,0,0,0,0,0,0,0,0,0,0,0,0,0,0,0,0,1,1,0,0,0,0,0,0,0,0,0,0,1,450.0,4000.0,850.0,2750,7950,5350.0,0.6363636363636362,0.521865889212828,0.010891309179817739,"[10, 11, 12, 1, 2, 3]",10|11|12|1|2|3
1067,Upper Lake Bhopal,Bhopal,Madhya Pradesh,Central,Lake,"Nature,Boating","Family,Couples",50,200,2000,500,23.24,77.36,4.7,12000,10,3,Urban,MAD-153,64.2,True,Easy,Full-day (4-8 hrs),0,0,0,0,0,0,0,0,0,0,0,0,0,0,0,0,1,0,0,0,0,0,0,0,0,0,0,0,0,0,0,0,0,0,0,0,0,0,0,0,0,0,0,0,0,0,0,0,0,0,0,0,0,0,0,0,0,0,0,0,0,0,0,0,0,0,0,0,0,0,0,0,0,0,0,0,0,0,0,0,0,0,0,0,1,0,0,0,0,0,0,0,0,0,0,0,0,0,0,0,0,0,0,0,0,0,0,0,0,0,0,0,0,0,0,0,0,0,0,0,0,0,0,0,0,0,0,0,0,0,0,0,0,0,0,0,0,0,0,0,0,0,0,0,0,0,0,0,0,0,0,0,0,0,1,1,0,0,0,0,0,0,0,0,0,0,1,450.0,4000.0,850.0,2750,7950,5350.0,0.7272727272727271,0.5889212827988337,0.013114025338964216,"[10, 11, 12, 1, 2, 3]",10|11|12|1|2|3
1068,Van Vihar National Park,Bhopal,Madhya Pradesh,Central,National Park,"Wildlife,Nature","Family,Students",50,200,2000,500,23.23,77.37,4.5,7000,10,3,Forest,MAD-153,55.8,False,Moderate,Full-day (4-8 hrs),0,0,0,0,0,0,0,0,0,0,0,0,0,0,0,0,0,0,0,0,0,0,0,0,0,0,0,0,0,0,0,0,0,0,0,0,0,0,0,0,0,0,0,0,0,0,0,0,0,0,0,0,0,0,0,0,0,0,0,0,0,0,0,0,0,0,0,0,0,0,0,0,0,0,0,0,0,0,0,0,0,0,0,0,1,0,0,0,0,0,0,0,0,0,0,0,0,0,0,0,0,0,0,0,0,0,0,0,0,0,0,0,0,0,0,0,0,0,0,0,0,0,0,0,0,0,0,0,0,0,0,0,0,0,0,0,0,0,0,0,0,0,0,0,0,0,0,0,0,1,0,0,0,0,0,1,0,0,0,0,0,0,0,0,1,0,2,400.0,4000.0,850.0,2750,7850,5300.0,0.5454545454545454,0.46647230320699695,0.007557234941098022,"[10, 11, 12, 1, 2, 3]",10|11|12|1|2|3
1069,Kheoni Wildlife Sanctuary,Dewas,Madhya Pradesh,Central,Wildlife Sanctuary,"Wildlife,Nature",Photographers,100,300,1500,400,22.61,76.25,4.3,2000,10,3,Forest,MAD-157,50.9,False,Moderate,Full-day (4-8 hrs),0,0,0,0,0,0,0,0,0,0,0,0,0,0,0,0,0,0,0,0,0,0,0,0,0,0,0,0,0,0,0,0,0,0,0,0,0,0,0,0,0,0,0,0,0,0,0,0,0,0,0,0,0,0,0,0,0,0,0,0,0,0,0,0,0,0,0,0,0,0,0,0,0,0,0,0,0,0,0,0,0,0,0,0,1,0,0,0,0,0,0,0,0,0,0,0,0,0,0,0,0,0,0,0,0,0,0,0,0,0,0,0,0,0,0,0,0,0,0,0,0,0,0,0,0,0,0,0,0,0,0,0,0,0,0,0,0,0,0,0,0,0,0,0,0,0,0,0,0,1,0,0,0,0,0,0,0,0,1,0,0,0,0,0,0,0,2,550.0,2750.0,650.0,2300,5800,4050.0,0.3636363636363633,0.39504373177842556,0.0020004445432318294,"[10, 11, 12, 1, 2, 3]",10|11|12|1|2|3
1070,Janapav Hill,Indore,Madhya Pradesh,Central,Hill,"Trekking,Nature","Adventure,Friends",0,200,1800,400,22.43,75.67,4.5,3500,10,3,Mountain,MAD-157,59.1,False,Moderate,Half-day (2-4 hrs),0,0,0,0,0,0,0,0,0,0,0,0,0,0,0,0,0,0,0,0,0,0,0,0,0,0,0,0,0,0,0,0,0,0,0,0,0,0,0,0,0,0,0,0,0,0,0,0,0,0,0,0,0,0,0,0,0,0,0,0,0,0,0,0,0,0,0,0,0,0,0,0,0,0,0,0,0,0,0,0,0,0,0,0,1,0,0,0,0,0,0,0,0,0,0,0,0,0,0,0,0,0,0,0,0,0,0,0,0,0,0,0,0,0,0,0,0,0,0,0,0,0,0,0,0,0,0,0,0,0,0,0,0,0,0,0,1,0,0,0,0,0,0,0,0,0,0,0,0,0,0,0,1,0,0,0,1,0,0,0,0,0,0,0,0,0,2,400.0,3400.0,700.0,2400,6600,4500.0,0.5454545454545454,0.5145772594752186,0.003667481662591687,"[10, 11, 12, 1, 2, 3]",10|11|12|1|2|3
1071,Ralamandal Wildlife Sanctuary,Indore,Madhya Pradesh,Central,Wildlife Sanctuary,"Wildlife,Nature","Family,Photographers",50,200,1800,400,22.67,75.88,4.4,2500,10,3,Forest,MAD-157,55.3,False,Moderate,Full-day (4-8 hrs),0,0,0,0,0,0,0,0,0,0,0,0,0,0,0,0,0,0,0,0,0,0,0,0,0,0,0,0,0,0,0,0,0,0,0,0,0,0,0,0,0,0,0,0,0,0,0,0,0,0,0,0,0,0,0,0,0,0,0,0,0,0,0,0,0,0,0,0,0,0,0,0,0,0,0,0,0,0,0,0,0,0,0,0,1,0,0,0,0,0,0,0,0,0,0,0,0,0,0,0,0,0,0,0,0,0,0,0,0,0,0,0,0,0,0,0,0,0,0,0,0,0,0,0,0,0,0,0,0,0,0,0,0,0,0,0,0,0,0,0,0,0,0,0,0,0,0,0,0,1,0,0,0,0,0,1,0,0,1,0,0,0,0,0,0,0,2,400.0,3400.0,700.0,2450,6650,4550.0,0.4545454545454546,0.4591836734693876,0.0025561235830184486,"[10, 11, 12, 1, 2, 3]",10|11|12|1|2|3
1072,Sitabani Wildlife Sanctuary,Seoni,Madhya Pradesh,Central,Wildlife Sanctuary,"Wildlife,Nature",Photographers,100,300,1500,400,21.8,79.3,4.2,1500,10,3,Forest,MAD-158,46.8,False,Moderate,Full-day (4-8 hrs),0,0,0,0,0,0,0,0,0,0,0,0,0,0,0,0,0,0,0,0,0,0,0,0,0,0,0,0,0,0,0,0,0,0,0,0,0,0,0,0,0,0,0,0,0,0,0,0,0,0,0,0,0,0,0,0,0,0,0,0,0,0,0,0,0,0,0,0,0,0,0,0,0,0,0,0,0,0,0,0,0,0,0,0,1,0,0,0,0,0,0,0,0,0,0,0,0,0,0,0,0,0,0,0,0,0,0,0,0,0,0,0,0,0,0,0,0,0,0,0,0,0,0,0,0,0,0,0,0,0,0,0,0,0,0,0,0,0,0,0,0,0,0,0,0,0,0,0,0,1,0,0,0,0,0,0,0,0,1,0,0,0,0,0,0,0,2,550.0,2750.0,650.0,2300,5800,4050.0,0.27272727272727293,0.33527696793002904,0.0014447655034452102,"[10, 11, 12, 1, 2, 3]",10|11|12|1|2|3
1073,Gandhi Sagar Dam,Neemuch,Madhya Pradesh,Central,Dam,"Nature,Boating","Family,Photographers",50,200,1500,400,24.68,75.28,4.3,1800,10,3,Valley,MAD-167,51.4,False,Moderate,Half-day (2-4 hrs),0,0,0,0,0,0,0,0,0,0,0,0,0,0,0,0,1,0,0,0,0,0,0,0,0,0,0,0,0,0,0,0,0,0,0,0,0,0,0,0,0,0,0,0,0,0,0,0,0,0,0,0,0,0,0,0,0,0,0,0,0,0,0,0,0,0,0,0,0,0,0,0,0,0,0,0,0,0,0,0,0,0,0,0,1,0,0,0,0,0,0,0,0,0,0,0,0,0,0,0,0,0,0,0,0,0,0,0,0,0,0,0,0,0,0,0,0,0,0,0,0,0,0,0,0,0,0,0,0,0,0,0,0,0,0,0,0,0,0,0,0,0,0,0,0,0,0,0,0,0,0,0,0,0,0,1,0,0,1,0,0,0,0,0,0,0,2,400.0,2750.0,650.0,2150,5550,3850.0,0.3636363636363633,0.4023323615160349,0.0017781729273171818,"[10, 11, 12, 1, 2, 3]",10|11|12|1|2|3
1074,Chakki Falls,Chhatarpur,Madhya Pradesh,Central,Waterfall,"Nature,Monsoon","Friends,Photographers",0,100,1500,400,24.9,79.9,4.4,2200,7,10,Valley,MAD-154,55.9,False,Moderate,Half-day (2-4 hrs),0,0,0,0,0,0,0,0,0,0,0,0,0,0,0,0,0,0,0,0,0,0,0,0,0,0,0,0,0,0,0,0,0,0,0,0,0,0,0,0,0,0,0,0,0,0,0,0,0,0,0,0,0,0,0,0,0,0,0,0,0,0,0,0,0,0,0,0,0,0,0,0,0,0,0,0,0,0,1,0,0,0,0,0,1,0,0,0,0,0,0,0,0,0,0,0,0,0,0,0,0,0,0,0,0,0,0,0,0,0,0,0,0,0,0,0,0,0,0,0,0,0,0,0,0,0,0,0,0,0,0,0,0,0,0,0,0,0,0,0,0,0,0,0,0,0,0,0,0,0,0,0,0,0,0,0,1,0,1,0,0,0,0,0,0,0,2,250.0,2750.0,650.0,2000,5300,3650.0,0.4545454545454546,0.46793002915451887,0.002222716159146477,"[7, 8, 9, 10]",7|8|9|10
1075,Raneh Falls,Khajuraho,Madhya Pradesh,Central,Waterfall,"Nature,Canyon","Tourists,Photographers",50,100,2000,500,24.86,79.93,4.6,5000,10,3,Valley,MAD-154,62.9,True,Moderate,Half-day (2-4 hrs),0,0,0,0,0,0,0,0,0,0,0,0,0,0,0,0,0,0,0,0,0,1,0,0,0,0,0,0,0,0,0,0,0,0,0,0,0,0,0,0,0,0,0,0,0,0,0,0,0,0,0,0,0,0,0,0,0,0,0,0,0,0,0,0,0,0,0,0,0,0,0,0,0,0,0,0,0,0,0,0,0,0,0,0,1,0,0,0,0,0,0,0,0,0,0,0,0,0,0,0,0,0,0,0,0,0,0,0,0,0,0,0,0,0,0,0,0,0,0,0,0,0,0,0,0,0,0,0,0,0,0,0,0,0,0,0,0,0,0,0,0,0,0,0,0,0,0,0,0,0,0,0,0,0,0,0,0,0,1,0,0,0,0,0,0,1,2,250.0,4000.0,850.0,2650,7650,5150.0,0.6363636363636362,0.5699708454810495,0.005334518781951545,"[10, 11, 12, 1, 2, 3]",10|11|12|1|2|3
1076,Ken Gharial Sanctuary,Panna,Madhya Pradesh,Central,Wildlife Sanctuary,"Wildlife,River","Photographers,Students",100,300,1500,400,24.72,80.2,4.3,2000,11,3,Forest,MAD-154,50.9,False,Moderate,Full-day (4-8 hrs),0,0,0,0,0,0,0,0,0,0,0,0,0,0,0,0,0,0,0,0,0,0,0,0,0,0,0,0,0,0,0,0,0,0,0,0,0,0,0,0,0,0,0,0,0,0,0,0,0,0,0,0,0,0,0,0,0,0,0,0,0,0,0,0,0,0,0,0,0,0,0,0,0,0,0,0,0,0,0,0,0,0,0,0,0,0,0,0,0,0,0,0,0,0,0,0,0,0,0,0,0,0,0,0,1,0,0,0,0,0,0,0,0,0,0,0,0,0,0,0,0,0,0,0,0,0,0,0,0,0,0,0,0,0,0,0,0,0,0,0,0,0,0,0,0,0,0,0,0,1,0,0,0,0,0,0,0,0,1,0,0,0,0,0,1,0,2,500.0,2750.0,650.0,2300,5700,4000.0,0.3636363636363633,0.39504373177842556,0.0020004445432318294,"[11, 12, 1, 2, 3]",11|12|1|2|3
1077,Barfani Temple,Katni,Madhya Pradesh,Central,Temple,"Religion,Spiritual","Pilgrims,Family",0,50,1500,400,23.83,80.4,4.5,3000,10,3,Mountain,MAD-168,59.9,False,Moderate,Short (1-2 hrs),0,0,0,0,0,0,0,0,0,0,0,0,0,0,0,0,0,0,0,0,0,0,0,0,0,0,0,0,0,0,0,0,0,0,0,0,0,0,0,0,0,0,0,0,0,0,0,0,0,0,0,0,0,0,0,0,0,0,0,0,0,0,0,0,0,0,0,0,0,0,0,0,0,0,0,0,0,0,0,0,0,0,0,0,0,0,0,0,0,0,0,0,0,0,0,0,0,0,0,0,1,0,0,0,0,0,0,0,0,0,0,0,0,0,0,0,0,0,0,0,0,0,1,0,0,0,0,0,0,0,0,0,0,0,0,0,0,0,0,0,0,0,0,0,0,0,0,0,0,0,0,0,0,0,0,1,0,0,0,1,0,0,0,0,0,0,2,125.0,2750.0,650.0,1950,5100,3525.0,0.5454545454545454,0.5262390670553935,0.003111802622805068,"[10, 11, 12, 1, 2, 3]",10|11|12|1|2|3
1078,Amarkantak,Amarkantak,Madhya Pradesh,Central,Hill Station,"Spiritual,Nature","Pilgrims,Family",0,100,1800,400,22.67,81.75,4.7,9000,10,3,Mountain,MAD-169,65.5,True,Moderate,Full-day (4-8 hrs),0,0,0,0,0,0,0,0,0,0,0,0,0,0,0,0,0,0,0,0,0,0,0,0,0,0,0,0,0,0,0,0,0,0,0,0,0,0,0,0,0,0,0,0,0,0,0,0,0,0,0,0,0,0,0,0,0,0,0,0,0,0,0,0,0,0,0,0,0,0,0,0,0,0,0,0,0,0,0,0,0,0,0,0,1,0,0,0,0,0,0,0,0,0,0,0,0,0,0,0,0,0,0,0,0,0,0,0,0,0,0,0,0,0,0,0,0,0,0,0,0,0,1,0,0,0,0,0,0,0,0,0,0,0,0,0,0,0,0,0,0,0,0,0,0,0,0,0,0,0,0,0,0,0,0,1,0,0,0,1,0,0,0,0,0,0,2,250.0,3400.0,700.0,2300,6400,4350.0,0.7272727272727271,0.6078717201166179,0.0097799511002445,"[10, 11, 12, 1, 2, 3]",10|11|12|1|2|3
1079,Indravati National Park,Bijapur,Chhattisgarh,Central,National Park,"Wildlife,Nature","Photographers,Family",200,400,1500,400,19.25,81.0,4.6,3500,11,3,Forest,CHH-65,64.6,True,Moderate,Full-day (4-8 hrs),0,0,0,0,0,0,0,0,0,0,0,0,0,0,0,0,0,0,0,0,0,0,0,0,0,0,0,0,0,0,0,0,0,0,0,0,0,0,0,0,0,0,0,0,0,0,0,0,0,0,0,0,0,0,0,0,0,0,0,0,0,0,0,0,0,0,0,0,0,0,0,0,0,0,0,0,0,0,0,0,0,0,0,0,1,0,0,0,0,0,0,0,0,0,0,0,0,0,0,0,0,0,0,0,0,0,0,0,0,0,0,0,0,0,0,0,0,0,0,0,0,0,0,0,0,0,0,0,0,0,0,0,0,0,0,0,0,0,0,0,0,0,0,0,0,0,0,0,0,1,0,0,0,0,0,1,0,0,1,0,0,0,0,0,0,0,2,800.0,3000.0,650.0,2500,6800,4650.0,0.6363636363636362,0.5947521865889212,0.003667481662591687,"[11, 12, 1, 2, 3]",11|12|1|2|3
1080,Udanti Wildlife Sanctuary,Gariaband,Chhattisgarh,Central,Wildlife Sanctuary,"Wildlife,Nature",Photographers,100,300,1500,400,20.2,82.2,4.4,2000,11,3,Forest,CHH-59,56.3,False,Moderate,Full-day (4-8 hrs),0,0,0,0,0,0,0,0,0,0,0,0,0,0,0,0,0,0,0,0,0,0,0,0,0,0,0,0,0,0,0,0,0,0,0,0,0,0,0,0,0,0,0,0,0,0,0,0,0,0,0,0,0,0,0,0,0,0,0,0,0,0,0,0,0,0,0,0,0,0,0,0,0,0,0,0,0,0,0,0,0,0,0,0,1,0,0,0,0,0,0,0,0,0,0,0,0,0,0,0,0,0,0,0,0,0,0,0,0,0,0,0,0,0,0,0,0,0,0,0,0,0,0,0,0,0,0,0,0,0,0,0,0,0,0,0,0,0,0,0,0,0,0,0,0,0,0,0,0,1,0,0,0,0,0,0,0,0,1,0,0,0,0,0,0,0,2,600.0,2750.0,650.0,2300,5900,4100.0,0.4545454545454546,0.4737609329446063,0.0020004445432318294,"[11, 12, 1, 2, 3]",11|12|1|2|3
1081,Sitanadi Wildlife Sanctuary,Dhamtari,Chhattisgarh,Central,Wildlife Sanctuary,"Wildlife,Nature","Photographers,Students",100,300,1500,400,20.15,82.15,4.3,1800,11,3,Forest,CHH-59,51.4,False,Moderate,Full-day (4-8 hrs),0,0,0,0,0,0,0,0,0,0,0,0,0,0,0,0,0,0,0,0,0,0,0,0,0,0,0,0,0,0,0,0,0,0,0,0,0,0,0,0,0,0,0,0,0,0,0,0,0,0,0,0,0,0,0,0,0,0,0,0,0,0,0,0,0,0,0,0,0,0,0,0,0,0,0,0,0,0,0,0,0,0,0,0,1,0,0,0,0,0,0,0,0,0,0,0,0,0,0,0,0,0,0,0,0,0,0,0,0,0,0,0,0,0,0,0,0,0,0,0,0,0,0,0,0,0,0,0,0,0,0,0,0,0,0,0,0,0,0,0,0,0,0,0,0,0,0,0,0,1,0,0,0,0,0,0,0,0,1,0,0,0,0,0,1,0,2,600.0,2750.0,650.0,2300,5900,4100.0,0.3636363636363633,0.4023323615160349,0.0017781729273171818,"[11, 12, 1, 2, 3]",11|12|1|2|3
1082,Bastar Palace,Jagdalpur,Chhattisgarh,Central,Palace,"Heritage,Architecture","Tourists,Students",50,100,1800,400,19.08,82.03,4.5,2200,10,3,Urban,CHH-54,61.3,False,Easy,Half-day (2-4 hrs),0,0,0,0,1,0,0,0,0,0,0,0,0,0,0,0,0,0,0,0,0,0,0,0,0,0,0,0,0,0,0,0,0,0,0,0,0,0,0,0,0,0,0,0,0,0,0,0,0,0,0,0,0,1,0,0,0,0,0,0,0,0,0,0,0,0,0,0,0,0,0,0,0,0,0,0,0,0,0,0,0,0,0,0,0,0,0,0,0,0,0,0,0,0,0,0,0,0,0,0,0,0,0,0,0,0,0,0,0,0,0,0,0,0,0,0,0,0,0,0,0,0,0,0,0,0,0,0,0,0,0,0,0,0,0,0,0,0,0,0,0,0,0,0,0,0,0,0,0,0,0,0,0,0,0,0,0,0,0,0,0,0,0,0,1,1,1,250.0,3400.0,700.0,2350,6450,4400.0,0.5454545454545454,0.5466472303206996,0.002222716159146477,"[10, 11, 12, 1, 2, 3]",10|11|12|1|2|3
1083,Champa,Champa,Chhattisgarh,Central,Heritage Town,"Cultural,Heritage",Tourists,20,100,1500,400,22.03,82.64,4.2,1200,10,3,Urban,CHH-66,47.9,False,Easy,Half-day (2-4 hrs),0,0,0,0,0,0,0,0,0,0,0,0,0,0,0,0,0,0,0,0,0,0,0,0,0,0,0,0,0,0,0,1,0,0,0,0,0,0,0,0,0,0,0,0,0,0,0,0,0,0,0,0,0,1,0,0,0,0,0,0,0,0,0,0,0,0,0,0,0,0,0,0,0,0,0,0,0,0,0,0,0,0,0,0,0,0,0,0,0,0,0,0,0,0,0,0,0,0,0,0,0,0,0,0,0,0,0,0,0,0,0,0,0,0,0,0,0,0,0,0,0,0,0,0,0,0,0,0,0,0,0,0,0,0,0,0,0,0,0,0,0,0,0,0,0,0,0,0,0,0,0,0,0,0,0,0,0,0,0,0,0,0,0,0,0,1,1,200.0,2750.0,650.0,2020,5220,3620.0,0.27272727272727293,0.35131195335276966,0.0011113580795732386,"[10, 11, 12, 1, 2, 3]",10|11|12|1|2|3
1084,Raipur Mahadev Mandir,Raipur,Chhattisgarh,Central,Temple,"Religion,Spiritual","Pilgrims,Family",0,50,2000,500,21.25,81.63,4.5,5000,10,3,Urban,CHH-56,57.4,False,Easy,Short (1-2 hrs),0,0,0,0,0,0,0,0,0,0,0,0,0,0,0,0,0,0,0,0,0,0,0,0,0,0,0,0,0,0,0,0,0,0,0,0,0,0,0,0,0,0,0,0,0,0,0,0,0,0,0,0,0,0,0,0,0,0,0,0,0,0,0,0,0,0,0,0,0,0,0,0,0,0,0,0,0,0,0,0,0,0,0,0,0,0,0,0,0,0,0,0,0,0,0,0,0,0,0,0,1,0,0,0,0,0,0,0,0,0,0,0,0,0,0,0,0,0,0,0,0,0,1,0,0,0,0,0,0,0,0,0,0,0,0,0,0,0,0,0,0,0,0,0,0,0,0,0,0,0,0,0,0,0,0,1,0,0,0,1,0,0,0,0,0,0,1,125.0,4000.0,850.0,2550,7400,4975.0,0.5454545454545454,0.4897959183673468,0.005334518781951545,"[10, 11, 12, 1, 2, 3]",10|11|12|1|2|3
1085,Ghatarani Waterfall,Gariaband,Chhattisgarh,Central,Waterfall,"Nature,Monsoon","Friends,Photographers",0,150,1500,400,20.43,82.05,4.6,3000,7,10,Valley,CHH-59,65.3,True,Moderate,Half-day (2-4 hrs),0,0,0,0,0,0,0,0,0,0,0,0,0,0,0,0,0,0,0,0,0,0,0,0,0,0,0,0,0,0,0,0,0,0,0,0,0,0,0,0,0,0,0,0,0,0,0,0,0,0,0,0,0,0,0,0,0,0,0,0,0,0,0,0,0,0,0,0,0,0,0,0,0,0,0,0,0,0,1,0,0,0,0,0,1,0,0,0,0,0,0,0,0,0,0,0,0,0,0,0,0,0,0,0,0,0,0,0,0,0,0,0,0,0,0,0,0,0,0,0,0,0,0,0,0,0,0,0,0,0,0,0,0,0,0,0,0,0,0,0,0,0,0,0,0,0,0,0,0,0,0,0,0,0,0,0,1,0,1,0,0,0,0,0,0,0,2,325.0,2750.0,650.0,2050,5400,3725.0,0.6363636363636362,0.6049562682215742,0.003111802622805068,"[7, 8, 9, 10]",7|8|9|10
1086,Chitradhara Waterfall,Jagdalpur,Chhattisgarh,Central,Waterfall,"Nature,Photography","Friends,Photographers",0,150,1500,400,19.1,81.95,4.5,2500,7,10,Valley,CHH-54,60.7,False,Moderate,Half-day (2-4 hrs),0,0,0,0,0,0,0,0,0,0,0,0,0,0,0,0,0,0,0,0,0,0,0,0,0,0,0,0,0,0,0,0,0,0,0,0,0,0,0,0,0,0,0,0,0,0,0,0,0,0,0,0,0,0,0,0,0,0,0,0,0,0,0,0,0,0,0,0,0,0,0,0,0,0,0,0,0,0,0,0,0,0,0,0,1,0,0,0,0,0,0,0,1,0,0,0,0,0,0,0,0,0,0,0,0,0,0,0,0,0,0,0,0,0,0,0,0,0,0,0,0,0,0,0,0,0,0,0,0,0,0,0,0,0,0,0,0,0,0,0,0,0,0,0,0,0,0,0,0,0,0,0,0,0,0,0,1,0,1,0,0,0,0,0,0,0,2,325.0,2750.0,650.0,2050,5400,3725.0,0.5454545454545454,0.5379008746355685,0.0025561235830184486,"[7, 8, 9, 10]",7|8|9|10
1087,Kailash Caves,Jagdalpur,Chhattisgarh,Central,Cave,"Nature,Adventure","Students,Adventure",50,200,1500,400,19.12,82.0,4.3,1800,10,3,Mountain,CHH-54,51.4,False,Moderate,Half-day (2-4 hrs),1,0,0,0,0,0,0,0,0,0,0,0,0,0,0,0,0,0,0,0,0,0,0,0,0,0,0,0,0,0,0,0,0,0,0,0,0,0,0,0,0,0,0,0,0,0,0,0,0,0,0,0,0,0,0,0,0,0,0,0,0,0,0,0,0,0,0,0,0,0,0,0,0,0,0,0,0,0,0,0,0,0,0,0,1,0,0,0,0,0,0,0,0,0,0,0,0,0,0,0,0,0,0,0,0,0,0,0,0,0,0,0,0,0,0,0,0,0,0,0,0,0,0,0,0,0,0,0,0,0,0,0,0,0,0,0,0,0,0,0,0,0,0,0,0,0,0,0,0,0,0,0,1,0,0,0,0,0,0,0,0,0,0,0,1,0,2,400.0,2750.0,650.0,2150,5550,3850.0,0.3636363636363633,0.4023323615160349,0.0017781729273171818,"[10, 11, 12, 1, 2, 3]",10|11|12|1|2|3
1088,Dhamtari,Dhamtari,Chhattisgarh,Central,Town,"Cultural,Heritage",Tourists,0,100,1500,400,20.7,81.55,4.2,1500,10,3,Urban,CHH-67,46.8,False,Easy,Half-day (2-4 hrs),0,0,0,0,0,0,0,0,0,0,0,0,0,0,0,0,0,0,0,0,0,0,0,0,0,0,0,0,0,0,0,1,0,0,0,0,0,0,0,0,0,0,0,0,0,0,0,0,0,0,0,0,0,1,0,0,0,0,0,0,0,0,0,0,0,0,0,0,0,0,0,0,0,0,0,0,0,0,0,0,0,0,0,0,0,0,0,0,0,0,0,0,0,0,0,0,0,0,0,0,0,0,0,0,0,0,0,0,0,0,0,0,0,0,0,0,0,0,0,0,0,0,0,0,0,0,0,0,0,0,0,0,0,0,0,0,0,0,0,0,0,0,0,0,0,0,0,0,0,0,0,0,0,0,0,0,0,0,0,0,0,0,0,0,0,1,1,200.0,2750.0,650.0,2000,5200,3600.0,0.27272727272727293,0.33527696793002904,0.0014447655034452102,"[10, 11, 12, 1, 2, 3]",10|11|12|1|2|3
1089,Ratanpur,Ratanpur,Chhattisgarh,Central,Temple Town,"Religion,Heritage","Pilgrims,Family",0,50,1500,400,22.29,82.17,4.5,3000,10,3,Urban,CHH-68,59.9,False,Easy,Short (1-2 hrs),0,0,0,0,0,0,0,0,0,0,0,0,0,0,0,0,0,0,0,0,0,0,0,0,0,0,0,0,0,0,0,0,0,0,0,0,0,0,0,0,0,0,0,0,0,0,0,0,0,0,0,0,0,1,0,0,0,0,0,0,0,0,0,0,0,0,0,0,0,0,0,0,0,0,0,0,0,0,0,0,0,0,0,0,0,0,0,0,0,0,0,0,0,0,0,0,0,0,0,0,1,0,0,0,0,0,0,0,0,0,0,0,0,0,0,0,0,0,0,0,0,0,0,0,0,0,0,0,0,0,0,0,0,0,0,0,0,0,0,0,0,0,0,0,0,0,0,0,0,0,0,0,0,0,0,1,0,0,0,1,0,0,0,0,0,0,1,125.0,2750.0,650.0,1950,5100,3525.0,0.5454545454545454,0.5262390670553935,0.003111802622805068,"[10, 11, 12, 1, 2, 3]",10|11|12|1|2|3
1090,Maitri Bagh Zoo,Bhilai,Chhattisgarh,Central,Zoo,"Wildlife,Leisure","Family,Children",30,100,1800,400,21.21,81.38,4.4,3500,10,3,Urban,CHH-56,53.7,False,Easy,Half-day (2-4 hrs),0,0,0,0,0,0,0,0,0,0,0,0,0,0,0,0,0,0,0,0,0,0,0,0,0,0,0,0,0,0,0,0,0,0,0,0,0,0,0,0,0,0,0,0,0,0,0,0,0,0,0,0,0,0,0,0,0,0,0,0,0,0,0,0,0,0,0,0,0,1,0,0,0,0,0,0,0,0,0,0,0,0,0,0,0,0,0,0,0,0,0,0,0,0,0,0,0,0,0,0,0,0,0,0,0,0,0,0,0,0,0,0,0,0,0,0,0,0,0,0,0,0,0,0,0,0,0,0,0,0,0,0,0,0,0,0,0,0,0,0,0,0,0,0,0,0,0,0,0,1,0,0,0,1,0,1,0,0,0,0,0,0,0,0,0,0,1,200.0,3400.0,700.0,2330,6330,4330.0,0.4545454545454546,0.43586005830903785,0.003667481662591687,"[10, 11, 12, 1, 2, 3]",10|11|12|1|2|3
1091,Murikhar Waterfalls,Kanker,Chhattisgarh,Central,Waterfall,Nature,"Friends,Photographers",0,100,1500,400,20.25,81.49,4.3,1500,7,10,Valley,CHH-58,52.3,False,Moderate,Half-day (2-4 hrs),0,0,0,0,0,0,0,0,0,0,0,0,0,0,0,0,0,0,0,0,0,0,0,0,0,0,0,0,0,0,0,0,0,0,0,0,0,0,0,0,0,0,0,0,0,0,0,0,0,0,0,0,0,0,0,0,0,0,0,0,0,0,0,0,0,0,0,0,0,0,0,0,0,0,0,0,0,0,0,0,0,0,0,0,1,0,0,0,0,0,0,0,0,0,0,0,0,0,0,0,0,0,0,0,0,0,0,0,0,0,0,0,0,0,0,0,0,0,0,0,0,0,0,0,0,0,0,0,0,0,0,0,0,0,0,0,0,0,0,0,0,0,0,0,0,0,0,0,0,0,0,0,0,0,0,0,1,0,1,0,0,0,0,0,0,0,2,250.0,2750.0,650.0,2000,5300,3650.0,0.3636363636363633,0.4154518950437317,0.0014447655034452102,"[7, 8, 9, 10]",7|8|9|10
1092,Chakradharpur Temple,Raigarh,Chhattisgarh,Central,Temple,Religion,"Pilgrims,Family",0,50,1500,400,21.9,83.4,4.3,2000,10,3,Urban,CHH-69,50.9,False,Easy,Short (1-2 hrs),0,0,0,0,0,0,0,0,0,0,0,0,0,0,0,0,0,0,0,0,0,0,0,0,0,0,0,0,0,0,0,0,0,0,0,0,0,0,0,0,0,0,0,0,0,0,0,0,0,0,0,0,0,0,0,0,0,0,0,0,0,0,0,0,0,0,0,0,0,0,0,0,0,0,0,0,0,0,0,0,0,0,0,0,0,0,0,0,0,0,0,0,0,0,0,0,0,0,0,0,1,0,0,0,0,0,0,0,0,0,0,0,0,0,0,0,0,0,0,0,0,0,0,0,0,0,0,0,0,0,0,0,0,0,0,0,0,0,0,0,0,0,0,0,0,0,0,0,0,0,0,0,0,0,0,1,0,0,0,1,0,0,0,0,0,0,1,125.0,2750.0,650.0,1950,5100,3525.0,0.3636363636363633,0.39504373177842556,0.0020004445432318294,"[10, 11, 12, 1, 2, 3]",10|11|12|1|2|3
1093,Bhanpuri Dam,Jagdalpur,Chhattisgarh,Central,Dam,"Nature,Boating","Family,Photographers",50,200,1500,400,19.05,81.95,4.4,1800,10,3,Valley,CHH-54,56.8,False,Moderate,Half-day (2-4 hrs),0,0,0,0,0,0,0,0,0,0,0,0,0,0,0,0,1,0,0,0,0,0,0,0,0,0,0,0,0,0,0,0,0,0,0,0,0,0,0,0,0,0,0,0,0,0,0,0,0,0,0,0,0,0,0,0,0,0,0,0,0,0,0,0,0,0,0,0,0,0,0,0,0,0,0,0,0,0,0,0,0,0,0,0,1,0,0,0,0,0,0,0,0,0,0,0,0,0,0,0,0,0,0,0,0,0,0,0,0,0,0,0,0,0,0,0,0,0,0,0,0,0,0,0,0,0,0,0,0,0,0,0,0,0,0,0,0,0,0,0,0,0,0,0,0,0,0,0,0,0,0,0,0,0,0,1,0,0,1,0,0,0,0,0,0,0,2,350.0,2750.0,650.0,2150,5450,3800.0,0.4545454545454546,0.48104956268221566,0.0017781729273171818,"[10, 11, 12, 1, 2, 3]",10|11|12|1|2|3
1094,Talaab Tila,Raipur,Chhattisgarh,Central,Lake,"Nature,Relaxation","Family,Couples",0,100,2000,500,21.25,81.63,4.2,1200,10,3,Urban,CHH-56,47.9,False,Easy,Full-day (4-8 hrs),0,0,0,0,0,0,0,0,0,0,0,0,0,0,0,0,0,0,0,0,0,0,0,0,0,0,0,0,0,0,0,0,0,0,0,0,0,0,0,0,0,0,0,0,0,0,0,0,0,0,0,0,0,0,0,0,0,0,0,0,0,0,0,0,0,0,0,0,0,0,0,0,0,0,0,0,0,0,0,0,0,0,0,0,1,0,0,0,0,0,0,0,0,0,0,0,0,0,0,1,0,0,0,0,0,0,0,0,0,0,0,0,0,0,0,0,0,0,0,0,0,0,0,0,0,0,0,0,0,0,0,0,0,0,0,0,0,0,0,0,0,0,0,0,0,0,0,0,0,0,0,0,0,0,1,1,0,0,0,0,0,0,0,0,0,0,1,200.0,4000.0,850.0,2600,7500,5050.0,0.27272727272727293,0.35131195335276966,0.0011113580795732386,"[10, 11, 12, 1, 2, 3]",10|11|12|1|2|3
1095,Amarkantak Plateau,Amarkantak,Chhattisgarh,Central,Plateau,"Nature,Spiritual","Tourists,Pilgrims",0,150,1800,400,22.67,81.75,4.7,6000,10,3,Mountain,CHH-57,67.5,True,Moderate,Half-day (2-4 hrs),0,0,0,0,0,0,0,0,0,0,0,0,0,0,0,0,0,0,0,0,0,0,0,0,0,0,0,0,0,0,0,0,0,0,0,0,0,0,0,0,0,0,0,0,0,0,0,0,0,0,0,0,0,0,0,0,0,0,0,0,0,0,0,0,0,0,0,0,0,0,0,0,0,0,0,0,0,0,0,0,0,0,0,0,1,0,0,0,0,0,0,0,0,0,0,0,0,0,0,0,0,0,0,0,0,0,0,0,0,0,0,0,0,0,0,0,0,0,0,0,0,0,1,0,0,0,0,0,0,0,0,0,0,0,0,0,0,0,0,0,0,0,0,0,0,0,0,0,0,0,0,0,0,0,0,0,0,0,0,1,0,0,0,0,0,1,2,275.0,3400.0,700.0,2350,6400,4375.0,0.7272727272727271,0.6370262390670552,0.0064458768615247835,"[10, 11, 12, 1, 2, 3]",10|11|12|1|2|3
1096,Gandai Dam,Rajnandgaon,Chhattisgarh,Central,Dam,Nature,"Family,Photographers",0,100,1500,400,21.3,81.05,4.2,1200,10,3,Valley,CHH-56,47.9,False,Moderate,Half-day (2-4 hrs),0,0,0,0,0,0,0,0,0,0,0,0,0,0,0,0,0,0,0,0,0,0,0,0,0,0,0,0,0,0,0,0,0,0,0,0,0,0,0,0,0,0,0,0,0,0,0,0,0,0,0,0,0,0,0,0,0,0,0,0,0,0,0,0,0,0,0,0,0,0,0,0,0,0,0,0,0,0,0,0,0,0,0,0,1,0,0,0,0,0,0,0,0,0,0,0,0,0,0,0,0,0,0,0,0,0,0,0,0,0,0,0,0,0,0,0,0,0,0,0,0,0,0,0,0,0,0,0,0,0,0,0,0,0,0,0,0,0,0,0,0,0,0,0,0,0,0,0,0,0,0,0,0,0,0,1,0,0,1,0,0,0,0,0,0,0,2,200.0,2750.0,650.0,2000,5200,3600.0,0.27272727272727293,0.35131195335276966,0.0011113580795732386,"[10, 11, 12, 1, 2, 3]",10|11|12|1|2|3
1097,Kailash Gufa,Jagdalpur,Chhattisgarh,Central,Cave,"Nature,Adventure","Students,Adventure",50,200,1500,400,19.12,82.01,4.3,1700,10,3,Mountain,CHH-54,51.7,False,Moderate,Half-day (2-4 hrs),1,0,0,0,0,0,0,0,0,0,0,0,0,0,0,0,0,0,0,0,0,0,0,0,0,0,0,0,0,0,0,0,0,0,0,0,0,0,0,0,0,0,0,0,0,0,0,0,0,0,0,0,0,0,0,0,0,0,0,0,0,0,0,0,0,0,0,0,0,0,0,0,0,0,0,0,0,0,0,0,0,0,0,0,1,0,0,0,0,0,0,0,0,0,0,0,0,0,0,0,0,0,0,0,0,0,0,0,0,0,0,0,0,0,0,0,0,0,0,0,0,0,0,0,0,0,0,0,0,0,0,0,0,0,0,0,0,0,0,0,0,0,0,0,0,0,0,0,0,0,0,0,1,0,0,0,0,0,0,0,0,0,0,0,1,0,2,400.0,2750.0,650.0,2150,5550,3850.0,0.3636363636363633,0.40670553935860054,0.001667037119359858,"[10, 11, 12, 1, 2, 3]",10|11|12|1|2|3
1098,Bihar Sharif,Nalanda,Bihar,East,Historic Town,"Heritage,Cultural","Tourists,Students",20,100,1200,350,25.2,85.52,4.3,2000,10,3,Urban,BIH-42,50.9,False,Easy,Half-day (2-4 hrs),0,0,0,0,0,0,0,0,0,0,0,0,0,0,0,0,0,0,0,0,0,0,0,0,0,0,0,0,0,0,0,1,0,0,0,0,0,0,0,0,0,0,0,0,0,0,0,0,0,0,0,0,0,1,0,0,0,0,0,0,0,0,0,0,0,0,0,0,0,0,0,0,0,0,0,0,0,0,0,0,0,0,0,0,0,0,0,0,0,0,0,0,0,0,0,0,0,0,0,0,0,0,0,0,0,0,0,0,0,0,0,0,0,0,0,0,0,0,0,0,0,0,0,0,0,0,0,0,0,0,0,0,0,0,0,0,0,0,0,0,0,0,0,0,0,0,0,0,0,0,0,0,0,0,0,0,0,0,0,0,0,0,0,0,1,1,1,200.0,2350.0,575.0,1670,4620,3145.0,0.3636363636363633,0.39504373177842556,0.0020004445432318294,"[10, 11, 12, 1, 2, 3]",10|11|12|1|2|3
1099,Rajgir,Nalanda,Bihar,East,Hill Town,"Heritage,Buddhist Cultural,Spiritual","Tourists,Pilgrims",30,200,1500,350,25.03,85.42,4.6,9000,10,3,Mountain,BIH-42,60.1,False,Moderate,Half-day (2-4 hrs),0,0,0,0,0,0,0,0,0,0,0,0,0,0,0,0,0,0,1,0,0,0,0,0,0,0,0,0,0,0,0,0,0,0,0,0,0,0,0,0,0,0,0,0,0,0,0,0,0,0,0,0,0,1,0,0,0,0,0,0,0,0,0,0,0,0,0,0,0,0,0,0,0,0,0,0,0,0,0,0,0,0,0,0,0,0,0,0,0,0,0,0,0,0,0,0,0,0,0,0,0,0,0,0,0,0,0,0,0,0,0,0,0,0,0,0,0,0,0,0,0,0,1,0,0,0,0,0,0,0,0,0,0,0,0,0,0,0,0,0,0,0,0,0,0,0,0,0,0,0,0,0,0,0,0,0,0,0,0,1,0,0,0,0,0,1,2,400.0,2750.0,625.0,2080,5530,3805.0,0.6363636363636362,0.5291545189504373,0.0097799511002445,"[10, 11, 12, 1, 2, 3]",10|11|12|1|2|3
1100,Gaya,Gaya,Bihar,East,Pilgrimage City,"Religion,Buddhist Cultural","Pilgrims,Family",0,100,1500,350,24.78,85.0,4.5,12000,10,3,Urban,BIH-41,53.3,False,Easy,Half-day (2-4 hrs),0,0,0,0,0,0,0,0,0,0,0,0,0,0,0,0,0,0,1,0,0,0,0,0,0,0,0,0,0,0,0,0,0,0,0,0,0,0,0,0,0,0,0,0,0,0,0,0,0,0,0,0,0,0,0,0,0,0,0,0,0,0,0,0,0,0,0,0,0,0,0,0,0,0,0,0,0,0,0,0,0,0,0,0,0,0,0,0,0,0,0,0,0,0,0,0,0,0,0,0,1,0,0,0,0,0,0,0,0,0,0,0,0,0,0,0,0,0,0,0,0,0,0,0,0,0,0,0,0,0,0,0,0,0,0,0,0,0,0,0,0,0,0,0,0,0,0,0,0,0,0,0,0,0,0,1,0,0,0,1,0,0,0,0,0,0,1,250.0,2750.0,625.0,1950,5300,3625.0,0.5454545454545454,0.4300291545189503,0.013114025338964216,"[10, 11, 12, 1, 2, 3]",10|11|12|1|2|3
1101,Vaishali,Vaishali,Bihar,East,Heritage Site,"Heritage,Buddhist Cultural","Tourists,Students",25,100,1200,350,25.99,85.13,4.4,3000,10,3,Urban,BIH-43,54.4,False,Easy,Half-day (2-4 hrs),0,0,0,0,0,0,0,0,0,0,0,0,0,0,0,0,0,0,1,0,0,0,0,0,0,0,0,0,0,0,0,0,0,0,0,0,0,0,0,0,0,0,0,0,0,0,0,0,0,0,0,0,0,1,0,0,0,0,0,0,0,0,0,0,0,0,0,0,0,0,0,0,0,0,0,0,0,0,0,0,0,0,0,0,0,0,0,0,0,0,0,0,0,0,0,0,0,0,0,0,0,0,0,0,0,0,0,0,0,0,0,0,0,0,0,0,0,0,0,0,0,0,0,0,0,0,0,0,0,0,0,0,0,0,0,0,0,0,0,0,0,0,0,0,0,0,0,0,0,0,0,0,0,0,0,0,0,0,0,0,0,0,0,0,1,1,1,200.0,2350.0,575.0,1675,4625,3150.0,0.4545454545454546,0.4460641399416909,0.003111802622805068,"[10, 11, 12, 1, 2, 3]",10|11|12|1|2|3
1102,Champanagar,Bhagalpur,Bihar,East,Historic Town,"Cultural,Heritage",Tourists,20,100,1200,350,25.25,87.0,4.2,1200,10,3,Urban,BIH-45,47.9,False,Easy,Half-day (2-4 hrs),0,0,0,0,0,0,0,0,0,0,0,0,0,0,0,0,0,0,0,0,0,0,0,0,0,0,0,0,0,0,0,1,0,0,0,0,0,0,0,0,0,0,0,0,0,0,0,0,0,0,0,0,0,1,0,0,0,0,0,0,0,0,0,0,0,0,0,0,0,0,0,0,0,0,0,0,0,0,0,0,0,0,0,0,0,0,0,0,0,0,0,0,0,0,0,0,0,0,0,0,0,0,0,0,0,0,0,0,0,0,0,0,0,0,0,0,0,0,0,0,0,0,0,0,0,0,0,0,0,0,0,0,0,0,0,0,0,0,0,0,0,0,0,0,0,0,0,0,0,0,0,0,0,0,0,0,0,0,0,0,0,0,0,0,0,1,1,200.0,2350.0,575.0,1670,4620,3145.0,0.27272727272727293,0.35131195335276966,0.0011113580795732386,"[10, 11, 12, 1, 2, 3]",10|11|12|1|2|3
1103,Kesariya Stupa,East Champaran,Bihar,East,Buddhist Cultural Stupa,"Heritage,Buddhist Cultural","Students,Tourists",25,100,1200,350,26.34,84.85,4.5,3500,10,3,Urban,BIH-46,59.1,False,Easy,Short (1-2 hrs),0,0,0,0,0,0,0,0,0,0,0,0,0,0,0,0,0,0,1,0,0,0,0,0,0,0,0,0,0,0,0,0,0,0,0,0,0,0,0,0,0,0,0,0,0,0,0,0,0,0,0,0,0,1,0,0,0,0,0,0,0,0,0,0,0,0,0,0,0,0,0,0,0,0,0,0,0,0,0,0,0,0,0,0,0,0,0,0,0,0,0,0,0,0,0,0,0,0,0,0,0,0,0,0,0,0,0,0,0,0,0,0,0,0,0,0,0,0,0,0,0,0,0,0,0,0,0,0,0,0,0,0,0,0,0,0,0,0,0,0,0,0,0,0,0,0,0,0,0,0,0,0,0,0,0,0,0,0,0,0,0,0,0,0,1,1,1,200.0,2350.0,575.0,1675,4625,3150.0,0.5454545454545454,0.5145772594752186,0.003667481662591687,"[10, 11, 12, 1, 2, 3]",10|11|12|1|2|3
1104,Kaimur Hills,Kaimur,Bihar,East,Hill Range,"Nature,Trekking","Adventure,Photographers",0,200,1200,350,24.9,83.6,4.4,2500,10,3,Mountain,BIH-44,55.3,False,Moderate,Half-day (2-4 hrs),0,0,0,0,0,0,0,0,0,0,0,0,0,0,0,0,0,0,0,0,0,0,0,0,0,0,0,0,0,0,0,0,0,0,0,0,0,0,0,0,0,0,0,0,0,0,0,0,0,0,0,0,0,0,0,0,0,0,0,0,0,0,0,0,0,0,0,0,0,0,0,0,0,0,0,0,0,0,0,0,0,0,0,0,1,0,0,0,0,0,0,0,0,0,0,0,0,0,0,0,0,0,0,0,0,0,0,0,0,0,0,0,0,0,0,0,0,0,0,0,0,0,0,0,0,0,0,0,0,0,0,0,0,0,0,0,1,0,0,0,0,0,0,0,0,0,0,0,0,0,0,0,1,0,0,0,0,0,1,0,0,0,0,0,0,0,2,400.0,2350.0,575.0,1750,4900,3325.0,0.4545454545454546,0.4591836734693876,0.0025561235830184486,"[10, 11, 12, 1, 2, 3]",10|11|12|1|2|3
1105,Buxar Fort,Buxar,Bihar,East,Fort,"Heritage,Heritage","Students,Tourists",20,100,1200,350,25.56,83.98,4.2,1500,10,3,Urban,BIH-50,46.8,False,Moderate,Half-day (2-4 hrs),0,0,0,0,0,0,0,0,0,0,0,0,0,0,0,0,0,0,0,0,0,0,0,0,0,0,0,0,0,0,0,0,0,0,0,0,0,0,0,0,0,0,0,0,0,0,0,0,0,0,0,0,0,1,0,0,0,0,0,0,0,0,0,0,0,0,0,0,0,0,0,0,0,0,0,0,0,0,0,0,0,0,0,0,0,0,0,0,0,0,0,0,0,0,0,0,0,0,0,0,0,0,0,0,0,0,0,0,0,0,0,0,0,0,0,0,0,0,0,0,0,0,0,0,0,0,0,0,0,0,0,0,0,0,0,0,0,0,0,0,0,0,0,0,0,0,0,0,0,0,0,0,0,0,0,0,0,0,0,0,0,0,0,0,1,1,2,200.0,2350.0,575.0,1670,4620,3145.0,0.27272727272727293,0.33527696793002904,0.0014447655034452102,"[10, 11, 12, 1, 2, 3]",10|11|12|1|2|3
1106,Maner Sharif,Patna,Bihar,East,Religious Site,"Sufi,Religion","Pilgrims,Family",0,50,1500,350,25.64,84.87,4.5,4000,10,3,Urban,BIH-43,58.5,False,Moderate,Half-day (2-4 hrs),0,0,0,0,0,0,0,0,0,0,0,0,0,0,0,0,0,0,0,0,0,0,0,0,0,0,0,0,0,0,0,0,0,0,0,0,0,0,0,0,0,0,0,0,0,0,0,0,0,0,0,0,0,0,0,0,0,0,0,0,0,0,0,0,0,0,0,0,0,0,0,0,0,0,0,0,0,0,0,0,0,0,0,0,0,0,0,0,0,0,0,0,0,0,0,0,0,0,0,0,1,0,0,0,0,0,0,0,0,0,0,0,0,0,0,0,0,0,0,0,0,0,0,0,0,1,0,0,0,0,0,0,0,0,0,0,0,0,0,0,0,0,0,0,0,0,0,0,0,0,0,0,0,0,0,1,0,0,0,1,0,0,0,0,0,0,2,125.0,2750.0,625.0,1900,5100,3500.0,0.5454545454545454,0.5058309037900873,0.004223160702378307,"[10, 11, 12, 1, 2, 3]",10|11|12|1|2|3
1107,Bihar Museum,Patna,Bihar,East,Museum,"Heritage,Art","Students,Family",100,100,1800,400,25.61,85.12,4.6,8000,10,3,Urban,BIH-43,60.7,False,Easy,Half-day (2-4 hrs),0,0,0,0,0,0,1,0,0,0,0,0,0,0,0,0,0,0,0,0,0,0,0,0,0,0,0,0,0,0,0,0,0,0,0,0,0,0,0,0,0,0,0,0,0,0,0,0,0,0,0,0,0,1,0,0,0,0,0,0,0,0,0,0,0,0,0,0,0,0,0,0,0,0,0,0,0,0,0,0,0,0,0,0,0,0,0,0,0,0,0,0,0,0,0,0,0,0,0,0,0,0,0,0,0,0,0,0,0,0,0,0,0,0,0,0,0,0,0,0,0,0,0,0,0,0,0,0,0,0,0,0,0,0,0,0,0,0,0,0,0,0,0,0,0,0,0,0,0,0,0,0,0,0,0,1,0,0,0,0,0,0,0,0,1,0,1,200.0,3150.0,650.0,2400,5800,4100.0,0.6363636363636362,0.5379008746355685,0.008668593020671262,"[10, 11, 12, 1, 2, 3]",10|11|12|1|2|3
1108,Sikandra,Jamui,Bihar,East,Town,"Cultural,Heritage",Tourists,0,100,1200,350,24.95,86.38,4.1,900,10,3,Urban,BIH-51,43.8,False,Easy,Half-day (2-4 hrs),0,0,0,0,0,0,0,0,0,0,0,0,0,0,0,0,0,0,0,0,0,0,0,0,0,0,0,0,0,0,0,1,0,0,0,0,0,0,0,0,0,0,0,0,0,0,0,0,0,0,0,0,0,1,0,0,0,0,0,0,0,0,0,0,0,0,0,0,0,0,0,0,0,0,0,0,0,0,0,0,0,0,0,0,0,0,0,0,0,0,0,0,0,0,0,0,0,0,0,0,0,0,0,0,0,0,0,0,0,0,0,0,0,0,0,0,0,0,0,0,0,0,0,0,0,0,0,0,0,0,0,0,0,0,0,0,0,0,0,0,0,0,0,0,0,0,0,0,0,0,0,0,0,0,0,0,0,0,0,0,0,0,0,0,0,1,1,150.0,2350.0,575.0,1650,4500,3075.0,0.1818181818181812,0.29154518950437314,0.000777950655701267,"[10, 11, 12, 1, 2, 3]",10|11|12|1|2|3
1109,Gandhi Maidan,Patna,Bihar,East,Public Park,"Heritage,Leisure","Family,Students",0,50,1800,400,25.62,85.14,4.4,7000,10,3,Urban,BIH-43,50.4,False,Easy,Half-day (2-4 hrs),0,0,0,0,0,0,0,0,0,0,0,0,0,0,0,0,0,0,0,0,0,0,0,0,0,0,0,0,0,0,0,0,0,0,0,0,0,0,0,0,0,0,0,0,0,0,0,0,0,0,0,0,0,1,0,0,0,0,0,0,0,0,0,0,0,0,0,0,0,1,0,0,0,0,0,0,0,0,0,0,0,0,0,0,0,0,0,0,0,0,0,0,0,0,0,0,0,0,0,0,0,0,0,0,0,0,0,0,0,0,0,0,0,0,0,0,0,0,0,0,0,0,0,0,0,0,0,0,0,0,0,0,0,0,0,0,0,0,0,0,0,0,0,0,0,0,0,0,0,0,0,0,0,0,0,1,0,0,0,0,0,0,0,0,1,0,1,125.0,3150.0,650.0,2250,5600,3925.0,0.4545454545454546,0.3877551020408162,0.007557234941098022,"[10, 11, 12, 1, 2, 3]",10|11|12|1|2|3
1110,Patna Planetarium,Patna,Bihar,East,Planetarium,"Science,Educational","Students,Family",50,100,1800,400,25.61,85.13,4.5,6500,10,3,Urban,BIH-43,56.2,False,Easy,Half-day (2-4 hrs),0,0,0,0,0,0,0,0,0,0,0,0,0,0,0,0,0,0,0,0,0,0,0,0,0,0,0,0,0,0,0,0,0,0,0,0,1,0,0,0,0,0,0,0,0,0,0,0,0,0,0,0,0,0,0,0,0,0,0,0,0,0,0,0,0,0,0,0,0,0,0,0,0,0,0,0,0,0,0,0,0,0,0,0,0,0,0,0,0,0,0,0,0,0,0,0,0,0,0,0,0,0,0,0,0,0,0,0,0,0,0,0,0,1,0,0,0,0,0,0,0,0,0,0,0,0,0,0,0,0,0,0,0,0,0,0,0,0,0,0,0,0,0,0,0,0,0,0,0,0,0,0,0,0,0,1,0,0,0,0,0,0,0,0,1,0,1,200.0,3150.0,650.0,2350,5750,4050.0,0.5454545454545454,0.4723032069970845,0.007001555901311403,"[10, 11, 12, 1, 2, 3]",10|11|12|1|2|3
1111,Golghar,Patna,Bihar,East,Heritage Monument,"Heritage,Architecture","Tourists,Students",20,100,1800,400,25.62,85.15,4.4,7500,10,3,Urban,BIH-43,50.1,False,Easy,Half-day (2-4 hrs),0,0,0,0,1,0,0,0,0,0,0,0,0,0,0,0,0,0,0,0,0,0,0,0,0,0,0,0,0,0,0,0,0,0,0,0,0,0,0,0,0,0,0,0,0,0,0,0,0,0,0,0,0,1,0,0,0,0,0,0,0,0,0,0,0,0,0,0,0,0,0,0,0,0,0,0,0,0,0,0,0,0,0,0,0,0,0,0,0,0,0,0,0,0,0,0,0,0,0,0,0,0,0,0,0,0,0,0,0,0,0,0,0,0,0,0,0,0,0,0,0,0,0,0,0,0,0,0,0,0,0,0,0,0,0,0,0,0,0,0,0,0,0,0,0,0,0,0,0,0,0,0,0,0,0,0,0,0,0,0,0,0,0,0,1,1,1,200.0,3150.0,650.0,2320,5720,4020.0,0.4545454545454546,0.3833819241982507,0.008112913980884642,"[10, 11, 12, 1, 2, 3]",10|11|12|1|2|3
1112,Vikramshila Ruins,Bhagalpur,Bihar,East,Archaeological Site,"Heritage,Buddhist Cultural","Students,Tourists",25,100,1200,350,25.27,87.15,4.5,3000,10,3,Urban,BIH-45,59.9,False,Moderate,Half-day (2-4 hrs),0,0,0,0,0,0,0,0,0,0,0,0,0,0,0,0,0,0,1,0,0,0,0,0,0,0,0,0,0,0,0,0,0,0,0,0,0,0,0,0,0,0,0,0,0,0,0,0,0,0,0,0,0,1,0,0,0,0,0,0,0,0,0,0,0,0,0,0,0,0,0,0,0,0,0,0,0,0,0,0,0,0,0,0,0,0,0,0,0,0,0,0,0,0,0,0,0,0,0,0,0,0,0,0,0,0,0,0,0,0,0,0,0,0,0,0,0,0,0,0,0,0,0,0,0,0,0,0,0,0,0,0,0,0,0,0,0,0,0,0,0,0,0,0,0,0,0,0,0,0,0,0,0,0,0,0,0,0,0,0,0,0,0,0,1,1,2,200.0,2350.0,575.0,1675,4625,3150.0,0.5454545454545454,0.5262390670553935,0.003111802622805068,"[10, 11, 12, 1, 2, 3]",10|11|12|1|2|3
1113,Motihari,East Champaran,Bihar,East,Historic Town,"Heritage,Gandhi","Students,Tourists",0,100,1200,350,26.65,84.92,4.2,1500,10,3,Urban,BIH-46,46.8,False,Easy,Half-day (2-4 hrs),0,0,0,0,0,0,0,0,0,0,0,0,0,0,0,0,0,0,0,0,0,0,0,0,0,0,0,0,0,0,0,0,0,0,0,0,0,0,0,0,0,0,0,0,0,0,1,0,0,0,0,0,0,1,0,0,0,0,0,0,0,0,0,0,0,0,0,0,0,0,0,0,0,0,0,0,0,0,0,0,0,0,0,0,0,0,0,0,0,0,0,0,0,0,0,0,0,0,0,0,0,0,0,0,0,0,0,0,0,0,0,0,0,0,0,0,0,0,0,0,0,0,0,0,0,0,0,0,0,0,0,0,0,0,0,0,0,0,0,0,0,0,0,0,0,0,0,0,0,0,0,0,0,0,0,0,0,0,0,0,0,0,0,0,1,1,1,150.0,2350.0,575.0,1650,4500,3075.0,0.27272727272727293,0.33527696793002904,0.0014447655034452102,"[10, 11, 12, 1, 2, 3]",10|11|12|1|2|3
1114,Sonepur Cattle Fair,Sonepur,Bihar,East,Festival Ground,"Cultural,Fair","Tourists,Family",0,200,1500,350,25.7,85.18,4.6,9000,11,11,Urban,BIH-43,60.1,False,Moderate,Half-day (2-4 hrs),0,0,0,0,0,0,0,0,0,0,0,0,0,0,0,0,0,0,0,0,0,0,0,0,0,0,0,0,0,0,0,1,0,0,0,0,0,0,0,1,0,0,0,0,0,0,0,0,0,0,0,0,0,0,0,0,0,0,0,0,0,0,0,0,0,0,0,0,0,0,0,0,0,0,0,0,0,0,0,0,0,0,0,0,0,0,0,0,0,0,0,0,0,0,0,0,0,0,0,0,0,0,0,0,0,0,0,0,0,0,0,0,0,0,0,0,0,0,0,0,0,0,0,0,0,0,0,0,0,0,0,0,0,0,0,0,0,0,0,0,0,0,0,0,0,0,0,0,0,0,0,0,0,0,0,1,0,0,0,0,0,0,0,0,0,1,2,400.0,2750.0,625.0,2050,5500,3775.0,0.6363636363636362,0.5291545189504373,0.0097799511002445,[11],11
1115,Bhagalpur,Bhagalpur,Bihar,East,City Attraction,"Cultural,Silk City","Tourists,Family",0,100,1500,350,25.25,86.98,4.3,3500,10,3,Urban,BIH-45,48.2,False,Easy,Half-day (2-4 hrs),0,0,0,0,0,0,0,0,0,0,0,0,0,0,0,0,0,0,0,0,0,0,0,0,0,0,0,0,0,0,0,1,0,0,0,0,0,0,0,0,0,0,0,0,0,0,0,0,0,0,0,0,0,0,0,0,0,0,0,0,0,0,0,0,0,0,0,0,0,0,0,0,0,0,0,0,0,0,0,0,0,0,0,0,0,0,0,0,0,0,0,0,0,0,0,0,0,0,0,0,0,0,0,0,0,0,0,0,0,0,0,0,0,0,0,0,0,0,1,0,0,0,0,0,0,0,0,0,0,0,0,0,0,0,0,0,0,0,0,0,0,0,0,0,0,0,0,0,0,0,0,0,0,0,0,1,0,0,0,0,0,0,0,0,0,1,1,200.0,2750.0,625.0,1950,5200,3575.0,0.3636363636363633,0.3556851311953353,0.003667481662591687,"[10, 11, 12, 1, 2, 3]",10|11|12|1|2|3
1116,Tajpur Beach Area,Samastipur,Bihar,East,River Beach,"Nature,Leisure","Friends,Photographers",0,100,1200,350,25.87,85.78,4.1,1000,11,3,Coastal,BIH-52,43.3,False,Easy,Full-day (4-8 hrs),0,0,0,0,0,0,0,0,0,0,0,0,0,0,0,0,0,0,0,0,0,0,0,0,0,0,0,0,0,0,0,0,0,0,0,0,0,0,0,0,0,0,0,0,0,0,0,0,0,0,0,0,0,0,0,0,0,0,0,0,0,0,0,0,0,0,0,0,0,1,0,0,0,0,0,0,0,0,0,0,0,0,0,0,1,0,0,0,0,0,0,0,0,0,0,0,0,0,0,0,0,0,0,0,0,0,0,0,0,0,0,0,0,0,0,0,0,0,0,0,0,0,0,0,0,0,0,0,0,0,0,0,0,0,0,0,0,0,0,0,0,0,0,0,0,0,0,0,0,0,0,0,0,0,0,0,1,0,1,0,0,0,0,0,0,0,1,200.0,2350.0,575.0,1650,4600,3125.0,0.1818181818181812,0.2842565597667638,0.0008890864636585909,"[11, 12, 1, 2, 3]",11|12|1|2|3
1117,Ranchi Lake,Ranchi,Jharkhand,East,Lake,"Nature,Boating","Family,Couples",20,100,1500,400,23.36,85.32,4.4,6000,10,3,Urban,JHA-116,51.1,False,Easy,Full-day (4-8 hrs),0,0,0,0,0,0,0,0,0,0,0,0,0,0,0,0,1,0,0,0,0,0,0,0,0,0,0,0,0,0,0,0,0,0,0,0,0,0,0,0,0,0,0,0,0,0,0,0,0,0,0,0,0,0,0,0,0,0,0,0,0,0,0,0,0,0,0,0,0,0,0,0,0,0,0,0,0,0,0,0,0,0,0,0,1,0,0,0,0,0,0,0,0,0,0,0,0,0,0,0,0,0,0,0,0,0,0,0,0,0,0,0,0,0,0,0,0,0,0,0,0,0,0,0,0,0,0,0,0,0,0,0,0,0,0,0,0,0,0,0,0,0,0,0,0,0,0,0,0,0,0,0,0,0,1,1,0,0,0,0,0,0,0,0,0,0,1,200.0,2750.0,650.0,2020,5220,3620.0,0.4545454545454546,0.3979591836734694,0.0064458768615247835,"[10, 11, 12, 1, 2, 3]",10|11|12|1|2|3
1118,Jungle Safari Ranchi,Ranchi,Jharkhand,East,Wildlife Park,"Wildlife,Safari","Family,Children",100,200,1500,400,23.38,85.34,4.5,5000,10,3,Forest,JHA-116,57.4,False,Moderate,Full-day (4-8 hrs),0,0,0,0,0,0,0,0,0,0,0,0,0,0,0,0,0,0,0,0,0,0,0,0,0,0,0,0,0,0,0,0,0,0,0,0,0,0,0,0,0,0,0,0,0,0,0,0,0,0,0,0,0,0,0,0,0,0,0,0,0,0,0,0,0,0,0,0,0,0,0,0,0,0,0,0,0,0,0,0,0,0,0,0,0,0,0,0,0,0,0,0,0,0,0,0,0,0,0,0,0,0,0,0,0,0,0,0,0,0,0,1,0,0,0,0,0,0,0,0,0,0,0,0,0,0,0,0,0,0,0,0,0,0,0,0,0,0,0,0,0,0,0,0,0,0,0,0,0,1,0,0,0,1,0,1,0,0,0,0,0,0,0,0,0,0,2,350.0,2750.0,650.0,2200,5500,3850.0,0.5454545454545454,0.4897959183673468,0.005334518781951545,"[10, 11, 12, 1, 2, 3]",10|11|12|1|2|3
1119,Hazaribagh National Park,Hazaribagh,Jharkhand,East,National Park,"Wildlife,Nature","Photographers,Family",100,300,1500,400,23.99,85.36,4.5,4000,11,3,Forest,JHA-116,58.5,False,Moderate,Full-day (4-8 hrs),0,0,0,0,0,0,0,0,0,0,0,0,0,0,0,0,0,0,0,0,0,0,0,0,0,0,0,0,0,0,0,0,0,0,0,0,0,0,0,0,0,0,0,0,0,0,0,0,0,0,0,0,0,0,0,0,0,0,0,0,0,0,0,0,0,0,0,0,0,0,0,0,0,0,0,0,0,0,0,0,0,0,0,0,1,0,0,0,0,0,0,0,0,0,0,0,0,0,0,0,0,0,0,0,0,0,0,0,0,0,0,0,0,0,0,0,0,0,0,0,0,0,0,0,0,0,0,0,0,0,0,0,0,0,0,0,0,0,0,0,0,0,0,0,0,0,0,0,0,1,0,0,0,0,0,1,0,0,1,0,0,0,0,0,0,0,2,550.0,2750.0,650.0,2300,5800,4050.0,0.5454545454545454,0.5058309037900873,0.004223160702378307,"[11, 12, 1, 2, 3]",11|12|1|2|3
1120,Hazaribagh Lake,Hazaribagh,Jharkhand,East,Lake,"Nature,Leisure","Family,Couples",0,100,1500,400,24.0,85.37,4.3,3000,10,3,Urban,JHA-116,49.0,False,Easy,Full-day (4-8 hrs),0,0,0,0,0,0,0,0,0,0,0,0,0,0,0,0,0,0,0,0,0,0,0,0,0,0,0,0,0,0,0,0,0,0,0,0,0,0,0,0,0,0,0,0,0,0,0,0,0,0,0,0,0,0,0,0,0,0,0,0,0,0,0,0,0,0,0,0,0,1,0,0,0,0,0,0,0,0,0,0,0,0,0,0,1,0,0,0,0,0,0,0,0,0,0,0,0,0,0,0,0,0,0,0,0,0,0,0,0,0,0,0,0,0,0,0,0,0,0,0,0,0,0,0,0,0,0,0,0,0,0,0,0,0,0,0,0,0,0,0,0,0,0,0,0,0,0,0,0,0,0,0,0,0,1,1,0,0,0,0,0,0,0,0,0,0,1,200.0,2750.0,650.0,2000,5200,3600.0,0.3636363636363633,0.36734693877551017,0.003111802622805068,"[10, 11, 12, 1, 2, 3]",10|11|12|1|2|3
1121,Konar Dam,Hazaribagh,Jharkhand,East,Dam,"Nature,Boating","Family,Photographers",50,200,1500,400,23.83,85.87,4.3,2500,10,3,Valley,JHA-118,49.8,False,Moderate,Half-day (2-4 hrs),0,0,0,0,0,0,0,0,0,0,0,0,0,0,0,0,1,0,0,0,0,0,0,0,0,0,0,0,0,0,0,0,0,0,0,0,0,0,0,0,0,0,0,0,0,0,0,0,0,0,0,0,0,0,0,0,0,0,0,0,0,0,0,0,0,0,0,0,0,0,0,0,0,0,0,0,0,0,0,0,0,0,0,0,1,0,0,0,0,0,0,0,0,0,0,0,0,0,0,0,0,0,0,0,0,0,0,0,0,0,0,0,0,0,0,0,0,0,0,0,0,0,0,0,0,0,0,0,0,0,0,0,0,0,0,0,0,0,0,0,0,0,0,0,0,0,0,0,0,0,0,0,0,0,0,1,0,0,1,0,0,0,0,0,0,0,2,350.0,2750.0,650.0,2150,5450,3800.0,0.3636363636363633,0.37900874635568504,0.0025561235830184486,"[10, 11, 12, 1, 2, 3]",10|11|12|1|2|3
1122,Surya Mandir Ranchi,Ranchi,Jharkhand,East,Temple,"Religion,Architecture","Pilgrims,Family",0,50,1500,400,23.42,85.32,4.5,4500,10,3,Urban,JHA-116,57.9,False,Easy,Short (1-2 hrs),0,0,0,0,1,0,0,0,0,0,0,0,0,0,0,0,0,0,0,0,0,0,0,0,0,0,0,0,0,0,0,0,0,0,0,0,0,0,0,0,0,0,0,0,0,0,0,0,0,0,0,0,0,0,0,0,0,0,0,0,0,0,0,0,0,0,0,0,0,0,0,0,0,0,0,0,0,0,0,0,0,0,0,0,0,0,0,0,0,0,0,0,0,0,0,0,0,0,0,0,1,0,0,0,0,0,0,0,0,0,0,0,0,0,0,0,0,0,0,0,0,0,0,0,0,0,0,0,0,0,0,0,0,0,0,0,0,0,0,0,0,0,0,0,0,0,0,0,0,0,0,0,0,0,0,1,0,0,0,1,0,0,0,0,0,0,1,125.0,2750.0,650.0,1950,5100,3525.0,0.5454545454545454,0.49708454810495617,0.004778839742164926,"[10, 11, 12, 1, 2, 3]",10|11|12|1|2|3
1123,Pahari Mandir Ranchi,Ranchi,Jharkhand,East,Temple,"Religion,","Pilgrims,Tourists",0,50,1500,400,23.35,85.33,4.6,5000,10,3,Mountain,JHA-116,62.9,True,Moderate,Short (1-2 hrs),0,0,0,0,0,0,0,0,0,0,0,0,0,0,0,0,0,0,0,0,0,0,0,0,0,0,0,0,0,0,0,0,0,0,0,0,0,0,0,0,0,0,0,0,0,0,0,0,0,0,0,0,0,0,0,0,0,0,0,0,0,0,0,0,0,0,0,0,0,0,0,0,0,0,0,0,0,0,0,0,0,0,0,0,0,0,0,0,0,0,0,0,0,0,0,0,0,0,0,0,1,0,0,0,0,0,0,0,0,0,0,0,0,0,0,0,0,0,0,0,0,0,0,0,0,0,0,0,0,0,0,0,0,0,0,0,0,0,0,0,0,0,0,0,0,0,0,0,0,0,0,0,0,0,0,0,0,0,0,1,0,0,0,0,0,1,2,125.0,2750.0,650.0,1950,5100,3525.0,0.6363636363636362,0.5699708454810495,0.005334518781951545,"[10, 11, 12, 1, 2, 3]",10|11|12|1|2|3
1124,Hundru Hills Viewpointpoints,Ranchi,Jharkhand,East,Viewpoint,"Nature,Photography","Tourists,Photographers",0,100,1500,400,23.41,85.6,4.4,2000,10,3,Mountain,JHA-116,56.3,False,Moderate,Short (1-2 hrs),0,0,0,0,0,0,0,0,0,0,0,0,0,0,0,0,0,0,0,0,0,0,0,0,0,0,0,0,0,0,0,0,0,0,0,0,0,0,0,0,0,0,0,0,0,0,0,0,0,0,0,0,0,0,0,0,0,0,0,0,0,0,0,0,0,0,0,0,0,0,0,0,0,0,0,0,0,0,0,0,0,0,0,0,1,0,0,0,0,0,0,0,1,0,0,0,0,0,0,0,0,0,0,0,0,0,0,0,0,0,0,0,0,0,0,0,0,0,0,0,0,0,0,0,0,0,0,0,0,0,0,0,0,0,0,0,0,0,0,0,0,0,0,0,0,0,0,0,0,0,0,0,0,0,0,0,0,0,1,0,0,0,0,0,0,1,2,200.0,2750.0,650.0,2000,5200,3600.0,0.4545454545454546,0.4737609329446063,0.0020004445432318294,"[10, 11, 12, 1, 2, 3]",10|11|12|1|2|3
1125,Ranchi Planetarium,Ranchi,Jharkhand,East,Planetarium,"Science,Educational","Students,Family",50,100,1500,400,23.38,85.33,4.4,3500,10,3,Urban,JHA-116,53.7,False,Easy,Half-day (2-4 hrs),0,0,0,0,0,0,0,0,0,0,0,0,0,0,0,0,0,0,0,0,0,0,0,0,0,0,0,0,0,0,0,0,0,0,0,0,1,0,0,0,0,0,0,0,0,0,0,0,0,0,0,0,0,0,0,0,0,0,0,0,0,0,0,0,0,0,0,0,0,0,0,0,0,0,0,0,0,0,0,0,0,0,0,0,0,0,0,0,0,0,0,0,0,0,0,0,0,0,0,0,0,0,0,0,0,0,0,0,0,0,0,0,0,1,0,0,0,0,0,0,0,0,0,0,0,0,0,0,0,0,0,0,0,0,0,0,0,0,0,0,0,0,0,0,0,0,0,0,0,0,0,0,0,0,0,1,0,0,0,0,0,0,0,0,1,0,1,200.0,2750.0,650.0,2050,5250,3650.0,0.4545454545454546,0.43586005830903785,0.003667481662591687,"[10, 11, 12, 1, 2, 3]",10|11|12|1|2|3
1126,Jagannath Mandir,Dhanbad,Jharkhand,East,Temple,"Religion,Cultural","Pilgrims,Family",0,50,1500,400,23.79,86.43,4.4,2200,10,3,Urban,JHA-118,55.9,False,Easy,Short (1-2 hrs),0,0,0,0,0,0,0,0,0,0,0,0,0,0,0,0,0,0,0,0,0,0,0,0,0,0,0,0,0,0,0,1,0,0,0,0,0,0,0,0,0,0,0,0,0,0,0,0,0,0,0,0,0,0,0,0,0,0,0,0,0,0,0,0,0,0,0,0,0,0,0,0,0,0,0,0,0,0,0,0,0,0,0,0,0,0,0,0,0,0,0,0,0,0,0,0,0,0,0,0,1,0,0,0,0,0,0,0,0,0,0,0,0,0,0,0,0,0,0,0,0,0,0,0,0,0,0,0,0,0,0,0,0,0,0,0,0,0,0,0,0,0,0,0,0,0,0,0,0,0,0,0,0,0,0,1,0,0,0,1,0,0,0,0,0,0,1,125.0,2750.0,650.0,1950,5100,3525.0,0.4545454545454546,0.46793002915451887,0.002222716159146477,"[10, 11, 12, 1, 2, 3]",10|11|12|1|2|3
1127,Netarhat Viewpointpoints,Latehar,Jharkhand,East,Viewpoint,"Sunset,Nature","Tourists,Photographers",0,100,1500,400,23.48,84.27,4.6,3000,10,3,Mountain,JHA-117,65.3,True,Moderate,Short (1-2 hrs),0,0,0,0,0,0,0,0,0,0,0,0,0,0,0,0,0,0,0,0,0,0,0,0,0,0,0,0,0,0,0,0,0,0,0,0,0,0,0,0,0,0,0,0,0,0,0,0,0,0,0,0,0,0,0,0,0,0,0,0,0,0,0,0,0,0,0,0,0,0,0,0,0,0,0,0,0,0,0,0,0,0,0,0,1,0,0,0,0,0,0,0,0,0,0,0,0,0,0,0,0,0,0,0,0,0,0,0,0,0,0,0,0,0,0,0,0,0,0,0,0,0,0,0,0,0,0,1,0,0,0,0,0,0,0,0,0,0,0,0,0,0,0,0,0,0,0,0,0,0,0,0,0,0,0,0,0,0,1,0,0,0,0,0,0,1,2,200.0,2750.0,650.0,2000,5200,3600.0,0.6363636363636362,0.6049562682215742,0.003111802622805068,"[10, 11, 12, 1, 2, 3]",10|11|12|1|2|3
1128,Rajrappa Wildlife Area,Ramgarh,Jharkhand,East,Wildlife Area,"Nature,Wildlife","Photographers,Friends",50,200,1500,400,23.63,85.5,4.3,1800,10,3,Forest,JHA-116,51.4,False,Moderate,Full-day (4-8 hrs),0,0,0,0,0,0,0,0,0,0,0,0,0,0,0,0,0,0,0,0,0,0,0,0,0,0,0,0,0,0,0,0,0,0,0,0,0,0,0,0,0,0,0,0,0,0,0,0,0,0,0,0,0,0,0,0,0,0,0,0,0,0,0,0,0,0,0,0,0,0,0,0,0,0,0,0,0,0,0,0,0,0,0,0,1,0,0,0,0,0,0,0,0,0,0,0,0,0,0,0,0,0,0,0,0,0,0,0,0,0,0,0,0,0,0,0,0,0,0,0,0,0,0,0,0,0,0,0,0,0,0,0,0,0,0,0,0,0,0,0,0,0,0,0,0,0,0,0,0,1,0,0,0,0,0,0,1,0,1,0,0,0,0,0,0,0,2,350.0,2750.0,650.0,2150,5450,3800.0,0.3636363636363633,0.4023323615160349,0.0017781729273171818,"[10, 11, 12, 1, 2, 3]",10|11|12|1|2|3
1129,Chota Nagpur Plateau Spots,Ranchi,Jharkhand,East,Plateau,"Nature,Landscape","Tourists,Photographers",0,100,1500,400,23.5,85.3,4.4,2000,10,3,Mountain,JHA-116,56.3,False,Moderate,Half-day (2-4 hrs),0,0,0,0,0,0,0,0,0,0,0,0,0,0,0,0,0,0,0,0,0,0,0,0,0,0,0,0,0,0,0,0,0,0,0,0,0,0,0,0,0,0,0,0,0,0,0,0,0,0,0,0,0,0,0,0,0,0,0,0,0,0,0,0,0,0,0,0,1,0,0,0,0,0,0,0,0,0,0,0,0,0,0,0,1,0,0,0,0,0,0,0,0,0,0,0,0,0,0,0,0,0,0,0,0,0,0,0,0,0,0,0,0,0,0,0,0,0,0,0,0,0,0,0,0,0,0,0,0,0,0,0,0,0,0,0,0,0,0,0,0,0,0,0,0,0,0,0,0,0,0,0,0,0,0,0,0,0,1,0,0,0,0,0,0,1,2,200.0,2750.0,650.0,2000,5200,3600.0,0.4545454545454546,0.4737609329446063,0.0020004445432318294,"[10, 11, 12, 1, 2, 3]",10|11|12|1|2|3
1130,Dimna Lake,Jamshedpur,Jharkhand,East,Lake,"Nature,Boating","Family,Couples",0,100,1500,400,22.83,86.25,4.5,4500,10,3,Valley,JHA-119,57.9,False,Easy,Full-day (4-8 hrs),0,0,0,0,0,0,0,0,0,0,0,0,0,0,0,0,1,0,0,0,0,0,0,0,0,0,0,0,0,0,0,0,0,0,0,0,0,0,0,0,0,0,0,0,0,0,0,0,0,0,0,0,0,0,0,0,0,0,0,0,0,0,0,0,0,0,0,0,0,0,0,0,0,0,0,0,0,0,0,0,0,0,0,0,1,0,0,0,0,0,0,0,0,0,0,0,0,0,0,0,0,0,0,0,0,0,0,0,0,0,0,0,0,0,0,0,0,0,0,0,0,0,0,0,0,0,0,0,0,0,0,0,0,0,0,0,0,0,0,0,0,0,0,0,0,0,0,0,0,0,0,0,0,0,1,1,0,0,0,0,0,0,0,0,0,0,1,200.0,2750.0,650.0,2000,5200,3600.0,0.5454545454545454,0.49708454810495617,0.004778839742164926,"[10, 11, 12, 1, 2, 3]",10|11|12|1|2|3
1131,Jamshedpur Golf Course,Jamshedpur,Jharkhand,East,Sports Area,"Sports,Leisure","Friends,Professionals",200,500,1800,400,22.8,86.18,4.3,1200,10,3,Urban,JHA-119,53.3,False,Moderate,Half-day (2-4 hrs),0,0,0,0,0,0,0,0,0,0,0,0,0,0,0,0,0,0,0,0,0,0,0,0,0,0,0,0,0,0,0,0,0,0,0,0,0,0,0,0,0,0,0,0,0,0,0,0,0,0,0,0,0,0,0,0,0,0,0,0,0,0,0,0,0,0,0,0,0,1,0,0,0,0,0,0,0,0,0,0,0,0,0,0,0,0,0,0,0,0,0,0,0,0,0,0,0,0,0,0,0,0,0,0,0,0,0,0,0,0,0,0,0,0,0,0,0,0,0,0,0,0,0,1,0,0,0,0,0,0,0,0,0,0,0,0,0,0,0,0,0,0,0,0,0,0,0,0,0,0,0,0,0,0,0,0,1,0,0,0,1,0,0,0,0,0,2,750.0,3150.0,650.0,2900,6600,4750.0,0.3636363636363633,0.4300291545189503,0.0011113580795732386,"[10, 11, 12, 1, 2, 3]",10|11|12|1|2|3
1132,Tata Steel Zoological Park,Jamshedpur,Jharkhand,East,Zoo,"Wildlife,Educational","Family,Children",50,100,1800,400,22.79,86.17,4.6,7000,10,3,Urban,JHA-119,61.3,False,Easy,Half-day (2-4 hrs),0,0,0,0,0,0,0,0,0,0,0,0,0,0,0,0,0,0,0,0,0,0,0,0,0,0,0,0,0,0,0,0,0,0,0,0,1,0,0,0,0,0,0,0,0,0,0,0,0,0,0,0,0,0,0,0,0,0,0,0,0,0,0,0,0,0,0,0,0,0,0,0,0,0,0,0,0,0,0,0,0,0,0,0,0,0,0,0,0,0,0,0,0,0,0,0,0,0,0,0,0,0,0,0,0,0,0,0,0,0,0,0,0,0,0,0,0,0,0,0,0,0,0,0,0,0,0,0,0,0,0,0,0,0,0,0,0,0,0,0,0,0,0,0,0,0,0,0,0,1,0,0,0,1,0,1,0,0,0,0,0,0,0,0,0,0,1,200.0,3150.0,650.0,2350,5750,4050.0,0.6363636363636362,0.5466472303206996,0.007557234941098022,"[10, 11, 12, 1, 2, 3]",10|11|12|1|2|3
1133,Parasnath Wildlife Area,Giridih,Jharkhand,East,Wildlife Area,"Nature,Trekking","Adventure,Photographers",50,200,1500,400,23.96,86.12,4.5,2500,10,3,Forest,JHA-118,60.7,False,Moderate,Full-day (4-8 hrs),0,0,0,0,0,0,0,0,0,0,0,0,0,0,0,0,0,0,0,0,0,0,0,0,0,0,0,0,0,0,0,0,0,0,0,0,0,0,0,0,0,0,0,0,0,0,0,0,0,0,0,0,0,0,0,0,0,0,0,0,0,0,0,0,0,0,0,0,0,0,0,0,0,0,0,0,0,0,0,0,0,0,0,0,1,0,0,0,0,0,0,0,0,0,0,0,0,0,0,0,0,0,0,0,0,0,0,0,0,0,0,0,0,0,0,0,0,0,0,0,0,0,0,0,0,0,0,0,0,0,0,0,0,0,0,0,1,0,0,0,0,0,0,0,0,0,0,0,0,0,0,0,1,0,0,0,0,0,1,0,0,0,0,0,0,0,2,400.0,2750.0,650.0,2150,5550,3850.0,0.5454545454545454,0.5379008746355685,0.0025561235830184486,"[10, 11, 12, 1, 2, 3]",10|11|12|1|2|3
1134,Gonda Hill,Ranchi,Jharkhand,East,Hill,"Nature,","Tourists,Friends",0,100,1500,400,23.37,85.35,4.2,1200,10,3,Mountain,JHA-116,47.9,False,Moderate,Half-day (2-4 hrs),0,0,0,0,0,0,0,0,0,0,0,0,0,0,0,0,0,0,0,0,0,0,0,0,0,0,0,0,0,0,0,0,0,0,0,0,0,0,0,0,0,0,0,0,0,0,0,0,0,0,0,0,0,0,0,0,0,0,0,0,0,0,0,0,0,0,0,0,0,0,0,0,0,0,0,0,0,0,0,0,0,0,0,0,1,0,0,0,0,0,0,0,0,0,0,0,0,0,0,0,0,0,0,0,0,0,0,0,0,0,0,0,0,0,0,0,0,0,0,0,0,0,0,0,0,0,0,0,0,0,0,0,0,0,0,0,0,0,0,0,0,0,0,0,0,0,0,0,0,0,0,0,0,0,0,0,1,0,0,0,0,0,0,0,0,1,2,200.0,2750.0,650.0,2000,5200,3600.0,0.27272727272727293,0.35131195335276966,0.0011113580795732386,"[10, 11, 12, 1, 2, 3]",10|11|12|1|2|3
1135,Jharkhand Tribal Villages,Khunti,Jharkhand,East,Cultural Site,"Tribal,Cultural","Students,Tourists",0,100,1200,350,23.07,85.28,4.4,1500,10,3,Forest,JHA-116,57.7,False,Moderate,Half-day (2-4 hrs),0,0,0,0,0,0,0,0,0,0,0,0,0,0,0,0,0,0,0,0,0,0,0,0,0,0,0,0,0,0,0,1,0,0,0,0,0,0,0,0,0,0,0,0,0,0,0,0,0,0,0,0,0,0,0,0,0,0,0,0,0,0,0,0,0,0,0,0,0,0,0,0,0,0,0,0,0,0,0,0,0,0,0,0,0,0,0,0,0,0,0,0,0,0,0,0,0,0,0,0,0,0,0,0,0,0,0,0,0,0,0,0,0,0,0,0,0,0,0,0,0,0,0,0,0,0,0,0,0,0,0,0,0,0,0,0,0,1,0,0,0,0,0,0,0,0,0,0,0,0,0,0,0,0,0,0,0,0,0,0,0,0,0,0,1,1,2,200.0,2350.0,575.0,1650,4600,3125.0,0.4545454545454546,0.49416909620991245,0.0014447655034452102,"[10, 11, 12, 1, 2, 3]",10|11|12|1|2|3
1136,Tribal Haat Ranchi,Ranchi,Jharkhand,East,Market,"Cultural,Handicrafts","Tourists,Shoppers",0,100,1500,400,23.35,85.33,4.3,2000,10,3,Urban,JHA-116,50.9,False,Easy,Short (1-2 hrs),0,0,0,0,0,0,0,0,0,0,0,0,0,0,0,0,0,0,0,0,0,0,0,0,0,0,0,0,0,0,0,1,0,0,0,0,0,0,0,0,0,0,0,0,0,0,0,0,0,0,1,0,0,0,0,0,0,0,0,0,0,0,0,0,0,0,0,0,0,0,0,0,0,0,0,0,0,0,0,0,0,0,0,0,0,0,0,0,0,0,0,0,0,0,0,0,0,0,0,0,0,0,0,0,0,0,0,0,0,0,0,0,0,0,0,0,0,0,0,0,0,0,0,0,0,0,0,0,0,0,0,0,0,0,0,0,0,0,0,0,0,0,0,0,0,0,0,0,0,0,0,0,0,0,0,0,0,0,0,0,0,1,0,0,0,1,1,200.0,2750.0,650.0,2000,5200,3600.0,0.3636363636363633,0.39504373177842556,0.0020004445432318294,"[10, 11, 12, 1, 2, 3]",10|11|12|1|2|3
1137,Hul Diwas Memorial Ranchi,Ranchi,Jharkhand,East,Memorial,"Heritage,Cultural","Students,Tourists",0,50,1500,400,23.36,85.32,4.2,1000,10,3,Urban,JHA-116,48.7,False,Easy,Short (1-2 hrs),0,0,0,0,0,0,0,0,0,0,0,0,0,0,0,0,0,0,0,0,0,0,0,0,0,0,0,0,0,0,0,1,0,0,0,0,0,0,0,0,0,0,0,0,0,0,0,0,0,0,0,0,0,1,0,0,0,0,0,0,0,0,0,0,0,0,0,0,0,0,0,0,0,0,0,0,0,0,0,0,0,0,0,0,0,0,0,0,0,0,0,0,0,0,0,0,0,0,0,0,0,0,0,0,0,0,0,0,0,0,0,0,0,0,0,0,0,0,0,0,0,0,0,0,0,0,0,0,0,0,0,0,0,0,0,0,0,0,0,0,0,0,0,0,0,0,0,0,0,0,0,0,0,0,0,0,0,0,0,0,0,0,0,0,1,1,1,125.0,2750.0,650.0,1950,5100,3525.0,0.27272727272727293,0.36297376093294464,0.0008890864636585909,"[10, 11, 12, 1, 2, 3]",10|11|12|1|2|3
1138,Siliguri,Siliguri,West Bengal,East,City Attraction,"Gateway,Hills","Tourists,Family",0,200,1800,400,26.72,88.42,4.4,7000,10,4,Urban,WES-289,50.4,False,Easy,Half-day (2-4 hrs),0,0,0,0,0,0,0,0,0,0,0,0,0,0,0,0,0,0,0,0,0,0,0,0,0,0,0,0,0,0,0,0,0,0,0,0,0,0,0,0,0,0,0,0,0,0,0,0,1,0,0,0,0,0,0,1,0,0,0,0,0,0,0,0,0,0,0,0,0,0,0,0,0,0,0,0,0,0,0,0,0,0,0,0,0,0,0,0,0,0,0,0,0,0,0,0,0,0,0,0,0,0,0,0,0,0,0,0,0,0,0,0,0,0,0,0,0,0,0,0,0,0,0,0,0,0,0,0,0,0,0,0,0,0,0,0,0,0,0,0,0,0,0,0,0,0,0,0,0,0,0,0,0,0,0,1,0,0,0,0,0,0,0,0,0,1,1,400.0,3400.0,700.0,2400,6600,4500.0,0.4545454545454546,0.3877551020408162,0.007557234941098022,"[10, 11, 12, 1, 2, 3, 4]",10|11|12|1|2|3|4
1139,Mirik,Darjeeling,West Bengal,East,Hill Station,"Lake,Nature","Couples,Family",0,200,2000,400,26.88,88.18,4.6,8000,10,4,Mountain,WES-289,60.7,False,Moderate,Full-day (4-8 hrs),0,0,0,0,0,0,0,0,0,0,0,0,0,0,0,0,0,0,0,0,0,0,0,0,0,0,0,0,0,0,0,0,0,0,0,0,0,0,0,0,0,0,0,0,0,0,0,0,0,0,0,0,0,0,0,0,0,0,0,0,0,0,0,0,0,0,0,1,0,0,0,0,0,0,0,0,0,0,0,0,0,0,0,0,1,0,0,0,0,0,0,0,0,0,0,0,0,0,0,0,0,0,0,0,0,0,0,0,0,0,0,0,0,0,0,0,0,0,0,0,0,0,0,0,0,0,0,0,0,0,0,0,0,0,0,0,0,0,0,0,0,0,0,0,0,0,0,0,0,0,0,0,0,0,1,1,0,0,0,0,0,0,0,0,0,0,2,450.0,4000.0,700.0,2600,7700,5150.0,0.6363636363636362,0.5379008746355685,0.008668593020671262,"[10, 11, 12, 1, 2, 3, 4]",10|11|12|1|2|3|4
1140,Kalimpong,Kalimpong,West Bengal,East,Hill Town,"Nature,Monastery","Tourists,Family",0,200,2000,400,27.06,88.47,4.6,9000,10,4,Mountain,WES-289,60.1,False,Moderate,Half-day (2-4 hrs),0,0,0,0,0,0,0,0,0,0,0,0,0,0,0,0,0,0,0,0,0,0,0,0,0,0,0,0,0,0,0,0,0,0,0,0,0,0,0,0,0,0,0,0,0,0,0,0,0,0,0,0,0,0,0,0,0,0,0,0,0,0,0,0,0,0,0,0,0,0,0,0,0,0,0,0,0,1,0,0,0,0,0,0,1,0,0,0,0,0,0,0,0,0,0,0,0,0,0,0,0,0,0,0,0,0,0,0,0,0,0,0,0,0,0,0,0,0,0,0,0,0,0,0,0,0,0,0,0,0,0,0,0,0,0,0,0,0,0,0,0,0,0,0,0,0,0,0,0,0,0,0,0,0,0,1,0,0,0,0,0,0,0,0,0,1,2,450.0,4000.0,700.0,2600,7700,5150.0,0.6363636363636362,0.5291545189504373,0.0097799511002445,"[10, 11, 12, 1, 2, 3, 4]",10|11|12|1|2|3|4
1141,Sandakphu,Darjeeling,West Bengal,East,Mountain Peak,"Trekking,Adventure","Adventure,Friends",0,400,1500,400,27.1,88.02,4.8,6000,4,11,Mountain,WES-289,72.9,True,Strenuous,Multi-day (1-3 days),1,0,0,0,0,0,0,0,0,0,0,0,0,0,0,0,0,0,0,0,0,0,0,0,0,0,0,0,0,0,0,0,0,0,0,0,0,0,0,0,0,0,0,0,0,0,0,0,0,0,0,0,0,0,0,0,0,0,0,0,0,0,0,0,0,0,0,0,0,0,0,0,0,0,0,0,0,0,0,0,0,0,0,0,0,0,0,0,0,0,0,0,0,0,0,0,0,0,0,0,0,0,0,0,0,0,0,0,0,0,0,0,0,0,0,0,0,0,0,0,0,0,0,0,0,0,0,0,0,0,0,0,0,0,0,0,1,0,0,0,0,0,0,0,0,0,0,0,0,0,0,0,1,0,0,0,1,0,0,0,0,0,0,0,0,0,3,800.0,3000.0,650.0,2300,6600,4450.0,0.8181818181818179,0.7157434402332361,0.0064458768615247835,"[4, 5, 6, 7, 8, 9, 10, 11]",4|5|6|7|8|9|10|11
1142,Phalut,Darjeeling,West Bengal,East,Mountain Peak,"Trekking,","Adventure,Friends",0,400,1500,400,27.15,88.05,4.7,3000,4,11,Mountain,WES-289,70.8,True,Strenuous,Multi-day (1-3 days),0,0,0,0,0,0,0,0,0,0,0,0,0,0,0,0,0,0,0,0,0,0,0,0,0,0,0,0,0,0,0,0,0,0,0,0,0,0,0,0,0,0,0,0,0,0,0,0,0,0,0,0,0,0,0,0,0,0,0,0,0,0,0,0,0,0,0,0,0,0,0,0,0,0,0,0,0,0,0,0,0,0,0,0,0,0,0,0,0,0,0,0,0,0,0,0,0,0,0,0,0,0,0,0,0,0,0,0,0,0,0,0,0,0,0,0,0,0,0,0,0,0,0,0,0,0,0,0,0,0,0,0,0,0,0,0,1,0,0,0,0,0,0,0,0,0,0,0,0,0,0,0,1,0,0,0,1,0,0,0,0,0,0,0,0,0,3,800.0,3000.0,650.0,2300,6600,4450.0,0.7272727272727271,0.6851311953352768,0.003111802622805068,"[4, 5, 6, 7, 8, 9, 10, 11]",4|5|6|7|8|9|10|11
1143,Buxa Tiger Reserve,Alipurduar,West Bengal,East,Tiger Reserve,"Wildlife,Forest","Photographers,Family",150,300,1800,400,26.75,89.57,4.6,5000,11,4,Forest,WES-292,62.9,True,Moderate,Full-day (4-8 hrs),0,0,0,0,0,0,0,0,0,0,0,0,0,0,0,0,0,0,0,0,0,0,0,0,0,0,0,0,0,0,0,0,0,0,0,0,0,0,0,0,0,0,0,0,0,1,0,0,0,0,0,0,0,0,0,0,0,0,0,0,0,0,0,0,0,0,0,0,0,0,0,0,0,0,0,0,0,0,0,0,0,0,0,0,0,0,0,0,0,0,0,0,0,0,0,0,0,0,0,0,0,0,0,0,0,0,0,0,0,0,0,0,0,0,0,0,0,0,0,0,0,0,0,0,0,0,0,0,0,0,0,0,0,0,0,0,0,0,0,0,0,0,0,0,0,0,0,0,0,1,0,0,0,0,0,1,0,0,1,0,0,0,0,0,0,0,2,600.0,3400.0,700.0,2650,7050,4850.0,0.6363636363636362,0.5699708454810495,0.005334518781951545,"[11, 12, 1, 2, 3, 4]",11|12|1|2|3|4
1144,Mahananda Wildlife Sanctuary,Siliguri,West Bengal,East,Wildlife Sanctuary,"Nature,Wildlife","Photographers,Students",100,200,1800,400,26.73,88.43,4.5,4000,11,4,Forest,WES-289,58.5,False,Moderate,Full-day (4-8 hrs),0,0,0,0,0,0,0,0,0,0,0,0,0,0,0,0,0,0,0,0,0,0,0,0,0,0,0,0,0,0,0,0,0,0,0,0,0,0,0,0,0,0,0,0,0,0,0,0,0,0,0,0,0,0,0,0,0,0,0,0,0,0,0,0,0,0,0,0,0,0,0,0,0,0,0,0,0,0,0,0,0,0,0,0,1,0,0,0,0,0,0,0,0,0,0,0,0,0,0,0,0,0,0,0,0,0,0,0,0,0,0,0,0,0,0,0,0,0,0,0,0,0,0,0,0,0,0,0,0,0,0,0,0,0,0,0,0,0,0,0,0,0,0,0,0,0,0,0,0,1,0,0,0,0,0,0,0,0,1,0,0,0,0,0,1,0,2,450.0,3400.0,700.0,2500,6800,4650.0,0.5454545454545454,0.5058309037900873,0.004223160702378307,"[11, 12, 1, 2, 3, 4]",11|12|1|2|3|4
1145,Jharkhali,South 24 Parganas,West Bengal,East,Ecological Spot,"Mangrove,Wildlife","Family,Photographers",50,200,1500,400,22.03,88.72,4.4,3500,11,3,Forest,WES-288,53.7,False,Moderate,Half-day (2-4 hrs),0,0,0,0,0,0,0,0,0,0,0,0,0,0,0,0,0,0,0,0,0,0,0,0,0,0,0,0,0,0,0,0,0,0,0,0,0,0,0,0,0,0,0,0,0,0,0,0,0,0,0,0,0,0,0,0,0,0,0,0,0,0,0,0,0,0,0,0,0,0,0,0,0,1,0,0,0,0,0,0,0,0,0,0,0,0,0,0,0,0,0,0,0,0,0,0,0,0,0,0,0,0,0,0,0,0,0,0,0,0,0,0,0,0,0,0,0,0,0,0,0,0,0,0,0,0,0,0,0,0,0,0,0,0,0,0,0,0,0,0,0,0,0,0,0,0,0,0,0,1,0,0,0,0,0,1,0,0,1,0,0,0,0,0,0,0,2,350.0,2750.0,650.0,2150,5450,3800.0,0.4545454545454546,0.43586005830903785,0.003667481662591687,"[11, 12, 1, 2, 3]",11|12|1|2|3
1146,Malda,Malda,West Bengal,East,Historic City,"Heritage,Cultural","Tourists,Students",0,100,1500,400,25.01,88.14,4.3,3000,10,3,Urban,WES-293,49.0,False,Easy,Half-day (2-4 hrs),0,0,0,0,0,0,0,0,0,0,0,0,0,0,0,0,0,0,0,0,0,0,0,0,0,0,0,0,0,0,0,1,0,0,0,0,0,0,0,0,0,0,0,0,0,0,0,0,0,0,0,0,0,1,0,0,0,0,0,0,0,0,0,0,0,0,0,0,0,0,0,0,0,0,0,0,0,0,0,0,0,0,0,0,0,0,0,0,0,0,0,0,0,0,0,0,0,0,0,0,0,0,0,0,0,0,0,0,0,0,0,0,0,0,0,0,0,0,0,0,0,0,0,0,0,0,0,0,0,0,0,0,0,0,0,0,0,0,0,0,0,0,0,0,0,0,0,0,0,0,0,0,0,0,0,0,0,0,0,0,0,0,0,0,1,1,1,250.0,2750.0,650.0,2000,5300,3650.0,0.3636363636363633,0.36734693877551017,0.003111802622805068,"[10, 11, 12, 1, 2, 3]",10|11|12|1|2|3
1147,Gour,Malda,West Bengal,East,Archaeological Site,"Heritage,Heritage","Students,Tourists",20,100,1500,400,24.87,88.14,4.5,3500,10,3,Urban,WES-293,59.1,False,Moderate,Half-day (2-4 hrs),0,0,0,0,0,0,0,0,0,0,0,0,0,0,0,0,0,0,0,0,0,0,0,0,0,0,0,0,0,0,0,0,0,0,0,0,0,0,0,0,0,0,0,0,0,0,0,0,0,0,0,0,0,1,0,0,0,0,0,0,0,0,0,0,0,0,0,0,0,0,0,0,0,0,0,0,0,0,0,0,0,0,0,0,0,0,0,0,0,0,0,0,0,0,0,0,0,0,0,0,0,0,0,0,0,0,0,0,0,0,0,0,0,0,0,0,0,0,0,0,0,0,0,0,0,0,0,0,0,0,0,0,0,0,0,0,0,0,0,0,0,0,0,0,0,0,0,0,0,0,0,0,0,0,0,0,0,0,0,0,0,0,0,0,1,1,2,200.0,2750.0,650.0,2020,5220,3620.0,0.5454545454545454,0.5145772594752186,0.003667481662591687,"[10, 11, 12, 1, 2, 3]",10|11|12|1|2|3
1148,Rajmahal Hills,Malda,West Bengal,East,Hill Range,"Nature,Trekking","Adventure,Photographers",0,200,1500,400,25.05,87.84,4.3,2000,10,3,Mountain,WES-293,50.9,False,Moderate,Half-day (2-4 hrs),0,0,0,0,0,0,0,0,0,0,0,0,0,0,0,0,0,0,0,0,0,0,0,0,0,0,0,0,0,0,0,0,0,0,0,0,0,0,0,0,0,0,0,0,0,0,0,0,0,0,0,0,0,0,0,0,0,0,0,0,0,0,0,0,0,0,0,0,0,0,0,0,0,0,0,0,0,0,0,0,0,0,0,0,1,0,0,0,0,0,0,0,0,0,0,0,0,0,0,0,0,0,0,0,0,0,0,0,0,0,0,0,0,0,0,0,0,0,0,0,0,0,0,0,0,0,0,0,0,0,0,0,0,0,0,0,1,0,0,0,0,0,0,0,0,0,0,0,0,0,0,0,1,0,0,0,0,0,1,0,0,0,0,0,0,0,2,400.0,2750.0,650.0,2100,5500,3800.0,0.3636363636363633,0.39504373177842556,0.0020004445432318294,"[10, 11, 12, 1, 2, 3]",10|11|12|1|2|3
1149,Frazerganj,South 24 Parganas,West Bengal,East,Beach,"Coastal,Nature","Family,Couples",0,200,2000,400,21.58,88.26,4.4,3000,11,3,Coastal,WES-294,54.4,False,Easy,Full-day (4-8 hrs),0,0,0,0,0,0,0,0,0,0,0,0,0,0,0,0,0,0,0,0,0,0,0,0,0,1,0,0,0,0,0,0,0,0,0,0,0,0,0,0,0,0,0,0,0,0,0,0,0,0,0,0,0,0,0,0,0,0,0,0,0,0,0,0,0,0,0,0,0,0,0,0,0,0,0,0,0,0,0,0,0,0,0,0,1,0,0,0,0,0,0,0,0,0,0,0,0,0,0,0,0,0,0,0,0,0,0,0,0,0,0,0,0,0,0,0,0,0,0,0,0,0,0,0,0,0,0,0,0,0,0,0,0,0,0,0,0,0,0,0,0,0,0,0,0,0,0,0,0,0,0,0,0,0,1,1,0,0,0,0,0,0,0,0,0,0,1,400.0,4000.0,700.0,2600,7600,5100.0,0.4545454545454546,0.4460641399416909,0.003111802622805068,"[11, 12, 1, 2, 3]",11|12|1|2|3
1150,Sagar Island,South 24 Parganas,West Bengal,East,Island,"Religion,Coastal","Pilgrims,Family",0,200,1500,400,21.65,88.08,4.6,9000,11,3,Island,WES-294,60.1,False,Moderate,Full-day (4-8 hrs),0,0,0,0,0,0,0,0,0,0,0,0,0,0,0,0,0,0,0,0,0,0,0,0,0,1,0,0,0,0,0,0,0,0,0,0,0,0,0,0,0,0,0,0,0,0,0,0,0,0,0,0,0,0,0,0,0,0,0,0,0,0,0,0,0,0,0,0,0,0,0,0,0,0,0,0,0,0,0,0,0,0,0,0,0,0,0,0,0,0,0,0,0,0,0,0,0,0,0,0,1,0,0,0,0,0,0,0,0,0,0,0,0,0,0,0,0,0,0,0,0,0,0,0,0,0,0,0,0,0,0,0,0,0,0,0,0,0,0,0,0,0,0,0,0,0,0,0,0,0,0,0,0,0,0,1,0,0,0,1,0,0,0,0,0,0,2,350.0,3000.0,650.0,2100,5900,4000.0,0.6363636363636362,0.5291545189504373,0.0097799511002445,"[11, 12, 1, 2, 3]",11|12|1|2|3
1151,Falta,South 24 Parganas,West Bengal,East,Riverside Town,"Nature,Relaxation","Family,Couples",0,100,1500,400,22.3,88.11,4.2,1500,10,3,Urban,WES-288,46.8,False,Easy,Half-day (2-4 hrs),0,0,0,0,0,0,0,0,0,0,0,0,0,0,0,0,0,0,0,0,0,0,0,0,0,0,0,0,0,0,0,0,0,0,0,0,0,0,0,0,0,0,0,0,0,0,0,0,0,0,0,0,0,0,0,0,0,0,0,0,0,0,0,0,0,0,0,0,0,0,0,0,0,0,0,0,0,0,0,0,0,0,0,0,1,0,0,0,0,0,0,0,0,0,0,0,0,0,0,1,0,0,0,0,0,0,0,0,0,0,0,0,0,0,0,0,0,0,0,0,0,0,0,0,0,0,0,0,0,0,0,0,0,0,0,0,0,0,0,0,0,0,0,0,0,0,0,0,0,0,0,0,0,0,1,1,0,0,0,0,0,0,0,0,0,0,1,200.0,2750.0,650.0,2000,5200,3600.0,0.27272727272727293,0.33527696793002904,0.0014447655034452102,"[10, 11, 12, 1, 2, 3]",10|11|12|1|2|3
1152,Canning,South 24 Parganas,West Bengal,East,Gateway Town,"Nature,River",Tourists,0,100,1500,400,22.32,88.67,4.1,1200,10,3,Urban,WES-288,42.4,False,Easy,Half-day (2-4 hrs),0,0,0,0,0,0,0,0,0,0,0,0,0,0,0,0,0,0,0,0,0,0,0,0,0,0,0,0,0,0,0,0,0,0,0,0,0,0,0,0,0,0,0,0,0,0,0,0,0,0,0,0,0,0,0,0,0,0,0,0,0,0,0,0,0,0,0,0,0,0,0,0,0,0,0,0,0,0,0,0,0,0,0,0,1,0,0,0,0,0,0,0,0,0,0,0,0,0,0,0,0,0,0,0,1,0,0,0,0,0,0,0,0,0,0,0,0,0,0,0,0,0,0,0,0,0,0,0,0,0,0,0,0,0,0,0,0,0,0,0,0,0,0,0,0,0,0,0,0,0,0,0,0,0,0,0,0,0,0,0,0,0,0,0,0,1,1,200.0,2750.0,650.0,2000,5200,3600.0,0.1818181818181812,0.271137026239067,0.0011113580795732386,"[10, 11, 12, 1, 2, 3]",10|11|12|1|2|3
1153,Acharya Jagadish Chandra Bose Indian Botanic Garden,Howrah,West Bengal,East,Botanical Garden,"Nature,Heritage","Family,Students",20,100,2000,400,22.56,88.29,4.7,12000,10,3,Urban,WES-288,64.2,True,Easy,Half-day (2-4 hrs),0,0,0,0,0,0,0,0,0,0,0,0,0,0,0,0,0,0,0,0,0,0,0,0,0,0,0,0,0,0,0,0,0,0,0,0,0,0,0,0,0,0,0,0,0,0,0,0,0,0,0,0,0,1,0,0,0,0,0,0,0,0,0,0,0,0,0,0,0,0,0,0,0,0,0,0,0,0,0,0,0,0,0,0,1,0,0,0,0,0,0,0,0,0,0,0,0,0,0,0,0,0,0,0,0,0,0,0,0,0,0,0,0,0,0,0,0,0,0,0,0,0,0,0,0,0,0,0,0,0,0,0,0,0,0,0,0,0,0,0,0,0,0,0,0,0,0,0,0,0,0,0,0,0,0,1,0,0,0,0,0,0,0,0,1,0,1,200.0,4000.0,700.0,2520,7320,4920.0,0.7272727272727271,0.5889212827988337,0.013114025338964216,"[10, 11, 12, 1, 2, 3]",10|11|12|1|2|3
1154,Raiganj Wildlife Sanctuary,Raiganj,West Bengal,East,Bird Sanctuary,"Birdwatching,Nature","Photographers,Students",50,200,1500,400,25.62,88.13,4.5,3000,11,3,Forest,WES-299,59.9,False,Moderate,Half-day (2-4 hrs),0,0,0,0,0,0,0,0,0,0,0,0,0,0,0,1,0,0,0,0,0,0,0,0,0,0,0,0,0,0,0,0,0,0,0,0,0,0,0,0,0,0,0,0,0,0,0,0,0,0,0,0,0,0,0,0,0,0,0,0,0,0,0,0,0,0,0,0,0,0,0,0,0,0,0,0,0,0,0,0,0,0,0,0,1,0,0,0,0,0,0,0,0,0,0,0,0,0,0,0,0,0,0,0,0,0,0,0,0,0,0,0,0,0,0,0,0,0,0,0,0,0,0,0,0,0,0,0,0,0,0,0,0,0,0,0,0,0,0,0,0,0,0,0,0,0,0,0,0,0,0,0,0,0,0,0,0,0,1,0,0,0,0,0,1,0,2,400.0,2750.0,650.0,2150,5550,3850.0,0.5454545454545454,0.5262390670553935,0.003111802622805068,"[11, 12, 1, 2, 3]",11|12|1|2|3
1155,Mahishadal,Purba Medinipur,West Bengal,East,Historic Town,"Heritage,Architecture",Tourists,20,100,1500,400,22.18,87.98,4.2,1500,10,3,Urban,WES-288,46.8,False,Easy,Half-day (2-4 hrs),0,0,0,0,1,0,0,0,0,0,0,0,0,0,0,0,0,0,0,0,0,0,0,0,0,0,0,0,0,0,0,0,0,0,0,0,0,0,0,0,0,0,0,0,0,0,0,0,0,0,0,0,0,1,0,0,0,0,0,0,0,0,0,0,0,0,0,0,0,0,0,0,0,0,0,0,0,0,0,0,0,0,0,0,0,0,0,0,0,0,0,0,0,0,0,0,0,0,0,0,0,0,0,0,0,0,0,0,0,0,0,0,0,0,0,0,0,0,0,0,0,0,0,0,0,0,0,0,0,0,0,0,0,0,0,0,0,0,0,0,0,0,0,0,0,0,0,0,0,0,0,0,0,0,0,0,0,0,0,0,0,0,0,0,0,1,1,200.0,2750.0,650.0,2020,5220,3620.0,0.27272727272727293,0.33527696793002904,0.0014447655034452102,"[10, 11, 12, 1, 2, 3]",10|11|12|1|2|3
1156,Murshidabad,Murshidabad,West Bengal,East,Heritage City,"Heritage,Architecture","Tourists,Students",20,100,1500,400,24.18,88.27,4.6,7000,10,3,Urban,WES-291,61.3,False,Easy,Half-day (2-4 hrs),0,0,0,0,1,0,0,0,0,0,0,0,0,0,0,0,0,0,0,0,0,0,0,0,0,0,0,0,0,0,0,0,0,0,0,0,0,0,0,0,0,0,0,0,0,0,0,0,0,0,0,0,0,1,0,0,0,0,0,0,0,0,0,0,0,0,0,0,0,0,0,0,0,0,0,0,0,0,0,0,0,0,0,0,0,0,0,0,0,0,0,0,0,0,0,0,0,0,0,0,0,0,0,0,0,0,0,0,0,0,0,0,0,0,0,0,0,0,0,0,0,0,0,0,0,0,0,0,0,0,0,0,0,0,0,0,0,0,0,0,0,0,0,0,0,0,0,0,0,0,0,0,0,0,0,0,0,0,0,0,0,0,0,0,1,1,1,250.0,2750.0,650.0,2020,5320,3670.0,0.6363636363636362,0.5466472303206996,0.007557234941098022,"[10, 11, 12, 1, 2, 3]",10|11|12|1|2|3
1157,Bandel Church,Hooghly,West Bengal,East,Church,"Religion,Heritage","Family,Tourists",0,50,1500,400,22.93,88.39,4.6,5000,10,3,Urban,WES-288,62.9,True,Easy,Short (1-2 hrs),0,0,0,0,0,0,0,0,0,0,0,0,0,0,0,0,0,0,0,0,0,0,0,0,0,0,0,0,0,0,0,0,0,0,0,0,0,0,0,0,0,0,0,0,0,0,0,0,0,0,0,0,0,1,0,0,0,0,0,0,0,0,0,0,0,0,0,0,0,0,0,0,0,0,0,0,0,0,0,0,0,0,0,0,0,0,0,0,0,0,0,0,0,0,0,0,0,0,0,0,1,0,0,0,0,0,0,0,0,0,0,0,0,0,0,0,0,0,0,0,0,0,0,0,0,0,0,0,0,0,0,0,0,0,0,0,0,0,0,0,0,0,0,0,0,0,0,0,0,0,0,0,0,0,0,1,0,0,0,0,0,0,0,0,0,1,1,125.0,2750.0,650.0,1950,5100,3525.0,0.6363636363636362,0.5699708454810495,0.005334518781951545,"[10, 11, 12, 1, 2, 3]",10|11|12|1|2|3
1158,Mayapur,Nadia,West Bengal,East,Religious Town,"Spiritual,Iskcon","Pilgrims,Family",0,100,1500,400,23.42,88.37,4.8,15000,10,3,Urban,WES-288,68.6,True,Easy,Half-day (2-4 hrs),0,0,0,0,0,0,0,0,0,0,0,0,0,0,0,0,0,0,0,0,0,0,0,0,0,0,0,0,0,0,0,0,0,0,0,0,0,0,0,0,0,0,0,0,0,0,0,0,0,0,0,0,0,0,0,0,0,0,0,0,0,0,0,1,0,0,0,0,0,0,0,0,0,0,0,0,0,0,0,0,0,0,0,0,0,0,0,0,0,0,0,0,0,0,0,0,0,0,0,0,0,0,0,0,0,0,0,0,0,0,0,0,0,0,0,0,0,0,0,0,0,0,1,0,0,0,0,0,0,0,0,0,0,0,0,0,0,0,0,0,0,0,0,0,0,0,0,0,0,0,0,0,0,0,0,1,0,0,0,1,0,0,0,0,0,0,1,200.0,2750.0,650.0,2000,5200,3600.0,0.8181818181818179,0.6530612244897958,0.01644809957768393,"[10, 11, 12, 1, 2, 3]",10|11|12|1|2|3
1159,Raghunathganj,Murshidabad,West Bengal,East,Town Attraction,"Cultural,Heritage",Tourists,0,100,1500,400,24.45,88.07,4.1,1000,10,3,Urban,WES-291,43.3,False,Easy,Half-day (2-4 hrs),0,0,0,0,0,0,0,0,0,0,0,0,0,0,0,0,0,0,0,0,0,0,0,0,0,0,0,0,0,0,0,1,0,0,0,0,0,0,0,0,0,0,0,0,0,0,0,0,0,0,0,0,0,1,0,0,0,0,0,0,0,0,0,0,0,0,0,0,0,0,0,0,0,0,0,0,0,0,0,0,0,0,0,0,0,0,0,0,0,0,0,0,0,0,0,0,0,0,0,0,0,0,0,0,0,0,0,0,0,0,0,0,0,0,0,0,0,0,0,0,0,0,0,0,0,0,0,0,0,0,0,0,0,0,0,0,0,0,0,0,0,0,0,0,0,0,0,0,0,0,0,0,0,0,0,0,0,0,0,0,0,0,0,0,0,1,1,200.0,2750.0,650.0,2000,5200,3600.0,0.1818181818181812,0.2842565597667638,0.0008890864636585909,"[10, 11, 12, 1, 2, 3]",10|11|12|1|2|3
1160,Kalna,Purba Bardhaman,West Bengal,East,Heritage Town,"Temple,Architecture","Tourists,Students",20,100,1500,400,23.22,88.36,4.4,2500,10,3,Urban,WES-288,55.3,False,Easy,Half-day (2-4 hrs),0,0,0,0,1,0,0,0,0,0,0,0,0,0,0,0,0,0,0,0,0,0,0,0,0,0,0,0,0,0,0,0,0,0,0,0,0,0,0,0,0,0,0,0,0,0,0,0,0,0,0,0,0,0,0,0,0,0,0,0,0,0,0,0,0,0,0,0,0,0,0,0,0,0,0,0,0,0,0,0,0,0,0,0,0,0,0,0,0,0,0,0,0,0,0,0,0,0,0,0,0,0,0,0,0,0,0,0,0,0,0,0,0,0,0,0,0,0,0,0,0,0,0,0,0,0,0,0,0,0,1,0,0,0,0,0,0,0,0,0,0,0,0,0,0,0,0,0,0,0,0,0,0,0,0,0,0,0,0,0,0,0,0,0,1,1,1,200.0,2750.0,650.0,2020,5220,3620.0,0.4545454545454546,0.4591836734693876,0.0025561235830184486,"[10, 11, 12, 1, 2, 3]",10|11|12|1|2|3
1161,Garh Panchkot,Purulia,West Bengal,East,Historic Ruins,"Heritage,Nature","Tourists,Photographers",20,100,1500,400,23.58,86.45,4.5,3000,10,3,Mountain,WES-300,59.9,False,Moderate,Half-day (2-4 hrs),0,0,0,0,0,0,0,0,0,0,0,0,0,0,0,0,0,0,0,0,0,0,0,0,0,0,0,0,0,0,0,0,0,0,0,0,0,0,0,0,0,0,0,0,0,0,0,0,0,0,0,0,0,1,0,0,0,0,0,0,0,0,0,0,0,0,0,0,0,0,0,0,0,0,0,0,0,0,0,0,0,0,0,0,1,0,0,0,0,0,0,0,0,0,0,0,0,0,0,0,0,0,0,0,0,0,0,0,0,0,0,0,0,0,0,0,0,0,0,0,0,0,0,0,0,0,0,0,0,0,0,0,0,0,0,0,0,0,0,0,0,0,0,0,0,0,0,0,0,0,0,0,0,0,0,0,0,0,1,0,0,0,0,0,0,1,2,200.0,2750.0,650.0,2020,5220,3620.0,0.5454545454545454,0.5262390670553935,0.003111802622805068,"[10, 11, 12, 1, 2, 3]",10|11|12|1|2|3
1162,Susunia Hill,Bankura,West Bengal,East,Hill,"Trekking,Nature","Adventure,Friends",0,200,1500,400,23.45,86.98,4.4,2500,10,3,Mountain,WES-301,55.3,False,Moderate,Half-day (2-4 hrs),0,0,0,0,0,0,0,0,0,0,0,0,0,0,0,0,0,0,0,0,0,0,0,0,0,0,0,0,0,0,0,0,0,0,0,0,0,0,0,0,0,0,0,0,0,0,0,0,0,0,0,0,0,0,0,0,0,0,0,0,0,0,0,0,0,0,0,0,0,0,0,0,0,0,0,0,0,0,0,0,0,0,0,0,1,0,0,0,0,0,0,0,0,0,0,0,0,0,0,0,0,0,0,0,0,0,0,0,0,0,0,0,0,0,0,0,0,0,0,0,0,0,0,0,0,0,0,0,0,0,0,0,0,0,0,0,1,0,0,0,0,0,0,0,0,0,0,0,0,0,0,0,1,0,0,0,1,0,0,0,0,0,0,0,0,0,2,400.0,2750.0,650.0,2100,5500,3800.0,0.4545454545454546,0.4591836734693876,0.0025561235830184486,"[10, 11, 12, 1, 2, 3]",10|11|12|1|2|3
1163,Tamluk,Purba Medinipur,West Bengal,East,Historic Town,"Heritage,Cultural","Tourists,Students",0,100,1500,400,22.3,87.92,4.2,1500,10,3,Urban,WES-288,46.8,False,Easy,Half-day (2-4 hrs),0,0,0,0,0,0,0,0,0,0,0,0,0,0,0,0,0,0,0,0,0,0,0,0,0,0,0,0,0,0,0,1,0,0,0,0,0,0,0,0,0,0,0,0,0,0,0,0,0,0,0,0,0,1,0,0,0,0,0,0,0,0,0,0,0,0,0,0,0,0,0,0,0,0,0,0,0,0,0,0,0,0,0,0,0,0,0,0,0,0,0,0,0,0,0,0,0,0,0,0,0,0,0,0,0,0,0,0,0,0,0,0,0,0,0,0,0,0,0,0,0,0,0,0,0,0,0,0,0,0,0,0,0,0,0,0,0,0,0,0,0,0,0,0,0,0,0,0,0,0,0,0,0,0,0,0,0,0,0,0,0,0,0,0,1,1,1,200.0,2750.0,650.0,2000,5200,3600.0,0.27272727272727293,0.33527696793002904,0.0014447655034452102,"[10, 11, 12, 1, 2, 3]",10|11|12|1|2|3
1164,Baruipur,South 24 Parganas,West Bengal,East,Town Attraction,"Cultural,Local Life",Tourists,0,100,1500,400,22.35,88.43,4.1,1200,10,3,Urban,WES-288,42.4,False,Easy,Half-day (2-4 hrs),0,0,0,0,0,0,0,0,0,0,0,0,0,0,0,0,0,0,0,0,0,0,0,0,0,0,0,0,0,0,0,1,0,0,0,0,0,0,0,0,0,0,0,0,0,0,0,0,0,0,0,0,0,0,0,0,0,0,0,0,0,0,0,0,0,0,0,0,0,0,0,1,0,0,0,0,0,0,0,0,0,0,0,0,0,0,0,0,0,0,0,0,0,0,0,0,0,0,0,0,0,0,0,0,0,0,0,0,0,0,0,0,0,0,0,0,0,0,0,0,0,0,0,0,0,0,0,0,0,0,0,0,0,0,0,0,0,0,0,0,0,0,0,0,0,0,0,0,0,0,0,0,0,0,0,0,0,0,0,0,0,0,0,0,0,1,1,200.0,2750.0,650.0,2000,5200,3600.0,0.1818181818181812,0.271137026239067,0.0011113580795732386,"[10, 11, 12, 1, 2, 3]",10|11|12|1|2|3
1165,Haldia,Purba Medinipur,West Bengal,East,Port City,"Riverfront,Industry","Tourists,Family",0,100,1800,400,22.06,88.06,4.3,3000,10,3,Coastal,WES-288,49.0,False,Easy,Half-day (2-4 hrs),0,0,0,0,0,0,0,0,0,0,0,0,0,0,0,0,0,0,0,0,0,0,0,0,0,0,0,0,0,0,0,0,0,0,0,0,0,0,0,0,0,0,0,0,0,0,0,0,0,0,0,0,0,0,0,0,0,0,0,0,0,1,0,0,0,0,0,0,0,0,0,0,0,0,0,0,0,0,0,0,0,0,0,0,0,0,0,0,0,0,0,0,0,0,0,0,0,0,0,0,0,0,0,0,0,1,0,0,0,0,0,0,0,0,0,0,0,0,0,0,0,0,0,0,0,0,0,0,0,0,0,0,0,0,0,0,0,0,0,0,0,0,0,0,0,0,0,0,0,0,0,0,0,0,0,1,0,0,0,0,0,0,0,0,0,1,1,200.0,3400.0,700.0,2300,6300,4300.0,0.3636363636363633,0.36734693877551017,0.003111802622805068,"[10, 11, 12, 1, 2, 3]",10|11|12|1|2|3
