place_id,Place_Name,City,State,Zone,Place_Type,Interest_Tags,Suitable_For,Entry_Fee_INR,Activity_Cost_Min,Activity_Cost_Max,HotelcostpernightINR_Min,HotelcostpernightINR_Max,FoodcostperdayINR_Min,FoodcostperdayINR_Max,Latitude,Longitude,Popularity_Rating,Number_Of_Reviewpoints,Best_Month_Start,Best_Month_End,Terrain_Type,Cluster_ID,Hidden_Gem_Score,Is_Hidden_Gem,Difficulty_Level,Typical_Duration
1,Dal Lake,Srinagar,Jammu And Kashmir,North,Lake,"Nature,Scenic,Relaxation","Couples,Family,Solo",0,500,1000,2000,8000,200,500,34.0975,74.857,4.3,4300,4,10,Valley,JAM-110,47.2,False,Easy,Full-day (4-8 hrs)
2,Shalimar Bagh,Srinagar,Jammu And Kashmir,North,Garden,"Historical,Cultural,Nature","Couples,Family,Solo",40,0,0,1000,5000,200,600,34.102,74.87,5.0,1000,4,10,Valley,JAM-110,92.4,True,Easy,Short (1-2 hrs)
3,Sonamarg,Ganderbal,Jammu And Kashmir,North,Valley,"Scenic,Adventure,Nature","Couples,Family,Friends,Solo",0,500,2000,1000,5000,200,700,34.272,75.323,5.0,10000,5,9,Valley,JAM-110,81.4,True,Moderate,Full-day (4-8 hrs)
4,Gulmarg,Baramulla,Jammu And Kashmir,North,Hill Station,"Adventure,Scenic,Winter Sports","Couples,Family,Friends,Solo",0,700,900,7000,16000,250,800,34.055,74.38,5.0,10000,3,6,Mountain,JAM-110,81.4,True,Moderate,Full-day (4-8 hrs)
5,Noori Chamb Waterfall,Poonch,Jammu And Kashmir,North,Waterfall,"Nature,Scenic,Historic","Couples,Solo,Friends",0,0,0,1000,4000,200,600,33.75,74.12,4.0,700,4,10,Mountain,JAM-112,39.5,False,Moderate,Half-day (2-4 hrs)
6,Naranag,Ganderbal,Jammu And Kashmir,North,Trek Route,"Historical,Adventure,Nature,Temple","Adventure,Solo,Friends",0,500,1500,800,3000,200,600,34.296,75.14,4.0,1000,5,9,Mountain,JAM-110,37.8,False,Strenuous,Multi-day (1-3 days)
7,Manasbal,Ganderbal,Jammu And Kashmir,North,Lake,"Nature,Birdwatching,Scenic","Family,Solo,Couples",0,100,300,1000,4000,200,600,34.136,74.787,4.0,1000,4,10,Valley,JAM-110,37.8,False,Easy,Full-day (4-8 hrs)
8,Wular Lake,Bandipora,Jammu And Kashmir,North,Lake,"Scenic,Nature,Birdwatching","Family,Couples,Solo",0,100,500,1000,5000,200,600,34.3049,74.5105,4.0,1000,3,10,Valley,JAM-110,37.8,False,Easy,Full-day (4-8 hrs)
9,Vaishno Devi Temple,Katra,Jammu And Kashmir,North,Temple,"Spiritual,Religion,Trekking","Family,Solo,Couples",0,200,500,1500,5000,200,500,32.9882,74.5698,5.0,51000,1,12,Mountain,JAM-111,73.7,True,Moderate,Short (1-2 hrs)
10,Pahalgam,Anantnag,Jammu And Kashmir,North,Valley,"Scenic,Nature,Adventure","Family,Couples,Solo",0,300,1000,1500,6000,200,600,34.006,75.242,5.0,11000,4,9,Valley,JAM-110,81.0,True,Moderate,Full-day (4-8 hrs)
11,Shimla Ridge,Shimla,Himachal Pradesh,North,Scenic Viewpoint,"Scenic,Cultural,Shopping","Couples,Family,Solo,Friends",0,0,0,1500,6000,300,800,31.1048,77.1734,4.6,52000,3,5,Mountain,HIM-106,51.7,False,Moderate,Short (1-2 hrs)
12,Manali,Manali,Himachal Pradesh,North,Hill Station,"Adventure,Scenic,Nature","Couples,Family,Friends,Solo",0,500,3000,2000,12000,400,900,32.2432,77.1892,4.7,110000,4,10,Mountain,HIM-106,53.6,False,Moderate,Full-day (4-8 hrs)
13,Dal Lake Mcleodganj,Mcleodganj,Himachal Pradesh,North,Lake,"Scenic,Nature,Spiritual","Couples,Family,Solo,Friends",0,0,300,1000,4000,300,800,32.2266,76.318,4.4,18000,3,10,Mountain,HIM-106,45.9,False,Moderate,Full-day (4-8 hrs)
14,Khajjiar Lake,Khajjiar,Himachal Pradesh,North,Lake Meadow,"Scenic,Romantic,Nature","Couples,Family,Friends",0,100,500,1500,6000,300,800,32.4431,76.0441,4.6,48000,4,10,Mountain,HIM-106,52.1,False,Moderate,Full-day (4-8 hrs)
15,Kangra Fort,Kangra,Himachal Pradesh,North,Fort,"Historical,Cultural","Couples,Family,Solo",150,0,0,1000,4000,300,700,32.0587,76.269,4.5,22000,3,9,Mountain,HIM-106,50.4,False,Moderate,Half-day (2-4 hrs)
16,Mall Road Shimla,Shimla,Himachal Pradesh,North,Shopping Street,"Shopping,Food,Cultural","Family,Couples,Friends",0,0,500,1500,6000,400,1000,31.1048,77.1734,4.5,95000,3,6,Urban,HIM-106,43.4,False,Moderate,Short (1-2 hrs)
17,Hadimba Devi Temple,Manali,Himachal Pradesh,North,Temple,"Spiritual,Cultural","Family,Couples,Solo",0,0,0,2000,10000,300,800,32.2396,77.1887,4.7,60000,4,10,Mountain,HIM-106,56.5,False,Moderate,Short (1-2 hrs)
18,Rohtang Pass,Manali,Himachal Pradesh,North,Mountain Pass,"Adventure,Scenic,Nature","Friends,Couples,Solo",800,500,3000,2000,10000,400,900,32.3799,77.3157,4.6,75000,5,10,Mountain,HIM-106,50.0,False,Strenuous,Half-day (2-4 hrs)
19,Triund Trek,Dharamshala,Himachal Pradesh,North,Trek,"Adventure,Trekking,Scenic","Friends,Solo",0,500,2000,1000,5000,300,800,32.2841,76.3446,4.7,40000,3,6,Mountain,HIM-106,58.5,False,Strenuous,Multi-day (1-3 days)
20,Bhagsu Waterfall,Dharamshala,Himachal Pradesh,North,Waterfall,"Nature,Scenic,Picnic","Family,Friends,Couples",0,0,0,1000,5000,300,700,32.2635,76.366,4.4,30000,3,7,Mountain,HIM-106,43.5,False,Moderate,Half-day (2-4 hrs)
21,Namgyal Monastery,Mcleodganj,Himachal Pradesh,North,Monastery,"Spiritual,Cultural","Solo,Family,Couples",0,0,0,1000,5000,300,700,32.2426,76.3219,4.6,15000,3,10,Mountain,HIM-106,57.7,False,Moderate,Half-day (2-4 hrs)
22,Chamera Lake,Dalhousie,Himachal Pradesh,North,Lake,"Nature,Boating,Scenic","Family,Friends",0,200,600,1000,4000,300,800,32.549,75.98,4.3,12000,4,9,Mountain,HIM-106,42.4,False,Moderate,Full-day (4-8 hrs)
23,Kalatop Wildlife Sanctuary,Khajjiar,Himachal Pradesh,North,Wildlife Sanctuary,"Nature,Wildlife,Trekking","Family,Friends",100,100,500,1500,6000,300,800,32.4145,75.9865,4.5,14000,3,6,Forest,HIM-106,52.5,False,Moderate,Full-day (4-8 hrs)
24,Aghanjar Mahadev Temple,Dharamshala,Himachal Pradesh,North,Temple,"Spiritual,Scenic","Family,Couples,Solo",0,0,0,1000,4000,300,700,32.218,76.323,4.6,8000,3,10,Mountain,HIM-106,60.7,False,Moderate,Short (1-2 hrs)
25,Arki Fort,Arki,Himachal Pradesh,North,Fort,"Historical,Cultural","Family,Solo,Friends",0,0,0,1000,4000,300,700,31.151,76.966,4.2,5000,3,10,Mountain,HIM-106,41.1,False,Moderate,Half-day (2-4 hrs)
26,Golden Temple,Amritsar,Punjab,North,Gurdwara,"Spiritual,Religion,Heritage","Family,Couples,Solo,Friends",0,0,0,1500,8000,300,800,31.62,74.8765,4.9,170000,10,3,Urban,PUN-205,62.5,False,Easy,Short (1-2 hrs)
27,Jallianwala Bagh,Amritsar,Punjab,North,Memorial,"Historical,Heritage","Family,Solo,Friends",0,0,0,1500,8000,300,800,31.6206,74.8806,4.7,85000,10,3,Urban,PUN-205,54.9,False,Easy,Short (1-2 hrs)
28,Wagah Border,Amritsar,Punjab,North,Border Ceremony,"Patriotic,Cultural","Family,Friends,Solo",0,0,0,1500,8000,300,800,31.604,74.572,4.8,120000,10,3,Urban,PUN-205,58.7,False,Moderate,Half-day (2-4 hrs)
31,Anandpur Sahib,Rupnagar,Punjab,North,Gurdwara,"Spiritual,Religion,Heritage","Family,Solo",0,0,0,1000,5000,300,700,31.239,76.502,4.8,25000,10,3,Urban,PUN-206,66.1,True,Easy,Short (1-2 hrs)
32,Sheesh Mahal Patiala,Patiala,Punjab,North,Palace,Interest_Tags,"Family,Solo,Couples",20,0,0,1500,6000,300,800,30.3398,76.3869,4.4,15000,10,3,Urban,PUN-207,46.8,False,Easy,Half-day (2-4 hrs)
33,Qila Mubarak,Patiala,Punjab,North,Fort,"Historical,Heritage","Family,Solo,Friends",20,0,0,1500,6000,300,800,30.336,76.392,4.4,18000,10,3,Urban,PUN-207,45.9,False,Moderate,Half-day (2-4 hrs)
34,Harike Wetland,Tarn Taran,Punjab,North,Wildlife Sanctuary,"Nature,Birdwatching,Ecological","Family,Friends,Solo",0,100,500,1000,4000,300,700,31.16,75.2,4.3,8000,11,2,Forest,PUN-208,44.3,False,Moderate,Full-day (4-8 hrs)
35,Durgiana Temple,Amritsar,Punjab,North,Temple,"Spiritual,Religion","Family,Solo,Couples",0,0,0,1500,8000,300,800,31.628,74.869,4.6,20000,10,3,Urban,PUN-205,56.3,False,Easy,Short (1-2 hrs)
36,Punjab Agricultural University Museum,Ludhiana,Punjab,North,Museum,",Cultural","Family,Students,Solo",30,0,0,1200,5000,300,700,30.901,75.807,4.3,5000,10,3,Urban,PUN-209,46.5,False,Easy,Half-day (2-4 hrs)
37,Ranjit Sagar Dam,Pathankot,Punjab,North,Dam,"Scenic,","Friends,Family,Solo",0,0,0,1200,5000,300,700,32.437,75.638,4.5,6000,10,3,Forest,PUN-211,56.6,False,Moderate,Half-day (2-4 hrs)
38,Bathinda Fort,Bathinda,Punjab,North,Fort,"Historical,Heritage","Family,Solo,Friends",0,0,0,1000,4000,300,700,30.207,74.945,4.2,7000,10,3,Urban,PUN-210,39.5,False,Moderate,Half-day (2-4 hrs)
39,Virast-E-Khalsa,Anandpur Sahib,Punjab,North,Museum,"Heritage,Cultural,","Family,Students,Solo",100,0,0,1000,5000,300,700,31.2395,76.507,4.8,30000,10,3,Urban,PUN-206,65.3,True,Easy,Half-day (2-4 hrs)
40,Pushpa Gujral Science City,Kapurthala,Punjab,North,Science Park,",Leisure","Family,Students,Friends",150,0,0,1200,5000,300,800,31.38,75.39,4.4,12000,10,3,Urban,PUN-208,47.8,False,Easy,Half-day (2-4 hrs)
41,Kingdom Of Dreams,Gurugram,Haryana,North,Entertainment Park,"Entertainment,Cultural,Nightlife","Friends,Couples,Family",1000,500,3000,2500,12000,800,2000,28.4697,77.0689,4.5,28000,10,3,Urban,HAR-101,49.2,False,Easy,Half-day (2-4 hrs)
42,Sultanpur National Park,Gurugram,Haryana,North,National Park,"Nature,Birdwatching,Photography","Solo,Family,Friends",5,0,500,2500,12000,800,2000,28.4595,76.89,4.3,12000,10,3,Urban,HAR-101,42.4,False,Moderate,Full-day (4-8 hrs)
43,Damdama Lake,Gurugram,Haryana,North,Lake,"Adventure,Scenic,Nature","Friends,Couples,Family",0,300,2000,2000,10000,700,1800,28.3106,77.1176,4.0,8000,10,3,Forest,HAR-101,27.9,False,Moderate,Full-day (4-8 hrs)
44,Brahma Sarovar,Kurukshetra,Haryana,North,Religious Site,"Spiritual,Heritage,Cultural","Family,Solo,Couples",0,0,0,1500,6000,600,1500,29.9695,76.8783,4.6,15000,10,3,Urban,HAR-102,57.7,False,Moderate,Half-day (2-4 hrs)
45,Jyotisar,Kurukshetra,Haryana,North,Religious Site,"Spiritual,Historical","Family,Solo",0,0,0,1500,6000,600,1500,29.9625,76.8175,4.6,9000,10,3,Urban,HAR-102,60.1,False,Moderate,Half-day (2-4 hrs)
46,Pinjore Gardens,Pinjore,Haryana,North,Garden,"Historical,Scenic,Cultural","Family,Couples,Friends",30,0,0,1500,6000,600,1500,30.7985,76.9143,4.4,22000,10,3,Urban,HAR-103,44.9,False,Easy,Short (1-2 hrs)
47,Morni Hills,Panchkula,Haryana,North,Hill Station,"Nature,Adventure,Scenic","Friends,Couples,Solo",0,500,2500,2000,8000,700,1800,30.7433,77.0673,4.2,14000,10,4,Urban,HAR-103,36.2,False,Moderate,Full-day (4-8 hrs)
48,Surajkund,Faridabad,Haryana,North,Reservoir,"Cultural,Heritage,Festival","Family,Friends,Couples",0,0,500,2000,8000,700,1800,28.4908,77.285,4.3,18000,10,3,Mountain,HAR-101,40.4,False,Moderate,Half-day (2-4 hrs)
49,Badkhal Lake,Faridabad,Haryana,North,Lake,"Scenic,Nature","Family,Couples,Friends",0,0,500,2000,8000,700,1800,28.4126,77.3224,3.9,6000,10,3,Urban,HAR-101,23.8,False,Easy,Full-day (4-8 hrs)
50,Sheikh Chilli Tomb,Kurukshetra,Haryana,North,Monument,"Historical,Heritage","Family,Solo,Friends",20,0,0,1500,6000,600,1500,29.964,76.832,4.4,7000,10,3,Urban,HAR-102,50.4,False,Easy,Short (1-2 hrs)
51,Tilyar Lake,Rohtak,Haryana,North,Lake,"Nature,Picnic","Family,Friends",0,200,1000,1200,5000,600,1400,28.8909,76.58,4.1,5000,10,3,Urban,HAR-101,35.6,False,Easy,Full-day (4-8 hrs)
52,Blue Bird Lake,Hisar,Haryana,North,Lake,"Nature,Picnic","Family,Friends",0,0,500,1200,5000,600,1400,29.1492,75.7217,4.0,3500,10,3,Urban,HAR-104,31.9,False,Easy,Full-day (4-8 hrs)
53,Raja Nahar Singh Palace,Faridabad,Haryana,North,Heritage Palace,"Historical,Heritage,Architecture","Couples,Family,Friends",50,0,0,2000,8000,700,1800,28.3588,77.326,4.3,8500,10,3,Urban,HAR-101,44.0,False,Easy,Half-day (2-4 hrs)
54,Farrukh Nagar Fort,Farrukh Nagar,Haryana,North,Fort,"Historical,Heritage","Solo,Friends,Family",0,0,0,2000,8000,700,1800,28.4475,76.8235,4.2,4000,10,3,Urban,HAR-101,42.1,False,Moderate,Half-day (2-4 hrs)
55,Asigarh Fort,Hansi,Haryana,North,Fort,"Historical,Heritage,Architecture","Solo,Friends,Family",0,0,0,1200,5000,600,1400,29.102,75.964,4.1,3000,10,3,Mountain,HAR-104,38.0,False,Moderate,Half-day (2-4 hrs)
56,Kedarnath Temple,Kedarnath,Uttarakhand,North,Temple,"Spiritual,Pilgrimage,Heritage","Family,Solo,Friends",0,0,3000,1500,6000,700,1800,30.7352,79.0669,4.8,120000,5,10,Mountain,UTT-285,58.7,False,Moderate,Short (1-2 hrs)
57,Badrinath Temple,Badrinath,Uttarakhand,North,Temple,"Spiritual,Pilgrimage,Heritage","Family,Solo,Friends",0,0,2000,1500,6000,700,1800,30.7433,79.4938,4.7,95000,5,10,Mountain,UTT-285,54.3,False,Moderate,Short (1-2 hrs)
58,Har Ki Pauri,Haridwar,Uttarakhand,North,Religious Ghat,"Spiritual,Cultural,Heritage","Family,Solo,Couples",0,0,500,1200,5000,600,1500,29.9457,78.1642,4.7,85000,10,4,Urban,UTT-286,54.9,False,Easy,Short (1-2 hrs)
59,Rishikesh Laxman Jhula,Rishikesh,Uttarakhand,North,Bridge,"Adventure,Spiritual,Scenic","Friends,Solo,Couples",0,500,2500,1500,8000,700,1800,30.0869,78.2676,4.6,70000,10,4,Mountain,UTT-286,50.3,False,Moderate,Short (1-2 hrs)
60,Nainital Lake,Nainital,Uttarakhand,North,Lake,"Scenic,Romantic,Nature","Couples,Family,Friends",0,300,1500,2000,10000,800,2000,29.3919,79.4542,4.6,90000,3,6,Mountain,UTT-285,49.1,False,Moderate,Full-day (4-8 hrs)
61,Mussoorie Mall Road,Mussoorie,Uttarakhand,North,Hill Station,"Scenic,Shopping,Romantic","Couples,Family,Friends",0,0,1000,2500,12000,800,2000,30.4598,78.0644,4.5,75000,3,6,Mountain,UTT-286,44.6,False,Moderate,Full-day (4-8 hrs)
62,Auli,Auli,Uttarakhand,North,Ski Resort,"Adventure,Snow,Scenic","Friends,Couples,Solo",0,1000,4000,3000,15000,800,2000,30.528,79.5669,4.6,40000,12,3,Mountain,UTT-285,53.0,False,Moderate,Multi-day (1-3 days)
63,Jim Corbett National Park,Ramnagar,Uttarakhand,North,National Park,"Wildlife,Adventure,Nature","Family,Friends,Solo",200,1500,4000,2500,12000,800,2000,29.53,78.7747,4.5,65000,11,6,Forest,UTT-287,45.2,False,Moderate,Full-day (4-8 hrs)
64,Valley Of Flowers,Chamoli,Uttarakhand,North,National Park,"Nature,Trekking,Scenic","Solo,Friends,Couples",150,1500,3000,1500,6000,700,1800,30.728,79.6053,4.8,25000,7,9,Valley,UTT-285,66.1,True,Moderate,Full-day (4-8 hrs)
65,Yamunotri Temple,Yamunotri,Uttarakhand,North,Temple,"Spiritual,Pilgrimage","Family,Solo,Friends",0,0,2500,1500,6000,700,1800,31.014,78.46,4.7,30000,5,10,Mountain,UTT-285,59.8,False,Moderate,Short (1-2 hrs)
66,Gangotri Temple,Gangotri,Uttarakhand,North,Temple,"Spiritual,Pilgrimage","Family,Solo,Friends",0,0,2500,1500,6000,700,1800,30.9947,78.9398,4.7,35000,5,10,Mountain,UTT-285,59.1,False,Moderate,Short (1-2 hrs)
67,Tehri Lake,Tehri,Uttarakhand,North,Lake,"Adventure,Water_Sports,Scenic","Friends,Couples,Family",0,500,3000,2000,8000,700,1800,30.3782,78.4803,4.4,12000,10,6,Mountain,UTT-286,47.8,False,Moderate,Full-day (4-8 hrs)
68,Chopta,Rudraprayag,Uttarakhand,North,Hill Station,"Trekking,Nature,Scenic","Friends,Solo,Couples",0,500,2000,1500,6000,700,1800,30.485,79.215,4.7,18000,3,6,Mountain,UTT-285,62.2,False,Moderate,Full-day (4-8 hrs)
69,Tungnath Temple,Rudraprayag,Uttarakhand,North,Temple,"Spiritual,Trekking,Heritage","Solo,Friends,Couples",0,500,2000,1500,6000,700,1800,30.4895,79.2145,4.8,15000,5,10,Mountain,UTT-285,68.6,True,Moderate,Short (1-2 hrs)
70,Kausani,Kausani,Uttarakhand,North,Hill Station,"Scenic,Nature,Romantic","Couples,Family,Solo",0,0,1000,1500,7000,700,1800,29.844,79.6031,4.5,10000,3,6,Urban,UTT-285,54.1,False,Moderate,Full-day (4-8 hrs)
71,Taj Mahal,Agra,Uttar Pradesh,North,Monument,"Historical,Heritage,Romantic","Couples,Family,Solo,Friends",50,0,0,2000,15000,800,2500,27.1751,78.0421,4.8,900000,10,3,Urban,UTT-265,49.1,False,Easy,Short (1-2 hrs)
72,Agra Fort,Agra,Uttar Pradesh,North,Fort,"Historical,Heritage,Architecture","Family,Solo,Friends",40,0,0,2000,15000,800,2500,27.1795,78.0211,4.7,200000,10,3,Urban,UTT-265,50.8,False,Moderate,Half-day (2-4 hrs)
73,Fatehpur Sikri,Fatehpur Sikri,Uttar Pradesh,North,Heritage City,"Historical,Heritage,Architecture","Family,Solo,Friends",50,0,0,1500,8000,700,2000,27.0937,77.66,4.6,120000,10,3,Urban,UTT-265,47.8,False,Easy,Half-day (2-4 hrs)
74,Kashi Vishwanath Temple,Varanasi,Uttar Pradesh,North,Temple,"Spiritual,Pilgrimage,Heritage","Family,Solo,Couples",0,0,0,1500,10000,600,2000,25.3109,83.0107,4.8,180000,10,3,Urban,UTT-266,56.7,False,Easy,Short (1-2 hrs)
75,Dashashwamedh Ghat,Varanasi,Uttar Pradesh,North,Religious Ghat,"Spiritual,Cultural,Heritage","Family,Solo,Friends",0,0,500,1500,10000,600,2000,25.3063,83.0105,4.7,95000,10,3,Urban,UTT-266,54.3,False,Easy,Short (1-2 hrs)
76,Sarnath,Varanasi,Uttar Pradesh,North,Buddhist Cultural Site,"Spiritual,Heritage,Historical","Family,Solo,Friends",25,0,0,1500,10000,600,2000,25.3765,83.021,4.6,60000,10,3,Urban,UTT-266,51.1,False,Moderate,Half-day (2-4 hrs)
77,Ayodhya Ram Mandir,Ayodhya,Uttar Pradesh,North,Temple,"Spiritual,Pilgrimage,Heritage","Family,Solo,Friends",0,0,0,1500,8000,600,1800,26.7956,82.1943,4.8,150000,10,3,Urban,UTT-272,57.6,False,Easy,Short (1-2 hrs)
78,Allahabad Fort,Prayagraj,Uttar Pradesh,North,Fort,"Historical,Heritage","Family,Solo,Friends",50,0,0,1500,8000,600,1800,25.429,81.885,4.5,30000,10,3,Urban,UTT-267,48.9,False,Moderate,Half-day (2-4 hrs)
79,Triveni Sangam,Prayagraj,Uttar Pradesh,North,Religious Site,"Spiritual,Pilgrimage,Cultural","Family,Solo,Friends",0,0,500,1500,8000,600,1800,25.4244,81.8814,4.7,70000,10,3,Forest,UTT-267,55.8,False,Moderate,Half-day (2-4 hrs)
80,Jhansi Fort,Jhansi,Uttar Pradesh,North,Fort,"Historical,Heritage,Architecture","Family,Solo,Friends",25,0,0,1200,6000,600,1500,25.4484,78.5685,4.6,45000,10,3,Urban,UTT-273,52.4,False,Moderate,Half-day (2-4 hrs)
81,Dudhwa National Park,Lakhimpur Kheri,Uttar Pradesh,North,National Park,"Wildlife,Adventure,Nature","Family,Friends,Solo",350,1500,4000,2000,10000,800,2000,28.5,80.65,4.4,15000,11,6,Urban,UTT-274,46.8,False,Moderate,Full-day (4-8 hrs)
82,Mathura Vrindavan,Mathura,Uttar Pradesh,North,Religious City,"Spiritual,Cultural,Heritage","Family,Solo,Couples",0,0,500,1500,8000,600,1800,27.4924,77.6737,4.6,85000,10,3,Urban,UTT-268,49.4,False,Easy,Half-day (2-4 hrs)
83,Bara Imambara,Lucknow,Uttar Pradesh,North,Monument,"Historical,Architecture,Heritage","Family,Solo,Friends",50,0,0,1500,10000,700,2000,26.8695,80.9125,4.6,75000,10,3,Urban,UTT-269,50.0,False,Easy,Short (1-2 hrs)
84,Rumi Darwaza,Lucknow,Uttar Pradesh,North,Monument,"Historical,Architecture","Family,Solo,Friends",0,0,0,1500,10000,700,2000,26.8691,80.9129,4.5,50000,10,3,Urban,UTT-269,46.5,False,Easy,Short (1-2 hrs)
85,Chitrakoot,Chitrakoot,Uttar Pradesh,North,Religious Site,"Spiritual,Nature,Pilgrimage","Family,Solo,Friends",0,0,500,1200,6000,600,1500,25.2,80.85,4.4,20000,10,3,Urban,UTT-275,45.4,False,Moderate,Half-day (2-4 hrs)
86,Hawa Mahal,Jaipur,Rajasthan,West,Monument,"Historical,Architecture","Family,Solo,Friends",50,0,200,1500,7000,300,900,26.9239,75.8267,4.6,75000,10,3,Urban,RAJ-213,50.0,False,Easy,Short (1-2 hrs)
87,Amber Fort,Jaipur,Rajasthan,West,Fort,"Historical,Adventure","Family,Solo,Friends",100,200,600,1500,7000,300,900,26.9855,75.8513,4.7,95000,10,3,Urban,RAJ-213,54.3,False,Moderate,Half-day (2-4 hrs)
88,City Palace,Udaipur,Rajasthan,West,Palace,"Historical,Cultural","Family,Couples,Solo",300,0,500,2000,9000,400,1000,24.5767,73.6835,4.6,42000,9,3,Urban,RAJ-214,52.8,False,Easy,Half-day (2-4 hrs)
89,Lake Pichola,Udaipur,Rajasthan,West,Lake,"Romantic,Nature","Couples,Family,Solo",0,200,800,2000,9000,400,1000,24.5755,73.682,4.7,38000,9,3,Mountain,RAJ-214,58.7,False,Moderate,Full-day (4-8 hrs)
90,Mehrangarh Fort,Jodhpur,Rajasthan,West,Fort,"Historical,Architecture","Family,Solo,Friends",200,100,400,1800,8000,350,900,26.2986,73.0183,4.8,60000,10,3,Urban,RAJ-215,62.0,False,Moderate,Half-day (2-4 hrs)
91,Jaisalmer Fort,Jaisalmer,Rajasthan,West,Fort,"Historical,Cultural","Family,Solo,Friends",50,200,600,1500,7000,350,900,26.9124,70.912,4.7,55000,10,3,Urban,RAJ-216,56.9,False,Moderate,Half-day (2-4 hrs)
92,Sam Sand Dunes,Jaisalmer,Rajasthan,West,Desert,"Adventure,Romantic","Couples,Friends,Solo",0,1500,4000,2000,8000,400,1000,26.8285,70.4983,4.6,21000,10,2,Mountain,RAJ-216,56.1,False,Moderate,Full-day (4-8 hrs)
93,Pushkar Lake,Pushkar,Rajasthan,West,Religious Lake,"Spiritual,Cultural","Family,Solo",0,100,300,1200,6000,300,800,26.4902,74.5511,4.5,18000,10,3,Desert,RAJ-217,51.3,False,Moderate,Full-day (4-8 hrs)
94,Ajmer Sharif Dargah,Ajmer,Rajasthan,West,Dargah,"Spiritual,Pilgrimage","Family,Solo",0,100,300,1200,6000,300,800,26.4499,74.6399,4.7,50000,10,3,Desert,RAJ-217,57.4,False,Moderate,Short (1-2 hrs)
95,Ranthambore National Park,Sawai Madhopur,Rajasthan,West,National Park,"Wildlife,Adventure","Family,Friends,Solo",200,1500,3500,2500,10000,500,1200,26.0173,76.5026,4.6,32000,10,4,Desert,RAJ-225,54.1,False,Moderate,Full-day (4-8 hrs)
96,Chittorgarh Fort,Chittorgarh,Rajasthan,West,Fort,Historical,"Family,Solo,Friends",100,0,300,1200,6000,300,800,24.8887,74.6269,4.7,28000,9,3,Urban,RAJ-226,60.1,False,Moderate,Half-day (2-4 hrs)
97,Mount Abu,Mount Abu,Rajasthan,West,Hill Station,"Nature,Romantic","Couples,Family,Solo",0,200,1000,2000,9000,400,1000,24.5926,72.7156,4.5,45000,9,4,Forest,RAJ-218,47.0,False,Moderate,Full-day (4-8 hrs)
98,Dilwara Temples,Mount Abu,Rajasthan,West,Temple,"Spiritual,Architecture","Family,Solo",0,100,300,2000,9000,400,1000,24.5935,72.7156,4.7,15000,9,4,Mountain,RAJ-218,63.1,True,Moderate,Short (1-2 hrs)
99,Bikaner Junagarh Fort,Bikaner,Rajasthan,West,Fort,"Historical,Architecture","Family,Solo,Friends",50,100,300,1200,6000,300,800,28.0229,73.3187,4.6,22000,10,3,Mountain,RAJ-219,55.8,False,Moderate,Half-day (2-4 hrs)
100,Nahargarh Fort,Jaipur,Rajasthan,West,Fort,"Historical,Romantic","Couples,Family,Friends",50,100,400,1500,7000,300,900,26.9373,75.815,4.5,30000,10,3,Mountain,RAJ-213,48.9,False,Moderate,Half-day (2-4 hrs)
101,Statue Of Unity,Kevadia,Gujarat,West,Monument,"Historical,Architecture","Family,Solo,Friends",150,200,1000,2000,8000,400,1000,21.838,73.7191,4.7,85000,10,3,Desert,GUJ-75,54.9,False,Moderate,Short (1-2 hrs)
102,Somnath Temple,Somnath,Gujarat,West,Temple,"Spiritual,Pilgrimage","Family,Solo",0,100,300,1500,6000,300,800,20.888,70.401,4.8,60000,10,3,Mountain,GUJ-88,62.0,False,Moderate,Short (1-2 hrs)
103,Dwarkadhish Temple,Dwarka,Gujarat,West,Temple,"Spiritual,Pilgrimage","Family,Solo",0,100,300,1200,5500,300,800,22.2442,68.9685,4.7,45000,10,3,Urban,GUJ-76,57.9,False,Easy,Short (1-2 hrs)
104,Rann Of Kutch,Kutch,Gujarat,West,Salt Desert,"Adventure,Cultural","Friends,Couples,Solo",0,1500,4000,2000,9000,400,1000,23.7337,69.8597,4.6,30000,11,2,Desert,GUJ-77,54.4,False,Moderate,Full-day (4-8 hrs)
105,Gir National Park,Junagadh,Gujarat,West,National Park,"Wildlife,Adventure","Family,Friends,Solo",800,2000,5000,2500,10000,500,1200,21.124,70.824,4.6,25000,12,4,Forest,GUJ-89,55.2,False,Moderate,Full-day (4-8 hrs)
106,Sabarmati Ashram,Ahmedabad,Gujarat,West,Historic Site,"Historical,Cultural","Family,Solo",0,0,200,1500,7000,300,900,23.06,72.58,4.6,35000,10,3,Urban,GUJ-78,53.6,False,Moderate,Half-day (2-4 hrs)
107,Akshardham Temple,Gandhinagar,Gujarat,West,Temple,"Spiritual,Architecture","Family,Solo",60,100,300,1500,7000,300,900,23.235,72.65,4.7,40000,10,3,Urban,GUJ-78,58.5,False,Easy,Short (1-2 hrs)
108,Champaner-Pavagadh Archaeological Park,Champaner,Gujarat,West,Archaeological Site,"Historical,Architecture","Family,Solo,Friends",40,100,300,1200,6000,300,800,22.48,73.54,4.5,15000,10,3,Mountain,GUJ-90,52.2,False,Moderate,Half-day (2-4 hrs)
109,Saputara,Saputara,Gujarat,West,Hill Station,"Nature,Romantic","Couples,Family,Solo",0,200,800,2000,9000,400,1000,20.5783,73.7467,4.4,20000,9,3,Mountain,GUJ-91,45.4,False,Moderate,Full-day (4-8 hrs)
110,Modhera Sun Temple,Modhera,Gujarat,West,Temple,"Historical,Architecture","Family,Solo,Friends",25,50,200,1200,5500,300,800,23.598,72.132,4.6,18000,10,3,Urban,GUJ-92,56.8,False,Easy,Short (1-2 hrs)
111,Laxmi Vilas Palace,Vadodara,Gujarat,West,Palace,"Historical,Architecture","Family,Solo",200,100,300,1500,7000,300,900,22.294,73.192,4.6,22000,10,3,Urban,GUJ-93,55.8,False,Easy,Half-day (2-4 hrs)
112,Diu Fort,Diu,Gujarat,West,Fort,"Historical,Costal_Viewpoint","Family,Friends,Solo",0,0,200,1500,7000,400,1000,20.715,70.988,4.5,16000,10,3,Coastal,GUJ-94,51.9,False,Moderate,Half-day (2-4 hrs)
113,Mandvi Beach,Mandvi,Gujarat,West,Beach,"Romantic,Nature","Couples,Friends,Solo",0,200,1000,1500,7000,400,1000,22.8328,69.352,4.4,14000,10,3,Coastal,GUJ-79,47.1,False,Easy,Full-day (4-8 hrs)
114,Adalaj Stepwell,Adalaj,Gujarat,West,Stepwell,"Historical,Architecture","Family,Solo",25,50,200,1200,5500,300,800,23.1645,72.58,4.6,21000,10,3,Urban,GUJ-78,56.1,False,Moderate,Half-day (2-4 hrs)
115,Marine National Park,Jamnagar,Gujarat,West,National Park,"Wildlife,Nature","Family,Friends,Solo",100,500,2000,1500,7000,400,1000,22.47,69.93,4.3,9000,11,3,Coastal,GUJ-95,43.7,False,Moderate,Full-day (4-8 hrs)
116,Gateway Of India,Mumbai,Maharashtra,West,Monument,"Historical,Architecture,Photography","Couples,Friends,Family,Solo",0,0,500,2000,8000,500,1500,18.922,72.8347,4.6,350000,10,3,Urban,MAH-170,42.7,False,Easy,Short (1-2 hrs)
117,Marine Drive,Mumbai,Maharashtra,West,Urban Promenade,"Romantic,Nightlife,Scenic","Couples,Friends,Solo",0,0,300,2000,9000,600,1800,18.943,72.8238,4.7,250000,10,3,Coastal,MAH-170,49.7,False,Moderate,Half-day (2-4 hrs)
118,Elephanta Caves,Mumbai,Maharashtra,West,Historic Cave,"Historical,Heritage,Architecture","Solo,Friends,Family",40,500,1500,2000,8000,500,1500,18.9633,72.9315,4.4,75000,11,2,Island,MAH-170,39.1,False,Moderate,Half-day (2-4 hrs)
119,Ajanta Caves,Aurangabad,Maharashtra,West,Heritage Cave,"Historical,Unesco,Architecture","Solo,Friends,Family",40,800,2000,1500,6000,400,1200,20.5519,75.7033,4.6,95000,11,3,Mountain,MAH-176,48.9,False,Moderate,Half-day (2-4 hrs)
120,Ellora Caves,Aurangabad,Maharashtra,West,Heritage Cave,"Historical,Unesco,Architecture","Solo,Friends,Family",40,800,2000,1500,6000,400,1200,20.0268,75.179,4.7,120000,11,3,Mountain,MAH-171,53.2,False,Moderate,Half-day (2-4 hrs)
121,Shirdi Sai Baba Temple,Shirdi,Maharashtra,West,Temple,"Spiritual,Pilgrimage,Religion","Couples,Family,Solo",0,500,2000,1000,5000,400,1000,19.7645,74.4762,4.7,180000,10,3,Urban,MAH-177,51.3,False,Easy,Short (1-2 hrs)
122,Mahabaleshwar,Mahabaleshwar,Maharashtra,West,Hill Station,"Romantic,Nature,Scenic","Couples,Friends,Family",0,500,2000,1500,7000,500,1500,17.9237,73.6586,4.5,85000,10,5,Mountain,MAH-170,44.0,False,Moderate,Full-day (4-8 hrs)
123,Lonavala,Lonavala,Maharashtra,West,Hill Station,"Adventure,Nature,Monsoon","Friends,Couples,Family",0,500,2500,2000,8000,600,1500,18.7546,73.4062,4.4,110000,7,2,Mountain,MAH-170,37.3,False,Moderate,Full-day (4-8 hrs)
124,Alibaug Beach,Alibaug,Maharashtra,West,Beach,"Relaxation,Romantic,Water_Sports","Friends,Couples,Family",0,800,3000,1500,7000,500,1500,18.6414,72.8722,4.3,60000,10,3,Coastal,MAH-170,34.7,False,Easy,Full-day (4-8 hrs)
125,Tarkarli Beach,Tarkarli,Maharashtra,West,Beach,"Adventure,Water_Sports,Scuba_Diving","Friends,Couples,Solo",0,1500,5000,1000,5000,400,1200,16.0316,73.4833,4.5,25000,11,3,Coastal,MAH-172,49.8,False,Easy,Full-day (4-8 hrs)
126,Raigad Fort,Raigad,Maharashtra,West,Fort,"Historical,Trekking,Heritage","Friends,Solo,Family",25,500,2000,1000,4000,400,1200,18.2346,73.4447,4.6,40000,11,2,Mountain,MAH-170,53.0,False,Moderate,Half-day (2-4 hrs)
127,Sinhagad Fort,Pune,Maharashtra,West,Fort,"Historical,Trekking,Adventure","Friends,Solo",20,500,1500,1200,5000,400,1200,18.366,73.7558,4.5,55000,11,2,Mountain,MAH-170,46.0,False,Moderate,Half-day (2-4 hrs)
128,Bibi Ka Maqbara,Aurangabad,Maharashtra,West,Monument,"Historical,Architecture,Heritage","Couples,Friends,Family",25,300,1000,1500,6000,400,1200,19.901,75.32,4.3,45000,10,3,Urban,MAH-171,36.1,False,Easy,Short (1-2 hrs)
129,Matheran,Matheran,Maharashtra,West,Hill Station,"Nature,Romantic,Scenic","Couples,Friends,Family",0,500,2000,1500,6000,500,1500,18.986,73.2679,4.4,70000,10,5,Mountain,MAH-170,39.4,False,Moderate,Full-day (4-8 hrs)
130,Panchgani,Panchgani,Maharashtra,West,Hill Station,"Nature,Romantic,Scenic","Couples,Friends,Family",0,500,2000,1500,6000,500,1500,17.9243,73.8,4.4,40000,10,5,Mountain,MAH-170,42.1,False,Moderate,Full-day (4-8 hrs)
131,Baga Beach,Baga,Goa,West,Beach,"Nightlife,Water_Sports,Relaxation","Friends,Couples,Solo",0,1000,4000,2000,10000,800,2000,15.5553,73.7517,4.5,120000,11,2,Coastal,GOA-74,42.3,False,Easy,Full-day (4-8 hrs)
132,Calangute Beach,Calangute,Goa,West,Beach,"Water_Sports,Nightlife,Scenic","Friends,Couples,Family",0,1000,4000,2000,10000,800,2000,15.5439,73.7553,4.4,150000,11,2,Coastal,GOA-74,35.8,False,Easy,Full-day (4-8 hrs)
133,Anjuna Beach,Anjuna,Goa,West,Beach,"Nightlife,Relaxation,Scenic","Friends,Couples,Solo",0,800,3500,1800,9000,700,1800,15.573,73.74,4.3,90000,11,2,Coastal,GOA-74,32.8,False,Easy,Full-day (4-8 hrs)
134,Dudhsagar Falls,Sanguem,Goa,West,Waterfall,"Nature,Adventure,Trekking","Friends,Solo,Family",400,1500,4000,1500,6000,600,1500,15.3144,74.3143,4.6,60000,10,2,Mountain,GOA-74,51.1,False,Moderate,Half-day (2-4 hrs)
135,Basilica Of Bom Jesus,Old Goa,Goa,West,Church,"Historical,Spiritual,Heritage","Family,Couples,Solo",0,0,500,1500,6000,600,1500,15.5009,73.911,4.5,70000,11,3,Urban,GOA-74,44.9,False,Easy,Short (1-2 hrs)
136,Fort Aguada,Sinquerim,Goa,West,Fort,"Historical,Scenic,Photography","Friends,Couples,Family",0,0,500,2000,8000,700,1800,15.4933,73.7732,4.4,85000,11,3,Coastal,GOA-74,38.5,False,Moderate,Half-day (2-4 hrs)
137,Chapora Fort,Chapora,Goa,West,Fort,"Historical,Scenic,Trekking","Friends,Couples,Solo",0,0,500,1800,8000,700,1800,15.601,73.735,4.3,75000,11,3,Mountain,GOA-74,33.6,False,Moderate,Half-day (2-4 hrs)
138,Colva Beach,Colva,Goa,West,Beach,"Relaxation,Scenic,Romantic","Couples,Family,Friends",0,800,3000,1500,7000,700,1800,15.2792,73.9228,4.3,65000,11,2,Coastal,GOA-74,34.3,False,Easy,Full-day (4-8 hrs)
139,Palolem Beach,Canacona,Goa,West,Beach,"Relaxation,Romantic,Water_Sports","Couples,Friends,Solo",0,1000,3500,2000,9000,800,2000,15.009,74.023,4.6,80000,11,3,Coastal,GOA-74,49.7,False,Easy,Full-day (4-8 hrs)
140,Vagator Beach,Vagator,Goa,West,Beach,"Nightlife,Scenic,Relaxation","Friends,Couples,Solo",0,800,3500,2000,9000,800,2000,15.5986,73.7344,4.4,70000,11,2,Coastal,GOA-74,39.4,False,Easy,Full-day (4-8 hrs)
141,Reis Magos Fort,Reis Magos,Goa,West,Fort,"Historical,Heritage,Architecture","Family,Couples,Friends",50,0,500,2000,8000,700,1800,15.4986,73.8076,4.5,20000,11,3,Coastal,GOA-74,50.8,False,Moderate,Half-day (2-4 hrs)
142,Arambol Beach,Arambol,Goa,West,Beach,"Relaxation,Scenic,Bohemian","Solo,Friends,Couples",0,800,3000,1500,7000,700,1800,15.6868,73.7046,4.4,60000,11,2,Coastal,GOA-74,40.2,False,Easy,Full-day (4-8 hrs)
143,Miramar Beach,Panaji,Goa,West,Beach,"Scenic,Relaxation,Photography","Family,Couples,Friends",0,500,2000,2000,9000,800,2000,15.4833,73.807,4.3,40000,11,2,Coastal,GOA-74,36.6,False,Easy,Full-day (4-8 hrs)
144,Se Cathedral,Old Goa,Goa,West,Church,"Historical,Spiritual,Heritage","Family,Couples,Solo",0,0,500,1500,6000,600,1500,15.5024,73.912,4.4,30000,11,3,Urban,GOA-74,43.5,False,Easy,Short (1-2 hrs)
145,Butterfly Beach,Canacona,Goa,West,Beach,"Romantic,Scenic,Adventure","Couples,Solo,Friends",0,1000,3000,2000,9000,800,2000,15.01,74.017,4.5,15000,11,3,Coastal,GOA-74,52.2,False,Easy,Full-day (4-8 hrs)
146,Sanchi Stupa,Sanchi,Madhya Pradesh,Central,Monument,"Historical,Spiritual","Couples,Family,Solo",10,0,0,1500,5000,300,1000,23.4853,77.735,4.6,13000,7,3,Mountain,MAD-153,58.3,False,Moderate,Short (1-2 hrs)
147,Khajuraho Group Of Monuments,Khajuraho,Madhya Pradesh,Central,Monument,"Historical,Romantic","Couples,Family,Solo",40,1000,3000,2000,6000,500,1500,24.8545,79.919,4.7,28000,10,3,Urban,MAD-154,60.1,False,Easy,Short (1-2 hrs)
148,Bhimbetka Rock Shelters,Bhimbetka,Madhya Pradesh,Central,Archaeological Site,"Historical,","Solo,Family",10,0,0,1500,4000,300,900,22.9265,77.585,4.5,8000,10,3,Mountain,MAD-159,55.2,False,Moderate,Half-day (2-4 hrs)
149,Pachmarhi,Sohagpur,Madhya Pradesh,Central,Hill Station,"Nature,Adventure","Couples,Family,Friends",0,500,2000,2500,7000,400,1200,22.4788,78.2606,4.7,36000,10,3,Mountain,MAD-160,59.0,False,Moderate,Full-day (4-8 hrs)
150,Kanha National Park,Mandla,Madhya Pradesh,Central,Wildlife,"Nature,Adventure","Family,Friends",1000,2500,5000,3000,10000,500,1500,22.334,80.6116,4.8,26000,10,6,Forest,MAD-161,66.0,True,Moderate,Full-day (4-8 hrs)
151,Bandhavgarh National Park,Umaria,Madhya Pradesh,Central,Wildlife,"Nature,Adventure","Family,Friends",1500,2500,5000,4000,10000,500,1500,23.6529,81.0465,4.8,24000,10,6,Forest,MAD-162,66.3,True,Moderate,Full-day (4-8 hrs)
152,Marble Rocks and Dhuandhar Falls,Jabalpur,Madhya Pradesh,Central,Nature,"Nature,Romantic","Family,Solo",300,500,1500,2500,8000,500,1500,23.1815,79.9864,4.7,34000,10,3,Valley,MAD-155,59.2,False,Moderate,Half-day (2-4 hrs)
153,Mandu,Dhar,Madhya Pradesh,Central,Historic Town,"Romantic,Historical","Couples,Family,Friends",25,0,0,2000,7000,400,1200,22.0259,75.2944,4.6,19000,10,3,Mountain,MAD-163,56.5,False,Moderate,Half-day (2-4 hrs)
154,Gwalior Fort,Gwalior,Madhya Pradesh,Central,Fort,"Historical,Adventure","Family,Couples",75,0,0,1500,6000,400,1100,26.227,78.1798,4.6,49000,7,3,Mountain,MAD-156,52.0,False,Moderate,Half-day (2-4 hrs)
155,Omkareshwar,Omkareshwar,Madhya Pradesh,Central,Temple,"Spiritual,Pilgrimage","Family,Solo",0,0,0,2000,6000,300,900,22.2541,76.2443,4.5,16000,9,3,Urban,MAD-157,51.9,False,Easy,Short (1-2 hrs)
156,Mahakaleshwar Temple,Ujjain,Madhya Pradesh,Central,Temple,"Spiritual,Pilgrimage","Family,Solo",0,0,0,1500,5000,300,900,23.1793,75.784,4.7,52000,9,3,Urban,MAD-164,57.2,False,Easy,Short (1-2 hrs)
157,Taj-Ul-Masjid,Bhopal,Madhya Pradesh,Central,Religious Site,"Historical,Spiritual","Family,Solo",0,0,0,1500,5000,300,900,23.253,77.4126,4.5,25000,10,3,Urban,MAD-153,49.8,False,Moderate,Half-day (2-4 hrs)
158,Tribal Museum,Bhopal,Madhya Pradesh,Central,Museum,"Cultural,","Family,Solo",60,0,0,1500,5000,300,900,23.2558,77.403,4.4,8500,10,3,Urban,MAD-153,49.5,False,Easy,Half-day (2-4 hrs)
159,Patalpani Waterfall,Indore,Madhya Pradesh,Central,Nature,"Adventure,Nature","Family,Friends",0,0,0,1500,6000,300,900,22.5391,75.7511,4.4,10400,7,9,Mountain,MAD-157,48.5,False,Moderate,Half-day (2-4 hrs)
160,Atal Bihari Vajpayee Regional Park,Indore,Madhya Pradesh,Central,Park,"Nature,Relaxation","Family,Friends",30,100,300,1500,6000,300,900,22.7319,75.8791,4.3,7400,10,3,Urban,MAD-157,44.7,False,Easy,Half-day (2-4 hrs)
161,Chitrakote Waterfall,Jagdalpur,Chhattisgarh,Central,Waterfall,"Nature,Adventure","Family,Friends,Solo",50,200,1000,1200,5000,300,900,19.207,81.694,4.6,21000,7,2,Mountain,CHH-54,56.1,False,Moderate,Half-day (2-4 hrs)
162,Tirathgarh Falls,Jagdalpur,Chhattisgarh,Central,Waterfall,"Nature,Adventure","Family,Friends",50,200,800,1200,5000,300,900,18.9187,81.9289,4.5,12000,7,2,Urban,CHH-54,53.3,False,Moderate,Half-day (2-4 hrs)
163,Barnawapara Wildlife Sanctuary,Mahasamund,Chhattisgarh,Central,Wildlife,"Nature,Wildlife,Adventure","Family,Friends",150,1500,4000,1500,6000,300,900,21.289,82.5,4.4,6000,11,6,Forest,CHH-55,51.1,False,Moderate,Full-day (4-8 hrs)
164,Kanger Valley National Park,Jagdalpur,Chhattisgarh,Central,National Park,"Nature,Wildlife,Adventure","Family,Friends",100,1000,3000,1200,5000,300,900,18.8686,81.95,4.6,9000,11,6,Forest,CHH-54,60.1,False,Moderate,Full-day (4-8 hrs)
165,Bhoramdeo Temple,Kawardha,Chhattisgarh,Central,Temple,"Historical,Spiritual","Family,Solo",25,0,0,1000,4000,250,800,22.0087,81.2523,4.4,5000,10,3,Forest,CHH-60,52.0,False,Moderate,Short (1-2 hrs)
166,Sirpur,Mahasamund,Chhattisgarh,Central,Archaeological Site,"Historical,Spiritual","Family,Solo",20,0,0,1200,4500,300,900,21.35,82.1833,4.3,4000,10,3,Forest,CHH-55,47.6,False,Moderate,Half-day (2-4 hrs)
167,Dongargarh (Maa Bamleshwari Temple),Dongargarh,Chhattisgarh,Central,Temple,"Spiritual,Pilgrimage","Family,Solo",0,100,500,1000,3500,250,800,21.1886,80.7547,4.5,15000,10,3,Urban,CHH-56,52.2,False,Easy,Short (1-2 hrs)
168,Rajim,Rajim,Chhattisgarh,Central,Religious Site,"Spiritual,Pilgrimage","Family,Solo",0,0,0,1000,3500,250,800,20.9667,81.8833,4.3,3000,10,3,Urban,CHH-61,49.0,False,Moderate,Half-day (2-4 hrs)
169,Mainpat,Mainpat,Chhattisgarh,Central,Hill Station,"Nature,Romantic","Couples,Family,Friends",0,200,1000,1500,6000,300,900,22.8833,83.2833,4.4,7000,10,3,Mountain,CHH-62,50.4,False,Moderate,Full-day (4-8 hrs)
170,Achanakmar Wildlife Sanctuary,Bilaspur,Chhattisgarh,Central,Wildlife,"Nature,Wildlife","Family,Friends",150,1500,4000,1500,6000,300,900,22.4667,81.7333,4.4,5500,11,6,Forest,CHH-57,51.5,False,Moderate,Full-day (4-8 hrs)
171,Danteshwari Temple,Dantewada,Chhattisgarh,Central,Temple,"Spiritual,Pilgrimage","Family,Solo",0,0,0,1000,3500,250,800,18.9,81.35,4.6,8000,10,3,Urban,CHH-63,60.7,False,Easy,Short (1-2 hrs)
172,Madku Dweep,Bilaspur,Chhattisgarh,Central,Island,"Nature,Relaxation","Family,Solo",20,0,0,1200,4500,300,900,21.95,81.95,4.2,2500,10,3,Island,CHH-64,44.4,False,Moderate,Full-day (4-8 hrs)
173,Kotumsar Cave,Jagdalpur,Chhattisgarh,Central,Cave,"Adventure,Nature","Friends,Solo",30,200,800,1200,5000,300,900,18.8588,81.9595,4.4,4500,11,6,Mountain,CHH-54,52.5,False,Moderate,Half-day (2-4 hrs)
174,Charre Marre Waterfalls,Jagdalpur,Chhattisgarh,Central,Waterfall,"Nature,Adventure","Friends,Solo",0,0,500,1200,5000,300,900,19.15,81.75,4.3,2000,7,2,Mountain,CHH-54,50.9,False,Moderate,Half-day (2-4 hrs)
175,Gadiya Mountain,Kanker,Chhattisgarh,Central,Hill,"Nature,Adventure","Friends,Solo",0,0,500,1000,3500,250,800,20.271,81.493,4.2,1800,10,2,Urban,CHH-58,45.9,False,Moderate,Half-day (2-4 hrs)
176,Mahabodhi Temple,Bodh Gaya,Bihar,East,Temple,"Pilgrimage,Spiritual,Historical","Solo,Family,Couples",0,100,500,1200,4500,300,900,24.695,84.9916,4.8,95000,10,3,Mountain,BIH-41,59.8,False,Moderate,Short (1-2 hrs)
177,Vishnupad Temple,Gaya,Bihar,East,Temple,"Pilgrimage,Ritual,Spiritual","Family,Solo",0,50,300,1200,4500,300,900,24.795,85.005,4.6,42000,10,3,Urban,BIH-41,52.8,False,Easy,Short (1-2 hrs)
178,Nalanda Ruins,Nalanda,Bihar,East,Heritage Site,"Archaeological,Historical,Cultural","Friends,Family,Solo",0,200,700,900,3500,300,800,25.1811,85.443,4.7,38000,10,2,Forest,BIH-42,58.7,False,Moderate,Half-day (2-4 hrs)
179,Rajgir Hot Springs,Rajgir,Bihar,East,Natural Site,"Nature,Relaxation,Wellness","Friends,Couples,Family",0,300,800,900,3500,300,800,25.0294,85.4236,4.5,25000,11,3,Mountain,BIH-42,49.8,False,Moderate,Half-day (2-4 hrs)
180,Vishwa Shanti Stupa,Rajgir,Bihar,East,Monument,"Peaceful,Photography,Spiritual","Friends,Couples,Family",0,150,450,900,3500,300,800,25.0298,85.4291,4.6,22000,11,3,Urban,BIH-42,55.8,False,Easy,Short (1-2 hrs)
181,Valmiki Tiger Reserve,West Champaran,Bihar,East,Wildlife,"Wildlife Safari,Nature,Adventure","Friends,Couples,Solo",50,800,1800,900,3800,350,1000,27.048,84.615,4.4,12000,10,1,Urban,BIH-47,47.8,False,Moderate,Full-day (4-8 hrs)
182,Barabar Caves,Jehanabad,Bihar,East,Cave,"Historical,Archaeological,Cultural","Friends,Family,Solo",0,100,400,900,3500,300,800,24.8667,84.9833,4.3,9000,10,2,Mountain,BIH-41,43.7,False,Moderate,Half-day (2-4 hrs)
183,Takht Sri Patna Sahib,Patna,Bihar,East,Gurdwara,"Spiritual,Pilgrimage,Cultural","Family,Solo",0,50,200,1000,3800,300,800,25.6141,85.142,4.7,50000,10,3,Urban,BIH-43,57.4,False,Easy,Short (1-2 hrs)
184,Buddha Smriti Park,Patna,Bihar,East,Park,"Nature,Relaxation,","Family,Couples,Friends",30,100,300,1000,3800,300,800,25.6094,85.121,4.6,29000,10,3,Urban,BIH-43,54.5,False,Easy,Half-day (2-4 hrs)
185,Rohtasgarh Fort,Rohtas,Bihar,East,Fort,"Historical,Adventure,Cultural","Friends,Solo,Family",20,300,900,800,2800,300,800,24.9387,84.042,4.2,11000,10,2,Urban,BIH-44,37.3,False,Moderate,Half-day (2-4 hrs)
186,Sher Shah Suri Tomb,Sasaram,Bihar,East,Mausoleum,"Historical,Architecture,Cultural","Friends,Family,Solo",0,100,300,800,2900,300,800,24.9451,84.0034,4.5,18000,10,3,Urban,BIH-44,51.3,False,Moderate,Half-day (2-4 hrs)
187,Mundeshwari Temple,Kaimur,Bihar,East,Temple,"Historical,Spiritual,Architecture","Family,Solo",0,100,300,800,2900,300,800,24.878,83.696,4.4,15000,10,2,Urban,BIH-44,46.8,False,Easy,Short (1-2 hrs)
188,Pawapuri Jal Mandir,Pawapuri,Bihar,East,Temple,"Pilgrimage,Spiritual,Cultural","Family,Solo",0,50,200,800,2800,300,800,24.9567,84.45,4.6,18000,10,3,Urban,BIH-48,56.8,False,Easy,Short (1-2 hrs)
189,Patan Devi Temple,Patna,Bihar,East,Temple,"Pilgrimage,Spiritual","Family,Solo,Couples",0,50,200,1000,3800,300,800,25.625,85.141,4.3,14000,10,3,Urban,BIH-43,41.6,False,Easy,Short (1-2 hrs)
190,Janki Mandir,Sitamarhi,Bihar,East,Temple,"Spiritual,Pilgrimage,Cultural","Family,Solo",0,100,300,800,2800,300,800,26.589,85.489,4.8,35000,10,3,Urban,BIH-49,64.5,True,Easy,Short (1-2 hrs)
191,Hundru Falls,Ranchi,Jharkhand,East,Waterfall,"Nature,Adventure,Photography","Friends,Couples,Solo",50,200,600,1200,4000,300,900,23.4056,85.4972,4.6,21000,10,3,Urban,JHA-116,56.1,False,Moderate,Half-day (2-4 hrs)
192,Dassam Falls,Ranchi,Jharkhand,East,Waterfall,"Nature,Adventure,Photography","Friends,Couples,Family",50,200,600,1200,4000,300,900,23.2775,85.5425,4.5,18000,10,3,Urban,JHA-116,51.3,False,Moderate,Half-day (2-4 hrs)
193,Jonha Falls,Ranchi,Jharkhand,East,Waterfall,"Nature,Adventure,Photography","Friends,Couples,Solo",30,150,500,1200,3800,300,850,23.373,85.5164,4.4,15000,10,3,Mountain,JHA-116,46.8,False,Moderate,Half-day (2-4 hrs)
194,Patratu Valley & Dam,Ramgarh,Jharkhand,East,Valley,"Nature,Roadtrip,Photography","Friends,Couples,Solo",0,200,700,1000,3500,300,850,23.665,85.3,4.7,25000,10,3,Forest,JHA-116,60.7,False,Moderate,Full-day (4-8 hrs)
195,Netarhat Hill Station,Latehar,Jharkhand,East,Hill Station,"Nature,Romantic,Photography","Couples,Friends,Solo",0,300,900,1000,3200,300,800,23.474,84.27,4.6,12000,10,3,Urban,JHA-117,58.7,False,Moderate,Full-day (4-8 hrs)
196,Betla National Park,Latehar,Jharkhand,East,Wildlife,"Wildlife,Nature,Adventure","Friends,Family,Solo",100,800,1800,1200,3500,350,1000,23.88,84.2,4.4,14000,11,4,Forest,JHA-117,47.1,False,Moderate,Full-day (4-8 hrs)
197,Baidhyanath Dham,Deoghar,Jharkhand,East,Temple,"Pilgrimage,Spiritual,Cultural","Family,Solo,Couples",0,100,400,900,3200,300,800,24.4925,86.6996,4.8,90000,10,3,Urban,JHA-120,60.0,False,Easy,Short (1-2 hrs)
198,Parasnath Hill,Giridih,Jharkhand,East,Hill,"Spiritual,Trekking,Nature","Solo,Friends,Spiritual",0,300,900,800,2800,300,750,23.963,86.139,4.7,22000,10,3,Forest,JHA-118,61.3,False,Moderate,Half-day (2-4 hrs)
199,Rajrappa Temple,Ramgarh,Jharkhand,East,Temple,"Pilgrimage,Spiritual,Nature","Family,Solo",0,100,300,900,3000,300,750,23.631,85.516,4.5,20000,10,3,Urban,JHA-116,50.8,False,Easy,Short (1-2 hrs)
200,Birsa Zoological Park,Ranchi,Jharkhand,East,Zoo,"Wildlife,Family","Family,Friends",50,150,400,1200,3800,300,850,23.438,85.312,4.4,17000,10,3,Urban,JHA-116,46.2,False,Easy,Half-day (2-4 hrs)
201,Rock Garden Ranchi,Ranchi,Jharkhand,East,Park,"Nature,Photography,Relaxation","Family,Couples,Friends",30,100,300,1200,3800,300,850,23.392,85.318,4.3,16000,10,3,Urban,JHA-116,41.0,False,Easy,Half-day (2-4 hrs)
202,Tagore Hill,Ranchi,Jharkhand,East,Hill,"Historical,Photography,Peaceful","Solo,Couples,Friends",0,100,250,1200,3800,300,850,23.3924,85.3096,4.5,19000,10,3,Urban,JHA-116,51.1,False,Moderate,Half-day (2-4 hrs)
203,Deori Temple,Ranchi,Jharkhand,East,Temple,"Spiritual,Pilgrimage","Family,Solo",0,50,200,1200,3500,300,850,23.455,85.639,4.6,21000,10,3,Urban,JHA-116,56.1,False,Easy,Short (1-2 hrs)
204,Jagannath Temple Ranchi,Ranchi,Jharkhand,East,Temple,"Spiritual,Cultural","Family,Solo,Couples",0,50,200,1200,3500,300,850,23.345,85.309,4.5,15000,10,3,Mountain,JHA-116,52.2,False,Moderate,Short (1-2 hrs)
205,Lodh Falls,Latehar,Jharkhand,East,Waterfall,"Nature,Adventure,Photography","Friends,Solo,Couples",50,200,600,1000,3200,300,800,23.556,84.176,4.6,9000,10,3,Mountain,JHA-117,60.1,False,Moderate,Half-day (2-4 hrs)
206,Victoria Memorial,Kolkata,West Bengal,East,Monument,"Historical,Architecture,Cultural","Family,Solo,Friends,Couples",30,0,200,1500,8000,300,900,22.5448,88.3426,4.7,75000,10,3,Mountain,WES-288,55.5,False,Moderate,Short (1-2 hrs)
207,Howrah Bridge,Kolkata,West Bengal,East,Bridge,"Architecture,Cultural","Family,Solo,Friends",0,0,0,1500,8000,300,900,22.585,88.3468,4.7,65000,10,3,Forest,WES-288,56.1,False,Moderate,Short (1-2 hrs)
208,Dakshineswar Kali Temple,Kolkata,West Bengal,East,Temple,"Spiritual,Pilgrimage","Family,Solo",0,50,200,1200,7000,300,800,22.6547,88.3572,4.8,90000,10,3,Coastal,WES-288,60.0,False,Easy,Short (1-2 hrs)
209,Kalighat Temple,Kolkata,West Bengal,East,Temple,"Spiritual,Pilgrimage","Family,Solo",0,50,300,1200,7000,300,800,22.52,88.3426,4.6,60000,10,3,Coastal,WES-288,51.1,False,Easy,Short (1-2 hrs)
210,Indian Museum,Kolkata,West Bengal,East,Museum,"Historical,","Family,Solo,Friends",75,0,200,1500,8000,300,900,22.5579,88.3515,4.6,42000,10,3,Urban,WES-288,52.8,False,Easy,Half-day (2-4 hrs)
211,Darjeeling Himalayan Railway,Darjeeling,West Bengal,East,Mountain Railway,"Historical,Adventure,Scenic","Family,Couples,Friends",100,1000,2500,2000,9000,400,1000,27.041,88.2663,4.7,35000,3,6,Urban,WES-289,59.1,False,Moderate,Half-day (2-4 hrs)
212,Tiger Hill,Darjeeling,West Bengal,East,Hill Viewpoint,"Nature,Scenic,Romantic","Couples,Family,Friends",50,100,300,2000,9000,400,1000,27.0106,88.2636,4.6,30000,3,6,Urban,WES-289,54.4,False,Moderate,Short (1-2 hrs)
213,Batasia Loop,Darjeeling,West Bengal,East,Scenic Railway Point,"Nature,Architecture","Family,Couples,Friends",20,50,200,2000,9000,400,1000,27.0343,88.2627,4.6,22000,3,6,Forest,WES-289,55.8,False,Moderate,Half-day (2-4 hrs)
214,Sundarbans National Park,South 24 Parganas,West Bengal,East,National Park,"Wildlife,Adventure,Nature","Friends,Solo,Family",60,2000,5000,2500,10000,500,1200,21.9497,89.1833,4.5,18000,11,3,Coastal,WES-295,51.3,False,Moderate,Full-day (4-8 hrs)
215,Digha Beach,Digha,West Bengal,East,Beach,"Nature,Romantic","Couples,Family,Friends",0,200,1000,1500,7000,400,1000,21.6266,87.5076,4.4,40000,10,3,Coastal,WES-290,42.1,False,Easy,Full-day (4-8 hrs)
216,Mandarmani Beach,Mandarmani,West Bengal,East,Beach,"Romantic,Nature","Couples,Friends",0,200,1000,1500,7000,400,1000,21.6568,87.65,4.4,28000,10,3,Urban,WES-290,43.8,False,Easy,Full-day (4-8 hrs)
217,Bishnupur Terracotta Temples,Bishnupur,West Bengal,East,Temple Complex,"Historical,Architecture","Family,Solo,Friends",25,50,200,1200,5000,300,800,23.075,87.3199,4.6,15000,10,3,Urban,WES-296,57.7,False,Easy,Short (1-2 hrs)
218,Hazarduari Palace,Murshidabad,West Bengal,East,Palace,"Historical,Architecture","Family,Solo",50,0,200,1200,5000,300,800,24.183,88.2717,4.5,16000,10,3,Urban,WES-291,51.9,False,Easy,Half-day (2-4 hrs)
219,Cooch Behar Palace,Cooch Behar,West Bengal,East,Palace,"Historical,Architecture","Family,Solo,Friends",30,0,200,1200,5000,300,800,26.322,89.451,4.5,12000,10,3,Urban,WES-297,53.3,False,Easy,Half-day (2-4 hrs)
220,Jaldapara National Park,Alipurduar,West Bengal,East,National Park,"Wildlife,Nature,Adventure","Friends,Family,Solo",200,1500,4000,2000,8000,400,1000,26.683,89.34,4.5,14000,11,4,Urban,WES-292,52.5,False,Moderate,Full-day (4-8 hrs)
221,Gorumara National Park,Lataguri,West Bengal,East,National Park,"Wildlife,Nature","Family,Friends",200,1500,4000,2000,8000,400,1000,26.7,88.8,4.5,13000,11,4,Urban,WES-289,52.9,False,Moderate,Full-day (4-8 hrs)
222,Belur Math,Howrah,West Bengal,East,Temple,"Spiritual,Cultural","Family,Solo",0,50,200,1200,6000,300,800,22.6325,88.3553,4.8,50000,10,3,Urban,WES-288,62.8,False,Easy,Short (1-2 hrs)
223,Shantiniketan,Bolpur,West Bengal,East,Cultural Town,"Cultural,","Family,Solo,Friends",0,100,400,1500,7000,300,900,23.6778,87.6846,4.6,22000,10,3,Forest,WES-298,55.8,False,Moderate,Half-day (2-4 hrs)
224,Neora Valley National Park,Kalimpong,West Bengal,East,National Park,"Wildlife,Nature,Adventure","Friends,Solo",200,2000,4500,2000,9000,400,1000,27.05,88.7,4.4,6000,11,4,Urban,WES-289,51.1,False,Moderate,Full-day (4-8 hrs)
225,Science City,Kolkata,West Bengal,East,Science Museum,",Entertainment","Family,Friends",60,100,300,1500,8000,300,900,22.54,88.395,4.5,30000,10,3,Valley,WES-288,48.9,False,Easy,Half-day (2-4 hrs)
226,Ecological Park,Kolkata,West Bengal,East,Urban Park,"Nature,Recreation","Family,Couples,Friends",30,100,500,1500,8000,300,900,22.5806,88.4666,4.5,45000,10,3,Mountain,WES-288,47.0,False,Moderate,Half-day (2-4 hrs)
227,Jagannath Temple,Puri,Odisha,East,Temple,"Spiritual,Pilgrimage,Cultural","Family,Solo",0,100,300,1200,7000,300,800,19.8047,85.818,4.8,120000,10,3,Coastal,ODI-191,58.7,False,Easy,Short (1-2 hrs)
228,Puri Beach,Puri,Odisha,East,Beach,"Nature,Relaxation,Romantic","Couples,Family,Friends",0,200,800,1200,7000,400,900,19.7983,85.8249,4.6,65000,10,3,Coastal,ODI-191,50.7,False,Easy,Full-day (4-8 hrs)
229,Konark Sun Temple,Konark,Odisha,East,Monument,"Historical,Architecture,Cultural","Family,Solo,Friends",40,100,300,1500,8000,400,900,19.8876,86.0945,4.7,70000,10,3,Forest,ODI-191,55.8,False,Moderate,Short (1-2 hrs)
230,Chilika Lake,Satapada,Odisha,East,Lake,"Nature,Wildlife,Scenic","Family,Couples,Friends",20,800,2500,1500,7000,400,900,19.845,85.478,4.6,32000,11,2,Mountain,ODI-191,54.1,False,Moderate,Full-day (4-8 hrs)
231,Udayagiri And Khandagiri Caves,Bhubaneswar,Odisha,East,Cave,"Historical,Architecture","Family,Solo,Friends",25,50,200,1500,7000,300,800,20.2425,85.783,4.5,22000,10,3,Urban,ODI-192,50.4,False,Moderate,Half-day (2-4 hrs)
232,Lingaraj Temple,Bhubaneswar,Odisha,East,Temple,"Spiritual,Pilgrimage","Family,Solo",0,50,200,1500,7000,300,800,20.238,85.833,4.7,45000,10,3,Urban,ODI-192,57.9,False,Easy,Short (1-2 hrs)
233,Mukteshwar Temple,Bhubaneswar,Odisha,East,Temple,"Historical,Architecture,Spiritual","Family,Solo",0,50,200,1500,7000,300,800,20.2473,85.8337,4.7,18000,10,3,Urban,ODI-192,62.2,False,Easy,Short (1-2 hrs)
234,Rajarani Temple,Bhubaneswar,Odisha,East,Temple,"Historical,Architecture","Family,Solo,Friends",25,50,200,1500,7000,300,800,20.2513,85.8406,4.6,16000,10,3,Urban,ODI-192,57.4,False,Easy,Short (1-2 hrs)
235,Dhauli Shanti Stupa,Bhubaneswar,Odisha,East,Stupa,"Historical,Spiritual","Family,Solo,Friends",25,50,200,1500,7000,300,800,20.192,85.843,4.6,20000,10,3,Urban,ODI-192,56.3,False,Easy,Short (1-2 hrs)
236,Nandankanan Zoological Park,Bhubaneswar,Odisha,East,Zoo,"Wildlife,Nature,","Family,Friends",50,200,500,1500,7000,400,900,20.395,85.819,4.5,35000,10,3,Forest,ODI-192,48.2,False,Moderate,Half-day (2-4 hrs)
237,Simlipal National Park,Mayurbhanj,Odisha,East,National Park,"Wildlife,Nature,Adventure","Friends,Solo,Family",200,1500,4000,2000,9000,400,1000,21.95,86.35,4.5,12000,11,4,Island,ODI-194,53.3,False,Moderate,Full-day (4-8 hrs)
238,Hirakud Dam,Sambalpur,Odisha,East,Dam,"Nature,Scenic","Family,Friends",0,50,200,1200,6000,300,800,21.52,83.87,4.5,14000,10,3,Urban,ODI-195,52.5,False,Moderate,Half-day (2-4 hrs)
239,Satkosia Gorge,Angul,Odisha,East,River Gorge,"Nature,Adventure","Friends,Solo",100,1000,3000,1500,7000,400,900,20.58,84.8,4.4,6000,11,3,Forest,ODI-196,51.1,False,Strenuous,Half-day (2-4 hrs)
240,Daringbadi,Daringbadi,Odisha,East,Hill Station,"Nature,Romantic,Scenic","Couples,Family,Friends",0,200,800,1500,7000,400,900,19.905,84.122,4.4,10000,10,3,Island,ODI-197,48.7,False,Moderate,Full-day (4-8 hrs)
241,Chandipur Beach,Balasore,Odisha,East,Beach,"Nature,Scenic","Family,Couples,Friends",0,200,600,1200,6000,400,900,21.467,87.013,4.4,12000,10,3,Mountain,ODI-198,47.8,False,Moderate,Full-day (4-8 hrs)
242,Gopalpur Beach,Gopalpur,Odisha,East,Beach,"Nature,Romantic,Relaxation","Couples,Family",0,200,700,1500,7000,400,900,19.258,84.907,4.5,15000,10,3,Forest,ODI-199,52.2,False,Moderate,Full-day (4-8 hrs)
243,Bhitarkanika National Park,Kendrapara,Odisha,East,National Park,"Wildlife,Nature","Friends,Solo,Family",100,1500,3500,1500,7000,400,900,20.7,86.9,4.5,9000,11,3,Urban,ODI-200,54.6,False,Moderate,Full-day (4-8 hrs)
244,Ratnagiri Buddhist Cultural Site,Jajpur,Odisha,East,Archaeological Site,"Historical,Spiritual","Family,Solo,Friends",25,50,200,1200,6000,300,800,20.65,86.33,4.4,5000,10,3,Urban,ODI-193,52.0,False,Moderate,Half-day (2-4 hrs)
245,Lalitgiri,Jajpur,Odisha,East,Archaeological Site,"Historical,Spiritual","Family,Solo",25,50,200,1200,6000,300,800,20.62,86.32,4.4,4500,10,3,Urban,ODI-193,52.5,False,Moderate,Half-day (2-4 hrs)
246,Netaji Birth Place Museum,Cuttack,Odisha,East,Museum,"Historical,Cultural","Family,Solo,Friends",20,50,200,1200,6000,300,800,20.4625,85.8828,4.6,8000,10,3,Forest,ODI-192,60.7,False,Moderate,Half-day (2-4 hrs)
247,Barabati Fort,Cuttack,Odisha,East,Fort,"Historical,Architecture","Family,Solo,Friends",0,50,200,1200,6000,300,800,20.484,85.858,4.3,7000,10,3,Forest,ODI-192,44.9,False,Moderate,Half-day (2-4 hrs)
248,Kapilash Temple,Dhenkanal,Odisha,East,Temple,"Spiritual,Pilgrimage","Family,Solo",0,100,300,1200,6000,300,800,20.65,85.58,4.6,9000,10,3,Forest,ODI-192,60.1,False,Moderate,Short (1-2 hrs)
249,Kaziranga National Park,Golaghat,Assam,Northeast,Wildlife,"Wildlife,Safari,Nature","Friends,Family,Couples,Solo",100,1500,4500,2000,7000,400,1200,26.5775,93.1711,4.8,82000,11,4,Mountain,ASS-30,60.5,False,Moderate,Full-day (4-8 hrs)
250,Majuli Island,Majuli,Assam,Northeast,Island,"Cultural,Nature,Photography","Friends,Solo,Couples",0,300,900,1200,4000,350,1000,26.95,94.2,4.7,32000,10,4,Forest,ASS-31,59.5,False,Moderate,Full-day (4-8 hrs)
251,Kamakhya Temple,Guwahati,Assam,Northeast,Temple,"Spiritual,Pilgrimage,Cultural","Family,Solo,Couples",0,100,400,1500,6000,350,1000,26.1665,91.705,4.7,120000,10,4,Mountain,ASS-32,53.2,False,Moderate,Short (1-2 hrs)
252,Manas National Park,Baksa,Assam,Northeast,Wildlife,"Wildlife,Adventure,Nature","Friends,Solo,Couples",100,1200,4000,1800,6500,350,1100,26.6595,91.0011,4.7,28000,11,4,Urban,ASS-33,60.1,False,Moderate,Full-day (4-8 hrs)
253,Umananda Island,Guwahati,Assam,Northeast,Island,"Spiritual,Nature,Photography","Friends,Couples,Solo",20,200,500,1500,6000,350,1000,26.1965,91.744,4.5,21000,10,4,Mountain,ASS-32,50.6,False,Moderate,Full-day (4-8 hrs)
254,Haflong Hill Station,Haflong,Assam,Northeast,Hill Station,"Nature,Romantic,Photography","Couples,Friends,Solo",0,400,1200,1500,4500,350,900,25.164,93.017,4.5,14000,10,4,Forest,ASS-34,52.5,False,Moderate,Full-day (4-8 hrs)
255,Pobitora Wildlife Sanctuary,Morigaon,Assam,Northeast,Wildlife,"Wildlife,Safari,Nature","Friends,Solo,Family",50,800,2500,1500,4500,350,900,26.225,92.05,4.6,17000,11,4,Urban,ASS-32,57.1,False,Moderate,Full-day (4-8 hrs)
256,Sivasagar Ahom Monuments,Sivasagar,Assam,Northeast,Monument,"Historical,Cultural,Architecture","Friends,Family,Solo",30,200,600,1200,3500,300,850,26.984,94.637,4.5,12000,10,3,Urban,ASS-31,53.3,False,Easy,Short (1-2 hrs)
257,Talatal Ghar,Sivasagar,Assam,Northeast,Monument,"Historical,Architecture,Cultural","Friends,Family,Solo",30,150,500,1200,3500,300,850,26.9845,94.64,4.4,10000,10,3,Urban,ASS-31,48.7,False,Easy,Short (1-2 hrs)
258,Rang Ghar,Sivasagar,Assam,Northeast,Monument,"Historical,Architecture,Cultural","Friends,Family,Solo",30,150,500,1200,3500,300,850,26.9842,94.6395,4.4,9500,10,3,Mountain,ASS-31,48.9,False,Moderate,Short (1-2 hrs)
259,Dibru Saikhowa National Park,Tinsukia,Assam,Northeast,Wildlife,"Wildlife,Birdwatching,Nature","Friends,Solo,Couples",100,1200,3500,1500,4500,350,900,27.7,95.35,4.6,9000,11,4,Mountain,ASS-35,60.1,False,Moderate,Full-day (4-8 hrs)
260,Orang National Park,Darrang,Assam,Northeast,Wildlife,"Wildlife,Safari,Nature","Friends,Family,Solo",100,1000,3000,1500,4000,350,900,26.56,92.266,4.5,8000,11,4,Forest,ASS-38,55.2,False,Moderate,Full-day (4-8 hrs)
261,Dipor Bil,Guwahati,Assam,Northeast,Lake,"Nature,Birdwatching,Photography","Friends,Solo",0,150,400,1500,6000,350,1000,26.12,91.65,4.4,6000,10,3,Mountain,ASS-32,51.1,False,Moderate,Full-day (4-8 hrs)
262,Kakochang Waterfalls,Bokakhat,Assam,Northeast,Waterfall,"Nature,Photography,Adventure","Friends,Couples,Solo",20,200,500,1500,4500,350,900,26.56,93.65,4.4,7000,10,3,Forest,ASS-39,50.4,False,Moderate,Half-day (2-4 hrs)
263,Nameri National Park,Sonitpur,Assam,Northeast,Wildlife,"Nature,Rafting,Wildlife","Friends,Solo,Couples",100,1200,3500,1500,4500,350,900,27.033,92.82,4.6,9000,11,4,Forest,ASS-36,60.1,False,Moderate,Full-day (4-8 hrs)
264,Chandubi Lake,Kamrup,Assam,Northeast,Lake,"Nature,Relaxation,Photography","Friends,Couples,Family",50,300,800,1200,3500,300,850,25.96,91.43,4.5,6500,10,3,Urban,ASS-32,56.2,False,Easy,Full-day (4-8 hrs)
265,Hajo,Hajo,Assam,Northeast,Temple Town,"Spiritual,Pilgrimage,Cultural","Family,Solo",0,100,300,1200,3500,300,850,26.25,91.51,4.5,8000,10,4,Mountain,ASS-32,55.2,False,Moderate,Short (1-2 hrs)
266,Sri Surya Pahar,Goalpara,Assam,Northeast,Archaeological Site,"Historical,Archaeological,Cultural","Friends,Solo",20,150,400,1000,3000,300,800,26.1,90.62,4.3,4000,10,3,Mountain,ASS-40,47.6,False,Moderate,Half-day (2-4 hrs)
267,Barpeta Satra,Barpeta,Assam,Northeast,Monastery,"Spiritual,Cultural,Heritage","Family,Solo",0,100,250,1000,3000,300,800,26.32,91.0,4.4,5000,10,3,Mountain,ASS-33,52.0,False,Moderate,Half-day (2-4 hrs)
268,Tezpur Agnigarh,Tezpur,Assam,Northeast,Hill,"Historical,Romantic,Photography","Couples,Friends,Solo",20,150,400,1200,3500,300,850,26.652,92.79,4.4,7000,10,3,Mountain,ASS-30,50.4,False,Moderate,Half-day (2-4 hrs)
269,Bhalukpong,Bhalukpong,Assam,Northeast,Nature Spot,"Adventure,Nature,Rafting","Friends,Solo,Couples",50,500,1500,1500,4500,350,900,27.017,92.573,4.6,9000,10,4,Mountain,ASS-36,60.1,False,Moderate,Half-day (2-4 hrs)
270,Hoollongapar Gibbon Sanctuary,Jorhat,Assam,Northeast,Wildlife,"Wildlife,Nature,Photography","Friends,Solo",50,300,900,1200,3500,300,850,26.75,94.35,4.5,6000,10,4,Mountain,ASS-31,56.6,False,Moderate,Full-day (4-8 hrs)
271,Panimoor Waterfall,Dima Hasao,Assam,Northeast,Waterfall,"Nature,Adventure,Photography","Friends,Couples,Solo",20,200,600,1200,3500,300,850,25.2,92.75,4.5,5000,10,3,Urban,ASS-34,57.4,False,Moderate,Half-day (2-4 hrs)
272,Dehing Patkai National Park,Dibrugarh,Assam,Northeast,Wildlife,"Wildlife,Rainforest,Nature","Friends,Solo,Couples",100,1200,3500,1500,4500,350,900,27.283,95.55,4.6,7000,11,4,Mountain,ASS-37,61.3,False,Moderate,Full-day (4-8 hrs)
273,Sualkuchi,Sualkuchi,Assam,Northeast,Village,"Cultural,Handloom,Heritage","Friends,Family,Solo",0,200,500,1200,3500,300,850,26.17,91.57,4.4,6000,10,3,Urban,ASS-32,51.1,False,Easy,Half-day (2-4 hrs)
274,Digboi Oil Town,Digboi,Assam,Northeast,Heritage Town,"Historical,Industrial,Heritage","Friends,Solo",50,200,500,1200,3500,300,850,27.39,95.63,4.3,4000,10,3,Valley,ASS-37,47.6,False,Easy,Half-day (2-4 hrs)
275,Sadiya,Tinsukia,Assam,Northeast,Nature Spot,"Nature,River,Photography","Friends,Solo,Couples",0,200,600,1200,3500,300,850,27.84,95.67,4.3,3000,10,3,Mountain,ASS-35,49.0,False,Moderate,Half-day (2-4 hrs)
276,Tawang Monastery,Tawang,Arunachal Pradesh,Northeast,Monastery,"Spiritual,Historical,Cultural","Family,Solo,Couples",0,0,500,1500,6000,300,900,27.5862,91.8696,4.8,21000,3,10,Mountain,ARU-17,67.0,True,Moderate,Half-day (2-4 hrs)
277,Sela Pass,Tawang,Arunachal Pradesh,Northeast,Mountain Pass,"Nature,Adventure","Friends,Solo,Couples",0,200,1500,1500,5000,300,900,27.5013,92.114,4.8,18000,3,6,Urban,ARU-17,67.7,True,Strenuous,Half-day (2-4 hrs)
278,Ziro Valley,Ziro,Arunachal Pradesh,Northeast,Valley,"Nature,Cultural,Romantic","Couples,Friends,Family",0,300,1500,2000,7000,400,1000,27.5949,93.8381,4.7,16000,3,5,Mountain,ARU-18,62.8,False,Moderate,Full-day (4-8 hrs)
279,Namdapha National Park,Miao,Arunachal Pradesh,Northeast,National Park,"Nature,Wildlife,Adventure","Friends,Solo,Family",200,1500,5000,2000,7000,400,1000,27.5167,96.3833,4.6,6000,11,4,Valley,ARU-19,62.0,False,Moderate,Full-day (4-8 hrs)
280,Bomdila Monastery,Bomdila,Arunachal Pradesh,Northeast,Monastery,"Spiritual,Cultural","Family,Solo",0,0,300,1500,5000,300,900,27.2648,92.4154,4.5,7000,10,4,Mountain,ARU-17,55.8,False,Moderate,Half-day (2-4 hrs)
281,Dirang Valley,Dirang,Arunachal Pradesh,Northeast,Valley,"Nature,Romantic","Couples,Family,Friends",0,200,1000,1500,5000,300,900,27.36,92.245,4.6,9000,3,6,Mountain,ARU-17,60.1,False,Moderate,Full-day (4-8 hrs)
282,Gorichen Peak,Tawang,Arunachal Pradesh,Northeast,Mountain,"Adventure,Nature","Friends,Solo",0,1500,5000,1500,5000,300,900,27.7025,92.0333,4.6,2000,4,10,Mountain,ARU-17,67.2,True,Moderate,Half-day (2-4 hrs)
283,Madhuri Lake (Sangetsar Lake),Tawang,Arunachal Pradesh,Northeast,Lake,"Nature,Romantic","Couples,Friends,Family",50,200,1000,1500,5000,300,900,27.6963,91.8416,4.8,14000,4,10,Mountain,ARU-17,68.9,True,Moderate,Full-day (4-8 hrs)
284,Bum La Pass,Tawang,Arunachal Pradesh,Northeast,Mountain Pass,"Adventure,Nature","Friends,Solo",0,500,2000,1500,5000,300,900,27.7344,91.8497,4.8,12000,5,10,Forest,ARU-17,69.6,True,Strenuous,Half-day (2-4 hrs)
285,Itanagar Fort,Itanagar,Arunachal Pradesh,Northeast,Fort,Historical,"Family,Solo",20,0,200,1200,4000,300,900,27.0844,93.6053,4.2,2500,10,4,Forest,ARU-20,44.4,False,Moderate,Half-day (2-4 hrs)
286,Ganga Lake (Gyakar Sinyi),Itanagar,Arunachal Pradesh,Northeast,Lake,"Nature,Relaxation","Family,Couples,Friends",50,200,800,1200,4000,300,900,27.0615,93.658,4.4,5000,10,4,Mountain,ARU-20,52.0,False,Moderate,Full-day (4-8 hrs)
287,Pasighat,Pasighat,Arunachal Pradesh,Northeast,Town,"Nature,Adventure","Friends,Family",0,500,2000,1500,5000,300,900,28.0667,95.3333,4.4,3500,10,4,Urban,ARU-21,53.7,False,Easy,Half-day (2-4 hrs)
288,Mechuka Valley,Mechuka,Arunachal Pradesh,Northeast,Valley,"Nature,Romantic,Adventure","Couples,Friends,Solo",0,500,2000,2000,7000,400,1000,28.5975,94.1261,4.7,6000,11,4,Mountain,ARU-23,67.5,True,Moderate,Full-day (4-8 hrs)
289,Roing,Roing,Arunachal Pradesh,Northeast,Town,"Nature,Cultural","Family,Friends",0,300,1500,1500,5000,300,900,28.15,95.8333,4.3,2200,10,4,Mountain,ARU-22,50.4,False,Moderate,Half-day (2-4 hrs)
290,Mayodia Pass,Roing,Arunachal Pradesh,Northeast,Mountain Pass,"Nature,Adventure","Friends,Solo",0,200,1000,1500,5000,300,900,28.2833,95.6833,4.5,4000,11,4,Urban,ARU-22,58.5,False,Strenuous,Half-day (2-4 hrs)
291,Tezu,Tezu,Arunachal Pradesh,Northeast,Town,"Nature,Cultural","Family,Friends",0,200,1000,1500,5000,300,900,27.9167,96.1667,4.2,1800,10,4,Urban,ARU-19,45.9,False,Easy,Half-day (2-4 hrs)
292,Parshuram Kund,Lohit,Arunachal Pradesh,Northeast,Pilgrimage Site,"Spiritual,Pilgrimage","Family,Solo",0,0,200,1200,4000,300,900,27.822,96.32,4.6,8000,10,4,Urban,ARU-19,60.7,False,Moderate,Half-day (2-4 hrs)
293,Daporijo,Daporijo,Arunachal Pradesh,Northeast,Town,"Nature,Relaxation","Family,Friends",0,200,1000,1200,4000,300,900,27.9868,94.2228,4.1,1500,10,4,Urban,ARU-24,41.3,False,Easy,Half-day (2-4 hrs)
294,Aalo,Aalo,Arunachal Pradesh,Northeast,Town,"Nature,Cultural","Family,Friends",0,200,1000,1200,4000,300,900,28.1667,94.7667,4.2,1700,10,4,Mountain,ARU-25,46.2,False,Moderate,Half-day (2-4 hrs)
295,Yingkiong,Yingkiong,Arunachal Pradesh,Northeast,Town,Nature,"Family,Friends",0,200,1000,1200,4000,300,900,28.6167,95.05,4.0,900,10,4,Mountain,ARU-26,38.3,False,Moderate,Half-day (2-4 hrs)
296,Anini,Anini,Arunachal Pradesh,Northeast,Town,"Nature,Adventure","Friends,Solo",0,300,1500,1500,5000,300,900,28.8,95.9,4.3,1100,10,4,Mountain,ARU-27,53.7,False,Moderate,Half-day (2-4 hrs)
297,Khonsa,Khonsa,Arunachal Pradesh,Northeast,Town,"Nature,Cultural","Family,Friends",0,200,1000,1200,4000,300,900,27.0167,95.5667,4.1,1000,11,4,Urban,ARU-28,43.3,False,Easy,Half-day (2-4 hrs)
298,Talley Valley Wildlife Sanctuary,Ziro,Arunachal Pradesh,Northeast,Wildlife Sanctuary,"Nature,Wildlife,Adventure","Friends,Solo,Family",100,1000,3000,2000,7000,400,1000,27.5833,93.8333,4.5,3000,11,4,Urban,ARU-18,59.9,False,Moderate,Full-day (4-8 hrs)
299,Pakke Tiger Reserve,Seijosa,Arunachal Pradesh,Northeast,Tiger Reserve,"Nature,Wildlife,Adventure","Friends,Family",200,1500,4000,2000,7000,400,1000,26.9,92.7,4.6,3500,11,4,Mountain,ARU-17,64.6,True,Moderate,Full-day (4-8 hrs)
300,Nuranang Falls,Tawang,Arunachal Pradesh,Northeast,Waterfall,"Nature,Adventure","Friends,Family",50,200,1000,1500,5000,300,900,27.4955,92.0219,4.7,10000,4,10,Mountain,ARU-17,65.0,True,Moderate,Half-day (2-4 hrs)
301,Golden Pagoda (Kongmu Kham),Namsai,Arunachal Pradesh,Northeast,Temple,"Spiritual,Cultural","Family,Solo",20,0,200,1500,5000,300,900,27.5671,95.9807,4.7,9000,10,4,Island,ARU-29,65.5,True,Easy,Short (1-2 hrs)
302,Siang River,Pasighat,Arunachal Pradesh,Northeast,River,"Nature,Adventure","Friends,Family",0,500,2000,1500,5000,300,900,28.0669,95.3353,4.6,4200,10,4,Urban,ARU-21,63.7,True,Moderate,Half-day (2-4 hrs)
303,Bhalukpong,Bhalukpong,Arunachal Pradesh,Northeast,Town,"Nature,Adventure","Friends,Family",0,500,2000,1500,5000,300,900,26.9906,92.6426,4.4,6500,10,4,Urban,ARU-17,50.7,False,Easy,Half-day (2-4 hrs)
304,Loktak Lake,Bishnupur,Manipur,Northeast,Lake,"Nature,Romantic,Adventure","Couples,Friends,Family",0,300,1500,1500,6000,300,900,24.55,93.8,4.7,15000,10,4,Urban,MAN-182,63.1,True,Easy,Full-day (4-8 hrs)
305,Keibul Lamjao National Park,Bishnupur,Manipur,Northeast,National Park,"Nature,Wildlife,Adventure","Friends,Family,Solo",100,800,2500,1500,6000,300,900,24.5,93.8,4.6,7000,10,4,Urban,MAN-182,61.3,False,Moderate,Full-day (4-8 hrs)
306,Kangla Fort,Imphal,Manipur,Northeast,Fort,"Historical,Cultural","Family,Solo,Friends",20,0,200,1200,5000,300,900,24.807,93.9368,4.5,9000,10,4,Urban,MAN-182,54.6,False,Moderate,Half-day (2-4 hrs)
307,Shree Govindajee Temple,Imphal,Manipur,Northeast,Temple,"Spiritual,Pilgrimage","Family,Solo",0,0,200,1200,5000,300,900,24.8075,93.94,4.6,8000,10,4,Urban,MAN-182,60.7,False,Easy,Short (1-2 hrs)
308,Ima Keithel (Mothers Market),Imphal,Manipur,Northeast,Market,"Cultural,Shopping","Friends,Family,Solo",0,200,1000,1200,5000,300,900,24.808,93.944,4.5,12000,10,4,Mountain,MAN-182,53.3,False,Moderate,Short (1-2 hrs)
309,Andro Village,Imphal East,Manipur,Northeast,Village,"Cultural,Heritage","Friends,Family,Solo",50,200,800,1200,5000,300,900,24.871,94.055,4.4,3500,10,4,Valley,MAN-182,53.7,False,Easy,Half-day (2-4 hrs)
310,Dzukou Valley,Senapati,Manipur,Northeast,Valley,"Nature,Adventure,Romantic","Friends,Solo,Couples",100,800,3000,1500,6000,300,900,25.233,94.02,4.8,18000,6,9,Mountain,MAN-182,67.7,True,Moderate,Full-day (4-8 hrs)
311,Ukhrul,Ukhrul,Manipur,Northeast,Hill Town,"Nature,Romantic","Friends,Couples,Family",0,300,1500,1500,6000,300,900,25.11,94.36,4.5,6000,10,4,Forest,MAN-182,56.6,False,Moderate,Half-day (2-4 hrs)
312,Shirui Hills,Ukhrul,Manipur,Northeast,Hill,"Nature,Adventure","Friends,Solo",0,500,2000,1500,6000,300,900,25.135,94.45,4.6,4000,4,7,Mountain,MAN-182,64.0,True,Moderate,Half-day (2-4 hrs)
313,Khongjom War Memorial,Thoubal,Manipur,Northeast,Memorial,Historical,"Family,Solo",20,0,200,1200,5000,300,900,24.53,94.02,4.3,2500,10,4,Mountain,MAN-182,49.8,False,Moderate,Short (1-2 hrs)
314,Tharon Cave,Tamenglong,Manipur,Northeast,Cave,"Adventure,Nature","Friends,Solo",50,500,2000,1500,6000,300,900,25.12,93.5,4.2,1500,10,4,Mountain,MAN-182,46.8,False,Moderate,Half-day (2-4 hrs)
315,Barak Waterfalls,Tamenglong,Manipur,Northeast,Waterfall,"Nature,Adventure","Friends,Family",0,200,1000,1500,6000,300,900,25.15,93.45,4.4,2200,10,4,Mountain,MAN-182,55.9,False,Moderate,Half-day (2-4 hrs)
316,Nongda Lairen Pakhangba Temple,Imphal,Manipur,Northeast,Temple,Spiritual,"Family,Solo",0,0,200,1200,5000,300,900,24.8,93.94,4.3,1200,10,4,Mountain,MAN-182,53.3,False,Moderate,Short (1-2 hrs)
317,Sekta Archaeological Living Museum,Imphal East,Manipur,Northeast,Museum,"Historical,","Family,Solo",20,0,200,1200,5000,300,900,24.9,94.05,4.2,900,10,4,Mountain,MAN-182,49.2,False,Moderate,Half-day (2-4 hrs)
318,Manipur State Museum,Imphal,Manipur,Northeast,Museum,"Historical,Cultural","Family,Solo",10,0,200,1200,5000,300,900,24.8078,93.9445,4.4,2000,10,4,Mountain,MAN-182,56.3,False,Moderate,Half-day (2-4 hrs)
319,Langthabal (Canchipur),Imphal West,Manipur,Northeast,Historic Site,"Historical,Cultural","Family,Solo",0,0,200,1200,5000,300,900,24.76,93.88,4.1,800,10,4,Mountain,MAN-182,44.3,False,Moderate,Half-day (2-4 hrs)
320,Red Hill (Maibam Lokpa Ching),Bishnupur,Manipur,Northeast,Historic Site,Historical,"Family,Solo",20,0,200,1200,5000,300,900,24.73,93.82,4.2,1000,10,4,Mountain,MAN-182,48.7,False,Moderate,Half-day (2-4 hrs)
321,Singda Dam,Imphal West,Manipur,Northeast,Dam,"Nature,Relaxation","Family,Friends",0,200,800,1200,5000,300,900,24.77,93.78,4.3,1800,10,4,Mountain,MAN-182,51.4,False,Moderate,Half-day (2-4 hrs)
322,Khoupum Valley,Tamenglong,Manipur,Northeast,Valley,"Nature,Romantic","Couples,Friends",0,200,1000,1500,6000,300,900,24.95,93.65,4.4,1200,10,4,Mountain,MAN-182,58.8,False,Moderate,Full-day (4-8 hrs)
323,Leimaram Waterfall,Bishnupur,Manipur,Northeast,Waterfall,"Nature,Adventure","Friends,Family",20,200,1000,1500,6000,300,900,24.65,93.78,4.4,2600,10,4,Mountain,MAN-182,55.1,False,Moderate,Half-day (2-4 hrs)
324,Sendra Island,Bishnupur,Manipur,Northeast,Island,"Nature,Romantic","Couples,Friends,Family",50,200,1000,1500,6000,300,900,24.56,93.82,4.5,3000,10,4,Mountain,MAN-182,59.9,False,Moderate,Full-day (4-8 hrs)
325,Ina Memorial Moirang,Bishnupur,Manipur,Northeast,Memorial,Historical,"Family,Solo",20,0,200,1200,5000,300,900,24.5,93.78,4.4,3500,10,4,Mountain,MAN-182,53.7,False,Moderate,Short (1-2 hrs)
326,Moirang,Bishnupur,Manipur,Northeast,Town,"Cultural,Historical","Family,Friends",0,200,1000,1200,5000,300,900,24.5,93.78,4.3,2500,10,4,Mountain,MAN-182,49.8,False,Moderate,Half-day (2-4 hrs)
327,Churachandpur,Churachandpur,Manipur,Northeast,Town,"Cultural,Nature","Family,Friends",0,200,1000,1200,5000,300,900,24.333,93.683,4.1,900,10,4,Mountain,MAN-182,43.8,False,Moderate,Half-day (2-4 hrs)
328,Tamenglong,Tamenglong,Manipur,Northeast,Hill Town,"Nature,Adventure","Friends,Family",0,300,1500,1500,6000,300,900,24.98,93.5,4.2,1000,10,4,Mountain,MAN-182,48.7,False,Moderate,Half-day (2-4 hrs)
329,Living Root Bridge Nongriat,Cherrapunji,Meghalaya,Northeast,Bridge,"Adventure,Nature,Trekking","Friends,Solo",20,500,1500,1200,3500,300,800,25.2706,91.7286,4.7,12000,10,4,Mountain,MEG-183,64.2,True,Moderate,Short (1-2 hrs)
330,Double Decker Living Root Bridge,Nongriat,Meghalaya,Northeast,Bridge,"Adventure,Trekking,Nature","Friends,Solo",20,700,1800,1200,3500,300,800,25.2685,91.7294,4.8,15000,10,4,Mountain,MEG-183,68.6,True,Moderate,Short (1-2 hrs)
331,Nohkalikai Falls,Cherrapunji,Meghalaya,Northeast,Waterfall,"Nature,Photography","Friends,Family",50,100,300,1200,3500,300,800,25.2756,91.6952,4.7,18000,10,5,Mountain,MEG-183,62.2,False,Moderate,Half-day (2-4 hrs)
332,Seven Sisters Falls,Cherrapunji,Meghalaya,Northeast,Waterfall,"Nature,Photography","Friends,Family",20,100,300,1200,3500,300,800,25.2931,91.6872,4.5,9000,6,9,Mountain,MEG-183,54.6,False,Moderate,Half-day (2-4 hrs)
333,Mawsmai Cave,Cherrapunji,Meghalaya,Northeast,Cave,"Adventure,Nature","Friends,Family",20,200,600,1200,3500,300,800,25.2748,91.7074,4.5,11000,10,4,Coastal,MEG-183,53.7,False,Moderate,Half-day (2-4 hrs)
334,Dawki River,Shnongpdeng,Meghalaya,Northeast,River,"Adventure,Boating,Nature","Friends,Couples",50,500,1500,1500,4000,400,900,25.2016,92.0192,4.8,20000,11,4,Coastal,MEG-183,67.2,True,Moderate,Half-day (2-4 hrs)
335,Umngot River,Dawki,Meghalaya,Northeast,River,"Nature,Boating,Photography","Couples,Friends",50,500,1500,1500,4000,400,900,25.2018,92.0187,4.9,23000,11,4,Coastal,MEG-183,72.0,True,Moderate,Half-day (2-4 hrs)
336,Umiam Lake,Shillong,Meghalaya,Northeast,Lake,"Nature,Boating,Romantic","Couples,Family",20,300,1000,1500,4500,400,900,25.6712,91.9014,4.6,14000,10,4,Forest,MEG-183,58.0,False,Moderate,Full-day (4-8 hrs)
337,Elephant Falls,Shillong,Meghalaya,Northeast,Waterfall,"Nature,Photography","Family,Friends",30,100,300,1500,4500,400,900,25.5355,91.8265,4.5,22000,10,4,Mountain,MEG-183,50.4,False,Moderate,Half-day (2-4 hrs)
338,Shillong Peak,Shillong,Meghalaya,Northeast,Viewpoint,"Nature,Photography,Romantic","Couples,Friends",30,100,300,1500,4500,400,900,25.5789,91.8801,4.6,8000,10,4,Coastal,MEG-183,60.7,False,Moderate,Short (1-2 hrs)
339,Laitlum Canyon,Shillong,Meghalaya,Northeast,Canyon,"Nature,Trekking,Photography","Friends,Solo",0,200,800,1500,4000,350,900,25.5712,91.8615,4.7,10000,10,4,Coastal,MEG-183,65.0,True,Strenuous,Half-day (2-4 hrs)
340,Ward'S Lake,Shillong,Meghalaya,Northeast,Lake,"Nature,Romantic,Leisure","Couples,Family",20,100,300,1500,4000,350,900,25.5693,91.8831,4.4,9000,3,11,Urban,MEG-183,49.2,False,Easy,Full-day (4-8 hrs)
341,Don Bosco Museum,Shillong,Meghalaya,Northeast,Museum,"Historical,Cultural","Family,Solo",100,100,200,1500,4000,350,900,25.5856,91.8925,4.6,7000,1,12,Urban,MEG-183,61.3,False,Easy,Half-day (2-4 hrs)
342,Mawlynnong Village,Mawlynnong,Meghalaya,Northeast,Village,"Nature,Cultural","Family,Friends",30,100,300,1200,3000,300,700,25.2035,91.9061,4.6,16000,10,4,Urban,MEG-183,57.4,False,Easy,Half-day (2-4 hrs)
343,Balpakram National Park,South Garo Hills,Meghalaya,Northeast,National Park,"Nature,Wildlife,Adventure","Friends,Solo",50,500,1500,1500,3500,300,700,25.245,90.933,4.5,3000,11,4,Urban,MEG-184,59.9,False,Moderate,Full-day (4-8 hrs)
344,Nokrek National Park,West Garo Hills,Meghalaya,Northeast,National Park,"Nature,Wildlife,Adventure","Friends,Solo",50,500,1500,1500,3500,300,700,25.4885,90.3215,4.4,2500,11,4,Island,MEG-184,55.3,False,Moderate,Full-day (4-8 hrs)
345,Krang Suri Falls,Jaintia Hills,Meghalaya,Northeast,Waterfall,"Nature,Photography","Friends,Couples",50,200,500,1200,3000,300,700,25.3562,92.36,4.8,12000,10,4,Valley,MEG-183,69.6,True,Moderate,Half-day (2-4 hrs)
346,Wei Sawdong Falls,Cherrapunji,Meghalaya,Northeast,Waterfall,"Nature,Trekking","Friends,Solo",20,200,500,1200,3500,300,800,25.2702,91.705,4.7,8000,10,4,Forest,MEG-183,66.1,True,Moderate,Half-day (2-4 hrs)
347,Garden Of Caves,Laitmawsiang,Meghalaya,Northeast,Park,"Nature,Adventure","Family,Friends",20,100,300,1200,3000,300,700,25.2877,91.8435,4.5,5000,10,4,Mountain,MEG-183,57.4,False,Moderate,Half-day (2-4 hrs)
348,Siju Cave,South Garo Hills,Meghalaya,Northeast,Cave,"Adventure,Nature","Friends,Solo",30,200,600,1200,3000,300,700,25.3467,90.62,4.4,2000,11,4,Mountain,MEG-184,56.3,False,Moderate,Half-day (2-4 hrs)
349,Thangkharang Park,Cherrapunji,Meghalaya,Northeast,Park,"Nature,","Family,Couples",20,100,300,1200,3500,300,800,25.275,91.71,4.5,4000,10,4,Mountain,MEG-183,58.5,False,Moderate,Half-day (2-4 hrs)
350,Arwah Cave,Cherrapunji,Meghalaya,Northeast,Cave,"Adventure,Geology","Friends,Solo",20,200,500,1200,3500,300,800,25.274,91.708,4.4,3500,10,4,Mountain,MEG-183,53.7,False,Moderate,Half-day (2-4 hrs)
351,Reiek Tlang,Reiek,Mizoram,Northeast,Hill,"Adventure,Nature,Trekking","Friends,Solo",20,300,1000,1200,3000,300,700,23.6367,92.6997,4.6,2500,10,4,Mountain,MIZ-185,66.2,True,Moderate,Half-day (2-4 hrs)
352,Phawngpui National Park,Lawngtlai,Mizoram,Northeast,National Park,"Nature,Wildlife,Adventure","Friends,Solo",50,500,1500,1500,3500,300,700,22.53,93.05,4.7,1800,10,4,Mountain,MIZ-186,73.2,True,Moderate,Full-day (4-8 hrs)
353,Vantawng Falls,Thenzawl,Mizoram,Northeast,Waterfall,"Nature,Photography","Friends,Family",30,100,300,1200,3000,300,700,23.32,92.75,4.7,3200,10,4,Coastal,MIZ-185,70.5,True,Moderate,Half-day (2-4 hrs)
354,Tamdil Lake,Saitual,Mizoram,Northeast,Lake,"Nature,Boating,Relaxation","Family,Couples",20,200,600,1200,2800,300,700,23.6915,92.98,4.5,2100,10,4,Mountain,MIZ-185,61.6,False,Moderate,Full-day (4-8 hrs)
355,Lunglei Viewpointpoint,Lunglei,Mizoram,Northeast,Viewpoint,"Nature,Photography","Friends,Couples",0,100,300,1200,2500,300,700,22.9,92.733,4.4,900,10,4,Coastal,MIZ-187,60.1,False,Moderate,Short (1-2 hrs)
356,Durtlang Hills,Aizawl,Mizoram,Northeast,Hill,"Nature,Photography","Friends,Couples",0,100,300,1500,3500,350,800,23.753,92.73,4.6,1500,10,4,Valley,MIZ-185,68.6,True,Moderate,Half-day (2-4 hrs)
357,Kv Paradise,Aizawl,Mizoram,Northeast,Memorial,"Historical,Architecture","Family,Solo",20,100,200,1500,3500,350,800,23.727,92.717,4.4,1100,1,12,Mountain,MIZ-185,59.2,False,Moderate,Short (1-2 hrs)
358,Solomon'S Temple,Aizawl,Mizoram,Northeast,Temple,"Spiritual,Architecture","Family,Couples",0,100,200,1500,3500,350,800,23.741,92.67,4.6,2800,1,12,Mountain,MIZ-185,65.6,True,Moderate,Short (1-2 hrs)
359,Mizoram State Museum,Aizawl,Mizoram,Northeast,Museum,"Historical,Cultural","Family,Solo",20,100,200,1500,3500,350,800,23.7275,92.7173,4.3,950,1,12,Forest,MIZ-185,54.4,False,Moderate,Half-day (2-4 hrs)
360,Phulpui Grave,Champhai,Mizoram,Northeast,Memorial,"Historical,Cultural","Friends,Solo",0,100,200,1200,2500,300,700,23.456,93.328,4.2,400,10,4,Mountain,MIZ-185,53.1,False,Moderate,Short (1-2 hrs)
361,Champhai Valley,Champhai,Mizoram,Northeast,Valley,"Nature,Photography","Friends,Couples",0,200,600,1200,2800,300,700,23.4565,93.3282,4.6,1700,10,4,Mountain,MIZ-185,68.0,True,Moderate,Full-day (4-8 hrs)
362,Rih Dil,Champhai,Mizoram,Northeast,Lake,"Nature,Spiritual","Friends,Couples",50,200,500,1200,2500,300,700,23.503,93.295,4.5,800,10,4,Valley,MIZ-185,66.1,True,Easy,Full-day (4-8 hrs)
363,Lengteng Wildlife Sanctuary,Champhai,Mizoram,Northeast,Wildlife Sanctuary,"Nature,Wildlife,Trekking","Friends,Solo",50,500,1200,1200,2800,300,700,23.833,93.333,4.4,600,10,4,Mountain,MIZ-185,62.1,False,Moderate,Full-day (4-8 hrs)
364,Khawnglung Wildlife Sanctuary,Serchhip,Mizoram,Northeast,Wildlife Sanctuary,"Nature,Wildlife","Friends,Solo",30,300,1000,1200,2500,300,700,23.316,92.883,4.3,450,10,4,Forest,MIZ-185,58.0,False,Moderate,Full-day (4-8 hrs)
365,Thenzawl Golf Course,Thenzawl,Mizoram,Northeast,Golf Course,"Leisure,Nature","Friends,Couples",50,300,800,1200,2800,300,700,23.3165,92.75,4.4,700,10,4,Mountain,MIZ-185,61.3,False,Moderate,Half-day (2-4 hrs)
366,Sibuta Lung,Aizawl,Mizoram,Northeast,Monument,"Historical,Cultural","Family,Solo",10,100,200,1500,3500,350,800,23.73,92.72,4.2,500,1,12,Valley,MIZ-185,52.0,False,Easy,Short (1-2 hrs)
367,Hmuifang Tlang,Hmuifang,Mizoram,Northeast,Hill Station,"Nature,Trekking","Friends,Solo",20,300,1000,1200,2800,300,700,23.437,92.754,4.5,1200,10,4,Mountain,MIZ-185,64.2,True,Moderate,Full-day (4-8 hrs)
368,Berawtlang Tourist Complex,Aizawl,Mizoram,Northeast,Park,"Leisure,Nature","Family,Friends",20,100,300,1500,3500,350,800,23.71,92.7,4.3,900,1,12,Urban,MIZ-185,54.7,False,Easy,Half-day (2-4 hrs)
369,Falkawn Village,Aizawl,Mizoram,Northeast,Village,"Cultural,Heritage","Family,Friends",20,100,200,1500,3200,350,800,23.745,92.74,4.4,850,10,4,Urban,MIZ-185,60.4,False,Easy,Half-day (2-4 hrs)
370,Luangmual Handicrafts Centre,Aizawl,Mizoram,Northeast,Cultural Center,"Shopping,Cultural","Family,Friends",0,100,500,1500,3500,350,800,23.717,92.708,4.3,650,1,12,Urban,MIZ-185,56.2,False,Moderate,Half-day (2-4 hrs)
371,Ujjayanta Palace,Agartala,Tripura,Northeast,Palace Museum,"Historical,Cultural","Family,Solo,Couples",50,100,300,2000,4000,300,800,23.8315,91.2868,4.6,8000,10,3,Mountain,TRI-263,60.7,False,Moderate,Half-day (2-4 hrs)
372,Neermahal,Melaghar,Tripura,Northeast,Water Palace,"Historical,Scenic","Family,Couples,Friends",10,200,500,1800,3500,300,700,23.4952,91.32,4.5,6000,10,3,Mountain,TRI-263,56.6,False,Moderate,Full-day (4-8 hrs)
373,Unakoti,Kailashahar,Tripura,Northeast,Archaeological Site,"Historical,Spiritual","Family,Solo,Friends",0,100,300,1500,3000,250,700,24.3167,92.0167,4.6,5000,10,3,Mountain,TRI-264,62.9,True,Moderate,Half-day (2-4 hrs)
374,Tripura Sundari Temple,Udaipur,Tripura,Northeast,Temple,"Spiritual,Pilgrimage","Family,Solo",0,50,150,1200,2500,200,600,23.5333,91.4833,4.7,9000,10,3,Mountain,TRI-263,65.5,True,Moderate,Short (1-2 hrs)
375,Sepahijala Wildlife Sanctuary,Bishalgarh,Tripura,Northeast,Wildlife Sanctuary,"Nature,Adventure","Family,Friends",20,300,800,2000,3500,300,800,23.657,91.31,4.3,3500,10,4,Forest,TRI-263,48.2,False,Moderate,Full-day (4-8 hrs)
376,Trishna Wildlife Sanctuary,Belonia,Tripura,Northeast,Wildlife Sanctuary,"Nature,Adventure","Friends,Solo",20,300,700,1800,3200,300,700,23.033,91.533,4.2,1500,10,4,Forest,TRI-263,46.8,False,Moderate,Full-day (4-8 hrs)
377,Dumboor Lake,Gandacherra,Tripura,Northeast,Lake,"Nature,Scenic","Family,Couples",0,200,500,1500,2800,250,600,23.518,91.86,4.2,2000,10,3,Valley,TRI-263,45.4,False,Easy,Full-day (4-8 hrs)
378,Jampui Hills,Vanghmun,Tripura,Northeast,Hill Station,"Nature,Romantic","Couples,Friends,Solo",0,200,600,2000,4000,300,700,24.2,92.3,4.4,2200,10,4,Mountain,TRI-264,55.9,False,Moderate,Full-day (4-8 hrs)
379,Pilak Archaeological Site,Santirbazar,Tripura,Northeast,Archaeological Site,"Historical,Cultural","Solo,Friends",0,100,300,1400,2500,250,600,23.1667,91.6333,4.1,900,10,3,Urban,TRI-263,43.8,False,Moderate,Half-day (2-4 hrs)
380,Heritage Park,Agartala,Tripura,Northeast,Park,"Leisure,Nature","Family,Couples",20,50,200,2000,3500,250,600,23.838,91.2794,4.3,2500,10,3,Urban,TRI-263,49.8,False,Easy,Half-day (2-4 hrs)
381,Jagannath Temple,Agartala,Tripura,Northeast,Temple,Spiritual,"Family,Solo",0,50,150,1800,3200,250,600,23.829,91.279,4.4,1800,10,3,Urban,TRI-263,56.8,False,Easy,Short (1-2 hrs)
382,Venuban Vihar,Agartala,Tripura,Northeast,Buddhist Cultural Temple,"Spiritual,Cultural","Family,Solo",0,50,150,1800,3200,250,600,23.835,91.286,4.1,700,10,3,Urban,TRI-263,45.0,False,Easy,Short (1-2 hrs)
383,Rudrasagar Lake,Melaghar,Tripura,Northeast,Lake,"Nature,Scenic","Family,Couples",0,200,400,1800,3200,250,600,23.5,91.31,4.2,1700,10,3,Valley,TRI-263,46.2,False,Easy,Full-day (4-8 hrs)
384,Kamalasagar Kali Temple,Kamalasagar,Tripura,Northeast,Temple,"Spiritual,Scenic","Family,Couples",0,50,200,1800,3200,250,600,23.382,91.31,4.3,1600,10,3,Urban,TRI-263,51.9,False,Easy,Short (1-2 hrs)
385,Chabimura Rock Carvings,Amarpur,Tripura,Northeast,Rock Carvings,"Historical,Adventure","Friends,Solo",0,300,800,1500,2800,250,600,23.4333,91.65,4.4,1400,10,3,Mountain,TRI-263,58.0,False,Moderate,Half-day (2-4 hrs)
386,Baramura Ecological Park,Baramura,Tripura,Northeast,Ecological Park,"Nature,Adventure","Family,Friends",20,200,500,1500,2800,250,600,23.9,91.5,4.0,600,10,3,Forest,TRI-263,40.2,False,Moderate,Half-day (2-4 hrs)
387,Tepania Ecological Park,Udaipur,Tripura,Northeast,Ecological Park,"Nature,Adventure","Family,Friends",20,200,500,1500,2800,250,600,23.53,91.49,4.0,650,10,3,Forest,TRI-263,39.9,False,Moderate,Half-day (2-4 hrs)
388,Rose Valley Amusement Park,Agartala,Tripura,Northeast,Amusement Park,Entertainment,"Family,Friends",300,400,900,2200,4000,350,900,23.85,91.27,4.1,1200,10,3,Urban,TRI-263,42.4,False,Easy,Full-day (4-8 hrs)
389,Gumti Wildlife Sanctuary,Amarpur,Tripura,Northeast,Wildlife Sanctuary,"Nature,Adventure","Friends,Solo",20,300,700,1500,2800,300,700,23.45,91.8,4.0,500,10,4,Forest,TRI-263,41.1,False,Moderate,Full-day (4-8 hrs)
390,Boxanagar Mosque,Boxanagar,Tripura,Northeast,Mosque,"Religion,Historical","Solo,Family",0,50,150,1200,2500,200,600,23.6,91.2,3.9,300,10,3,Urban,TRI-263,38.1,False,Easy,Short (1-2 hrs)
391,Kalapania Nature Park,Khowai,Tripura,Northeast,Nature Park,Nature,"Family,Friends",10,150,400,1400,2600,200,600,23.95,91.62,4.0,350,10,3,Forest,TRI-263,42.8,False,Moderate,Half-day (2-4 hrs)
392,Vanghmun Village,Vanghmun,Tripura,Northeast,Scenic Village,"Nature,Cultural","Couples,Solo",0,100,300,1800,3200,250,600,24.21,92.3,4.1,400,10,4,Mountain,TRI-264,47.6,False,Moderate,Half-day (2-4 hrs)
393,Mahamuni Pagoda,Dharmanagar,Tripura,Northeast,Buddhist Cultural Temple,"Spiritual,Cultural","Family,Solo",0,50,150,1500,2600,200,600,24.37,92.15,4.1,450,10,3,Urban,TRI-264,47.1,False,Easy,Short (1-2 hrs)
394,Kalyan Sagar Lake,Udaipur,Tripura,Northeast,Lake,"Nature,Spiritual","Family,Couples",0,100,300,1500,2600,200,600,23.54,91.48,4.2,1300,10,3,Valley,TRI-263,47.5,False,Easy,Full-day (4-8 hrs)
395,College Tilla Viewpointpoint,Agartala,Tripura,Northeast,Viewpoint,Scenic,"Couples,Friends",0,50,150,1800,3200,250,600,23.84,91.29,3.9,300,10,3,Mountain,TRI-263,38.1,False,Moderate,Short (1-2 hrs)
396,Fourteen Gods Temple,Old Agartala,Tripura,Northeast,Temple,"Spiritual,Pilgrimage","Family,Solo",0,50,150,1800,3200,250,600,23.88,91.31,4.3,1100,10,3,Urban,TRI-263,53.7,False,Easy,Short (1-2 hrs)
397,Rani Kachari Palace,Udaipur,Tripura,Northeast,Historic Ruins,Historical,"Solo,Friends",0,50,200,1500,2600,200,600,23.52,91.48,4.0,500,10,3,Urban,TRI-263,41.1,False,Moderate,Half-day (2-4 hrs)
398,Gunabati Group Of Temples,Udaipur,Tripura,Northeast,Temple Complex,"Historical,Spiritual","Family,Solo",0,50,200,1500,2600,200,600,23.5305,91.481,4.1,420,10,3,Urban,TRI-263,47.4,False,Easy,Short (1-2 hrs)
399,Amarpur Lake,Amarpur,Tripura,Northeast,Lake,"Nature,Scenic","Family,Couples",0,100,300,1500,2600,200,600,23.52,91.65,4.0,380,10,3,Valley,TRI-263,42.4,False,Easy,Full-day (4-8 hrs)
400,Betlingchhip Peak,Jampui Hills,Tripura,Northeast,Mountain Peak,"Adventure,Nature","Friends,Solo",0,300,900,2000,3500,300,700,24.23,92.28,4.4,700,10,4,Mountain,TRI-264,61.3,False,Strenuous,Multi-day (1-3 days)
401,Kohima War Cemetery,Kohima,Nagaland,Northeast,War Memorial,Historical,"Family,Solo",0,50,200,2000,4000,300,800,25.6751,94.1086,4.7,5000,10,4,Urban,NAG-188,68.3,True,Easy,Short (1-2 hrs)
402,Dzukou Valley,Kohima,Nagaland,Northeast,Valley,"Nature,Trekking,Adventure","Friends,Solo,Couples",0,500,1500,1500,3500,300,700,25.566,94.123,4.8,8000,10,5,Valley,NAG-188,71.6,True,Moderate,Full-day (4-8 hrs)
403,Japfu Peak,Kohima,Nagaland,Northeast,Mountain Peak,"Adventure,Trekking,Nature","Friends,Solo",0,400,1200,1500,3500,300,700,25.579,94.077,4.6,2500,10,4,Mountain,NAG-188,66.2,True,Strenuous,Multi-day (1-3 days)
404,Naga Heritage Village,Kisama,Nagaland,Northeast,Cultural Village,"Cultural,Festival","Family,Friends",20,200,500,2000,4000,300,800,25.653,94.11,4.6,4000,11,12,Mountain,NAG-188,64.0,True,Moderate,Half-day (2-4 hrs)
405,Shilloi Lake,Phek,Nagaland,Northeast,Lake,"Nature,Scenic","Couples,Family",0,200,400,1500,3000,250,700,25.45,94.9,4.4,1200,10,4,Valley,NAG-190,58.8,False,Easy,Full-day (4-8 hrs)
406,Intanki National Park,Dimapur,Nagaland,Northeast,National Park,"Wildlife,Nature","Friends,Solo",50,400,900,2000,3500,300,800,25.45,93.73,4.3,1800,10,4,Forest,NAG-188,51.4,False,Moderate,Full-day (4-8 hrs)
407,Khonoma Green Village,Khonoma,Nagaland,Northeast,Ecological Village,"Nature,Cultural","Family,Couples,Solo",50,200,500,1800,3200,300,700,25.63,94.03,4.7,3000,10,4,Mountain,NAG-188,70.8,True,Moderate,Half-day (2-4 hrs)
408,Mokokchung Town,Mokokchung,Nagaland,Northeast,Hill Town,"Cultural,Nature","Family,Solo",0,150,400,1500,3000,250,700,26.33,94.53,4.3,1000,10,4,Urban,NAG-188,54.2,False,Moderate,Half-day (2-4 hrs)
409,Longkhum Village,Mokokchung,Nagaland,Northeast,Scenic Village,"Nature,Cultural","Couples,Friends",0,200,500,1500,2800,250,600,26.4,94.6,4.4,900,10,4,Mountain,NAG-188,60.1,False,Moderate,Half-day (2-4 hrs)
410,Mount Saramati,Kiphire,Nagaland,Northeast,Mountain Peak,"Adventure,Trekking","Friends,Solo",0,500,1500,1500,3000,300,700,25.84,95.2,4.6,700,10,4,Mountain,NAG-189,72.2,True,Strenuous,Multi-day (1-3 days)
411,Triple Falls,Dimapur,Nagaland,Northeast,Waterfall,"Nature,Scenic","Family,Couples",20,150,400,1800,3200,250,600,25.9,93.72,4.2,800,10,4,Mountain,NAG-188,49.8,False,Moderate,Half-day (2-4 hrs)
412,Ruzaphema Market,Kohima,Nagaland,Northeast,Market,"Cultural,Shopping","Family,Friends",0,100,300,2000,3500,300,800,25.67,94.1,4.1,900,10,4,Urban,NAG-188,43.8,False,Easy,Short (1-2 hrs)
413,Tuophema Village,Kohima,Nagaland,Northeast,Heritage Village,"Cultural,Tradition","Family,Solo",50,200,500,2000,3500,300,800,25.74,94.1,4.5,1200,10,4,Mountain,NAG-188,64.2,True,Moderate,Half-day (2-4 hrs)
414,Nagaland State Museum,Kohima,Nagaland,Northeast,Museum,"Historical,Cultural","Family,Solo",10,50,200,2000,3500,300,800,25.67,94.11,4.3,1500,10,4,Urban,NAG-188,52.3,False,Easy,Half-day (2-4 hrs)
415,Dimapur Ao Baptist Church,Dimapur,Nagaland,Northeast,Church,Spiritual,"Family,Solo",0,50,150,1800,3200,250,600,25.91,93.73,4.4,600,10,4,Urban,NAG-188,62.1,False,Easy,Short (1-2 hrs)
416,Diezephe Craft Village,Dimapur,Nagaland,Northeast,Craft Village,"Cultural,Handicrafts","Family,Friends",20,100,300,1800,3200,250,600,25.89,93.76,4.2,500,10,4,Mountain,NAG-188,52.0,False,Moderate,Half-day (2-4 hrs)
417,Touphema Tourist Village,Kohima,Nagaland,Northeast,Tourist Village,"Cultural,Nature","Family,Couples",50,200,500,2000,3500,300,700,25.76,94.1,4.5,700,10,4,Mountain,NAG-188,66.8,True,Moderate,Half-day (2-4 hrs)
418,Kachari Ruins,Dimapur,Nagaland,Northeast,Archaeological Site,Historical,"Family,Solo",0,50,150,1800,3200,250,600,25.9,93.73,4.1,1000,10,4,Urban,NAG-188,43.3,False,Moderate,Half-day (2-4 hrs)
419,Doyang River,Wokha,Nagaland,Northeast,River,"Nature,Scenic","Friends,Couples",0,200,400,1500,2800,250,600,26.1,94.25,4.3,600,10,4,Valley,NAG-188,56.6,False,Moderate,Half-day (2-4 hrs)
420,Liphanyan Governor Camp,Wokha,Nagaland,Northeast,Ecological Camp,"Nature,Adventure","Friends,Couples",50,300,800,2000,3500,300,700,26.05,94.26,4.2,350,10,4,Mountain,NAG-188,53.7,False,Moderate,Half-day (2-4 hrs)
421,Satoi Range,Zunheboto,Nagaland,Northeast,Mountain Range,"Nature,Trekking","Friends,Solo",0,400,1000,1500,2800,250,600,26.0,94.7,4.4,300,10,4,Mountain,NAG-188,65.4,True,Moderate,Half-day (2-4 hrs)
422,Ghosu Bird Sanctuary,Zunheboto,Nagaland,Northeast,Bird Sanctuary,"Wildlife,Nature","Friends,Solo",20,200,500,1500,2800,250,600,26.05,94.73,4.2,250,10,4,Forest,NAG-188,55.3,False,Moderate,Half-day (2-4 hrs)
423,Benreu Village,Peren,Nagaland,Northeast,Scenic Village,"Nature,Cultural","Couples,Solo",0,200,500,1500,2800,250,600,25.55,93.8,4.5,400,10,4,Mountain,NAG-188,69.4,True,Moderate,Half-day (2-4 hrs)
424,Ntangki National Park,Peren,Nagaland,Northeast,National Park,"Wildlife,Nature","Friends,Solo",50,300,800,1500,3000,250,600,25.5,93.7,4.3,500,10,4,Forest,NAG-188,57.5,False,Moderate,Full-day (4-8 hrs)
425,Phek Town,Phek,Nagaland,Northeast,Hill Town,"Nature,Cultural","Family,Solo",0,150,400,1500,2800,250,600,25.7,94.5,4.1,300,10,4,Mountain,NAG-188,49.0,False,Moderate,Half-day (2-4 hrs)
426,Pfutsero,Pfutsero,Nagaland,Northeast,Hill Station,"Nature,Scenic","Couples,Family",0,150,400,1500,2800,250,600,25.88,94.37,4.3,600,10,4,Mountain,NAG-188,56.6,False,Moderate,Full-day (4-8 hrs)
427,Glory Peak,Phek,Nagaland,Northeast,Viewpoint,"Scenic,Adventure","Friends,Couples",0,200,500,1500,2800,250,600,25.9,94.45,4.2,250,10,4,Mountain,NAG-188,55.3,False,Moderate,Short (1-2 hrs)
428,Thanamir Village,Kiphire,Nagaland,Northeast,Scenic Village,"Nature,Cultural","Couples,Solo",0,150,400,1500,2800,250,600,25.82,95.1,4.2,200,10,4,Mountain,NAG-189,56.4,False,Moderate,Half-day (2-4 hrs)
429,Kohima Cathedral,Kohima,Nagaland,Northeast,Church,"Spiritual,Architecture","Family,Solo",0,50,150,2000,3500,300,800,25.6705,94.1077,4.6,2000,10,4,Urban,NAG-188,67.2,True,Easy,Short (1-2 hrs)
430,Dzuleke Village,Kohima,Nagaland,Northeast,Ecological Village,"Nature,Cultural","Couples,Solo,Friends",0,200,500,1800,3200,250,600,25.62,94.05,4.5,900,10,4,Mountain,NAG-188,65.6,True,Moderate,Half-day (2-4 hrs)
431,Tsomgo Lake,Gangtok,Sikkim,Northeast,Lake,"Nature,Romantic,Adventure","Couples,Family,Friends,Solo",50,500,2500,1500,5000,400,1200,27.375,88.7615,4.7,19000,4,6,Valley,SIK-232,62.0,False,Easy,Full-day (4-8 hrs)
432,Nathula Pass,Gangtok,Sikkim,Northeast,Mountain Pass,"Adventure,Nature","Friends,Solo",0,1000,3500,1500,5000,400,1200,27.386,88.83,4.8,25000,5,10,Mountain,SIK-232,66.1,True,Strenuous,Half-day (2-4 hrs)
433,Gurudongmar Lake,Mangan,Sikkim,Northeast,Lake,"Nature,Adventure","Friends,Solo",0,1500,4000,2000,5500,500,1300,28.0356,88.7093,4.8,12000,4,6,Mountain,SIK-232,69.6,True,Moderate,Full-day (4-8 hrs)
434,Yumthang Valley,Mangan,Sikkim,Northeast,Valley,"Nature,Romantic","Couples,Family,Friends",0,800,3000,1500,5000,400,1200,27.792,88.693,4.7,15000,3,6,Valley,SIK-232,63.1,True,Moderate,Full-day (4-8 hrs)
435,Zero Point (Yumesamdong),Mangan,Sikkim,Northeast,Mountain Point,"Adventure,Nature","Friends,Solo",0,1200,3500,2000,5500,500,1300,28.016,88.7,4.7,8000,4,6,Mountain,SIK-232,66.1,True,Moderate,Half-day (2-4 hrs)
436,Rumtek Monastery,Gangtok,Sikkim,Northeast,Monastery,"Spiritual,Heritage","Family,Solo",10,200,800,1200,4000,350,1000,27.3035,88.6112,4.6,9000,3,11,Mountain,SIK-232,60.1,False,Moderate,Half-day (2-4 hrs)
437,Pelling Skywalk,Pelling,Sikkim,Northeast,Viewpoint,"Adventure,Romantic","Couples,Friends",50,200,800,1500,4500,400,1100,27.305,88.238,4.6,7000,3,11,Mountain,SIK-232,61.3,False,Moderate,Short (1-2 hrs)
438,Pemayangtse Monastery,Pelling,Sikkim,Northeast,Monastery,"Spiritual,Heritage","Family,Solo",20,200,800,1500,4500,400,1100,27.3005,88.2311,4.6,6000,3,11,Mountain,SIK-232,62.0,False,Moderate,Half-day (2-4 hrs)
439,Khecheopalri Lake,Gyalshing,Sikkim,Northeast,Lake,"Nature,Spiritual","Family,Couples,Solo",20,200,700,1200,4000,350,1000,27.371,88.201,4.6,5000,3,11,Valley,SIK-232,62.9,True,Easy,Full-day (4-8 hrs)
440,Ravangla Buddha Park,Ravangla,Sikkim,Northeast,Park,"Spiritual,Romantic","Family,Couples",50,200,700,1200,4000,350,1000,27.3064,88.3637,4.7,16000,3,11,Mountain,SIK-232,62.8,False,Moderate,Half-day (2-4 hrs)
441,Namchi Chardham,Namchi,Sikkim,Northeast,Temple Complex,"Spiritual,Pilgrimage","Family,Solo",50,200,700,1200,4000,350,1000,27.1665,88.363,4.6,12000,3,11,Mountain,SIK-232,58.7,False,Moderate,Short (1-2 hrs)
442,Temi Tea Garden,Temi,Sikkim,Northeast,Tea Garden,"Nature,Romantic","Couples,Family",0,200,600,1500,4500,400,1100,27.214,88.389,4.6,4000,3,11,Forest,SIK-232,64.0,True,Moderate,Short (1-2 hrs)
443,Banjhakri Falls,Gangtok,Sikkim,Northeast,Waterfall,"Nature,Adventure","Family,Friends",50,200,700,1500,4500,400,1100,27.338,88.643,4.5,10000,3,11,Mountain,SIK-232,54.1,False,Moderate,Half-day (2-4 hrs)
444,Hanuman Tok,Gangtok,Sikkim,Northeast,Temple,"Spiritual,","Family,Solo",0,200,600,1500,4500,400,1100,27.349,88.62,4.7,14000,3,11,Mountain,SIK-232,63.4,True,Moderate,Short (1-2 hrs)
445,Tashi Viewpoint Point,Gangtok,Sikkim,Northeast,Viewpoint,"Nature,Romantic","Couples,Family",0,200,600,1500,4500,400,1100,27.346,88.6215,4.5,8000,3,11,Mountain,SIK-232,55.2,False,Moderate,Short (1-2 hrs)
446,Ganesh Tok,Gangtok,Sikkim,Northeast,Temple,"Spiritual,","Family,Couples",0,200,600,1500,4500,400,1100,27.3382,88.6208,4.5,9000,3,11,Mountain,SIK-232,54.6,False,Moderate,Short (1-2 hrs)
447,Singalila National Park,West Sikkim,Sikkim,Northeast,National Park,"Nature,Adventure","Friends,Solo",100,1500,4000,2000,5500,500,1300,27.2,88.1,4.6,3000,3,10,Forest,SIK-232,65.3,True,Moderate,Full-day (4-8 hrs)
448,Dzongri Trek,Yuksom,Sikkim,Northeast,Trek Route,"Adventure,Nature","Friends,Solo",0,2000,6000,2000,5500,500,1300,27.42,88.2,4.8,2500,4,6,Mountain,SIK-232,77.1,True,Strenuous,Multi-day (1-3 days)
449,Yuksom,Yuksom,Sikkim,Northeast,Heritage Village,"Heritage,Nature","Family,Solo",0,300,900,1200,4000,350,1000,27.3693,88.2207,4.6,4500,3,11,Mountain,SIK-232,63.4,True,Moderate,Half-day (2-4 hrs)
450,Zuluk,Zuluk,Sikkim,Northeast,Hill Station,"Nature,Adventure","Friends,Couples",0,500,2000,1500,4500,400,1100,27.25,88.8,4.6,3500,4,11,Mountain,SIK-232,64.6,True,Moderate,Full-day (4-8 hrs)
451,Aritar Lake,Aritar,Sikkim,Northeast,Lake,"Nature,Romantic","Couples,Family",20,200,700,1200,4000,350,1000,27.233,88.66,4.5,2500,3,11,Valley,SIK-232,60.7,False,Easy,Full-day (4-8 hrs)
452,Phodong Monastery,Phodong,Sikkim,Northeast,Monastery,"Spiritual,Heritage","Family,Solo",0,200,600,1200,4000,350,1000,27.384,88.561,4.5,1800,3,11,Mountain,SIK-232,62.3,False,Moderate,Half-day (2-4 hrs)
453,Seven Sisters Waterfall,Gangtok,Sikkim,Northeast,Waterfall,Nature,"Family,Friends",20,200,600,1500,4500,400,1100,27.397,88.718,4.4,3000,4,10,Mountain,SIK-232,54.4,False,Moderate,Half-day (2-4 hrs)
454,Lachung,Lachung,Sikkim,Northeast,Hill Town,"Nature,Romantic","Couples,Family,Friends",0,800,2500,2000,5500,500,1300,27.689,88.742,4.7,7000,4,6,Mountain,SIK-232,66.7,True,Moderate,Half-day (2-4 hrs)
455,Lachen,Lachen,Sikkim,Northeast,Hill Town,"Nature,Adventure","Friends,Solo",0,800,2500,2000,5500,500,1300,27.7167,88.5583,4.6,5000,4,6,Mountain,SIK-232,62.9,True,Moderate,Half-day (2-4 hrs)
456,Samdruptse Hill,Namchi,Sikkim,Northeast,Statue Viewpoint,Spiritual,"Family,Solo",50,200,600,1200,4000,350,1000,27.164,88.365,4.5,3500,3,11,Mountain,SIK-232,59.1,False,Moderate,Short (1-2 hrs)
457,Ranka Monastery,Gangtok,Sikkim,Northeast,Monastery,"Spiritual,Heritage","Family,Solo",0,200,600,1500,4500,400,1100,27.323,88.659,4.6,4200,3,11,Mountain,SIK-232,63.7,True,Moderate,Half-day (2-4 hrs)
458,Namgyal Institute Of Tibetology,Gangtok,Sikkim,Northeast,Museum,"Heritage,Educational","Family,Solo",25,200,600,1500,4500,400,1100,27.3054,88.6143,4.6,6000,3,11,Mountain,SIK-232,62.0,False,Moderate,Half-day (2-4 hrs)
459,Flower Exhibition Centre,Gangtok,Sikkim,Northeast,Garden,Nature,"Family,Couples",10,200,500,1500,4500,400,1100,27.3315,88.6138,4.4,3000,3,6,Urban,SIK-232,54.4,False,Easy,Short (1-2 hrs)
460,Teesta River Rafting Point,Melli,Sikkim,Northeast,River,Adventure,"Friends,Solo",0,1500,4000,1200,4000,350,1000,27.1,88.42,4.6,2500,10,4,Urban,SIK-232,66.2,True,Moderate,Half-day (2-4 hrs)
461,Munnar,Munnar,Kerala,South,Hill Station,"Nature,Romantic,Scenic","Couples,Friends,Family",0,500,2500,1500,8000,500,1500,10.0889,77.0595,4.6,120000,9,3,Valley,KER-134,47.8,False,Moderate,Full-day (4-8 hrs)
462,Alleppey Backwaters,Alappuzha,Kerala,South,Backwaters,"Nature,Houseboat,Romantic","Couples,Family,Friends",0,2000,8000,2000,9000,600,1600,9.4981,76.3388,4.6,95000,9,3,Mountain,KER-135,48.9,False,Moderate,Full-day (4-8 hrs)
463,Varkala Beach,Varkala,Kerala,South,Beach,"Relaxation,Scenic,Cliff","Couples,Solo,Friends",0,800,3000,1500,7000,600,1500,8.7379,76.7163,4.5,80000,10,3,Coastal,KER-136,44.2,False,Easy,Full-day (4-8 hrs)
464,Kovalam Beach,Kovalam,Kerala,South,Beach,"Relaxation,Water_Sports,Scenic","Couples,Friends,Family",0,1000,3500,2000,9000,700,1700,8.4,76.978,4.5,100000,10,3,Coastal,KER-136,43.2,False,Easy,Full-day (4-8 hrs)
465,Periyar National Park,Thekkady,Kerala,South,Wildlife Sanctuary,"Wildlife,Nature,Adventure","Friends,Family,Solo",45,1000,3500,2000,7000,600,1500,9.4627,77.2368,4.6,60000,10,4,Forest,KER-139,51.1,False,Moderate,Full-day (4-8 hrs)
466,Athirappilly Waterfalls,Athirappilly,Kerala,South,Waterfall,"Nature,Photography,Scenic","Couples,Friends,Family",50,300,1200,1500,6000,500,1400,10.2851,76.5697,4.7,85000,9,3,Mountain,KER-137,54.9,False,Moderate,Half-day (2-4 hrs)
467,Wayanad,Wayanad,Kerala,South,Hill Station,"Nature,Trekking,Adventure","Friends,Couples,Family",0,800,3000,1500,7000,500,1400,11.6854,76.132,4.6,75000,10,4,Forest,KER-138,50.0,False,Moderate,Full-day (4-8 hrs)
468,Bekal Fort,Bekal,Kerala,South,Fort,"Historical,Heritage,Scenic","Friends,Couples,Family",20,200,800,1500,6000,500,1300,12.396,75.0349,4.5,40000,10,3,Coastal,KER-140,47.5,False,Moderate,Half-day (2-4 hrs)
469,Fort Kochi,Kochi,Kerala,South,Historic Area,"Heritage,Cultural,Architecture","Solo,Friends,Couples",0,200,800,2000,8000,600,1600,9.9667,76.2425,4.6,90000,10,3,Coastal,KER-135,49.1,False,Moderate,Half-day (2-4 hrs)
470,Mattancherry Palace,Kochi,Kerala,South,Museum,"Historical,Architecture,Cultural","Family,Solo,Friends",5,200,600,2000,8000,600,1500,9.957,76.2602,4.4,25000,10,3,Urban,KER-135,44.3,False,Easy,Half-day (2-4 hrs)
471,Padmanabhaswamy Temple,Thiruvananthapuram,Kerala,South,Temple,"Spiritual,Pilgrimage,Religion","Family,Couples,Solo",0,200,800,2000,7000,600,1500,8.4828,76.9436,4.7,110000,10,3,Urban,KER-136,53.6,False,Easy,Short (1-2 hrs)
472,Poovar Island,Poovar,Kerala,South,Island,"Nature,Romantic,Backwaters","Couples,Friends,Family",0,1500,5000,2000,9000,700,1700,8.31,77.06,4.5,30000,10,3,Island,KER-136,48.9,False,Moderate,Full-day (4-8 hrs)
473,Kumarakom,Kumarakom,Kerala,South,Backwaters,"Nature,Houseboat,Relaxation","Couples,Family,Friends",0,2000,7000,2000,9000,700,1700,9.6175,76.4319,4.5,50000,9,3,Valley,KER-135,46.5,False,Moderate,Full-day (4-8 hrs)
474,Silent Valley National Park,Palakkad,Kerala,South,National Park,"Wildlife,Nature,Adventure","Friends,Solo,Family",50,800,2500,1500,5000,500,1300,11.0667,76.5333,4.6,15000,11,3,Forest,KER-137,57.7,False,Moderate,Full-day (4-8 hrs)
475,Edakkal Caves,Wayanad,Kerala,South,Cave,"Historical,Trekking,Heritage","Friends,Solo",50,500,1500,1500,6000,500,1300,11.6247,76.2356,4.5,35000,10,3,Mountain,KER-138,48.2,False,Moderate,Half-day (2-4 hrs)
476,Chembra Peak,Wayanad,Kerala,South,Mountain Peak,"Trekking,Adventure,Nature","Friends,Solo",150,800,2000,1500,6000,500,1300,11.5337,76.0822,4.6,20000,10,2,Mountain,KER-138,56.3,False,Strenuous,Multi-day (1-3 days)
477,Meesapulimala,Munnar,Kerala,South,Mountain Peak,"Trekking,Adventure,Nature","Friends,Solo",500,1500,4000,2000,7000,600,1500,10.089,77.2403,4.7,12000,10,2,Mountain,KER-134,64.2,True,Strenuous,Multi-day (1-3 days)
478,Vagamon,Vagamon,Kerala,South,Hill Station,"Nature,Paragliding,Scenic","Friends,Couples,Family",0,800,3000,1500,6000,500,1400,9.6861,76.905,4.5,45000,9,3,Mountain,KER-134,47.0,False,Moderate,Full-day (4-8 hrs)
479,Marari Beach,Mararikulam,Kerala,South,Beach,"Relaxation,Romantic,Scenic","Couples,Friends,Family",0,800,3000,2000,8000,700,1700,9.6,76.296,4.6,30000,10,3,Coastal,KER-135,54.4,False,Easy,Full-day (4-8 hrs)
480,Thusharagiri Falls,Kozhikode,Kerala,South,Waterfall,"Nature,Trekking,Adventure","Friends,Solo,Family",30,300,1200,1500,5000,500,1300,11.4725,75.9497,4.4,18000,10,2,Mountain,KER-138,45.9,False,Moderate,Half-day (2-4 hrs)
481,Kappad Beach,Kozhikode,Kerala,South,Beach,"Historical,Scenic,Relaxation","Friends,Couples,Family",0,300,1200,1500,6000,500,1300,11.3838,75.7052,4.3,22000,10,3,Coastal,KER-138,39.5,False,Easy,Full-day (4-8 hrs)
482,Ashtamudi Lake,Kollam,Kerala,South,Lake,"Nature,Backwaters,Scenic","Couples,Friends,Family",0,800,3000,1500,6000,500,1400,8.952,76.593,4.5,25000,10,3,Valley,KER-136,49.8,False,Easy,Full-day (4-8 hrs)
483,Ponmudi,Thiruvananthapuram,Kerala,South,Hill Station,"Nature,Scenic,Trekking","Friends,Couples,Family",0,500,2000,1500,6000,500,1400,8.759,77.1141,4.5,30000,10,3,Mountain,KER-136,48.9,False,Moderate,Full-day (4-8 hrs)
484,Idukki Dam,Idukki,Kerala,South,Dam,",Scenic,Nature","Friends,Family,Solo",25,200,800,1500,5000,500,1300,9.844,76.973,4.4,20000,10,3,Valley,KER-134,45.4,False,Moderate,Half-day (2-4 hrs)
485,Thenmala,Kollam,Kerala,South,Ecological,"Nature,Adventure,Ecologicallogical","Friends,Family,Solo",100,800,2500,1500,5000,500,1300,8.954,77.061,4.4,16000,10,3,Forest,KER-136,46.4,False,Moderate,Half-day (2-4 hrs)
486,Chinnar Wildlife Sanctuary,Munnar,Kerala,South,Wildlife Sanctuary,"Wildlife,Nature,Adventure","Friends,Solo,Family",50,800,2000,1500,6000,500,1300,10.349,77.206,4.4,12000,11,3,Mountain,KER-134,47.8,False,Moderate,Full-day (4-8 hrs)
487,Nelliampathy,Palakkad,Kerala,South,Hill Station,"Nature,Scenic,Relaxation","Friends,Couples,Family",0,500,2000,1500,5000,500,1300,10.5333,76.7,4.4,14000,10,3,Mountain,KER-137,47.1,False,Moderate,Full-day (4-8 hrs)
488,Malampuzha Dam,Palakkad,Kerala,South,Dam,"Nature,Scenic,Park","Family,Friends,Couples",25,200,800,1500,5000,500,1300,10.8376,76.688,4.3,20000,10,3,Valley,KER-137,39.9,False,Moderate,Half-day (2-4 hrs)
489,Bolgatty Palace,Kochi,Kerala,South,Palace,"Heritage,Architecture,Romantic","Couples,Friends,Family",100,500,2000,2500,9000,700,1700,9.9816,76.2673,4.3,12000,10,3,Mountain,KER-135,42.4,False,Moderate,Half-day (2-4 hrs)
490,Marina Beach,Chennai,Tamil Nadu,South,Beach,"Sunset,Photography,Walking","Family,Friends",0,0,500,1000,5000,300,1200,13.05,80.2824,4.7,45000,11,2,Forest,TAM-233,57.9,False,Moderate,Full-day (4-8 hrs)
491,Mahabalipuram Shore Temple,Mahabalipuram,Tamil Nadu,South,Heritage,"Architecture,Heritage,Photography","Family,Couples",40,200,800,1200,4500,400,1500,12.6269,80.192,4.6,30000,10,3,Mountain,TAM-240,54.4,False,Moderate,Half-day (2-4 hrs)
492,Kapaleeshwarar Temple,Chennai,Tamil Nadu,South,Temple,"Cultural,Spiritual","Family,Solo",0,0,200,800,3000,300,1000,13.0339,80.2696,4.6,20000,10,3,Urban,TAM-233,56.3,False,Easy,Short (1-2 hrs)
493,Vellore Fort,Vellore,Tamil Nadu,South,Fort,"Heritage,Photography","Family,Friends",10,0,300,800,3000,250,900,12.9165,79.1325,4.3,9000,10,3,Coastal,TAM-241,43.7,False,Moderate,Half-day (2-4 hrs)
494,Yelagiri Hills,Yelagiri,Tamil Nadu,South,Hill Station,"Trekking,Nature","Friends,Couples",0,500,2000,1200,4000,350,1200,12.5734,78.64,4.4,7000,11,2,Coastal,TAM-242,50.4,False,Moderate,Full-day (4-8 hrs)
495,Hogenakkal Falls,Hogenakkal,Tamil Nadu,South,Waterfall,"Boating,Photography","Family,Friends",30,500,2000,1000,3500,300,1100,12.118,77.775,4.5,15000,10,2,Urban,TAM-243,52.2,False,Moderate,Half-day (2-4 hrs)
496,Yercaud Lake,Yercaud,Tamil Nadu,South,Hill Station,"Boating,Nature","Couples,Friends",20,200,700,1200,4000,350,1200,11.7753,78.209,4.4,11000,10,6,Urban,TAM-244,48.2,False,Moderate,Full-day (4-8 hrs)
497,Kolli Hills,Namakkal,Tamil Nadu,South,Hill Station,"Trekking,Nature","Friends,Solo",0,400,1500,900,3500,300,1000,11.2483,78.34,4.3,6000,10,3,Mountain,TAM-245,45.7,False,Moderate,Full-day (4-8 hrs)
498,Ooty Lake,Ooty,Tamil Nadu,South,Hill Station,"Boating,Photography","Family,Couples",30,200,800,1500,6000,400,1500,11.4102,76.695,4.7,50000,4,6,Mountain,TAM-234,57.4,False,Moderate,Full-day (4-8 hrs)
499,Doddabetta Peak,Ooty,Tamil Nadu,South,Hill Station,",Trekking","Friends,Couples",10,0,200,1500,6000,400,1500,11.4064,76.735,4.6,18000,4,6,Valley,TAM-234,56.8,False,Moderate,Full-day (4-8 hrs)
500,Coonoor Tea Garden,Coonoor,Tamil Nadu,South,Nature,"Tea Garden,Photography","Couples,Friends",0,200,700,1400,4500,350,1200,11.353,76.795,4.5,13000,10,3,Mountain,TAM-234,52.9,False,Moderate,Half-day (2-4 hrs)
501,Mudumalai National Park,Mudumalai,Tamil Nadu,South,Wildlife,"Safari,Wildlife","Family,Friends",200,1000,3000,2000,7000,400,1600,11.5583,76.534,4.6,16000,2,6,Mountain,TAM-234,57.4,False,Moderate,Full-day (4-8 hrs)
502,Valparai Viewpoint Point,Valparai,Tamil Nadu,South,Hill Station,"Nature,Photography","Couples,Friends",0,300,1000,1200,4500,350,1200,10.3269,76.955,4.4,8000,9,3,Valley,TAM-235,49.7,False,Moderate,Full-day (4-8 hrs)
503,Topslip,Pollachi,Tamil Nadu,South,Wildlife,"Safari,Nature","Friends,Family",50,800,2500,1500,5000,350,1300,10.3,76.85,4.4,6000,9,3,Mountain,TAM-235,51.1,False,Moderate,Full-day (4-8 hrs)
504,Meenakshi Amman Temple,Madurai,Tamil Nadu,South,Temple,"Cultural,Architecture","Family,Solo",0,0,200,900,3500,300,1000,9.9195,78.1193,4.8,60000,10,3,Mountain,TAM-246,62.0,False,Moderate,Short (1-2 hrs)
505,Rameswaram Temple,Rameswaram,Tamil Nadu,South,Temple,"Spiritual,Pilgrimage","Family,Solo",0,0,300,800,3000,300,1000,9.2881,79.3174,4.7,40000,10,4,Forest,TAM-236,58.5,False,Moderate,Short (1-2 hrs)
506,Dhanushkodi Beach,Rameswaram,Tamil Nadu,South,Beach,"Sunrise,Photography","Friends,Couples",0,200,800,800,2500,300,900,9.178,79.427,4.5,14000,10,3,Mountain,TAM-236,52.5,False,Moderate,Full-day (4-8 hrs)
507,Kanyakumari Beach,Kanyakumari,Tamil Nadu,South,Beach,"Sunrise,Sunset","Family,Couples",0,0,500,1000,4000,350,1200,8.0883,77.5385,4.6,45000,10,3,Forest,TAM-247,52.4,False,Moderate,Full-day (4-8 hrs)
508,Brihadeeswarar Temple,Thanjavur,Tamil Nadu,South,Temple,"Unesco,Architecture","Family,Solo",0,0,200,900,3500,300,1000,10.7828,79.131,4.8,38000,10,3,Urban,TAM-248,64.1,True,Easy,Short (1-2 hrs)
509,Chidambaram Nataraja Temple,Chidambaram,Tamil Nadu,South,Temple,"Cultural,Spiritual","Family,Solo",0,0,200,800,3000,300,900,11.3993,79.6932,4.6,21000,10,3,Coastal,TAM-237,56.1,False,Easy,Short (1-2 hrs)
510,Velankanni Church,Velankanni,Tamil Nadu,South,Religious Site,"Pilgrimage,Architecture","Family,Solo",0,0,200,900,3200,300,900,10.682,79.852,4.7,34000,10,3,Urban,TAM-249,59.2,False,Moderate,Half-day (2-4 hrs)
511,Pichavaram Mangrove Forest,Chidambaram,Tamil Nadu,South,Nature,"Boating,Birdwatching","Friends,Couples",100,300,900,800,2500,300,900,11.429,79.78,4.5,12000,11,2,Urban,TAM-237,53.3,False,Moderate,Half-day (2-4 hrs)
512,Courtallam Falls,Courtallam,Tamil Nadu,South,Waterfall,"Bathing,Nature","Family,Friends",10,100,500,900,3000,300,1000,8.934,77.277,4.6,20000,6,9,Urban,TAM-250,56.3,False,Moderate,Half-day (2-4 hrs)
513,Rockfort Temple,Trichy,Tamil Nadu,South,Temple,"Heritage,Architecture","Family,Solo",0,0,200,900,3500,300,1000,10.8342,78.7047,4.5,18000,10,3,Mountain,TAM-238,51.3,False,Moderate,Short (1-2 hrs)
514,Srirangam Temple,Trichy,Tamil Nadu,South,Temple,"Pilgrimage,Architecture","Family,Solo",0,0,200,900,3500,300,1000,10.8623,78.693,4.8,52000,10,3,Mountain,TAM-238,62.7,False,Moderate,Short (1-2 hrs)
515,Pulicat Lake,Pulicat,Tamil Nadu,South,Lake,"Birdwatching,Photography","Friends,Couples",0,200,800,800,2500,300,900,13.42,80.32,4.3,5000,11,2,Valley,TAM-251,46.5,False,Easy,Full-day (4-8 hrs)
516,Kalakad Wildlife Sanctuary,Tirunelveli,Tamil Nadu,South,Wildlife,"Trekking,Wildlife","Friends,Solo",50,500,1500,900,3200,300,1000,8.5,77.4,4.4,6000,10,3,Mountain,TAM-252,51.1,False,Moderate,Full-day (4-8 hrs)
517,Manapad Beach,Thoothukudi,Tamil Nadu,South,Beach,"Surfing,Photography","Friends,Couples",0,200,700,800,2500,300,900,8.375,78.053,4.3,4500,10,3,Urban,TAM-253,47.0,False,Easy,Full-day (4-8 hrs)
518,Kodaikanal Lake,Kodaikanal,Tamil Nadu,South,Hill Station,"Boating,Nature","Family,Couples",30,300,900,1500,6000,400,1500,10.2381,77.4892,4.7,47000,4,6,Urban,TAM-239,57.7,False,Moderate,Full-day (4-8 hrs)
519,Silver Cascade Falls,Kodaikanal,Tamil Nadu,South,Waterfall,"Photography,Nature","Friends,Couples",0,0,300,1500,6000,400,1500,10.2516,77.491,4.4,12000,4,6,Mountain,TAM-239,47.8,False,Moderate,Half-day (2-4 hrs)
520,Mysore Palace,Mysuru,Karnataka,South,Palace,"Architecture,Heritage,Photography","Family,Couples",100,200,800,1200,5000,350,1200,12.3052,76.6552,4.8,85000,10,3,Forest,KAR-129,60.3,False,Moderate,Half-day (2-4 hrs)
521,Hampi Ruins,Hampi,Karnataka,South,Heritage,"Unesco,Heritage,Photography","Friends,Solo",40,200,900,800,3500,300,1000,15.335,76.46,4.9,72000,10,2,Mountain,KAR-130,66.6,True,Moderate,Half-day (2-4 hrs)
522,Coorg Abbey Falls,Coorg,Karnataka,South,Waterfall,"Nature,Photography","Couples,Friends",15,100,500,1200,4500,350,1200,12.4586,75.7396,4.6,18000,10,4,Urban,KAR-121,56.8,False,Moderate,Half-day (2-4 hrs)
523,Dubare Elephant Camp,Coorg,Karnataka,South,Wildlife,"Elephants,Nature","Family,Friends",100,500,2000,1200,4500,350,1200,12.372,75.889,4.5,14000,10,3,Coastal,KAR-121,52.5,False,Moderate,Full-day (4-8 hrs)
524,Jog Falls,Shimoga,Karnataka,South,Waterfall,",Photography","Friends,Family",20,200,700,900,3500,300,1000,14.2294,74.7887,4.7,26000,7,12,Coastal,KAR-122,60.5,False,Moderate,Half-day (2-4 hrs)
525,Nandi Hills,Chikkaballapur,Karnataka,South,Hill Station,"Sunrise,Trekking","Friends,Couples",10,200,800,1500,5000,350,1200,13.3702,77.6835,4.6,30000,10,3,Urban,KAR-131,54.4,False,Moderate,Full-day (4-8 hrs)
526,Lalbagh Botanical Garden,Bengaluru,Karnataka,South,Garden,"Nature,Walking","Family,Solo",30,0,200,2000,6000,400,1500,12.9507,77.5848,4.7,40000,11,2,Mountain,KAR-123,58.5,False,Moderate,Short (1-2 hrs)
527,Bangalore Palace,Bengaluru,Karnataka,South,Palace,"Architecture,Heritage","Family,Friends",230,200,800,2000,6000,400,1500,12.9987,77.592,4.5,22000,10,3,Mountain,KAR-123,50.4,False,Moderate,Half-day (2-4 hrs)
528,Bannerghatta National Park,Bengaluru,Karnataka,South,Wildlife,"Safari,Animals","Family,Friends",80,500,2000,2000,6000,400,1500,12.8,77.577,4.5,25000,10,4,Mountain,KAR-123,49.8,False,Moderate,Full-day (4-8 hrs)
529,Belur Chennakesava Temple,Belur,Karnataka,South,Temple,"Architecture,Heritage","Family,Solo",0,0,200,800,3000,300,1000,13.162,75.865,4.7,19000,10,3,Urban,KAR-124,62.0,False,Easy,Short (1-2 hrs)
530,Halebidu Hoysaleswara Temple,Halebidu,Karnataka,South,Temple,"Architecture,Heritage","Family,Solo",0,0,200,800,3000,300,1000,13.2156,75.991,4.7,17000,10,3,Mountain,KAR-124,62.5,False,Moderate,Short (1-2 hrs)
531,Gokarna Beach,Gokarna,Karnataka,South,Beach,"Sunset,Relaxation","Friends,Couples",0,200,800,1000,4000,350,1200,14.5479,74.3188,4.6,26000,10,3,Mountain,KAR-125,55.0,False,Moderate,Full-day (4-8 hrs)
532,Om Beach,Gokarna,Karnataka,South,Beach,"Photography,Water_Sports","Friends,Couples",0,500,2000,1000,4000,350,1200,14.5186,74.3167,4.6,20000,10,3,Urban,KAR-125,56.3,False,Easy,Full-day (4-8 hrs)
533,Murudeshwar Temple,Murudeshwar,Karnataka,South,Temple,"Spiritual,Photography","Family,Solo",0,0,200,900,3500,300,1000,14.0943,74.4845,4.7,32000,10,3,Coastal,KAR-122,59.5,False,Easy,Short (1-2 hrs)
534,Badami Cave Temples,Badami,Karnataka,South,Heritage,"Heritage,Architecture","Friends,Solo",25,100,400,800,3000,300,900,15.9187,75.676,4.6,15000,10,3,Coastal,KAR-126,57.7,False,Easy,Half-day (2-4 hrs)
535,Aihole Temples,Aihole,Karnataka,South,Heritage,"Heritage,Architecture","Friends,Solo",25,100,400,800,3000,300,900,16.017,75.882,4.5,9000,10,3,Urban,KAR-126,54.6,False,Easy,Half-day (2-4 hrs)
536,Pattadakal Monuments,Pattadakal,Karnataka,South,Heritage,"Unesco,Architecture","Friends,Solo",40,100,400,800,3000,300,900,15.948,75.816,4.7,14000,10,3,Urban,KAR-126,63.4,True,Easy,Half-day (2-4 hrs)
537,Dandeli Wildlife Sanctuary,Dandeli,Karnataka,South,Wildlife,"Rafting,Wildlife","Friends,Couples",50,1000,4000,1500,5000,350,1200,15.236,74.617,4.6,18000,10,4,Valley,KAR-132,56.8,False,Moderate,Full-day (4-8 hrs)
538,Kudremukh Peak,Kudremukh,Karnataka,South,Hill Station,"Trekking,Nature","Friends,Solo",0,500,1500,1200,4000,350,1200,13.132,75.25,4.7,9000,10,3,Mountain,KAR-127,65.5,True,Moderate,Full-day (4-8 hrs)
539,Chikmagalur  Estates,Chikmagalur,Karnataka,South,Nature,",Trekking","Couples,Friends",0,300,1200,1500,5000,350,1200,13.3161,75.772,4.7,21000,9,3,Mountain,KAR-124,61.5,False,Moderate,Half-day (2-4 hrs)
540,Bhadra Wildlife Sanctuary,Chikmagalur,Karnataka,South,Wildlife,"Safari,Birdwatching","Friends,Family",50,500,2000,1200,4000,350,1200,13.7,75.633,4.5,7000,10,4,Coastal,KAR-133,55.8,False,Moderate,Full-day (4-8 hrs)
541,Sringeri Sharada Peetham,Sringeri,Karnataka,South,Temple,"Spiritual,Architecture","Family,Solo",0,0,200,800,3000,300,900,13.4167,75.252,4.7,16000,10,3,Coastal,KAR-127,62.8,False,Easy,Short (1-2 hrs)
542,Udupi Krishna Temple,Udupi,Karnataka,South,Temple,"Spiritual,Cultural","Family,Solo",0,0,200,900,3500,300,900,13.3409,74.7421,4.7,28000,10,3,Forest,KAR-128,60.1,False,Moderate,Short (1-2 hrs)
543,Malpe Beach,Udupi,Karnataka,South,Beach,"Sunset,Water_Sports","Friends,Couples",0,500,2000,1000,4000,350,1200,13.349,74.703,4.5,15000,10,3,Valley,KAR-128,52.2,False,Easy,Full-day (4-8 hrs)
544,St Mary'S Island,Udupi,Karnataka,South,Island,"Photography,Nature","Friends,Couples",300,200,700,1000,4000,350,1200,13.379,74.672,4.6,12000,10,2,Urban,KAR-128,58.7,False,Moderate,Full-day (4-8 hrs)
545,Tirumala Venkateswara Temple,Tirupati,Andhra Pradesh,South,Temple,"Spiritual,Pilgrimage,Architecture","Family,Solo",0,200,800,1000,4000,300,1000,13.6833,79.347,4.9,250000,10,3,Urban,AND-0,60.6,False,Easy,Short (1-2 hrs)
546,Srisailam Temple,Srisailam,Andhra Pradesh,South,Temple,"Spiritual,Pilgrimage","Family,Solo",0,200,800,900,3500,300,900,16.072,78.868,4.8,60000,10,3,Coastal,AND-7,62.0,False,Easy,Short (1-2 hrs)
547,Araku Valley,Araku,Andhra Pradesh,South,Hill Station,"Nature,Scenic","Couples,Friends",0,500,2000,1200,4500,350,1200,18.327,82.88,4.7,30000,9,3,Urban,AND-1,59.8,False,Moderate,Full-day (4-8 hrs)
548,Borra Caves,Araku,Andhra Pradesh,South,Cave,"Adventure,Geology,Photography","Friends,Family",80,200,800,1200,4000,350,1200,18.28,83.04,4.6,22000,10,3,Coastal,AND-1,55.8,False,Moderate,Half-day (2-4 hrs)
549,Rk Beach,Visakhapatnam,Andhra Pradesh,South,Beach,"Sunset,Walking,Photography","Family,Friends",0,200,700,1500,5000,400,1500,17.71,83.31,4.6,45000,10,3,Urban,AND-2,52.4,False,Easy,Full-day (4-8 hrs)
550,Kailasagiri,Visakhapatnam,Andhra Pradesh,South,Hill Park,",Photography","Couples,Friends",50,200,600,1500,5000,400,1500,17.747,83.341,4.5,20000,10,3,Coastal,AND-2,50.8,False,Moderate,Half-day (2-4 hrs)
551,Submarine Museum,Visakhapatnam,Andhra Pradesh,South,Museum,"Heritage,Navy","Family,Friends",40,0,200,1500,5000,400,1500,17.714,83.323,4.5,15000,10,3,Valley,AND-2,52.2,False,Easy,Half-day (2-4 hrs)
552,Yarada Beach,Visakhapatnam,Andhra Pradesh,South,Beach,"Scenic,Photography","Friends,Couples",0,200,700,1500,5000,400,1500,17.655,83.28,4.5,12000,10,3,Coastal,AND-2,53.3,False,Easy,Full-day (4-8 hrs)
553,Simhachalam Temple,Visakhapatnam,Andhra Pradesh,South,Temple,"Spiritual,Architecture","Family,Solo",0,200,600,1200,4500,350,1200,17.765,83.245,4.7,25000,10,3,Urban,AND-2,60.7,False,Easy,Short (1-2 hrs)
554,Belum Caves,Kurnool,Andhra Pradesh,South,Cave,"Adventure,Geology","Friends,Solo",65,200,800,900,3500,300,900,15.1,78.11,4.6,18000,10,3,Urban,AND-3,56.8,False,Moderate,Half-day (2-4 hrs)
555,Oravakallu Rock Garden,Kurnool,Andhra Pradesh,South,Nature,"Geology,Photography","Friends,Family",20,200,700,900,3500,300,900,15.69,78.16,4.4,8000,10,3,Urban,AND-8,49.7,False,Moderate,Half-day (2-4 hrs)
556,Gandikota Canyon,Kadapa,Andhra Pradesh,South,Nature,"Canyon,Photography","Friends,Solo",0,300,900,900,3500,300,900,14.81,78.28,4.7,17000,10,3,Urban,AND-3,62.5,False,Moderate,Half-day (2-4 hrs)
557,Ahobilam Temple,Kurnool,Andhra Pradesh,South,Temple,"Spiritual,Trekking","Family,Solo",0,200,800,900,3500,300,900,15.13,78.73,4.7,9000,10,3,Urban,AND-9,65.5,True,Easy,Short (1-2 hrs)
558,Lepakshi Temple,Anantapur,Andhra Pradesh,South,Temple,"Architecture,Heritage","Family,Friends",0,200,600,900,3500,300,900,13.8,77.61,4.7,21000,10,3,Urban,AND-10,61.5,False,Easy,Short (1-2 hrs)
559,Sri Kalahasti Temple,Srikalahasti,Andhra Pradesh,South,Temple,"Spiritual,Pilgrimage","Family,Solo",0,200,800,900,3500,300,900,13.75,79.7,4.7,35000,10,3,Urban,AND-0,59.1,False,Easy,Short (1-2 hrs)
560,Talakona Waterfalls,Chittoor,Andhra Pradesh,South,Waterfall,"Nature,Trekking","Friends,Couples",50,300,1000,1000,3500,300,900,13.82,79.21,4.6,12000,9,3,Urban,AND-0,58.7,False,Moderate,Half-day (2-4 hrs)
561,Horsley Hills,Chittoor,Andhra Pradesh,South,Hill Station,"Nature,Trekking","Friends,Couples",0,300,900,1200,4000,350,1200,13.65,78.4,4.5,10000,10,3,Urban,AND-11,54.1,False,Moderate,Full-day (4-8 hrs)
562,Pulicat Lake,Nellore,Andhra Pradesh,South,Lake,"Birdwatching,Nature","Friends,Couples",0,200,700,800,3000,300,900,13.42,80.32,4.4,8000,11,2,Urban,AND-12,49.7,False,Easy,Full-day (4-8 hrs)
563,Uppada Beach,Kakinada,Andhra Pradesh,South,Beach,"Scenic,Photography","Friends,Couples",0,200,700,900,3500,300,900,16.95,82.32,4.4,7000,10,3,Urban,AND-4,50.4,False,Easy,Full-day (4-8 hrs)
564,Coringa Wildlife Sanctuary,Kakinada,Andhra Pradesh,South,Wildlife,"Mangrove,Birdwatching","Friends,Solo",20,200,700,900,3500,300,900,16.82,82.27,4.5,9000,10,3,Urban,AND-4,54.6,False,Moderate,Full-day (4-8 hrs)
565,Papikondalu,Rajahmundry,Andhra Pradesh,South,Nature,"Boating,Scenic","Friends,Couples",0,800,2500,1000,4000,350,1200,17.25,81.78,4.7,20000,10,3,Urban,AND-5,61.7,False,Moderate,Half-day (2-4 hrs)
566,Dowleswaram Barrage,Rajahmundry,Andhra Pradesh,South,Dam,",Scenic","Family,Friends",0,100,400,900,3500,300,900,16.96,81.78,4.4,7000,10,3,Urban,AND-5,50.4,False,Moderate,Half-day (2-4 hrs)
567,Amaravati Stupa,Amaravati,Andhra Pradesh,South,Heritage,"Buddhist Cultural,Heritage","Family,Solo",25,100,400,900,3500,300,900,16.57,80.35,4.5,10000,10,3,Urban,AND-6,54.1,False,Easy,Half-day (2-4 hrs)
568,Undavalli Caves,Vijayawada,Andhra Pradesh,South,Cave,"Heritage,Architecture","Family,Friends",15,100,400,900,3500,300,900,16.5,80.58,4.5,13000,10,3,Urban,AND-6,52.9,False,Moderate,Half-day (2-4 hrs)
569,Kanaka Durga Temple,Vijayawada,Andhra Pradesh,South,Temple,"Spiritual,Pilgrimage","Family,Solo",0,200,700,900,3500,300,900,16.51,80.61,4.8,60000,10,3,Urban,AND-6,62.0,False,Easy,Short (1-2 hrs)
570,Bhavani Island,Vijayawada,Andhra Pradesh,South,Island,"Boating,Relaxation","Family,Friends",100,500,2000,1000,4000,350,1200,16.49,80.64,4.4,9000,10,3,Urban,AND-6,49.2,False,Moderate,Full-day (4-8 hrs)
571,Mypadu Beach,Nellore,Andhra Pradesh,South,Beach,"Scenic,Relaxation","Friends,Couples",0,200,700,900,3500,300,900,14.45,80.08,4.3,6000,10,3,Urban,AND-13,45.7,False,Easy,Full-day (4-8 hrs)
572,Baruva Beach,Srikakulam,Andhra Pradesh,South,Beach,"Sunset,Photography","Friends,Couples",0,200,700,900,3500,300,900,18.9,84.58,4.3,4000,10,3,Urban,AND-14,47.6,False,Easy,Full-day (4-8 hrs)
573,Kolleru Lake,Eluru,Andhra Pradesh,South,Lake,"Birdwatching,Nature","Friends,Solo",0,200,700,800,3000,300,900,16.63,81.28,4.4,5000,11,2,Urban,AND-15,52.0,False,Easy,Full-day (4-8 hrs)
574,Manginapudi Beach,Machilipatnam,Andhra Pradesh,South,Beach,"Relaxation,Photography","Friends,Family",0,200,700,900,3500,300,900,16.2,81.18,4.3,5000,10,3,Urban,AND-16,46.5,False,Easy,Full-day (4-8 hrs)
575,Charminar,Hyderabad,Telangana,South,Monument,"Heritage,Architecture,Photography","Family,Friends",25,100,400,1500,5000,400,1500,17.3616,78.4747,4.6,120000,10,3,Urban,TEL-254,47.8,False,Easy,Short (1-2 hrs)
576,Golconda Fort,Hyderabad,Telangana,South,Fort,"Heritage,Architecture,","Friends,Family",25,200,700,1500,5000,400,1500,17.3833,78.4011,4.7,90000,10,3,Urban,TEL-254,54.6,False,Moderate,Half-day (2-4 hrs)
577,Ramoji Film City,Hyderabad,Telangana,South,Theme Park,"Cinema,Entertainment,Tour","Family,Friends",1350,500,2000,1500,5000,400,1500,17.2543,78.6808,4.6,80000,10,3,Urban,TEL-254,49.7,False,Easy,Full-day (4-8 hrs)
578,Hussain Sagar Lake,Hyderabad,Telangana,South,Lake,"Boating,Relaxation,Photography","Family,Friends",0,100,500,1500,5000,400,1500,17.4239,78.4738,4.5,60000,10,3,Urban,TEL-254,45.6,False,Easy,Full-day (4-8 hrs)
579,Birla Mandir,Hyderabad,Telangana,South,Temple,"Spiritual,Architecture","Family,Solo",0,100,400,1500,5000,400,1500,17.4062,78.4691,4.7,45000,10,3,Urban,TEL-254,57.9,False,Easy,Short (1-2 hrs)
580,Salar Jung Museum,Hyderabad,Telangana,South,Museum,"Heritage,Art,Cultural","Family,Friends",50,100,400,1500,5000,400,1500,17.3713,78.4804,4.6,35000,10,3,Urban,TEL-254,53.6,False,Easy,Half-day (2-4 hrs)
581,Chowmahalla Palace,Hyderabad,Telangana,South,Palace,"Heritage,Architecture,Heritage","Family,Friends",80,100,400,1500,5000,400,1500,17.3578,78.4717,4.6,30000,10,3,Urban,TEL-254,54.4,False,Easy,Half-day (2-4 hrs)
582,Nehru Zoological Park,Hyderabad,Telangana,South,Zoo,"Wildlife,Family","Family,Friends",100,200,600,1500,5000,400,1500,17.3507,78.4514,4.5,28000,10,3,Urban,TEL-254,49.2,False,Easy,Half-day (2-4 hrs)
583,Shilparamam,Hyderabad,Telangana,South,Cultural Village,"Crafts,Cultural,Shopping","Family,Friends",60,200,700,1500,5000,400,1500,17.4526,78.3783,4.4,20000,10,3,Urban,TEL-254,45.4,False,Easy,Half-day (2-4 hrs)
584,Snow World,Hyderabad,Telangana,South,Amusement Park,"Snow,Entertainment","Friends,Family",450,200,700,1500,5000,400,1500,17.4138,78.4803,4.3,15000,10,3,Urban,TEL-254,41.3,False,Easy,Full-day (4-8 hrs)
585,Ananthagiri Hills,Vikarabad,Telangana,South,Hill Station,"Nature,Trekking","Friends,Couples",0,300,1000,900,3500,300,900,17.3167,78.1333,4.6,12000,10,3,Urban,TEL-254,58.7,False,Moderate,Full-day (4-8 hrs)
586,Bhongir Fort,Yadadri Bhuvanagiri,Telangana,South,Fort,"Trekking,Heritage","Friends,Solo",0,200,700,900,3500,300,900,17.515,78.885,4.5,9000,10,3,Urban,TEL-254,54.6,False,Moderate,Half-day (2-4 hrs)
587,Yadadri Temple,Yadadri,Telangana,South,Temple,"Spiritual,Pilgrimage","Family,Solo",0,200,700,900,3500,300,900,17.588,78.943,4.7,50000,10,3,Urban,TEL-254,57.4,False,Easy,Short (1-2 hrs)
588,Kuntala Waterfalls,Adilabad,Telangana,South,Waterfall,"Nature,Photography","Friends,Couples",20,300,900,900,3500,300,900,19.28,78.47,4.6,8000,9,3,Urban,TEL-255,60.7,False,Moderate,Half-day (2-4 hrs)
589,Pochera Waterfalls,Adilabad,Telangana,South,Waterfall,"Nature,Scenic","Friends,Couples",10,300,900,900,3500,300,900,19.3,78.43,4.5,6000,9,3,Urban,TEL-255,56.6,False,Moderate,Half-day (2-4 hrs)
590,Basar Saraswati Temple,Basar,Telangana,South,Temple,"Spiritual,Pilgrimage","Family,Solo",0,200,700,900,3500,300,900,18.88,77.97,4.7,25000,10,3,Urban,TEL-259,60.7,False,Easy,Short (1-2 hrs)
591,Ramappa Temple,Warangal,Telangana,South,Temple,"Heritage,Architecture","Family,Friends",40,200,700,900,3500,300,900,18.26,79.94,4.7,20000,10,3,Valley,TEL-256,61.7,False,Easy,Short (1-2 hrs)
592,Warangal Fort,Warangal,Telangana,South,Fort,"Heritage,Architecture","Friends,Family",0,200,700,900,3500,300,900,17.97,79.6,4.6,15000,10,3,Valley,TEL-257,57.7,False,Moderate,Half-day (2-4 hrs)
593,Laknavaram Lake,Warangal,Telangana,South,Lake,"Boating,Nature","Friends,Couples",50,300,900,900,3500,300,900,17.87,79.9,4.6,12000,10,3,Valley,TEL-257,58.7,False,Easy,Full-day (4-8 hrs)
594,Medak Cathedral,Medak,Telangana,South,Church,"Architecture,Heritage","Family,Solo",0,100,400,900,3500,300,900,18.04,78.26,4.6,9000,10,3,Mountain,TEL-258,60.1,False,Moderate,Short (1-2 hrs)
595,Pocharam Wildlife Sanctuary,Medak,Telangana,South,Wildlife,"Nature,Birdwatching","Friends,Solo",20,300,900,900,3500,300,900,18.2,78.3,4.4,5000,11,2,Mountain,TEL-258,52.0,False,Moderate,Full-day (4-8 hrs)
596,Bogatha Waterfall,Mulugu,Telangana,South,Waterfall,"Nature,Photography","Friends,Couples",20,300,900,900,3500,300,900,18.3,80.2,4.6,7000,9,3,Urban,TEL-256,61.3,False,Moderate,Half-day (2-4 hrs)
597,Mallaram Forest,Khammam,Telangana,South,Forest,"Nature,Trekking","Friends,Solo",0,300,900,900,3500,300,900,17.2,80.1,4.3,4000,10,3,Urban,TEL-260,47.6,False,Moderate,Half-day (2-4 hrs)
598,Jurala Dam,Jogulamba Gadwal,Telangana,South,Dam,"Scenic,","Family,Friends",0,200,700,900,3500,300,900,16.35,77.4,4.3,4000,10,3,Mountain,TEL-261,47.6,False,Moderate,Half-day (2-4 hrs)
599,Nagarjuna Sagar Dam,Nalgonda,Telangana,South,Dam,",Scenic","Family,Friends",0,200,700,900,3500,300,900,16.57,79.32,4.5,15000,10,3,Mountain,TEL-262,52.2,False,Moderate,Half-day (2-4 hrs)
600,India Gate,New Delhi,Delhi,North,Monument,"Heritage,War Memorial,Photography","Family,Friends",0,100,400,1500,5000,400,1500,28.6129,77.2295,4.7,150000,10,3,Mountain,DEL-73,52.2,False,Moderate,Short (1-2 hrs)
601,Red Fort,Delhi,Delhi,North,Fort,"Heritage,Architecture,Heritage","Family,Friends",35,200,700,1500,5000,400,1500,28.6562,77.241,4.7,120000,10,3,Mountain,DEL-73,53.2,False,Moderate,Half-day (2-4 hrs)
602,Qutub Minar,Delhi,Delhi,North,Monument,"Heritage,Architecture,Photography","Family,Friends",35,200,700,1500,5000,400,1500,28.5244,77.1855,4.7,110000,10,3,Urban,DEL-73,53.6,False,Easy,Short (1-2 hrs)
603,Lotus Temple,Delhi,Delhi,North,Temple,"Spiritual,Architecture,Peaceful","Family,Solo",0,100,400,1500,5000,400,1500,28.5535,77.2588,4.7,90000,10,3,Valley,DEL-73,54.6,False,Easy,Short (1-2 hrs)
604,Humayun'S Tomb,Delhi,Delhi,North,Monument,"Heritage,Architecture,Mughal","Family,Friends",40,200,700,1500,5000,400,1500,28.5933,77.2507,4.7,80000,10,3,Mountain,DEL-73,55.2,False,Moderate,Short (1-2 hrs)
605,Akshardham Temple,Delhi,Delhi,North,Temple,"Spiritual,Architecture,Cultural","Family,Friends",0,200,700,1500,5000,400,1500,28.6127,77.2773,4.8,140000,10,3,Mountain,DEL-73,57.9,False,Moderate,Short (1-2 hrs)
606,Jama Masjid,Delhi,Delhi,North,Mosque,"Religion,Architecture,Heritage","Family,Solo",0,100,400,1500,5000,400,1500,28.6507,77.2334,4.6,70000,10,3,Mountain,DEL-73,50.3,False,Moderate,Short (1-2 hrs)
607,Raj Ghat,Delhi,Delhi,North,Memorial,"Heritage,Peace Memorial","Family,Solo",0,100,300,1500,5000,400,1500,28.6415,77.2488,4.5,30000,10,3,Urban,DEL-73,48.9,False,Easy,Short (1-2 hrs)
608,Chandni Chowk,Delhi,Delhi,North,Market,"Shopping,Food,Cultural","Friends,Family",0,300,1000,1500,5000,400,1500,28.656,77.23,4.6,100000,10,3,Urban,DEL-73,48.6,False,Easy,Short (1-2 hrs)
609,Connaught Place,New Delhi,Delhi,North,Market,"Shopping,Restaurants,Nightlife","Friends,Couples",0,500,2000,1500,5000,400,1500,28.6315,77.2167,4.6,90000,10,3,Mountain,DEL-73,49.1,False,Moderate,Short (1-2 hrs)
610,National Museum,New Delhi,Delhi,North,Museum,"Heritage,Art,Cultural","Family,Friends",20,100,400,1500,5000,400,1500,28.6118,77.2195,4.5,25000,10,3,Mountain,DEL-73,49.8,False,Moderate,Half-day (2-4 hrs)
611,National Rail Museum,New Delhi,Delhi,North,Museum,"Heritage,Trains,Educational","Family,Friends",50,100,400,1500,5000,400,1500,28.5854,77.181,4.5,20000,10,3,Urban,DEL-73,50.8,False,Easy,Half-day (2-4 hrs)
612,Lodhi Garden,New Delhi,Delhi,North,Park,"Nature,Walking,Photography","Family,Couples",0,100,300,1500,5000,400,1500,28.5931,77.2197,4.6,35000,10,3,Urban,DEL-73,53.6,False,Easy,Half-day (2-4 hrs)
613,Garden Of Five Senses,Delhi,Delhi,North,Park,"Nature,Romantic,Photography","Couples,Friends",50,200,600,1500,5000,400,1500,28.5134,77.1977,4.4,15000,10,3,Urban,DEL-73,46.8,False,Easy,Half-day (2-4 hrs)
614,Hauz Khas Village,Delhi,Delhi,North,Heritage Site,"Nightlife,Heritage,Shopping","Friends,Couples",0,500,2000,1500,5000,400,1500,28.5494,77.2001,4.5,30000,10,3,Mountain,DEL-73,48.9,False,Moderate,Half-day (2-4 hrs)
615,Dilli Haat,Delhi,Delhi,North,Market,"Handicrafts,Cultural,Food","Family,Friends",30,300,900,1500,5000,400,1500,28.5743,77.2196,4.5,25000,10,3,Coastal,DEL-73,49.8,False,Easy,Short (1-2 hrs)
616,Safdarjung Tomb,Delhi,Delhi,North,Monument,"Heritage,Architecture","Family,Friends",25,200,600,1500,5000,400,1500,28.5893,77.21,4.4,18000,10,3,Coastal,DEL-73,45.9,False,Easy,Short (1-2 hrs)
617,Purana Qila,Delhi,Delhi,North,Fort,"Heritage,Architecture","Family,Friends",30,200,700,1500,5000,400,1500,28.6127,77.2433,4.4,20000,10,3,Urban,DEL-73,45.4,False,Moderate,Half-day (2-4 hrs)
618,Agrasen Ki Baoli,Delhi,Delhi,North,Stepwell,"Heritage,Architecture,Photography","Friends,Couples",0,100,400,1500,5000,400,1500,28.6266,77.225,4.5,15000,10,3,Urban,DEL-73,52.2,False,Moderate,Half-day (2-4 hrs)
619,Bangla Sahib Gurudwara,New Delhi,Delhi,North,Gurdwara,"Spiritual,Community","Family,Solo",0,100,300,1500,5000,400,1500,28.6264,77.2091,4.8,70000,10,3,Urban,DEL-73,61.2,False,Easy,Short (1-2 hrs)
620,Rock Garden,Chandigarh,Chandigarh,North,Garden,"Art,Sculptures,Photography","Family,Friends",30,100,400,1500,4500,400,1200,30.7525,76.8101,4.7,90000,10,3,Coastal,CHA-53,54.6,False,Easy,Short (1-2 hrs)
621,Sukhna Lake,Chandigarh,Chandigarh,North,Lake,"Boating,Relaxation,Walking","Family,Couples",0,200,600,1500,4500,400,1200,30.7421,76.8188,4.7,80000,10,3,Urban,CHA-53,55.2,False,Easy,Full-day (4-8 hrs)
622,Rose Garden,Chandigarh,Chandigarh,North,Garden,"Nature,Flowers,Photography","Family,Couples",0,100,300,1500,4500,400,1200,30.7463,76.781,4.6,35000,10,3,Urban,CHA-53,53.6,False,Easy,Short (1-2 hrs)
623,Elante Mall,Chandigarh,Chandigarh,North,Mall,"Shopping,Entertainment,Food","Friends,Family",0,500,2000,1500,4500,400,1200,30.7054,76.8013,4.6,60000,10,3,Urban,CHA-53,51.1,False,Easy,Half-day (2-4 hrs)
624,Le Corbusier Centre,Chandigarh,Chandigarh,North,Museum,"Architecture,Heritage","Family,Solo",20,100,300,1500,4500,400,1200,30.7414,76.7822,4.4,7000,10,3,Urban,CHA-53,50.4,False,Easy,Half-day (2-4 hrs)
625,Government Museum And Art Gallery,Chandigarh,Chandigarh,North,Museum,"Art,Heritage,Cultural","Family,Friends",10,100,300,1500,4500,400,1200,30.747,76.787,4.5,15000,10,3,Urban,CHA-53,52.2,False,Easy,Half-day (2-4 hrs)
626,International Dolls Museum,Chandigarh,Chandigarh,North,Museum,"Cultural,Educational","Family,Friends",10,100,300,1500,4500,400,1200,30.737,76.784,4.3,8000,10,3,Urban,CHA-53,44.3,False,Easy,Half-day (2-4 hrs)
627,Japanese Garden,Chandigarh,Chandigarh,North,Garden,"Nature,Photography","Couples,Friends",10,100,300,1500,4500,400,1200,30.7017,76.789,4.5,12000,10,3,Coastal,CHA-53,53.3,False,Easy,Short (1-2 hrs)
628,Terraced Garden,Chandigarh,Chandigarh,North,Garden,"Nature,Relaxation","Family,Couples",0,100,300,1500,4500,400,1200,30.7212,76.7662,4.4,9000,10,3,Coastal,CHA-53,49.2,False,Easy,Short (1-2 hrs)
629,Garden Of Fragrance,Chandigarh,Chandigarh,North,Garden,"Flowers,Nature","Family,Couples",0,100,300,1500,4500,400,1200,30.7456,76.7792,4.4,6000,10,3,Coastal,CHA-53,51.1,False,Easy,Short (1-2 hrs)
630,Bougainvillea Garden,Chandigarh,Chandigarh,North,Garden,"Flowers,Photography","Family,Couples",0,100,300,1500,4500,400,1200,30.743,76.783,4.4,5000,10,3,Island,CHA-53,52.0,False,Easy,Short (1-2 hrs)
631,Chandigarh Bird Park,Chandigarh,Chandigarh,North,Wildlife,"Birdwatching,Nature","Family,Friends",30,200,600,1500,4500,400,1200,30.754,76.814,4.5,12000,10,3,Island,CHA-53,53.3,False,Moderate,Full-day (4-8 hrs)
632,Open Hand Monument,Chandigarh,Chandigarh,North,Monument,"Architecture,Photography","Friends,Solo",0,100,300,1500,4500,400,1200,30.7485,76.8015,4.4,7000,10,3,Island,CHA-53,50.4,False,Easy,Short (1-2 hrs)
633,Capitol Complex,Chandigarh,Chandigarh,North,Heritage Site,"Architecture,Heritage","Family,Friends",0,200,500,1500,4500,400,1200,30.7573,76.8055,4.6,15000,10,3,Island,CHA-53,57.7,False,Easy,Half-day (2-4 hrs)
634,Iscon Temple Chandigarh,Chandigarh,Chandigarh,North,Temple,"Spiritual,Peaceful","Family,Solo",0,100,300,1500,4500,400,1200,30.7295,76.7741,4.6,18000,10,3,Island,CHA-53,56.8,False,Easy,Short (1-2 hrs)
635,Pangong Lake,Leh,Ladakh,North,Lake,"Nature,Scenic,Photography","Friends,Couples",0,500,2000,1500,5000,500,1500,33.742,78.975,4.9,120000,5,9,Island,LAD-143,64.1,True,Easy,Full-day (4-8 hrs)
636,Tso Moriri Lake,Leh,Ladakh,North,Lake,"Nature,Scenic,Photography","Friends,Couples",0,500,2000,1500,5000,500,1500,32.9,78.3,4.8,25000,5,9,Coastal,LAD-144,66.1,True,Easy,Full-day (4-8 hrs)
637,Nubra Valley,Leh,Ladakh,North,Valley,"Desert,Camel Ride,Scenic","Friends,Couples",0,800,2500,1500,5000,500,1500,34.6,77.55,4.9,60000,5,9,Urban,LAD-141,67.4,True,Moderate,Full-day (4-8 hrs)
638,Khardung La Pass,Leh,Ladakh,North,Mountain Pass,"Adventure,Biking,Scenic","Friends,Solo",0,500,2000,1500,5000,500,1500,34.278,77.604,4.9,50000,5,9,Coastal,LAD-141,68.3,True,Strenuous,Half-day (2-4 hrs)
639,Magnetic Hill,Leh,Ladakh,North,Hill,"Mystery,Photography","Friends,Family",0,200,700,1500,5000,500,1500,34.082,77.583,4.6,35000,5,9,Coastal,LAD-141,53.6,False,Moderate,Half-day (2-4 hrs)
640,Shanti Stupa,Leh,Ladakh,North,Monument,"Spiritual,Photography","Family,Solo",0,100,400,1500,5000,500,1500,34.164,77.584,4.8,40000,5,9,Urban,LAD-141,63.9,True,Easy,Short (1-2 hrs)
641,Leh Palace,Leh,Ladakh,North,Palace,"Heritage,Heritage,Architecture","Family,Friends",25,200,700,1500,5000,500,1500,34.168,77.5848,4.6,20000,5,9,Urban,LAD-141,56.3,False,Easy,Half-day (2-4 hrs)
642,Hemis Monastery,Leh,Ladakh,North,Monastery,"Spiritual,Buddhist Cultural Cultural","Family,Solo",50,200,700,1500,5000,500,1500,33.897,77.707,4.7,15000,5,9,Urban,LAD-141,63.1,True,Easy,Half-day (2-4 hrs)
643,Thiksey Monastery,Leh,Ladakh,North,Monastery,"Buddhist Cultural Cultural,Architecture","Family,Solo",30,200,700,1500,5000,500,1500,34.051,77.668,4.7,17000,5,9,Urban,LAD-141,62.5,False,Easy,Half-day (2-4 hrs)
644,Diskit Monastery,Nubra,Ladakh,North,Monastery,"Buddhist Cultural Cultural,Statue","Family,Solo",30,200,700,1500,5000,500,1500,34.559,77.556,4.7,12000,5,9,Coastal,LAD-141,64.2,True,Easy,Half-day (2-4 hrs)
645,Hall Of Fame Museum,Leh,Ladakh,North,Museum,"Heritage,Army,Educational","Family,Friends",25,100,400,1500,5000,500,1500,34.1526,77.5771,4.7,15000,5,9,Coastal,LAD-141,63.1,True,Easy,Half-day (2-4 hrs)
646,Zanskar Valley,Kargil,Ladakh,North,Valley,"Trekking,Adventure,Nature","Friends,Solo",0,800,3000,1200,4000,500,1500,33.5,76.8,4.8,18000,6,9,Urban,LAD-145,67.7,True,Moderate,Full-day (4-8 hrs)
647,Lamayuru Monastery,Lamayuru,Ladakh,North,Monastery,"Buddhist Cultural Cultural,Heritage","Family,Solo",30,200,700,1200,4000,500,1500,34.28,76.77,4.7,9000,5,9,Coastal,LAD-146,65.5,True,Easy,Half-day (2-4 hrs)
648,Turtuk Village,Nubra,Ladakh,North,Village,"Cultural,Scenic","Friends,Couples",0,300,900,1200,4000,500,1500,34.846,76.836,4.8,8000,5,9,Coastal,LAD-147,71.6,True,Easy,Half-day (2-4 hrs)
649,Alchi Monastery,Alchi,Ladakh,North,Monastery,"Buddhist Cultural Cultural,Art","Family,Solo",30,200,700,1200,4000,500,1500,34.27,76.07,4.6,7000,5,9,Urban,LAD-142,61.3,False,Easy,Half-day (2-4 hrs)
650,Stok Palace,Leh,Ladakh,North,Palace,"Heritage,Museum","Family,Friends",70,200,700,1500,5000,500,1500,33.995,77.535,4.5,5000,5,9,Urban,LAD-141,57.4,False,Easy,Half-day (2-4 hrs)
651,Shey Palace,Leh,Ladakh,North,Palace,"Heritage,Architecture","Family,Friends",30,200,700,1500,5000,500,1500,34.06,77.67,4.5,6000,5,9,Urban,LAD-141,56.6,False,Easy,Half-day (2-4 hrs)
652,Hunder Sand Dunes,Nubra,Ladakh,North,Desert,"Camel Ride,Scenic","Friends,Couples",0,500,2000,1200,4000,500,1500,34.58,77.48,4.8,20000,5,9,Valley,LAD-141,67.2,True,Moderate,Full-day (4-8 hrs)
653,Drass War Memorial,Drass,Ladakh,North,Memorial,"Heritage,Army","Family,Solo",0,100,400,1200,4000,500,1500,34.45,75.76,4.8,10000,5,9,Valley,LAD-142,70.5,True,Easy,Short (1-2 hrs)
654,Chang La Pass,Leh,Ladakh,North,Mountain Pass,"Adventure,Scenic,Biking","Friends,Solo",0,500,2000,1500,5000,500,1500,34.06,77.92,4.8,18000,5,9,Urban,LAD-141,67.7,True,Strenuous,Half-day (2-4 hrs)
655,Promenade Beach,Puducherry,Puducherry,South,Beach,"Sunrise,Walking,Photography","Friends,Couples",0,200,700,1500,4500,400,1200,11.934,79.8347,4.7,60000,10,3,Forest,PUD-201,56.5,False,Moderate,Full-day (4-8 hrs)
656,Paradise Beach,Puducherry,Puducherry,South,Beach,"Boating,Relaxation,Scenic","Friends,Couples",150,300,900,1500,4500,400,1200,11.895,79.815,4.7,35000,10,3,Coastal,PUD-201,59.1,False,Easy,Full-day (4-8 hrs)
657,Auroville,Puducherry,Puducherry,South,Township,"Spiritual,Meditation,Cultural","Family,Solo",0,200,700,1500,4500,400,1200,12.005,79.808,4.7,50000,10,3,Urban,PUD-201,57.4,False,Easy,Half-day (2-4 hrs)
658,Matrimandir,Auroville,Puducherry,South,Meditation Center,"Spiritual,Architecture,Meditation","Solo,Couples",0,100,400,1500,4500,400,1200,12.0067,79.8103,4.8,25000,10,3,Urban,PUD-201,66.1,True,Moderate,Half-day (2-4 hrs)
659,Sri Aurobindo Ashram,Puducherry,Puducherry,South,Ashram,"Spiritual,Peaceful","Family,Solo",0,100,400,1500,4500,400,1200,11.9352,79.8353,4.7,45000,10,3,Urban,PUD-201,57.9,False,Moderate,Half-day (2-4 hrs)
660,Serenity Beach,Puducherry,Puducherry,South,Beach,"Surfing,Photography","Friends,Couples",0,200,700,1500,4500,400,1200,11.9682,79.8465,4.5,20000,10,3,Coastal,PUD-201,50.8,False,Easy,Full-day (4-8 hrs)
661,Chunnambar Boat House,Puducherry,Puducherry,South,Boat House,"Boating,Adventure","Family,Friends",100,300,900,1500,4500,400,1200,11.8935,79.812,4.5,15000,10,3,Coastal,PUD-201,52.2,False,Moderate,Half-day (2-4 hrs)
662,French War Memorial,Puducherry,Puducherry,South,Memorial,"Heritage,Photography","Family,Solo",0,100,300,1500,4500,400,1200,11.9343,79.8357,4.4,10000,10,3,Urban,PUD-201,48.7,False,Easy,Short (1-2 hrs)
663,Basilica Of The Sacred Heart Of Jesus,Puducherry,Puducherry,South,Church,"Architecture,Spiritual","Family,Solo",0,100,300,1500,4500,400,1200,11.9275,79.83,4.7,18000,10,3,Urban,PUD-201,62.2,False,Easy,Short (1-2 hrs)
664,Immaculate Conception Cathedral,Puducherry,Puducherry,South,Church,"Architecture,Spiritual","Family,Solo",0,100,300,1500,4500,400,1200,11.9333,79.8308,4.6,12000,10,3,Urban,PUD-201,58.7,False,Easy,Short (1-2 hrs)
665,Manakula Vinayagar Temple,Puducherry,Puducherry,South,Temple,"Spiritual,Architecture","Family,Solo",0,100,400,1500,4500,400,1200,11.9368,79.8349,4.8,40000,10,3,Urban,PUD-201,63.9,True,Easy,Short (1-2 hrs)
666,Botanical Garden,Puducherry,Puducherry,South,Garden,"Nature,Relaxation","Family,Couples",20,100,300,1500,4500,400,1200,11.925,79.827,4.3,9000,10,3,Urban,PUD-201,43.7,False,Easy,Short (1-2 hrs)
667,Puducherry Museum,Puducherry,Puducherry,South,Museum,"Heritage,Artifacts","Family,Friends",10,100,300,1500,4500,400,1200,11.9355,79.8335,4.3,7000,10,3,Urban,PUD-201,44.9,False,Easy,Half-day (2-4 hrs)
668,Arikamedu,Puducherry,Puducherry,South,Archaeological Site,"Heritage,Ruins","Friends,Solo",0,100,300,1500,4500,400,1200,11.91,79.83,4.2,5000,10,3,Urban,PUD-201,41.1,False,Moderate,Half-day (2-4 hrs)
669,Veerampattinam Beach,Puducherry,Puducherry,South,Beach,"Relaxation,Scenic","Friends,Couples",0,200,700,1500,4500,400,1200,11.88,79.83,4.3,6000,10,3,Coastal,PUD-201,45.7,False,Easy,Full-day (4-8 hrs)
670,Karaikal Beach,Karaikal,Puducherry,South,Beach,"Relaxation,Photography","Family,Friends",0,200,700,1200,4000,350,1000,10.92,79.85,4.3,5000,10,3,Coastal,PUD-202,46.5,False,Easy,Full-day (4-8 hrs)
671,Karaikal Ammaiyar Temple,Karaikal,Puducherry,South,Temple,"Spiritual,Heritage","Family,Solo",0,100,400,1200,4000,350,1000,10.92,79.84,4.5,7000,10,3,Urban,PUD-202,55.8,False,Easy,Short (1-2 hrs)
672,Yanam Beach,Yanam,Puducherry,South,Beach,"Relaxation,Scenic","Friends,Couples",0,200,700,1200,4000,350,1000,16.73,82.22,4.3,4000,10,3,Coastal,PUD-204,47.6,False,Easy,Full-day (4-8 hrs)
673,St Ann'S Church,Mahe,Puducherry,South,Church,"Spiritual,Architecture","Family,Solo",0,100,300,1200,4000,350,1000,11.7,75.54,4.4,3000,10,3,Urban,PUD-203,54.4,False,Easy,Short (1-2 hrs)
674,Mahe Beach,Mahe,Puducherry,South,Beach,"Sunset,Photography","Friends,Couples",0,200,700,1200,4000,350,1000,11.7,75.53,4.3,3500,10,3,Coastal,PUD-203,48.2,False,Easy,Full-day (4-8 hrs)
675,Agatti Island,Agatti,Lakshadweep,South,Island,"Beach,Snorkeling,Nature","Couples,Family",0,1500,5000,3000,9000,600,1500,10.8586,72.1936,4.7,3200,10,3,Island,LAK-148,70.5,True,Moderate,Full-day (4-8 hrs)
676,Bangaram Island,Bangaram,Lakshadweep,South,Island,"Beach,Diving,Luxury",Couples,0,3000,9000,6000,15000,800,2000,10.94,72.287,4.8,2100,10,3,Island,LAK-148,77.9,True,Moderate,Full-day (4-8 hrs)
677,Kavaratti Island,Kavaratti,Lakshadweep,South,Island,"Lagoon,Beach,Marine Life","Family,Friends,Couples",0,1000,4000,2500,8000,500,1200,10.5667,72.6167,4.6,1800,10,3,Island,LAK-149,67.7,True,Moderate,Full-day (4-8 hrs)
678,Kalpeni Island,Kalpeni,Lakshadweep,South,Island,"Lagoon,Kayaking,Beach","Family,Friends",0,1200,3500,2000,6000,500,1200,10.0685,73.6425,4.5,900,10,3,Island,LAK-150,65.6,True,Moderate,Full-day (4-8 hrs)
679,Minicoy Island,Minicoy,Lakshadweep,South,Island,"Lighthouse,Beach,Cultural","Family,Friends,Couples",0,1200,4000,2000,7000,500,1200,8.3,73.05,4.6,1100,10,3,Island,LAK-151,70.1,True,Moderate,Full-day (4-8 hrs)
680,Kadmat Island,Kadmat,Lakshadweep,South,Island,"Scuba,Diving,Coral Reef","Friends,Couples",0,2000,6000,3000,9000,600,1500,11.224,72.776,4.7,1400,10,3,Island,LAK-152,74.4,True,Moderate,Full-day (4-8 hrs)
681,Marine Aquarium Museum,Kavaratti,Lakshadweep,South,Museum,"Marine Life,Educational","Family,Friends,Solo",10,0,0,2500,8000,500,1200,10.565,72.635,4.4,600,10,3,Urban,LAK-149,62.1,False,Easy,Half-day (2-4 hrs)
682,Ujra Mosque,Kavaratti,Lakshadweep,South,Religious Site,"Mosque,Architecture,Cultural",Family,0,0,0,2500,8000,500,1200,10.568,72.6355,4.3,350,10,3,Urban,LAK-149,59.2,False,Moderate,Half-day (2-4 hrs)
683,Jampore Beach,Daman,Daman And Diu,South,Beach,"Beach,Sunset,Photography","Family,Friends,Couples",0,200,1000,1500,5000,400,1000,20.414,72.832,4.4,5200,10,3,Coastal,DAM-71,51.8,False,Easy,Full-day (4-8 hrs)
684,Devka Beach,Daman,Daman And Diu,South,Beach,"Beach,Sunset,Amusement","Family,Friends",0,200,1000,1500,4500,400,900,20.42,72.84,4.2,4300,10,3,Coastal,DAM-71,41.8,False,Easy,Full-day (4-8 hrs)
685,Moti Daman Fort,Daman,Daman And Diu,South,Fort,"Heritage,Architecture","Family,Solo",0,0,0,1500,4500,400,900,20.415,72.83,4.3,2100,10,3,Coastal,DAM-71,50.7,False,Moderate,Half-day (2-4 hrs)
686,St Jerome Fort,Daman,Daman And Diu,South,Fort,"Heritage,Photography",Family,0,0,0,1500,4500,400,900,20.4145,72.831,4.3,1300,10,3,Coastal,DAM-71,52.9,False,Moderate,Half-day (2-4 hrs)
687,Bom Jesus Church,Daman,Daman And Diu,South,Church,"Religion,Architecture","Family,Couples",0,0,0,1500,4500,400,900,20.417,72.832,4.2,900,10,3,Urban,DAM-71,49.2,False,Easy,Short (1-2 hrs)
688,Dominican Monastery,Daman,Daman And Diu,South,Historic Site,"Ruins,Heritage,Photography","Family,Couples,Friends",0,0,0,1500,4500,400,900,20.416,72.834,4.1,700,10,3,Urban,DAM-71,45.0,False,Moderate,Half-day (2-4 hrs)
689,Nagoa Beach,Diu,Daman And Diu,South,Beach,"Beach,Water_Sports","Family,Couples,Adventure",0,500,2500,2000,6000,500,1200,20.713,70.981,4.6,4800,10,3,Coastal,DAM-72,63.1,True,Easy,Full-day (4-8 hrs)
690,Ghoghla Beach,Diu,Daman And Diu,South,Beach,"Beach,Relaxation","Family,Couples",0,300,1500,1800,5500,500,1200,20.72,70.97,4.5,3100,10,3,Coastal,DAM-72,59.7,False,Easy,Full-day (4-8 hrs)
691,Diu Fort,Diu,Daman And Diu,South,Fort,Heritage Architecture Costal Viewpoint,Family,0,0,0,2000,6000,500,1200,20.714,70.99,4.6,4200,10,3,Coastal,DAM-72,63.7,True,Moderate,Half-day (2-4 hrs)
692,Naida Caves,Diu,Daman And Diu,South,Cave,"Rock Formations,Photography",Friends,0,0,0,2000,6000,500,1200,20.715,70.985,4.5,2800,10,3,Mountain,DAM-72,60.2,False,Moderate,Half-day (2-4 hrs)
693,St Paul Church,Diu,Daman And Diu,South,Church,"Architecture,Religion",Family,0,0,0,2000,6000,500,1200,20.7155,70.987,4.6,2000,10,3,Urban,DAM-72,67.2,True,Easy,Short (1-2 hrs)
694,Ins Khukri Memorial,Diu,Daman And Diu,South,Memorial,"War,Memorial,Costal,Viewpoint",Family,0,0,0,2000,6000,500,1200,20.704,70.987,4.5,1900,10,3,Coastal,DAM-72,62.0,False,Easy,Short (1-2 hrs)
695,Dudhni Lake,Dudhni,Dadra And Nagar Haveli,West,Lake,"Boating,Water,Sports,Nature","Family,Friends,Couples",50,300,2000,1500,4500,400,900,20.121,73.016,4.5,2600,10,3,Valley,DAD-70,60.5,False,Easy,Full-day (4-8 hrs)
696,Vanganga Lake Garden,Silvassa,Dadra And Nagar Haveli,West,Garden,"Nature,Boating,Photography","Family,Couples",20,100,500,1500,4500,400,900,20.273,72.996,4.4,2200,10,3,Urban,DAD-70,55.9,False,Easy,Short (1-2 hrs)
697,Tribal Cultural Museum,Silvassa,Dadra And Nagar Haveli,West,Museum,"Tribal,Cultural,Heritage",Family,10,0,0,1500,4500,400,900,20.275,73.016,4.3,900,10,3,Urban,DAD-70,54.7,False,Easy,Half-day (2-4 hrs)
698,Lion Safari Wildlife Park,Silvassa,Dadra And Nagar Haveli,West,Wildlife Park,"Safari,Wildlife,Photography","Family,Friends,Solo,Couples",50,300,800,1500,4500,400,900,20.279,73.021,4.4,1400,10,3,Forest,DAD-70,58.0,False,Moderate,Full-day (4-8 hrs)
699,Hirwa Van Garden,Silvassa,Dadra And Nagar Haveli,West,Garden,"Nature,Relaxation","Family,Couples",20,0,0,1500,4500,400,900,20.276,73.012,4.2,800,10,3,Urban,DAD-70,49.8,False,Easy,Short (1-2 hrs)
700,Amar Mahal Palace,Jammu,Jammu And Kashmir,North,Palace,"Heritage,Heritage","Family,Students",50,100,500,2000,6000,400,900,32.7357,74.8736,4.4,4200,1,12,Urban,JAM-111,52.8,False,Easy,Half-day (2-4 hrs)
701,Mubarak Mandi Palace,Jammu,Jammu And Kashmir,North,Palace,"Heritage,Heritage","Family,Students",50,100,400,1800,5000,400,850,32.7336,74.867,4.3,3000,1,12,Urban,JAM-111,49.0,False,Easy,Half-day (2-4 hrs)
702,Dogra Art Museum,Jammu,Jammu And Kashmir,North,Museum,"Heritage,Art","Students,Family",20,50,200,1500,4000,350,800,32.7335,74.8669,4.2,2100,1,12,Urban,JAM-111,45.2,False,Easy,Half-day (2-4 hrs)
703,Amarnath Cave Temple,Anantnag,Jammu And Kashmir,North,Temple,"Spiritual,Pilgrimage","Pilgrims,Adventure",0,2000,6000,1500,5000,400,900,34.2146,75.5006,4.8,25400,6,8,Mountain,JAM-110,66.1,True,Moderate,Short (1-2 hrs)
704,Patnitop,Udhampur,Jammu And Kashmir,North,Hill Station,"Nature,Adventure","Family,Couples",0,500,3500,1800,5500,500,1000,33.0846,75.3262,4.5,9800,4,10,Mountain,JAM-113,54.2,False,Moderate,Full-day (4-8 hrs)
705,Surinsar Lake,Jammu,Jammu And Kashmir,North,Lake,"Nature,Scenic","Family,Couples",0,200,800,1500,4000,350,800,32.7855,75.0256,4.3,2500,3,10,Valley,JAM-111,49.8,False,Easy,Full-day (4-8 hrs)
706,Mansar Lake,Jammu,Jammu And Kashmir,North,Lake,"Nature,Boating","Family,Couples",50,200,1000,1800,4500,350,800,32.6935,75.1487,4.4,5000,3,10,Valley,JAM-111,52.0,False,Easy,Full-day (4-8 hrs)
707,Bahu Fort,Jammu,Jammu And Kashmir,North,Fort,"Heritage,Heritage","Family,Students",50,100,400,2000,5000,400,900,32.7266,74.879,4.3,4600,1,12,Urban,JAM-111,46.9,False,Moderate,Half-day (2-4 hrs)
708,Bagh-E-Bahu Garden,Jammu,Jammu And Kashmir,North,Garden,"Nature,Leisure","Family,Couples",10,50,200,1800,4500,350,800,32.7267,74.8792,4.4,4200,1,12,Urban,JAM-111,52.8,False,Easy,Short (1-2 hrs)
709,Nishat Bagh,Srinagar,Jammu And Kashmir,North,Garden,"Nature,Heritage","Family,Couples",30,100,400,2000,6000,450,900,34.1239,74.8825,4.6,12000,4,10,Valley,JAM-110,58.7,False,Easy,Short (1-2 hrs)
710,Indira Gandhi Memorial Tulip Garden,Srinagar,Jammu And Kashmir,North,Garden,"Flowers,Photography","Family,Couples",75,100,400,2000,6000,450,900,34.0933,74.8653,4.7,11000,3,4,Valley,JAM-110,64.6,True,Easy,Short (1-2 hrs)
711,Yusmarg,Budgam,Jammu And Kashmir,North,Hill Station,"Nature,Trekking","Friends,Family",0,300,2500,1800,4500,400,850,33.8173,74.6582,4.6,5400,5,9,Mountain,JAM-110,62.5,False,Moderate,Full-day (4-8 hrs)
712,Doodhpathri,Budgam,Jammu And Kashmir,North,Valley,"Nature,Scenic","Family,Couples",0,200,1500,1500,4000,350,800,33.865,74.65,4.5,4300,5,9,Valley,JAM-110,58.2,False,Moderate,Full-day (4-8 hrs)
713,Gurez Valley,Bandipora,Jammu And Kashmir,North,Valley,"Nature,Adventure","Friends,Photographers",0,500,3000,2000,4500,400,900,34.6453,74.8175,4.7,2100,5,9,Valley,JAM-114,72.5,True,Moderate,Full-day (4-8 hrs)
714,Bangus Valley,Kupwara,Jammu And Kashmir,North,Valley,"Nature,Trekking","Friends,Adventure",0,400,2500,1800,4000,400,850,34.4736,73.9167,4.6,1500,5,9,Valley,JAM-115,68.6,True,Moderate,Full-day (4-8 hrs)
715,Aharbal Waterfall,Kulgam,Jammu And Kashmir,North,Waterfall,"Nature,Photography","Family,Friends",50,200,800,1500,4000,350,800,33.6436,74.7866,4.5,3200,4,10,Forest,JAM-110,59.6,False,Moderate,Half-day (2-4 hrs)
716,Kokernag Garden,Anantnag,Jammu And Kashmir,North,Garden,"Nature,Relaxation","Family,Couples",30,100,400,1500,4500,350,800,33.5856,75.2919,4.4,2800,4,10,Valley,JAM-110,54.7,False,Easy,Short (1-2 hrs)
717,Achabal Garden,Anantnag,Jammu And Kashmir,North,Garden,"Heritage,Nature","Family,Couples",30,100,400,1500,4500,350,800,33.6826,75.2156,4.4,2400,4,10,Valley,JAM-110,55.5,False,Easy,Short (1-2 hrs)
718,Verinag Spring,Anantnag,Jammu And Kashmir,North,Spring,"Nature,Heritage","Family,Couples",20,100,400,1500,4500,350,800,33.5516,75.2486,4.5,3000,4,10,Valley,JAM-110,59.9,False,Moderate,Short (1-2 hrs)
719,Betaab Valley,Anantnag,Jammu And Kashmir,North,Valley,"Nature,Photography","Family,Couples",100,300,2000,2000,6000,450,900,34.0927,75.326,4.6,10500,4,10,Valley,JAM-110,59.4,False,Moderate,Full-day (4-8 hrs)
720,Aru Valley,Anantnag,Jammu And Kashmir,North,Valley,"Nature,Trekking","Friends,Adventure",0,600,4000,1500,4500,400,900,34.0876,75.4692,4.7,7200,5,9,Valley,JAM-110,66.6,True,Moderate,Full-day (4-8 hrs)
721,Thajiwas Glacier,Ganderbal,Jammu And Kashmir,North,Glacier,"Snow,Trekking","Adventure,Friends",0,800,4000,2000,5000,450,900,34.3075,75.2811,4.6,4100,5,9,Mountain,JAM-110,63.8,True,Strenuous,Multi-day (1-3 days)
722,Sinthan Top,Anantnag,Jammu And Kashmir,North,Mountain Pass,"Nature,","Friends,Adventure",0,500,2500,1800,4000,400,850,33.5742,75.3996,4.5,2600,5,9,Mountain,JAM-110,60.5,False,Strenuous,Half-day (2-4 hrs)
723,Peer Ki Gali,Shopian,Jammu And Kashmir,North,Mountain Pass,"Nature,Scenic","Friends,Photographers",0,400,2000,1800,4000,400,850,33.7283,74.8294,4.4,1900,5,9,Mountain,JAM-110,56.6,False,Strenuous,Half-day (2-4 hrs)
724,Dharamshala,Kangra,Himachal Pradesh,North,Hill Station,"Nature,Trekking","Family,Couples",0,500,3000,1500,5000,400,900,32.219,76.3234,4.6,21000,3,10,Mountain,HIM-106,56.1,False,Moderate,Full-day (4-8 hrs)
725,Dalhousie,Chamba,Himachal Pradesh,North,Hill Station,"Nature,Heritage","Family,Couples",0,400,2500,1500,4500,400,850,32.5387,75.97,4.5,18000,3,10,Mountain,HIM-106,51.3,False,Moderate,Full-day (4-8 hrs)
726,Kullu,Kullu,Himachal Pradesh,North,Valley,"Nature,Adventure","Family,Friends",0,500,3500,1500,5000,450,900,31.9579,77.1095,4.6,16000,4,10,Valley,HIM-106,57.4,False,Moderate,Full-day (4-8 hrs)
727,Spiti Valley,Lahaul And Spiti,Himachal Pradesh,North,Valley,"Nature,Adventure","Friends,Photographers",0,1000,5000,1800,5000,450,900,32.246,78.034,4.8,12000,5,9,Mountain,HIM-107,69.6,True,Moderate,Full-day (4-8 hrs)
728,Kaza,Lahaul And Spiti,Himachal Pradesh,North,Town,"Nature,Adventure","Friends,Solo",0,800,3500,1800,4500,450,850,32.2273,78.0721,4.6,8000,5,9,Mountain,HIM-107,60.7,False,Moderate,Half-day (2-4 hrs)
729,Key Monastery,Spiti,Himachal Pradesh,North,Monastery,"Spiritual,Heritage","Students,Photographers",50,200,800,1500,3500,350,800,32.2976,78.0166,4.7,6000,5,9,Mountain,HIM-107,67.5,True,Moderate,Half-day (2-4 hrs)
730,Tabo Monastery,Spiti,Himachal Pradesh,North,Monastery,"Spiritual,Heritage","Students,Photographers",50,200,800,1500,3500,350,800,32.09,78.383,4.7,4200,5,9,Mountain,HIM-107,69.2,True,Moderate,Half-day (2-4 hrs)
731,Kalpa,Kinnaur,Himachal Pradesh,North,Hill Station,"Nature,Photography","Family,Couples",0,400,2000,1800,4500,400,850,31.5374,78.2549,4.6,5000,4,10,Mountain,HIM-108,62.9,True,Moderate,Full-day (4-8 hrs)
732,Sangla Valley,Kinnaur,Himachal Pradesh,North,Valley,"Nature,Trekking","Friends,Adventure",0,500,2500,1500,4000,400,850,31.4289,78.2602,4.7,4500,4,10,Valley,HIM-108,68.8,True,Moderate,Full-day (4-8 hrs)
733,Nako Lake,Kinnaur,Himachal Pradesh,North,Lake,"Nature,Photography","Family,Couples",20,100,600,1500,3500,350,800,31.8825,78.6286,4.5,2500,5,9,Mountain,HIM-107,60.7,False,Moderate,Full-day (4-8 hrs)
734,Kinnaur Kailash,Kinnaur,Himachal Pradesh,North,Mountain,"Trekking,Spiritual","Adventure,Friends",0,1500,6000,1500,4000,400,850,31.5454,78.2636,4.8,3500,6,9,Mountain,HIM-108,75.5,True,Moderate,Half-day (2-4 hrs)
735,Solan,Solan,Himachal Pradesh,North,City,"Nature,Heritage",Family,0,300,1500,1500,3500,350,800,30.9045,77.0967,4.3,3000,3,10,Urban,HIM-106,49.0,False,Easy,Half-day (2-4 hrs)
736,Palampur,Kangra,Himachal Pradesh,North,Hill Station,"Nature,Tea Garden","Family,Couples",0,400,2000,1500,4000,350,800,32.1107,76.5366,4.5,4200,3,10,Mountain,HIM-106,58.3,False,Moderate,Full-day (4-8 hrs)
737,Bir Billing,Kangra,Himachal Pradesh,North,Adventure Site,"Paragliding,Adventure","Friends,Adventure",0,2000,6000,1800,4500,400,850,32.0433,76.7143,4.8,9000,3,11,Mountain,HIM-106,71.0,True,Moderate,Half-day (2-4 hrs)
738,Jibhi,Kullu,Himachal Pradesh,North,Village,"Nature,Relaxation","Couples,Friends",0,300,1500,1500,3500,350,800,31.5976,77.3443,4.6,3200,4,10,Forest,HIM-106,65.0,True,Moderate,Half-day (2-4 hrs)
739,Tirthan Valley,Kullu,Himachal Pradesh,North,Valley,"Nature,Fishing","Family,Friends",0,300,2000,1500,4000,350,800,31.6375,77.3525,4.7,2800,3,10,Valley,HIM-106,71.1,True,Moderate,Full-day (4-8 hrs)
740,Parvati Valley,Kullu,Himachal Pradesh,North,Valley,"Trekking,Nature","Friends,Solo",0,500,2500,1500,4000,350,800,32.01,77.32,4.6,5000,4,10,Valley,HIM-106,62.9,True,Moderate,Full-day (4-8 hrs)
741,Kasauli,Solan,Himachal Pradesh,North,Hill Station,"Nature,Heritage","Family,Couples",0,400,2000,1800,4500,400,850,30.898,76.965,4.5,8000,3,10,Mountain,HIM-106,55.2,False,Moderate,Full-day (4-8 hrs)
742,Barot Valley,Mandi,Himachal Pradesh,North,Valley,"Nature,Trekking","Friends,Adventure",0,300,2000,1500,3500,350,800,31.882,77.349,4.5,2100,4,10,Valley,HIM-106,61.6,False,Moderate,Full-day (4-8 hrs)
743,Narkanda,Shimla,Himachal Pradesh,North,Hill Station,"Snow,Skiing","Family,Friends",0,500,2500,2000,5000,400,850,31.27,77.45,4.6,3500,1,12,Mountain,HIM-106,64.6,True,Moderate,Full-day (4-8 hrs)
744,Chail,Solan,Himachal Pradesh,North,Hill Station,"Nature,Heritage","Family,Couples",0,400,2000,1800,4500,350,800,30.962,77.185,4.5,4000,3,10,Mountain,HIM-106,58.5,False,Moderate,Full-day (4-8 hrs)
745,Renuka Lake,Sirmaur,Himachal Pradesh,North,Lake,"Nature,Religion",Family,20,200,800,1500,3500,350,800,30.608,77.462,4.4,2500,3,10,Valley,HIM-109,55.3,False,Easy,Full-day (4-8 hrs)
746,Great Himalayan National Park,Kullu,Himachal Pradesh,North,National Park,"Wildlife,Nature","Adventure,Students",200,500,2000,1500,4000,350,800,31.85,77.35,4.7,3200,4,10,Forest,HIM-106,70.5,True,Moderate,Full-day (4-8 hrs)
747,Simbalbara National Park,Sirmaur,Himachal Pradesh,North,National Park,"Wildlife,Nature","Family,Students",100,300,1500,1500,3500,350,800,30.483,77.366,4.3,1500,3,10,Forest,HIM-109,52.3,False,Moderate,Full-day (4-8 hrs)
748,Pin Valley National Park,Spiti,Himachal Pradesh,North,National Park,"Wildlife,Trekking","Adventure,Friends",200,500,2500,1800,4500,400,850,31.95,78.05,4.6,2000,5,9,Mountain,HIM-107,67.2,True,Moderate,Full-day (4-8 hrs)
749,Harimandir Sahib Museum,Amritsar,Punjab,North,Museum,"Heritage,Religion","Family,Students",0,100,300,1200,4000,300,800,31.62,74.8765,4.6,5200,1,12,Urban,PUN-205,62.7,False,Easy,Half-day (2-4 hrs)
750,Ram Tirth Temple,Amritsar,Punjab,North,Temple,"Religion,Heritage","Family,Pilgrims",0,100,300,1200,4000,300,800,31.663,74.841,4.4,2600,1,12,Urban,PUN-205,55.1,False,Easy,Short (1-2 hrs)
751,Dukh Bhanjani Ber Tree,Amritsar,Punjab,North,Religious Site,"Spiritual,Religion","Pilgrims,Family",0,50,200,1200,4000,300,800,31.6205,74.876,4.7,6000,1,12,Urban,PUN-205,67.5,True,Moderate,Half-day (2-4 hrs)
752,Ram Bagh Garden,Amritsar,Punjab,North,Garden,"Nature,Relaxation","Family,Couples",20,100,300,1200,3500,300,750,31.629,74.8723,4.3,3500,2,11,Urban,PUN-205,48.2,False,Easy,Short (1-2 hrs)
753,Maharaja Ranjit Singh Museum,Amritsar,Punjab,North,Museum,"Heritage,Heritage","Students,Family",20,100,300,1200,3500,300,750,31.6285,74.873,4.4,4200,1,12,Urban,PUN-205,52.8,False,Easy,Half-day (2-4 hrs)
754,Gobindgarh Fort,Amritsar,Punjab,North,Fort,"Heritage,Heritage","Family,Friends",150,200,700,1500,4000,350,800,31.6335,74.8747,4.5,9000,1,12,Urban,PUN-205,54.6,False,Moderate,Half-day (2-4 hrs)
755,Tarn Taran Sahib,Tarn Taran,Punjab,North,Gurdwara,"Religion,Spiritual","Pilgrims,Family",0,100,300,1000,3000,300,700,31.451,74.927,4.6,4500,1,12,Urban,PUN-205,63.4,True,Easy,Short (1-2 hrs)
756,Fatehgarh Sahib,Fatehgarh Sahib,Punjab,North,Gurdwara,"Religion,Heritage","Pilgrims,Family",0,100,300,1000,3000,300,700,30.646,76.386,4.5,4000,1,12,Urban,PUN-207,58.5,False,Easy,Short (1-2 hrs)
757,Talwandi Sabo (Takht Sri Damdama Sahib),Bathinda,Punjab,North,Gurdwara,"Religion,Spiritual","Pilgrims,Family",0,100,300,1000,3000,300,700,30.138,75.071,4.6,3500,1,12,Urban,PUN-210,64.6,True,Easy,Short (1-2 hrs)
758,Qadian,Gurdaspur,Punjab,North,Town,"Heritage,Religion","Family,Students",0,100,300,1000,3000,300,700,31.819,75.376,4.3,1800,1,12,Urban,PUN-212,51.4,False,Easy,Half-day (2-4 hrs)
759,Kapurthala Moorish Mosque,Kapurthala,Punjab,North,Mosque,"Architecture,Heritage","Tourists,Students",0,100,300,1200,3500,300,750,31.381,75.382,4.4,2500,1,12,Urban,PUN-208,55.3,False,Easy,Short (1-2 hrs)
760,Jagatjit Palace,Kapurthala,Punjab,North,Palace,"Heritage,Architecture","Students,Tourists",50,100,400,1200,3500,300,750,31.378,75.381,4.3,2100,1,12,Urban,PUN-208,50.7,False,Easy,Half-day (2-4 hrs)
761,Devi Talab Mandir,Jalandhar,Punjab,North,Temple,"Religion,Heritage","Family,Pilgrims",0,100,300,1200,3500,300,750,31.326,75.579,4.5,3900,1,12,Urban,PUN-208,58.6,False,Easy,Short (1-2 hrs)
762,Pushpa Gujral Memorial Planetarium,Kapurthala,Punjab,North,Planetarium,"Science,Educational","Students,Family",30,100,300,1200,3500,300,750,31.3805,75.3815,4.2,1700,1,12,Urban,PUN-208,46.2,False,Easy,Half-day (2-4 hrs)
763,Bathinda Zoo,Bathinda,Punjab,North,Zoo,"Wildlife,Nature","Family,Children",50,100,400,1200,3500,300,750,30.21,74.945,4.1,2400,2,11,Urban,PUN-210,39.1,False,Easy,Half-day (2-4 hrs)
764,Rose Garden Ludhiana,Ludhiana,Punjab,North,Garden,"Nature,Flowers","Family,Couples",20,100,300,1200,3500,300,750,30.9,75.8573,4.3,3200,2,11,Urban,PUN-209,48.6,False,Easy,Short (1-2 hrs)
765,World Amusement Park,Ludhiana,Punjab,North,Amusement Park,"Rides,Entertainment","Family,Friends",600,500,1500,1500,4000,350,800,30.792,75.715,4.2,5200,3,10,Urban,PUN-209,40.9,False,Easy,Full-day (4-8 hrs)
766,Ropar Wetland,Rupnagar,Punjab,North,Wetland,"Nature,Birdwatching","Photographers,Family",0,100,400,1200,3500,300,750,31.0,76.53,4.4,2100,10,3,Forest,PUN-206,56.1,False,Moderate,Half-day (2-4 hrs)
767,Takhni Rehmapur Wildlife Sanctuary,Hoshiarpur,Punjab,North,Wildlife Sanctuary,"Wildlife,Nature","Students,Photographers",50,200,600,1200,3500,300,750,31.58,75.82,4.2,1500,10,3,Forest,PUN-208,46.8,False,Moderate,Full-day (4-8 hrs)
768,Bir Talab Zoo,Bathinda,Punjab,North,Zoo,"Wildlife,Nature","Family,Children",50,100,400,1200,3500,300,750,30.207,74.948,4.1,2000,2,11,Urban,PUN-210,40.0,False,Easy,Half-day (2-4 hrs)
769,Kurukshetra Panorama & Science Centre,Kurukshetra,Haryana,North,Museum,"Science,Educational","Students,Family",30,100,300,1200,3500,300,700,29.9695,76.8783,4.3,2100,1,12,Urban,HAR-102,50.7,False,Easy,Half-day (2-4 hrs)
770,Shri Krishna Museum,Kurukshetra,Haryana,North,Museum,"Religion,Heritage","Students,Family",20,100,300,1200,3500,300,700,29.9692,76.878,4.4,2400,1,12,Urban,HAR-102,55.5,False,Easy,Half-day (2-4 hrs)
771,Bhishma Kund,Kurukshetra,Haryana,North,Religious Site,"Mythology,Heritage","Pilgrims,Family",0,50,200,1000,3000,300,700,29.9735,76.8788,4.2,1500,1,12,Urban,HAR-102,46.8,False,Moderate,Half-day (2-4 hrs)
772,Saraswati Heritage Development Board Site,Kurukshetra,Haryana,North,Heritage Site,"Heritage,Heritage","Students,Tourists",0,50,200,1000,3000,300,700,29.9675,76.88,4.1,900,1,12,Urban,HAR-102,43.8,False,Easy,Half-day (2-4 hrs)
773,Kalesar National Park,Yamunanagar,Haryana,North,National Park,"Wildlife,Nature","Photographers,Family",100,300,1200,1500,3500,350,800,30.316,77.545,4.5,2500,10,3,Forest,HAR-105,60.7,False,Moderate,Full-day (4-8 hrs)
774,Kalesar Wildlife Sanctuary,Yamunanagar,Haryana,North,Wildlife Sanctuary,"Wildlife,Nature","Photographers,Students",100,300,1200,1500,3500,350,800,30.32,77.548,4.4,2100,10,3,Forest,HAR-105,56.1,False,Moderate,Full-day (4-8 hrs)
775,Chhatbir Zoo,Zirakpur,Haryana,North,Zoo,"Wildlife,Nature","Family,Children",100,200,500,1500,3500,350,800,30.57,76.82,4.4,6000,2,11,Forest,HAR-103,51.1,False,Moderate,Half-day (2-4 hrs)
776,Cactus Garden Panchkula,Panchkula,Haryana,North,Garden,"Nature,","Family,Students",20,50,200,1200,3500,300,700,30.695,76.86,4.3,1900,2,11,Urban,HAR-103,51.1,False,Easy,Short (1-2 hrs)
777,Tilyar Mini Zoo,Rohtak,Haryana,North,Zoo,"Wildlife,Leisure","Family,Children",50,100,400,1200,3000,300,700,28.889,76.615,4.2,2100,2,11,Urban,HAR-101,45.2,False,Easy,Half-day (2-4 hrs)
778,Bhindawas Wildlife Sanctuary,Jhajjar,Haryana,North,Wildlife Sanctuary,"Birdwatching,Nature","Photographers,Students",50,100,400,1200,3000,300,700,28.533,76.55,4.3,1600,10,3,Forest,HAR-101,51.9,False,Moderate,Full-day (4-8 hrs)
779,Damdama Hill Viewpoint Point,Gurugram,Haryana,North,Viewpoint,"Nature,Scenic","Friends,Couples",0,200,1000,1500,4000,350,800,28.31,77.1,4.4,2500,2,11,Mountain,HAR-101,55.3,False,Moderate,Short (1-2 hrs)
780,Badhkal Hill Viewpoint,Faridabad,Haryana,North,Viewpoint,"Nature,Photography","Friends,Couples",0,200,1000,1500,3500,350,800,28.424,77.3,4.1,1700,2,11,Mountain,HAR-101,40.7,False,Moderate,Short (1-2 hrs)
781,Raja Nahar Singh Fort Museum,Faridabad,Haryana,North,Fort,"Heritage,Heritage","Students,Family",50,100,300,1200,3500,300,700,28.244,77.326,4.3,2000,1,12,Urban,HAR-101,50.9,False,Moderate,Half-day (2-4 hrs)
782,Mata Mansa Devi Temple,Panchkula,Haryana,North,Temple,"Religion,Spiritual","Pilgrims,Family",0,100,300,1200,3500,300,700,30.721,76.853,4.6,7000,1,12,Urban,HAR-103,61.3,False,Easy,Short (1-2 hrs)
783,Pipli Zoo,Kurukshetra,Haryana,North,Zoo,"Wildlife,Leisure","Family,Children",50,100,400,1200,3000,300,700,29.979,76.825,4.1,1500,2,11,Urban,HAR-102,41.3,False,Easy,Half-day (2-4 hrs)
784,Panchkula Urban Park,Panchkula,Haryana,North,Park,"Nature,Leisure","Family,Couples",10,50,200,1200,3500,300,700,30.6955,76.8605,4.2,1800,2,11,Urban,HAR-103,45.9,False,Easy,Half-day (2-4 hrs)
785,Banni Khera Farm,Rohtak,Haryana,North,Farm Tourism,"Rural,Ecologicallogical","Family,Students",200,300,800,1500,4000,350,800,28.93,76.62,4.3,1300,10,3,Forest,HAR-101,52.9,False,Moderate,Half-day (2-4 hrs)
786,Heritage Transport Museum,Tauru,Haryana,North,Museum,"Transport,Heritage","Students,Family",400,200,500,1500,4000,350,800,28.21,76.98,4.7,9000,1,12,Urban,HAR-101,65.5,True,Easy,Half-day (2-4 hrs)
787,Sohna Hot Springs,Sohna,Haryana,North,Hot Spring,"Nature,Relaxation","Family,Couples",100,200,600,1500,3500,350,800,28.248,77.07,4.3,3200,2,11,Mountain,HAR-101,48.6,False,Moderate,Short (1-2 hrs)
788,Lansdowne,Pauri Garhwal,Uttarakhand,North,Hill Station,"Nature,Relaxation","Family,Couples",0,300,1500,1500,4000,350,800,29.838,78.687,4.5,5200,3,10,Mountain,UTT-287,57.2,False,Moderate,Full-day (4-8 hrs)
789,Dhanaulti,Tehri Garhwal,Uttarakhand,North,Hill Station,"Nature,Scenic","Family,Couples",0,300,1500,1500,4000,350,800,30.449,78.291,4.4,4800,3,10,Mountain,UTT-286,52.2,False,Moderate,Full-day (4-8 hrs)
790,Almora,Almora,Uttarakhand,North,Hill Town,"Heritage,Nature","Family,Students",0,300,1500,1500,3500,350,800,29.597,79.659,4.5,6200,3,10,Mountain,UTT-285,56.4,False,Moderate,Half-day (2-4 hrs)
791,Ranikhet,Almora,Uttarakhand,North,Hill Station,"Nature,Peaceful","Family,Couples",0,300,1500,1500,3500,350,800,29.64,79.432,4.6,5400,3,10,Mountain,UTT-285,62.5,False,Moderate,Full-day (4-8 hrs)
792,Munsiyari,Pithoragarh,Uttarakhand,North,Hill Station,"Trekking,Nature","Friends,Adventure",0,500,2500,1500,4000,350,850,30.067,80.238,4.7,4200,4,10,Mountain,UTT-285,69.2,True,Moderate,Full-day (4-8 hrs)
793,Mukteshwar,Nainital,Uttarakhand,North,Hill Station,"Nature,","Couples,Friends",0,300,1500,1500,3500,350,800,29.473,79.647,4.6,3800,3,10,Mountain,UTT-285,64.2,True,Moderate,Full-day (4-8 hrs)
794,Chakrata,Dehradun,Uttarakhand,North,Hill Station,"Nature,Trekking","Friends,Couples",0,300,1500,1500,3500,350,800,30.703,77.861,4.5,3600,3,10,Mountain,UTT-286,59.0,False,Moderate,Full-day (4-8 hrs)
795,Bhimtal,Nainital,Uttarakhand,North,Lake Town,"Nature,Boating","Family,Couples",0,200,800,1500,3500,350,800,29.344,79.563,4.5,4500,3,10,Valley,UTT-285,57.9,False,Easy,Full-day (4-8 hrs)
796,Sattal,Nainital,Uttarakhand,North,Lake Area,"Nature,Birdwatching","Photographers,Family",0,200,800,1500,3500,350,800,29.335,79.576,4.6,3000,3,10,Valley,UTT-285,65.3,True,Easy,Full-day (4-8 hrs)
797,Pangot,Nainital,Uttarakhand,North,Village,"Birdwatching,Nature","Photographers,Friends",0,200,800,1500,3500,350,800,29.391,79.458,4.5,2400,3,10,Forest,UTT-285,60.9,False,Moderate,Half-day (2-4 hrs)
798,Bhimtal Lake,Nainital,Uttarakhand,North,Lake,"Nature,Boating","Family,Couples",0,200,800,1500,3500,350,800,29.343,79.5635,4.5,4700,3,10,Valley,UTT-285,57.7,False,Easy,Full-day (4-8 hrs)
799,Naukuchiatal Lake,Nainital,Uttarakhand,North,Lake,"Nature,Boating","Family,Couples",0,200,800,1500,3500,350,800,29.336,79.61,4.5,3300,3,10,Valley,UTT-285,59.4,False,Easy,Full-day (4-8 hrs)
800,Sattal Lake,Nainital,Uttarakhand,North,Lake,"Nature,Birdwatching","Photographers,Friends",0,200,800,1500,3500,350,800,29.3355,79.5755,4.6,2800,3,10,Valley,UTT-285,65.6,True,Easy,Full-day (4-8 hrs)
801,Dodital Lake,Uttarkashi,Uttarakhand,North,Lake,"Trekking,Nature","Adventure,Friends",0,500,2000,1500,3500,350,800,30.871,78.473,4.7,2100,4,10,Mountain,UTT-285,72.5,True,Moderate,Full-day (4-8 hrs)
802,Deoria Tal,Rudraprayag,Uttarakhand,North,Lake,"Trekking,Nature","Adventure,Photographers",0,400,1500,1500,3500,350,800,30.528,79.216,4.7,2400,4,10,Mountain,UTT-285,71.8,True,Moderate,Full-day (4-8 hrs)
803,Hemkund Lake,Chamoli,Uttarakhand,North,Lake,"Spiritual,Trekking","Pilgrims,Adventure",0,500,2000,1500,3500,350,800,30.726,79.604,4.8,3000,6,9,Mountain,UTT-285,76.2,True,Moderate,Full-day (4-8 hrs)
804,Hemkund Sahib,Chamoli,Uttarakhand,North,Gurdwara,"Religion,Spiritual",Pilgrims,0,500,2000,1500,3500,350,800,30.7265,79.6035,4.9,8000,6,9,Mountain,UTT-285,77.0,True,Moderate,Short (1-2 hrs)
805,Jageshwar Dham,Almora,Uttarakhand,North,Temple,"Religion,Heritage","Pilgrims,Family",0,100,300,1200,3000,300,700,29.6405,79.849,4.7,4200,3,10,Forest,UTT-285,69.2,True,Moderate,Short (1-2 hrs)
806,Neelkanth Mahadev Temple,Pauri Garhwal,Uttarakhand,North,Temple,"Religion,Spiritual","Pilgrims,Family",0,200,600,1200,3000,300,700,30.13,78.323,4.6,9000,3,10,Mountain,UTT-286,60.1,False,Moderate,Short (1-2 hrs)
807,Kainchi Dham,Nainital,Uttarakhand,North,Temple,"Spiritual,Heritage","Pilgrims,Family",0,100,300,1200,3000,300,700,29.387,79.512,4.8,7500,3,10,Mountain,UTT-285,71.9,True,Moderate,Short (1-2 hrs)
808,Patal Bhuvaneshwar,Pithoragarh,Uttarakhand,North,Cave Temple,"Religion,Adventure","Pilgrims,Friends",0,200,600,1200,3000,300,700,29.695,80.058,4.6,2600,3,10,Mountain,UTT-285,66.0,True,Moderate,Short (1-2 hrs)
809,Surkanda Devi Temple,Tehri Garhwal,Uttarakhand,North,Temple,"Trekking,Spiritual","Pilgrims,Friends",0,200,600,1200,3000,300,700,30.372,78.351,4.7,2800,3,10,Mountain,UTT-286,71.1,True,Moderate,Short (1-2 hrs)
810,Baijnath Temple,Bageshwar,Uttarakhand,North,Temple,"Heritage,Religion","Pilgrims,Family",0,100,300,1200,3000,300,700,29.903,79.621,4.5,2100,3,10,Mountain,UTT-285,61.6,False,Moderate,Short (1-2 hrs)
811,Pithoragarh,Pithoragarh,Uttarakhand,North,Hill Town,"Nature,Heritage","Family,Couples",0,300,1500,1500,3500,350,800,29.583,80.218,4.4,3100,3,10,Mountain,UTT-285,54.3,False,Moderate,Half-day (2-4 hrs)
812,Milam Glacier,Pithoragarh,Uttarakhand,North,Glacier,"Trekking,Adventure","Adventure,Friends",0,1000,4000,1500,3500,350,800,30.44,80.17,4.7,1200,5,9,Mountain,UTT-285,75.1,True,Strenuous,Multi-day (1-3 days)
813,Pindari Glacier,Bageshwar,Uttarakhand,North,Glacier,"Trekking,Adventure","Adventure,Friends",0,1000,4000,1500,3500,350,800,30.27,80.04,4.7,1800,5,9,Mountain,UTT-285,73.2,True,Strenuous,Multi-day (1-3 days)
814,Kafni Glacier,Bageshwar,Uttarakhand,North,Glacier,"Trekking,Adventure","Adventure,Friends",0,1000,4000,1500,3500,350,800,30.2,80.05,4.6,1400,5,9,Mountain,UTT-285,68.9,True,Strenuous,Multi-day (1-3 days)
815,Har Ki Dun Valley,Uttarkashi,Uttarakhand,North,Valley,"Trekking,Nature","Adventure,Friends",0,800,3000,1500,3500,350,800,31.062,78.474,4.8,2200,4,10,Valley,UTT-285,77.7,True,Moderate,Full-day (4-8 hrs)
816,Kempty Falls,Mussoorie,Uttarakhand,North,Waterfall,"Nature,Photography","Family,Friends",50,200,600,1500,3500,350,800,30.454,78.08,4.4,11000,3,10,Mountain,UTT-286,48.2,False,Moderate,Half-day (2-4 hrs)
817,Tiger Falls,Chakrata,Uttarakhand,North,Waterfall,"Nature,Trekking","Friends,Adventure",0,200,600,1500,3500,350,800,30.702,77.8615,4.6,3000,3,10,Forest,UTT-286,65.3,True,Moderate,Half-day (2-4 hrs)
818,Birthi Falls,Pithoragarh,Uttarakhand,North,Waterfall,"Nature,Photography","Friends,Photographers",0,200,600,1500,3500,350,800,30.24,80.15,4.5,1800,3,10,Mountain,UTT-285,62.3,False,Moderate,Half-day (2-4 hrs)
819,Vasudhara Falls,Chamoli,Uttarakhand,North,Waterfall,"Trekking,Nature","Adventure,Friends",0,300,1000,1500,3500,350,800,30.743,79.48,4.6,1500,5,9,Mountain,UTT-285,68.6,True,Moderate,Half-day (2-4 hrs)
820,Rajaji National Park,Haridwar,Uttarakhand,North,National Park,"Wildlife,Nature","Family,Photographers",150,400,1200,1500,3500,350,800,30.05,78.3,4.6,7200,11,6,Forest,UTT-286,61.2,False,Moderate,Full-day (4-8 hrs)
821,Nanda Devi National Park,Chamoli,Uttarakhand,North,National Park,"Wildlife,Trekking","Adventure,Photographers",200,500,1500,1500,3500,350,800,30.4,79.9,4.8,4100,5,9,Mountain,UTT-285,74.7,True,Moderate,Full-day (4-8 hrs)
822,Govind Wildlife Sanctuary,Uttarkashi,Uttarakhand,North,Wildlife Sanctuary,"Wildlife,Nature","Photographers,Friends",100,300,1000,1500,3500,350,800,31.09,78.47,4.5,2100,4,10,Forest,UTT-285,61.6,False,Moderate,Full-day (4-8 hrs)
823,Askot Wildlife Sanctuary,Pithoragarh,Uttarakhand,North,Wildlife Sanctuary,"Wildlife,Nature","Photographers,Students",100,300,1000,1500,3500,350,800,29.85,80.3,4.4,1800,4,10,Forest,UTT-285,56.8,False,Moderate,Full-day (4-8 hrs)
824,Dayara Bugyal,Uttarkashi,Uttarakhand,North,Meadow,"Trekking,Nature","Adventure,Friends",0,600,2000,1500,3500,350,800,30.8,78.6,4.8,2500,4,10,Mountain,UTT-285,77.1,True,Moderate,Half-day (2-4 hrs)
825,Bedni Bugyal,Chamoli,Uttarakhand,North,Meadow,"Trekking,Nature","Adventure,Friends",0,600,2000,1500,3500,350,800,30.14,79.73,4.8,2300,4,10,Mountain,UTT-285,77.5,True,Moderate,Half-day (2-4 hrs)
826,Ali Bugyal,Chamoli,Uttarakhand,North,Meadow,"Trekking,Nature","Adventure,Friends",0,600,2000,1500,3500,350,800,30.16,79.73,4.8,2200,4,10,Mountain,UTT-285,77.7,True,Moderate,Half-day (2-4 hrs)
827,Roopkund Lake,Chamoli,Uttarakhand,North,Lake,"Trekking,Adventure","Adventure,Friends",0,800,3000,1500,3500,350,800,30.256,79.732,4.7,2700,5,9,Mountain,UTT-285,71.3,True,Moderate,Full-day (4-8 hrs)
828,Kushinagar,Kushinagar,Uttar Pradesh,North,Heritage Site,"Buddhist Cultural,Heritage","Students,International Tourists",20,100,400,1200,3500,300,700,26.74,83.89,4.5,4200,10,3,Urban,UTT-276,58.3,False,Easy,Half-day (2-4 hrs)
829,Shravasti,Shravasti,Uttar Pradesh,North,Heritage Site,"Buddhist Cultural,Heritage","Students,Pilgrims",20,100,400,1200,3500,300,700,27.507,82.05,4.4,3100,10,3,Urban,UTT-277,54.3,False,Easy,Half-day (2-4 hrs)
830,Kaushambi,Kaushambi,Uttar Pradesh,North,Archaeological Site,"Heritage,Heritage","Students,Tourists",20,100,400,1200,3500,300,700,25.335,81.39,4.2,1800,10,3,Urban,UTT-278,45.9,False,Moderate,Half-day (2-4 hrs)
831,Vindhyachal Temple,Mirzapur,Uttar Pradesh,North,Temple,"Religion,Spiritual","Pilgrims,Family",0,100,300,1200,3500,300,700,25.166,82.58,4.7,8200,10,3,Mountain,UTT-266,66.0,True,Moderate,Short (1-2 hrs)
832,Govardhan Hill,Mathura,Uttar Pradesh,North,Hill,"Religion,Trekking","Pilgrims,Friends",0,200,500,1200,3500,300,700,27.5,77.46,4.6,6200,10,3,Mountain,UTT-268,61.9,False,Moderate,Half-day (2-4 hrs)
833,Barsana,Mathura,Uttar Pradesh,North,Town,"Religion,Heritage","Pilgrims,Family",0,100,300,1200,3500,300,700,27.648,77.378,4.5,5400,10,3,Urban,UTT-268,57.1,False,Easy,Half-day (2-4 hrs)
834,Naimisharanya,Sitapur,Uttar Pradesh,North,Religious Site,"Spiritual,Heritage","Pilgrims,Family",0,100,300,1200,3500,300,700,27.3,80.5,4.4,4200,10,3,Forest,UTT-279,52.8,False,Moderate,Half-day (2-4 hrs)
835,Deva Sharif,Barabanki,Uttar Pradesh,North,Dargah,"Religion,Heritage","Pilgrims,Family",0,100,300,1200,3500,300,700,26.81,81.12,4.5,3600,10,3,Urban,UTT-269,59.0,False,Easy,Short (1-2 hrs)
836,Katarniaghat Wildlife Sanctuary,Bahraich,Uttar Pradesh,North,Wildlife Sanctuary,"Wildlife,Nature","Photographers,Students",100,300,900,1200,3500,300,700,28.28,81.24,4.6,2600,11,5,Forest,UTT-280,66.0,True,Moderate,Full-day (4-8 hrs)
837,Chandraprabha Wildlife Sanctuary,Chandauli,Uttar Pradesh,North,Wildlife Sanctuary,"Wildlife,Nature","Photographers,Friends",100,300,900,1200,3500,300,700,24.9,83.05,4.4,1900,11,5,Forest,UTT-266,56.6,False,Moderate,Full-day (4-8 hrs)
838,Sur Sarovar Bird Sanctuary,Agra,Uttar Pradesh,North,Bird Sanctuary,"Birdwatching,Nature","Photographers,Students",50,200,500,1200,3500,300,700,27.23,78.02,4.4,2100,11,3,Forest,UTT-265,56.1,False,Moderate,Half-day (2-4 hrs)
839,Nawabganj Bird Sanctuary,Unnao,Uttar Pradesh,North,Bird Sanctuary,"Birdwatching,Nature","Photographers,Family",50,200,500,1200,3500,300,700,26.55,80.73,4.3,1900,11,3,Forest,UTT-269,51.1,False,Moderate,Half-day (2-4 hrs)
840,Lakh Bahosi Bird Sanctuary,Kannauj,Uttar Pradesh,North,Bird Sanctuary,"Birdwatching,Nature","Photographers,Students",50,200,500,1200,3500,300,700,27.1,79.93,4.3,1600,11,3,Forest,UTT-281,51.9,False,Moderate,Half-day (2-4 hrs)
841,Hastinapur Wildlife Sanctuary,Meerut,Uttar Pradesh,North,Wildlife Sanctuary,"Wildlife,Nature","Photographers,Friends",100,300,900,1200,3500,300,700,29.17,78.01,4.4,2200,11,4,Forest,UTT-270,55.9,False,Moderate,Full-day (4-8 hrs)
842,Sohagi Barwa Wildlife Sanctuary,Maharajganj,Uttar Pradesh,North,Wildlife Sanctuary,"Wildlife,Nature","Photographers,Friends",100,300,900,1200,3500,300,700,27.5,83.75,4.3,1700,11,4,Forest,UTT-282,51.7,False,Moderate,Full-day (4-8 hrs)
843,Bhitargaon Temple,Kanpur,Uttar Pradesh,North,Temple,"Heritage,Heritage","Students,Tourists",20,100,300,1200,3500,300,700,26.3,80.3,4.3,1400,10,3,Urban,UTT-283,52.6,False,Easy,Short (1-2 hrs)
844,Ramgarh Tal,Gorakhpur,Uttar Pradesh,North,Lake,"Nature,Boating","Family,Couples",20,200,600,1200,3500,300,700,26.76,83.39,4.4,4200,10,3,Urban,UTT-271,52.8,False,Easy,Full-day (4-8 hrs)
845,Gorakhnath Temple,Gorakhpur,Uttar Pradesh,North,Temple,"Religion,Spiritual","Pilgrims,Family",0,100,300,1200,3500,300,700,26.7606,83.3732,4.7,9000,10,3,Urban,UTT-271,65.5,True,Easy,Short (1-2 hrs)
846,Mankameshwar Temple,Agra,Uttar Pradesh,North,Temple,"Religion,Heritage","Pilgrims,Family",0,100,300,1200,3500,300,700,27.183,78.01,4.5,4800,10,3,Urban,UTT-265,57.6,False,Easy,Short (1-2 hrs)
847,Banke Bihari Temple,Vrindavan,Uttar Pradesh,North,Temple,"Religion,Spiritual","Pilgrims,Family",0,100,300,1200,3500,300,700,27.575,77.7,4.8,12000,10,3,Urban,UTT-268,69.6,True,Easy,Short (1-2 hrs)
848,Prem Mandir,Vrindavan,Uttar Pradesh,North,Temple,"Religion,Architecture","Family,Tourists",0,100,300,1200,3500,300,700,27.565,77.68,4.8,14000,10,3,Urban,UTT-268,68.9,True,Easy,Short (1-2 hrs)
849,Iskcon Temple Vrindavan,Vrindavan,Uttar Pradesh,North,Temple,"Spiritual,Heritage","Pilgrims,International Tourists",0,100,300,1200,3500,300,700,27.576,77.69,4.7,10000,10,3,Urban,UTT-268,65.0,True,Easy,Short (1-2 hrs)
850,Radha Raman Temple,Vrindavan,Uttar Pradesh,North,Temple,"Religion,Heritage",Pilgrims,0,100,300,1200,3500,300,700,27.574,77.695,4.6,3200,10,3,Urban,UTT-268,65.0,True,Easy,Short (1-2 hrs)
851,Radha Vallabh Temple,Vrindavan,Uttar Pradesh,North,Temple,"Religion,Heritage",Pilgrims,0,100,300,1200,3500,300,700,27.5755,77.697,4.6,3000,10,3,Urban,UTT-268,65.3,True,Easy,Short (1-2 hrs)
852,Rangji Temple,Vrindavan,Uttar Pradesh,North,Temple,"Religion,Architecture","Pilgrims,Tourists",0,100,300,1200,3500,300,700,27.5742,77.687,4.6,3100,10,3,Urban,UTT-268,65.2,True,Easy,Short (1-2 hrs)
853,Assi Ghat,Varanasi,Uttar Pradesh,North,Ghat,"Spiritual,Cultural","Tourists,Photographers",0,100,300,1200,3500,300,700,25.287,83.003,4.7,15000,10,3,Urban,UTT-266,63.1,True,Easy,Short (1-2 hrs)
854,Manikarnika Ghat,Varanasi,Uttar Pradesh,North,Ghat,"Spiritual,Heritage",Tourists,0,100,300,1200,3500,300,700,25.31,83.01,4.6,12000,10,3,Urban,UTT-266,58.7,False,Easy,Short (1-2 hrs)
855,Tulsi Manas Temple,Varanasi,Uttar Pradesh,North,Temple,"Religion,Heritage","Family,Pilgrims",0,100,300,1200,3500,300,700,25.285,83.002,4.6,4200,10,3,Urban,UTT-266,63.7,True,Easy,Short (1-2 hrs)
856,Durga Temple,Varanasi,Uttar Pradesh,North,Temple,"Religion,Heritage","Pilgrims,Family",0,100,300,1200,3500,300,700,25.296,82.996,4.5,3900,10,3,Urban,UTT-266,58.6,False,Easy,Short (1-2 hrs)
857,Bharat Mata Temple,Varanasi,Uttar Pradesh,North,Temple,"Heritage,Patriotic","Students,Tourists",0,100,300,1200,3500,300,700,25.315,82.973,4.4,2700,10,3,Urban,UTT-266,54.9,False,Easy,Short (1-2 hrs)
858,Chunar Fort,Mirzapur,Uttar Pradesh,North,Fort,"Heritage,Heritage","Students,Tourists",50,200,500,1200,3500,300,700,25.12,82.88,4.4,3100,10,3,Mountain,UTT-266,54.3,False,Moderate,Half-day (2-4 hrs)
859,Vindhyavasini Devi Temple,Mirzapur,Uttar Pradesh,North,Temple,"Religion,Spiritual","Pilgrims,Family",0,100,300,1200,3500,300,700,25.1665,82.582,4.7,8200,10,3,Mountain,UTT-266,66.0,True,Moderate,Short (1-2 hrs)
860,Sankat Mochan Hanuman Temple,Varanasi,Uttar Pradesh,North,Temple,"Religion,Spiritual",Pilgrims,0,100,300,1200,3500,300,700,25.28,82.999,4.7,8500,10,3,Urban,UTT-266,65.8,True,Easy,Short (1-2 hrs)
861,Anand Bhavan,Prayagraj,Uttar Pradesh,North,Museum,"Heritage,Heritage","Students,Tourists",50,200,500,1200,3500,300,700,25.455,81.842,4.6,5000,10,3,Urban,UTT-267,62.9,True,Easy,Half-day (2-4 hrs)
862,Khusro Bagh,Prayagraj,Uttar Pradesh,North,Heritage Garden,"Heritage,Architecture","Tourists,Family",20,100,300,1200,3500,300,700,25.44,81.84,4.3,2800,10,3,Urban,UTT-267,49.3,False,Easy,Half-day (2-4 hrs)
863,Company Garden Prayagraj,Prayagraj,Uttar Pradesh,North,Garden,"Nature,Leisure","Family,Couples",20,100,300,1200,3500,300,700,25.457,81.85,4.3,2400,10,3,Urban,UTT-267,50.0,False,Easy,Short (1-2 hrs)
864,Janeshwar Mishra Park,Lucknow,Uttar Pradesh,North,Park,"Nature,Leisure","Family,Couples",20,100,300,1200,3500,300,700,26.85,81.02,4.5,7200,10,3,Urban,UTT-269,55.7,False,Easy,Half-day (2-4 hrs)
865,Ambedkar Memorial Park,Lucknow,Uttar Pradesh,North,Memorial,"Architecture,Heritage","Tourists,Students",20,100,300,1200,3500,300,700,26.846,80.992,4.5,8500,10,3,Urban,UTT-269,54.9,False,Easy,Short (1-2 hrs)
866,Dilkusha Kothi,Lucknow,Uttar Pradesh,North,Heritage Site,"Heritage,Architecture","Tourists,Students",20,100,300,1200,3500,300,700,26.86,80.96,4.3,1900,10,3,Urban,UTT-269,51.1,False,Easy,Half-day (2-4 hrs)
867,La Martiniere College,Lucknow,Uttar Pradesh,North,Heritage Building,"Architecture,Heritage","Students,Tourists",20,100,300,1200,3500,300,700,26.857,80.947,4.4,2500,10,3,Urban,UTT-269,55.3,False,Easy,Half-day (2-4 hrs)
868,Residency Lucknow,Lucknow,Uttar Pradesh,North,Heritage Site,"Heritage,Architecture","Tourists,Students",25,100,300,1200,3500,300,700,26.87,80.913,4.6,6400,10,3,Urban,UTT-269,61.7,False,Easy,Half-day (2-4 hrs)
869,Moti Mahal,Lucknow,Uttar Pradesh,North,Palace,"Heritage,Architecture","Tourists,Students",20,100,300,1200,3500,300,700,26.8705,80.91,4.3,2200,10,3,Urban,UTT-269,50.4,False,Easy,Half-day (2-4 hrs)
870,Husainabad Clock Tower,Lucknow,Uttar Pradesh,North,Monument,"Architecture,Heritage",Tourists,0,100,300,1200,3500,300,700,26.872,80.908,4.5,5300,10,3,Urban,UTT-269,57.2,False,Easy,Short (1-2 hrs)
871,Chota Imambara,Lucknow,Uttar Pradesh,North,Heritage Monument,"Architecture,Religion","Tourists,Family",25,100,300,1200,3500,300,700,26.871,80.909,4.6,7200,10,3,Urban,UTT-269,61.2,False,Easy,Half-day (2-4 hrs)
872,Shah Najaf Imambara,Lucknow,Uttar Pradesh,North,Heritage Monument,"Religion,Architecture",Tourists,0,100,300,1200,3500,300,700,26.846,80.946,4.4,2400,10,3,Urban,UTT-269,55.5,False,Easy,Half-day (2-4 hrs)
873,Kal Bhairav Temple,Varanasi,Uttar Pradesh,North,Temple,"Religion,Spiritual","Pilgrims,Family",0,100,300,1200,3500,300,700,25.317,83.012,4.7,5100,10,3,Urban,UTT-266,68.2,True,Easy,Short (1-2 hrs)
874,Bateshwar Temples,Agra,Uttar Pradesh,North,Temple Complex,"Heritage,Religion","Pilgrims,Tourists",20,100,300,1200,3500,300,700,26.94,78.47,4.5,2600,10,3,Urban,UTT-284,60.5,False,Easy,Short (1-2 hrs)
875,Suraj Kund,Meerut,Uttar Pradesh,North,Lake,"Nature,Heritage","Family,Couples",0,100,300,1200,3500,300,700,28.984,77.705,4.3,2100,10,3,Urban,UTT-270,50.7,False,Easy,Full-day (4-8 hrs)
876,Parikshitgarh Fort,Meerut,Uttar Pradesh,North,Fort,"Heritage,Heritage","Students,Tourists",20,100,300,1200,3500,300,700,29.21,77.88,4.2,1500,10,3,Urban,UTT-270,46.8,False,Moderate,Half-day (2-4 hrs)
877,Umaid Bhawan Palace,Jodhpur,Rajasthan,West,Palace,"Heritage,Architecture","Couples,Family",200,200,500,4000,12000,500,1200,26.288,73.0479,4.7,12000,10,3,Urban,RAJ-215,64.2,True,Easy,Half-day (2-4 hrs)
878,Jal Mahal,Jaipur,Rajasthan,West,Palace,"Architecture,Lake","Tourists,Photographers",50,100,300,2000,6000,400,1000,26.9535,75.8462,4.6,11000,10,3,Urban,RAJ-213,59.1,False,Easy,Half-day (2-4 hrs)
879,Jaigarh Fort,Jaipur,Rajasthan,West,Fort,"Heritage,Heritage","Students,Tourists",150,200,500,2000,6000,400,1000,26.9855,75.8507,4.6,9000,10,3,Mountain,RAJ-213,60.1,False,Moderate,Half-day (2-4 hrs)
880,Albert Hall Museum,Jaipur,Rajasthan,West,Museum,"Heritage,Art","Students,Family",100,100,300,2000,6000,400,1000,26.9115,75.8197,4.5,8000,10,3,Urban,RAJ-213,55.2,False,Easy,Half-day (2-4 hrs)
881,Jantar Mantar Jaipur,Jaipur,Rajasthan,West,Observatory,"Astronomy,Heritage","Students,Tourists",200,100,300,2000,6000,400,1000,26.9248,75.8237,4.6,15000,10,3,Urban,RAJ-213,57.7,False,Easy,Half-day (2-4 hrs)
882,Birla Mandir Jaipur,Jaipur,Rajasthan,West,Temple,"Religion,Architecture","Family,Pilgrims",0,50,200,2000,6000,400,1000,26.8922,75.8153,4.6,9000,10,3,Urban,RAJ-213,60.1,False,Easy,Short (1-2 hrs)
883,Patwon Ki Haveli,Jaisalmer,Rajasthan,West,Haveli,"Heritage,Architecture","Tourists,Students",100,100,300,2000,6000,400,1000,26.914,70.911,4.6,7000,10,3,Desert,RAJ-216,61.3,False,Moderate,Half-day (2-4 hrs)
884,Salim Singh Ki Haveli,Jaisalmer,Rajasthan,West,Haveli,Heritage,Tourists,100,100,300,2000,6000,400,1000,26.9148,70.9122,4.5,4000,10,3,Desert,RAJ-216,58.5,False,Moderate,Half-day (2-4 hrs)
885,Nathmal Ki Haveli,Jaisalmer,Rajasthan,West,Haveli,"Heritage,Architecture",Tourists,100,100,300,2000,6000,400,1000,26.9153,70.9105,4.5,3500,10,3,Desert,RAJ-216,59.1,False,Moderate,Half-day (2-4 hrs)
886,Gadisar Lake,Jaisalmer,Rajasthan,West,Lake,"Nature,Boating","Family,Couples",50,100,300,2000,6000,400,1000,26.9093,70.9083,4.6,6000,10,3,Desert,RAJ-216,62.0,False,Moderate,Full-day (4-8 hrs)
887,Kuldhara Village,Jaisalmer,Rajasthan,West,Heritage Village,"Heritage,Mystery","Tourists,Students",50,100,200,2000,6000,400,1000,26.945,70.8,4.4,3000,10,3,Desert,RAJ-216,54.4,False,Moderate,Half-day (2-4 hrs)
888,Bada Bagh,Jaisalmer,Rajasthan,West,Heritage Garden,"Heritage,Architecture",Tourists,100,100,200,2000,6000,400,1000,26.9985,70.9013,4.5,2800,10,3,Desert,RAJ-216,60.2,False,Moderate,Half-day (2-4 hrs)
889,Mandore Gardens,Jodhpur,Rajasthan,West,Garden,"Heritage,Nature","Family,Tourists",50,100,200,2000,6000,400,1000,26.35,73.06,4.4,4200,10,3,Urban,RAJ-215,52.8,False,Easy,Short (1-2 hrs)
890,Jaswant Thada,Jodhpur,Rajasthan,West,Memorial,"Architecture,Heritage",Tourists,50,100,200,2000,6000,400,1000,26.2987,73.035,4.6,8000,10,3,Urban,RAJ-215,60.7,False,Easy,Short (1-2 hrs)
891,Osian Desert,Osian,Rajasthan,West,Desert,"Camel Ride,Desert","Adventure,Friends",0,500,2000,2000,6000,400,1000,26.722,72.918,4.6,5000,10,3,Desert,RAJ-220,62.9,True,Moderate,Full-day (4-8 hrs)
892,Osian Temples,Osian,Rajasthan,West,Temple,"Heritage,Religion","Pilgrims,Tourists",0,100,200,2000,6000,400,1000,26.7225,72.919,4.5,2500,10,3,Desert,RAJ-220,60.7,False,Moderate,Short (1-2 hrs)
893,Khimsar Fort,Nagaur,Rajasthan,West,Fort,"Heritage,Architecture","Tourists,Couples",200,200,500,3000,9000,400,1000,27.0,73.4,4.5,2600,10,3,Desert,RAJ-227,60.5,False,Moderate,Half-day (2-4 hrs)
894,Nagaur Fort,Nagaur,Rajasthan,West,Fort,Heritage,"Students,Tourists",100,100,300,2000,6000,400,1000,27.2,73.74,4.5,3000,10,3,Desert,RAJ-228,59.9,False,Moderate,Half-day (2-4 hrs)
895,Taragarh Fort Bundi,Bundi,Rajasthan,West,Fort,Heritage,"Tourists,Students",100,100,300,1500,4000,400,1000,25.442,75.637,4.4,2500,10,3,Mountain,RAJ-221,55.3,False,Moderate,Half-day (2-4 hrs)
896,Bundi Palace,Bundi,Rajasthan,West,Palace,"Heritage,Architecture",Tourists,100,100,300,1500,4000,400,1000,25.438,75.64,4.6,3200,10,3,Urban,RAJ-221,65.0,True,Easy,Half-day (2-4 hrs)
897,Garh Palace Bundi,Bundi,Rajasthan,West,Palace,Heritage,Tourists,100,100,300,1500,4000,400,1000,25.439,75.6405,4.5,2900,10,3,Urban,RAJ-221,60.0,False,Easy,Half-day (2-4 hrs)
898,Chaurasi Khambon Ki Chhatri,Bundi,Rajasthan,West,Monument,"Architecture,Heritage",Tourists,50,50,200,1500,4000,400,1000,25.441,75.642,4.4,2100,10,3,Urban,RAJ-221,56.1,False,Easy,Short (1-2 hrs)
899,Rani Ji Ki Baori,Bundi,Rajasthan,West,Stepwell,"Architecture,Heritage","Students,Tourists",50,50,200,1500,4000,400,1000,25.4385,75.6402,4.5,2600,10,3,Urban,RAJ-221,60.5,False,Moderate,Half-day (2-4 hrs)
900,Chambal Garden Kota,Kota,Rajasthan,West,Garden,"Nature,Leisure","Family,Couples",20,50,200,1500,4000,400,1000,25.18,75.86,4.4,3500,10,3,Urban,RAJ-221,53.7,False,Easy,Short (1-2 hrs)
901,Garadia Mahadev Temple,Kota,Rajasthan,West,Temple Viewpoint,"Nature,","Photographers,Friends",0,100,300,1500,4000,400,1000,25.2,75.88,4.7,5000,10,3,Valley,RAJ-221,68.3,True,Easy,Short (1-2 hrs)
902,Jagmandir Palace Udaipur,Udaipur,Rajasthan,West,Palace,"Heritage,Lake","Couples,Tourists",200,200,500,3000,8000,500,1200,24.576,73.679,4.6,7000,10,3,Urban,RAJ-214,61.3,False,Easy,Half-day (2-4 hrs)
903,Saheliyon Ki Bari,Udaipur,Rajasthan,West,Garden,"Nature,Heritage","Family,Couples",50,50,200,3000,8000,500,1200,24.603,73.682,4.5,6500,10,3,Urban,RAJ-214,56.2,False,Easy,Short (1-2 hrs)
904,Bagore Ki Haveli,Udaipur,Rajasthan,West,Haveli,"Heritage,Museum",Tourists,100,100,300,3000,8000,500,1200,24.579,73.683,4.6,5200,10,3,Urban,RAJ-214,62.7,False,Moderate,Half-day (2-4 hrs)
905,Fateh Sagar Lake,Udaipur,Rajasthan,West,Lake,"Nature,Boating","Family,Couples",50,100,300,3000,8000,500,1200,24.6,73.68,4.7,15000,10,3,Urban,RAJ-214,63.1,True,Easy,Full-day (4-8 hrs)
906,Monsoon Palace Sajjangarh,Udaipur,Rajasthan,West,Palace,",Heritage",Tourists,80,100,300,3000,8000,500,1200,24.583,73.667,4.6,9000,10,3,Mountain,RAJ-214,60.1,False,Moderate,Half-day (2-4 hrs)
907,Eklingji Temple,Udaipur,Rajasthan,West,Temple,"Religion,Heritage",Pilgrims,0,50,200,2000,6000,400,1000,24.745,73.695,4.7,4800,10,3,Mountain,RAJ-214,68.5,True,Moderate,Short (1-2 hrs)
908,Haldighati,Rajsamand,Rajasthan,West,Historic Site,"Heritage,Battlefield","Students,Tourists",50,50,200,2000,6000,400,1000,25.03,73.78,4.4,3000,10,3,Valley,RAJ-214,54.4,False,Moderate,Half-day (2-4 hrs)
909,Kumbhalgarh Fort,Rajsamand,Rajasthan,West,Fort,"Heritage,Heritage",Tourists,200,200,500,2000,6000,400,1000,25.149,73.588,4.8,11000,10,3,Mountain,RAJ-214,70.0,True,Moderate,Half-day (2-4 hrs)
910,Ranakpur Jain Temple,Pali,Rajasthan,West,Temple,"Religion,Architecture","Tourists,Pilgrims",100,100,300,2000,6000,400,1000,25.115,73.472,4.8,9000,10,3,Mountain,RAJ-214,71.0,True,Moderate,Short (1-2 hrs)
911,Keoladeo National Park,Bharatpur,Rajasthan,West,National Park,"Birdwatching,Wildlife","Photographers,Students",75,200,500,1500,4000,400,1000,27.159,77.521,4.7,12000,10,3,Forest,RAJ-222,64.2,True,Moderate,Full-day (4-8 hrs)
912,Lohagarh Fort Bharatpur,Bharatpur,Rajasthan,West,Fort,Heritage,"Students,Tourists",50,50,200,1500,4000,400,1000,27.215,77.49,4.5,3500,10,3,Urban,RAJ-222,59.1,False,Moderate,Half-day (2-4 hrs)
913,Deeg Palace,Deeg,Rajasthan,West,Palace,"Heritage,Garden",Tourists,100,100,300,1500,4000,400,1000,27.471,77.326,4.6,4200,10,3,Urban,RAJ-222,63.7,True,Easy,Half-day (2-4 hrs)
914,Abhaneri Stepwell Chand Baori,Dausa,Rajasthan,West,Stepwell,"Architecture,Heritage","Students,Tourists",50,50,200,1500,4000,400,1000,27.007,76.606,4.7,8000,10,3,Urban,RAJ-223,66.1,True,Moderate,Half-day (2-4 hrs)
915,Harshat Mata Temple,Dausa,Rajasthan,West,Temple,"Heritage,Religion","Pilgrims,Tourists",0,50,200,1500,4000,400,1000,27.0065,76.6055,4.5,2000,10,3,Urban,RAJ-223,61.8,False,Easy,Short (1-2 hrs)
916,Bhangarh Fort,Alwar,Rajasthan,West,Fort,"Heritage,Haunted","Tourists,Friends",50,50,200,2000,6000,400,1000,27.092,76.285,4.4,9500,10,3,Mountain,RAJ-223,48.9,False,Moderate,Half-day (2-4 hrs)
917,Neemrana Fort Palace,Alwar,Rajasthan,West,Fort Palace,"Heritage,Luxury","Couples,Tourists",200,200,500,5000,15000,600,1500,27.988,76.384,4.7,7800,10,3,Mountain,RAJ-229,66.2,True,Moderate,Half-day (2-4 hrs)
918,Sariska National Park,Alwar,Rajasthan,West,National Park,"Wildlife,Forest","Photographers,Adventure",200,500,1500,2000,6000,400,1000,27.332,76.439,4.5,6000,10,3,Forest,RAJ-223,56.6,False,Moderate,Full-day (4-8 hrs)
919,Pandupol Hanuman Temple,Alwar,Rajasthan,West,Temple,"Religion,Forest",Pilgrims,0,50,200,2000,6000,400,1000,27.37,76.4,4.6,3000,10,3,Forest,RAJ-223,65.3,True,Moderate,Short (1-2 hrs)
920,Siliserh Lake,Alwar,Rajasthan,West,Lake,"Nature,Boating","Family,Couples",50,100,300,2000,6000,400,1000,27.196,76.354,4.5,4200,10,3,Valley,RAJ-223,58.3,False,Easy,Full-day (4-8 hrs)
921,Galtaji Temple,Jaipur,Rajasthan,West,Temple,"Religion,Heritage","Pilgrims,Tourists",0,50,200,2000,6000,400,1000,26.924,75.88,4.6,7200,10,3,Mountain,RAJ-213,61.2,False,Moderate,Short (1-2 hrs)
922,Samode Palace,Jaipur,Rajasthan,West,Palace,"Heritage,Luxury","Couples,Tourists",200,200,500,5000,15000,600,1500,27.162,75.803,4.7,3500,10,3,Mountain,RAJ-213,70.0,True,Moderate,Half-day (2-4 hrs)
923,Khatu Shyam Temple,Sikar,Rajasthan,West,Temple,"Religion,Pilgrimage","Pilgrims,Family",0,50,200,1500,4000,400,1000,27.381,75.35,4.8,20000,10,3,Urban,RAJ-230,67.2,True,Easy,Short (1-2 hrs)
924,Salasar Balaji Temple,Churu,Rajasthan,West,Temple,"Religion,Pilgrimage",Pilgrims,0,50,200,1500,4000,400,1000,27.707,74.467,4.7,15000,10,3,Desert,RAJ-224,63.1,True,Moderate,Short (1-2 hrs)
925,Tal Chhapar Sanctuary,Churu,Rajasthan,West,Wildlife Sanctuary,"Wildlife,Birdwatching","Photographers,Students",100,200,500,1500,4000,400,1000,27.82,74.44,4.6,3800,10,3,Forest,RAJ-224,64.2,True,Moderate,Full-day (4-8 hrs)
926,Ramdevra Temple,Jaisalmer,Rajasthan,West,Temple,"Religion,Pilgrimage",Pilgrims,0,50,200,1500,4000,400,1000,25.42,71.13,4.7,8000,10,3,Desert,RAJ-231,66.1,True,Moderate,Short (1-2 hrs)
927,Kolayat Lake,Bikaner,Rajasthan,West,Lake,"Religion,Nature","Pilgrims,Family",0,50,200,1500,4000,400,1000,27.85,72.98,4.5,2600,10,3,Desert,RAJ-219,60.5,False,Moderate,Full-day (4-8 hrs)
928,Karni Mata Temple Deshnok,Bikaner,Rajasthan,West,Temple,"Religion,Unique","Pilgrims,Tourists",0,50,200,1500,4000,400,1000,27.798,73.34,4.6,12000,10,3,Desert,RAJ-219,58.7,False,Moderate,Short (1-2 hrs)
929,Girnar Hill,Junagadh,Gujarat,West,Hill,"Trekking,Spiritual","Adventure,Pilgrims",0,200,800,1500,4500,400,1000,21.519,70.528,4.7,12000,10,3,Mountain,GUJ-80,64.2,True,Moderate,Half-day (2-4 hrs)
930,Junagadh Fort,Junagadh,Gujarat,West,Fort,"Heritage,Heritage","Tourists,Students",50,100,300,1500,4500,400,1000,21.522,70.457,4.5,6000,10,3,Urban,GUJ-80,56.6,False,Moderate,Half-day (2-4 hrs)
931,Uparkot Fort,Junagadh,Gujarat,West,Fort,"Heritage,Architecture","Tourists,Students",40,100,300,1500,4500,400,1000,21.523,70.4575,4.6,7000,10,3,Urban,GUJ-80,61.3,False,Moderate,Half-day (2-4 hrs)
932,Mahabat Maqbara,Junagadh,Gujarat,West,Monument,"Architecture,Heritage","Tourists,Photographers",30,100,200,1500,4500,400,1000,21.5225,70.4573,4.6,5000,10,3,Urban,GUJ-80,62.9,True,Easy,Short (1-2 hrs)
933,Damodar Kund,Junagadh,Gujarat,West,Lake,"Spiritual,Nature","Pilgrims,Family",0,50,200,1500,4500,400,1000,21.515,70.53,4.4,3000,10,3,Mountain,GUJ-80,54.4,False,Moderate,Full-day (4-8 hrs)
934,Datar Hill,Junagadh,Gujarat,West,Hill,"Trekking,Spiritual","Adventure,Pilgrims",0,200,600,1500,4500,400,1000,21.505,70.52,4.5,2500,10,3,Mountain,GUJ-80,60.7,False,Moderate,Half-day (2-4 hrs)
935,Palitana Temples,Palitana,Gujarat,West,Temple Complex,"Religion,Architecture","Pilgrims,Tourists",50,200,600,1500,4500,400,1000,21.525,71.82,4.9,18000,10,3,Mountain,GUJ-81,73.2,True,Moderate,Short (1-2 hrs)
936,Shatrunjaya Hill,Palitana,Gujarat,West,Hill,"Trekking,Spiritual","Pilgrims,Adventure",0,200,600,1500,4500,400,1000,21.5255,71.819,4.8,14000,10,3,Mountain,GUJ-81,68.9,True,Moderate,Half-day (2-4 hrs)
937,Velavadar Blackbuck National Park,Bhavnagar,Gujarat,West,National Park,"Wildlife,Safari","Photographers,Students",100,500,1200,2000,5000,400,1000,22.04,72.05,4.7,8000,11,4,Forest,GUJ-96,66.1,True,Moderate,Full-day (4-8 hrs)
938,Little Rann Of Kutch,Kutch,Gujarat,West,Desert,"Wildlife,Desert","Adventure,Photographers",0,500,1500,2000,6000,400,1000,23.7,71.7,4.6,9000,11,3,Desert,GUJ-82,60.1,False,Moderate,Full-day (4-8 hrs)
939,Wild Ass Sanctuary,Dasada,Gujarat,West,Wildlife Sanctuary,"Wildlife,Safari",Photographers,150,600,1500,2000,6000,400,1000,23.75,71.6,4.6,7000,11,3,Desert,GUJ-82,61.3,False,Moderate,Full-day (4-8 hrs)
940,Dholavira,Kutch,Gujarat,West,Archaeological Site,"Heritage,Heritage","Students,Tourists",50,100,300,1500,4500,400,1000,23.885,70.205,4.7,8500,10,3,Desert,GUJ-77,65.8,True,Moderate,Half-day (2-4 hrs)
941,Lothal,Ahmedabad,Gujarat,West,Archaeological Site,"Heritage,Indus Valley","Students,Tourists",40,100,300,1500,4500,400,1000,22.522,72.248,4.5,6000,10,3,Urban,GUJ-83,56.6,False,Moderate,Half-day (2-4 hrs)
942,Bhuj,Bhuj,Gujarat,West,City Attraction,"Cultural,Heritage","Tourists,Family",0,100,300,2000,6000,400,1000,23.242,69.666,4.5,9000,10,3,Urban,GUJ-84,54.6,False,Easy,Half-day (2-4 hrs)
943,Aina Mahal,Bhuj,Gujarat,West,Museum,"Heritage,Heritage","Students,Tourists",50,100,300,2000,6000,400,1000,23.25,69.67,4.4,3500,10,3,Urban,GUJ-84,53.7,False,Easy,Half-day (2-4 hrs)
944,Prag Mahal,Bhuj,Gujarat,West,Palace,"Heritage,Architecture",Tourists,50,100,300,2000,6000,400,1000,23.251,69.6705,4.5,4200,10,3,Urban,GUJ-84,58.3,False,Easy,Half-day (2-4 hrs)
945,Kutch Museum,Bhuj,Gujarat,West,Museum,"Cultural,Heritage","Students,Tourists",20,100,200,2000,6000,400,1000,23.253,69.671,4.3,3000,10,3,Urban,GUJ-84,49.0,False,Easy,Half-day (2-4 hrs)
946,Kalo Dungar,Kutch,Gujarat,West,Hill,",Desert","Tourists,Photographers",0,100,300,2000,6000,400,1000,23.83,69.03,4.6,5000,10,3,Mountain,GUJ-97,62.9,True,Moderate,Half-day (2-4 hrs)
947,Narayan Sarovar,Kutch,Gujarat,West,Lake,"Spiritual,Nature","Pilgrims,Family",0,50,200,2000,6000,400,1000,23.69,68.54,4.4,2000,10,3,Desert,GUJ-85,56.3,False,Moderate,Full-day (4-8 hrs)
948,Koteshwar Mahadev Temple,Kutch,Gujarat,West,Temple,"Religion,Coastal","Pilgrims,Tourists",0,50,200,2000,6000,400,1000,23.688,68.52,4.6,4000,10,3,Coastal,GUJ-85,64.0,True,Easy,Short (1-2 hrs)
949,Vijay Vilas Palace,Mandvi,Gujarat,West,Palace,"Heritage,Architecture",Tourists,50,100,300,2000,6000,400,1000,22.84,69.36,4.5,4500,10,3,Coastal,GUJ-79,57.9,False,Easy,Half-day (2-4 hrs)
950,Tithal Beach,Valsad,Gujarat,West,Beach,"Coastal,Leisure","Family,Couples",0,100,400,2000,6000,400,1000,20.61,72.9,4.4,6000,10,3,Coastal,GUJ-98,51.1,False,Easy,Full-day (4-8 hrs)
951,Gopnath Beach,Bhavnagar,Gujarat,West,Beach,"Coastal,Scenic","Tourists,Photographers",0,100,400,2000,6000,400,1000,21.56,72.24,4.5,3500,10,3,Coastal,GUJ-99,59.1,False,Easy,Full-day (4-8 hrs)
952,Shivrajpur Beach,Dwarka,Gujarat,West,Beach,"Coastal,Leisure","Family,Couples",0,100,400,2000,6000,400,1000,22.3,68.97,4.7,8000,10,3,Coastal,GUJ-76,66.1,True,Easy,Full-day (4-8 hrs)
953,Dwarka Beach,Dwarka,Gujarat,West,Beach,"Coastal,Spiritual","Pilgrims,Tourists",0,100,400,2000,6000,400,1000,22.244,68.968,4.6,9000,10,3,Coastal,GUJ-76,60.1,False,Easy,Full-day (4-8 hrs)
954,Porbandar Beach,Porbandar,Gujarat,West,Beach,"Coastal,Leisure",Family,0,100,400,2000,6000,400,1000,21.64,69.61,4.4,5000,10,3,Coastal,GUJ-86,52.0,False,Easy,Full-day (4-8 hrs)
955,Sudama Temple,Porbandar,Gujarat,West,Temple,"Religion,Heritage","Pilgrims,Tourists",0,50,200,2000,6000,400,1000,21.642,69.611,4.6,3500,10,3,Urban,GUJ-86,64.6,True,Easy,Short (1-2 hrs)
956,Kirti Mandir Porbandar,Porbandar,Gujarat,West,Memorial,"Heritage,Heritage","Students,Tourists",20,50,200,2000,6000,400,1000,21.6405,69.609,4.5,4200,10,3,Urban,GUJ-86,58.3,False,Easy,Short (1-2 hrs)
957,Ambaji Temple,Banaskantha,Gujarat,West,Temple,"Religion,Pilgrimage",Pilgrims,0,100,300,2000,6000,400,1000,24.33,72.85,4.8,20000,10,3,Mountain,GUJ-87,67.2,True,Moderate,Short (1-2 hrs)
958,Gabbar Hill,Ambaji,Gujarat,West,Hill,"Trekking,Spiritual","Pilgrims,Adventure",0,200,500,2000,6000,400,1000,24.335,72.86,4.6,4000,10,3,Mountain,GUJ-87,64.0,True,Moderate,Half-day (2-4 hrs)
959,Polo Forest,Sabarkantha,Gujarat,West,Forest,"Nature,Trekking","Adventure,Friends",0,200,600,2000,6000,400,1000,23.65,73.15,4.6,4500,10,3,Forest,GUJ-100,63.4,True,Moderate,Half-day (2-4 hrs)
960,Zarwani Waterfall,Narmada,Gujarat,West,Waterfall,"Nature,Trekking","Adventure,Friends",50,200,600,2000,6000,400,1000,21.87,73.68,4.5,3500,7,1,Forest,GUJ-75,59.1,False,Moderate,Half-day (2-4 hrs)
961,Shoolpaneshwar Wildlife Sanctuary,Narmada,Gujarat,West,Wildlife Sanctuary,"Wildlife,Forest",Photographers,100,300,900,2000,6000,400,1000,21.83,73.75,4.5,3200,11,4,Forest,GUJ-75,59.6,False,Moderate,Full-day (4-8 hrs)
962,Nalsarovar Bird Sanctuary,Ahmedabad,Gujarat,West,Bird Sanctuary,"Birdwatching,Nature",Photographers,75,200,600,2000,6000,400,1000,22.8,72.04,4.6,8500,11,2,Forest,GUJ-83,60.4,False,Moderate,Half-day (2-4 hrs)
963,Thol Bird Sanctuary,Ahmedabad,Gujarat,West,Bird Sanctuary,"Birdwatching,Nature",Photographers,50,200,600,2000,6000,400,1000,23.13,72.38,4.5,6000,11,2,Forest,GUJ-78,56.6,False,Moderate,Half-day (2-4 hrs)
964,Hathisingh Jain Temple,Ahmedabad,Gujarat,West,Temple,"Religion,Architecture","Tourists,Pilgrims",0,50,200,2000,6000,400,1000,23.04,72.58,4.6,6000,10,3,Urban,GUJ-78,62.0,False,Easy,Short (1-2 hrs)
965,Sidi Saiyyed Mosque,Ahmedabad,Gujarat,West,Mosque,"Architecture,Heritage",Tourists,0,50,200,2000,6000,400,1000,23.026,72.58,4.7,7000,10,3,Urban,GUJ-78,66.7,True,Easy,Short (1-2 hrs)
966,Teen Darwaza,Ahmedabad,Gujarat,West,Monument,"Heritage,Architecture",Tourists,0,50,200,2000,6000,400,1000,23.024,72.583,4.4,4000,10,3,Urban,GUJ-78,53.0,False,Easy,Short (1-2 hrs)
967,Jhulta Minara,Ahmedabad,Gujarat,West,Monument,"Architecture,Heritage","Tourists,Students",20,50,200,2000,6000,400,1000,23.025,72.6,4.3,3000,10,3,Urban,GUJ-78,49.0,False,Easy,Short (1-2 hrs)
968,Kankaria Lake,Ahmedabad,Gujarat,West,Lake,"Leisure,Boating","Family,Couples",25,100,300,2000,6000,400,1000,23.006,72.603,4.6,12000,10,3,Urban,GUJ-78,58.7,False,Easy,Full-day (4-8 hrs)
969,Sarkhej Roza,Ahmedabad,Gujarat,West,Heritage Complex,"Architecture,Heritage",Tourists,20,50,200,2000,6000,400,1000,22.982,72.498,4.5,3500,10,3,Urban,GUJ-78,59.1,False,Easy,Half-day (2-4 hrs)
970,Dwarkadhish Ghat,Dwarka,Gujarat,West,Ghat,"Spiritual,Coastal","Pilgrims,Tourists",0,50,200,2000,6000,400,1000,22.2445,68.9685,4.6,5000,10,3,Coastal,GUJ-76,62.9,True,Easy,Short (1-2 hrs)
971,Bet Dwarka,Dwarka,Gujarat,West,Island,"Spiritual,Island","Pilgrims,Tourists",20,200,500,2000,6000,400,1000,22.48,69.07,4.6,6500,10,3,Island,GUJ-76,61.6,False,Moderate,Full-day (4-8 hrs)
972,Gomti Ghat,Dwarka,Gujarat,West,Ghat,"Spiritual,River","Pilgrims,Tourists",0,50,200,2000,6000,400,1000,22.2447,68.9688,4.6,4500,10,3,Coastal,GUJ-76,63.4,True,Easy,Short (1-2 hrs)
973,Hanuman Dandi,Bet Dwarka,Gujarat,West,Temple,"Religion,Spiritual",Pilgrims,0,50,200,2000,6000,400,1000,22.47,69.06,4.5,3000,10,3,Island,GUJ-76,59.9,False,Easy,Short (1-2 hrs)
974,Sanjay Gandhi National Park,Mumbai,Maharashtra,West,National Park,"Wildlife,Nature","Family,Photographers",85,200,600,2000,7000,500,1200,19.2147,72.9106,4.6,15000,10,3,Forest,MAH-170,57.7,False,Moderate,Full-day (4-8 hrs)
975,Kanheri Caves,Mumbai,Maharashtra,West,Cave,"Heritage,Buddhist Cultural","Students,Tourists",40,100,300,2000,7000,500,1200,19.209,72.91,4.5,8000,10,3,Forest,MAH-170,55.2,False,Moderate,Half-day (2-4 hrs)
976,Haji Ali Dargah,Mumbai,Maharashtra,West,Religious Site,"Spiritual,Heritage","Pilgrims,Tourists",0,50,200,2000,7000,500,1200,18.9828,72.8087,4.6,20000,10,3,Coastal,MAH-170,56.3,False,Moderate,Half-day (2-4 hrs)
977,Siddhivinayak Temple,Mumbai,Maharashtra,West,Temple,"Religion,Spiritual","Pilgrims,Family",0,50,200,2000,7000,500,1200,19.0176,72.83,4.8,30000,10,3,Urban,MAH-170,65.3,True,Easy,Short (1-2 hrs)
978,Mount Mary Church,Mumbai,Maharashtra,West,Church,"Religion,Heritage","Family,Tourists",0,50,200,2000,7000,500,1200,19.043,72.82,4.6,7000,10,3,Urban,MAH-170,61.3,False,Easy,Short (1-2 hrs)
979,Chhatrapati Shivaji Maharaj Terminus,Mumbai,Maharashtra,West,Heritage Site,"Architecture,Heritage","Tourists,Students",0,50,200,2000,7000,500,1200,18.9402,72.8356,4.7,25000,10,3,Urban,MAH-170,60.7,False,Easy,Half-day (2-4 hrs)
980,Shaniwar Wada,Pune,Maharashtra,West,Fort,"Heritage,Heritage","Students,Tourists",25,100,300,1800,5000,400,1000,18.5196,73.8553,4.5,12000,10,3,Urban,MAH-170,53.3,False,Moderate,Half-day (2-4 hrs)
981,Dagadusheth Halwai Ganapati Temple,Pune,Maharashtra,West,Temple,Religion,"Pilgrims,Family",0,50,200,1800,5000,400,1000,18.5165,73.856,4.8,20000,10,3,Urban,MAH-170,67.2,True,Easy,Short (1-2 hrs)
982,Pataleshwar Cave Temple,Pune,Maharashtra,West,Cave Temple,"Heritage,Religion","Tourists,Students",0,50,200,1800,5000,400,1000,18.5236,73.8478,4.4,6000,10,3,Urban,MAH-170,51.1,False,Moderate,Short (1-2 hrs)
983,Ajinkyatara Fort,Satara,Maharashtra,West,Fort,"Heritage,Trekking","Adventure,Students",0,200,600,1500,4000,400,900,17.68,73.99,4.5,4000,10,3,Mountain,MAH-170,58.5,False,Moderate,Half-day (2-4 hrs)
984,Pratapgad Fort,Satara,Maharashtra,West,Fort,"Heritage,Trekking","Adventure,Tourists",0,200,600,1500,4000,400,900,17.935,73.579,4.7,9000,10,3,Mountain,MAH-170,65.5,True,Moderate,Half-day (2-4 hrs)
985,Torna Fort,Pune,Maharashtra,West,Fort,"Trekking,Heritage","Adventure,Friends",0,200,700,1500,4000,400,900,18.276,73.622,4.7,8000,10,3,Mountain,MAH-170,66.1,True,Moderate,Half-day (2-4 hrs)
986,Rajmachi Fort,Lonavala,Maharashtra,West,Fort,"Trekking,Heritage","Adventure,Friends",0,200,700,2000,6000,400,900,18.829,73.406,4.6,7000,10,3,Mountain,MAH-170,61.3,False,Moderate,Half-day (2-4 hrs)
987,Vikramgad Fort,Palghar,Maharashtra,West,Fort,"Heritage,Trekking",Adventure,0,200,600,1500,4000,400,900,19.57,73.13,4.3,1500,10,3,Mountain,MAH-178,52.3,False,Moderate,Half-day (2-4 hrs)
988,Karnala Bird Sanctuary,Raigad,Maharashtra,West,Bird Sanctuary,"Birdwatching,Nature","Photographers,Students",60,200,500,1500,4000,400,900,18.88,73.12,4.5,4500,11,3,Forest,MAH-170,57.9,False,Moderate,Half-day (2-4 hrs)
989,Harishchandragad,Ahmednagar,Maharashtra,West,Mountain Fort,"Trekking,Adventure","Adventure,Friends",0,300,900,1500,4000,400,900,19.39,73.77,4.8,11000,10,3,Mountain,MAH-173,70.0,True,Moderate,Half-day (2-4 hrs)
990,Kalavantin Durg,Panvel,Maharashtra,West,Fort,"Trekking,Adventure","Adventure,Friends",0,300,900,1500,4000,400,900,18.88,73.2,4.7,9000,10,3,Mountain,MAH-170,65.5,True,Moderate,Half-day (2-4 hrs)
991,Bhivpuri Waterfall,Karjat,Maharashtra,West,Waterfall,"Nature,Monsoon","Friends,Adventure",0,200,500,2000,6000,400,900,18.95,73.33,4.4,4000,6,9,Valley,MAH-170,53.0,False,Moderate,Half-day (2-4 hrs)
992,Malshej Ghat,Thane,Maharashtra,West,Ghat,"Nature,","Tourists,Photographers",0,100,400,2000,6000,400,900,19.3,73.77,4.7,15000,6,9,Mountain,MAH-173,63.1,True,Moderate,Short (1-2 hrs)
993,Korigad Fort,Lonavala,Maharashtra,West,Fort,"Trekking,Heritage","Adventure,Friends",0,200,600,2000,6000,400,900,18.62,73.39,4.6,6000,10,3,Mountain,MAH-170,62.0,False,Moderate,Half-day (2-4 hrs)
994,Chorla Ghat,Sindhudurg,Maharashtra,West,Ghat,"Nature,Forest","Photographers,Tourists",0,100,300,1500,4000,400,900,15.65,74.1,4.6,3500,10,3,Forest,MAH-174,64.6,True,Moderate,Short (1-2 hrs)
995,Amboli,Sindhudurg,Maharashtra,West,Hill Station,"Nature,Waterfalls","Family,Couples",0,200,600,2000,5000,400,900,15.96,73.99,4.6,7000,6,9,Mountain,MAH-174,61.3,False,Moderate,Full-day (4-8 hrs)
996,Panhala Fort,Kolhapur,Maharashtra,West,Fort,"Heritage,Heritage","Tourists,Students",50,100,300,1800,5000,400,900,16.81,74.11,4.6,6500,10,3,Mountain,MAH-179,61.6,False,Moderate,Half-day (2-4 hrs)
997,Sindhudurg Fort,Malvan,Maharashtra,West,Coastal Fort,"Heritage,Coastal","Tourists,Friends",100,200,500,2000,6000,400,900,16.03,73.46,4.7,8000,10,3,Coastal,MAH-172,66.1,True,Moderate,Half-day (2-4 hrs)
998,Ratnagiri Beach,Ratnagiri,Maharashtra,West,Beach,"Coastal,Leisure","Family,Couples",0,100,400,2000,6000,400,900,16.99,73.3,4.6,9000,10,3,Coastal,MAH-175,60.1,False,Easy,Full-day (4-8 hrs)
999,Ganpatipule,Ratnagiri,Maharashtra,West,Beach Temple,"Coastal,Religion","Family,Pilgrims",0,100,400,2000,6000,400,900,17.15,73.27,4.7,12000,10,3,Coastal,MAH-175,64.2,True,Easy,Full-day (4-8 hrs)
1000,Velneshwar Beach,Ratnagiri,Maharashtra,West,Beach,"Coastal,Leisure","Family,Couples",0,100,400,2000,6000,400,900,17.37,73.2,4.5,3500,10,3,Coastal,MAH-175,59.1,False,Easy,Full-day (4-8 hrs)
1001,Tamhini Ghat,Pune,Maharashtra,West,Ghat,"Nature,Monsoon","Friends,Photographers",0,100,400,2000,6000,400,900,18.45,73.42,4.6,7000,6,9,Mountain,MAH-170,61.3,False,Moderate,Short (1-2 hrs)
1002,Bhandardara,Ahmednagar,Maharashtra,West,Hill Station,"Nature,Lake","Family,Couples",0,200,500,2000,6000,400,900,19.53,73.75,4.7,8000,10,3,Mountain,MAH-173,66.1,True,Moderate,Full-day (4-8 hrs)
1003,Wilson Point,Mahabaleshwar,Maharashtra,West,Viewpoint,"Nature,Sunrise","Tourists,Photographers",0,50,200,2500,7000,500,1000,17.925,73.655,4.6,6000,10,3,Mountain,MAH-170,62.0,False,Moderate,Short (1-2 hrs)
1004,Pandav Leni Caves,Nashik,Maharashtra,West,Cave,"Heritage,Buddhist Cultural","Students,Tourists",25,100,300,1800,5000,400,900,19.95,73.73,4.5,5000,10,3,Mountain,MAH-173,57.4,False,Moderate,Half-day (2-4 hrs)
1005,Trimbakeshwar Temple,Nashik,Maharashtra,West,Temple,"Religion,Pilgrimage",Pilgrims,0,50,200,1800,5000,400,900,19.93,73.53,4.8,15000,10,3,Mountain,MAH-173,68.6,True,Moderate,Short (1-2 hrs)
1006,Anjneri Hill,Nashik,Maharashtra,West,Hill,"Trekking,Spiritual","Adventure,Pilgrims",0,200,500,1800,5000,400,900,19.92,73.57,4.5,3500,10,3,Mountain,MAH-173,59.1,False,Moderate,Half-day (2-4 hrs)
1007,Harihareshwar,Raigad,Maharashtra,West,Beach Temple,"Coastal,Religion","Family,Pilgrims",0,100,400,2000,6000,400,900,17.99,73.01,4.6,5000,10,3,Coastal,MAH-170,62.9,True,Easy,Full-day (4-8 hrs)
1008,Dapoli,Ratnagiri,Maharashtra,West,Coastal Town,"Beach,Leisure","Family,Couples",0,100,400,2000,6000,400,900,17.75,73.18,4.5,4000,10,3,Coastal,MAH-170,58.5,False,Easy,Half-day (2-4 hrs)
1009,Kashid Beach,Raigad,Maharashtra,West,Beach,"Coastal,Leisure","Family,Couples",0,100,400,2000,6000,400,900,18.45,72.9,4.6,9000,10,3,Coastal,MAH-170,60.1,False,Easy,Full-day (4-8 hrs)
1010,Murud-Janjira Fort,Murud,Maharashtra,West,Coastal Fort,"Heritage,Coastal","Tourists,Friends",100,200,500,2000,6000,400,900,18.3,72.97,4.7,11000,10,3,Coastal,MAH-170,64.6,True,Moderate,Half-day (2-4 hrs)
1011,Chiplun,Ratnagiri,Maharashtra,West,Hill Town,"Nature,Leisure",Family,0,100,300,2000,6000,400,900,17.53,73.52,4.4,2500,10,3,Valley,MAH-175,55.3,False,Moderate,Half-day (2-4 hrs)
1012,Vishalgad Fort,Kolhapur,Maharashtra,West,Fort,"Heritage,Trekking","Adventure,Students",0,200,600,1500,4000,400,900,16.92,73.74,4.5,3000,10,3,Mountain,MAH-180,59.9,False,Moderate,Half-day (2-4 hrs)
1013,Vishrambaug Wada,Pune,Maharashtra,West,Heritage Site,"Architecture,Heritage","Students,Tourists",20,50,200,1800,5000,400,900,18.516,73.855,4.4,2000,10,3,Urban,MAH-170,56.3,False,Easy,Half-day (2-4 hrs)
1014,Kalsubai Peak,Ahmednagar,Maharashtra,West,Mountain Peak,"Trekking,Adventure","Adventure,Friends",0,300,800,1500,4000,400,900,19.6,73.7,4.9,15000,10,3,Mountain,MAH-173,74.0,True,Strenuous,Multi-day (1-3 days)
1015,Bhandardara Dam,Ahmednagar,Maharashtra,West,Dam,"Nature,Lake","Family,Photographers",0,100,300,2000,6000,400,900,19.53,73.75,4.6,6000,10,3,Mountain,MAH-173,62.0,False,Moderate,Half-day (2-4 hrs)
1016,Malshej Waterfalls,Thane,Maharashtra,West,Waterfall,"Nature,Monsoon","Tourists,Photographers",0,100,400,2000,6000,400,900,19.29,73.77,4.6,5500,6,9,Valley,MAH-173,62.4,False,Moderate,Half-day (2-4 hrs)
1017,Lonar Crater Lake,Buldhana,Maharashtra,West,Crater Lake,"Geology,Nature","Students,Photographers",50,100,300,1500,4000,400,900,19.98,76.52,4.6,7000,10,3,Valley,MAH-181,61.3,False,Easy,Full-day (4-8 hrs)
1018,Bhuleshwar Temple,Pune,Maharashtra,West,Temple,"Religion,Architecture","Pilgrims,Tourists",20,50,200,1800,5000,400,900,18.33,74.03,4.5,3000,10,3,Mountain,MAH-170,59.9,False,Moderate,Short (1-2 hrs)
1019,Karla Caves,Lonavala,Maharashtra,West,Cave,"Buddhist Cultural,Heritage","Students,Tourists",40,100,300,2000,6000,400,900,18.78,73.47,4.6,9000,10,3,Mountain,MAH-170,60.1,False,Moderate,Half-day (2-4 hrs)
1020,Bhaja Caves,Lonavala,Maharashtra,West,Cave,"Buddhist Cultural,Heritage","Students,Tourists",40,100,300,2000,6000,400,900,18.73,73.47,4.5,7000,10,3,Mountain,MAH-170,55.8,False,Moderate,Half-day (2-4 hrs)
1021,Bedse Caves,Lonavala,Maharashtra,West,Cave,"Buddhist Cultural,Heritage","Students,Tourists",40,100,300,2000,6000,400,900,18.73,73.48,4.4,3000,10,3,Mountain,MAH-170,54.4,False,Moderate,Half-day (2-4 hrs)
1022,Rajgad Fort,Pune,Maharashtra,West,Fort,"Trekking,Heritage","Adventure,Friends",0,200,700,1500,4000,400,900,18.25,73.68,4.8,12000,10,3,Mountain,MAH-170,69.6,True,Moderate,Half-day (2-4 hrs)
1023,Prabalgad Fort,Panvel,Maharashtra,West,Fort,"Trekking,Adventure","Adventure,Friends",0,200,700,1500,4000,400,900,18.88,73.21,4.6,6000,10,3,Mountain,MAH-170,62.0,False,Moderate,Half-day (2-4 hrs)
1024,Candolim Beach,Candolim,Goa,West,Beach,"Beach,Water_Sports","Friends,Couples",0,500,3000,2500,8000,600,1500,15.518,73.762,4.6,12000,11,3,Coastal,GOA-74,58.7,False,Easy,Full-day (4-8 hrs)
1025,Sinquerim Beach,Candolim,Goa,West,Beach,"Beach,Water_Sports","Friends,Couples",0,500,3000,2500,8000,600,1500,15.515,73.768,4.5,8000,11,3,Coastal,GOA-74,55.2,False,Easy,Full-day (4-8 hrs)
1026,Mobor Beach,Cavelossim,Goa,West,Beach,"Beach,Relaxation","Couples,Family",0,300,2000,3000,9000,700,1500,15.02,73.92,4.5,5000,11,3,Coastal,GOA-74,57.4,False,Easy,Full-day (4-8 hrs)
1027,Cavelossim Beach,Cavelossim,Goa,West,Beach,"Beach,Relaxation","Couples,Family",0,300,2000,3000,9000,700,1500,15.016,73.922,4.6,6000,11,3,Coastal,GOA-74,62.0,False,Easy,Full-day (4-8 hrs)
1028,Varca Beach,Varca,Goa,West,Beach,"Beach,Relaxation","Family,Couples",0,300,2000,2500,8000,600,1500,15.21,73.92,4.5,7000,11,3,Coastal,GOA-74,55.8,False,Easy,Full-day (4-8 hrs)
1029,Betalbatim Beach,Betalbatim,Goa,West,Beach,"Beach,Sunset","Couples,Photographers",0,300,2000,2500,7000,600,1400,15.28,73.91,4.5,4000,11,3,Coastal,GOA-74,58.5,False,Easy,Full-day (4-8 hrs)
1030,Majorda Beach,Majorda,Goa,West,Beach,"Beach,Food","Family,Couples",0,300,2000,2500,7000,600,1400,15.3,73.91,4.6,6000,11,3,Coastal,GOA-74,62.0,False,Easy,Full-day (4-8 hrs)
1031,Agonda Beach,Agonda,Goa,West,Beach,"Beach,Relaxation","Couples,Solo",0,300,2000,2500,7000,600,1400,15.04,73.98,4.7,9000,11,3,Coastal,GOA-74,65.5,True,Easy,Full-day (4-8 hrs)
1032,Patnem Beach,Canacona,Goa,West,Beach,"Beach,Relaxation","Couples,Solo",0,300,2000,2500,7000,600,1400,15.01,74.02,4.6,4500,11,3,Coastal,GOA-74,63.4,True,Easy,Full-day (4-8 hrs)
1033,Bogmalo Beach,Bogmalo,Goa,West,Beach,"Beach,Water_Sports","Family,Friends",0,400,2500,2500,7000,600,1400,15.36,73.83,4.4,3500,11,3,Coastal,GOA-74,53.7,False,Easy,Full-day (4-8 hrs)
1034,Dona Paula,Panaji,Goa,West,Viewpoint,",Romantic","Couples,Tourists",0,100,500,2500,8000,600,1500,15.46,73.8,4.5,10000,11,3,Coastal,GOA-74,54.1,False,Moderate,Short (1-2 hrs)
1035,Chapora River Viewpointpoint,Chapora,Goa,West,Viewpoint,"River,Photography","Photographers,Friends",0,100,300,2000,6000,600,1300,15.6,73.74,4.5,4000,11,3,Coastal,GOA-74,58.5,False,Moderate,Short (1-2 hrs)
1036,Torre De Santo Ant?Nio,Chapora,Goa,West,Fort Tower,"Heritage,Architecture","Students,Tourists",0,100,300,2000,6000,600,1300,15.6,73.75,4.3,1500,11,3,Coastal,GOA-74,52.3,False,Moderate,Half-day (2-4 hrs)
1037,Salim Ali Bird Sanctuary,Chorao,Goa,West,Bird Sanctuary,"Birdwatching,Nature","Photographers,Students",100,200,600,2000,6000,600,1300,15.49,73.87,4.6,5000,11,3,Forest,GOA-74,62.9,True,Moderate,Half-day (2-4 hrs)
1038,Divar Island,Divar,Goa,West,Island,"Heritage,Nature","Family,Couples",0,200,500,2000,6000,600,1300,15.5,73.85,4.5,3500,11,3,Island,GOA-74,59.1,False,Moderate,Full-day (4-8 hrs)
1039,Chorao Island,Chorao,Goa,West,Island,"Nature,Birdwatching",Photographers,0,200,500,2000,6000,600,1300,15.5,73.86,4.5,3000,11,3,Island,GOA-74,59.9,False,Moderate,Full-day (4-8 hrs)
1040,Panjim Church,Panaji,Goa,West,Church,"Religion,Architecture","Family,Tourists",0,50,200,2500,8000,600,1500,15.4989,73.8278,4.7,15000,11,3,Urban,GOA-74,63.1,True,Easy,Short (1-2 hrs)
1041,Shantadurga Temple,Ponda,Goa,West,Temple,"Religion,Heritage","Pilgrims,Family",0,50,200,2000,6000,600,1300,15.42,74.03,4.7,7000,11,3,Urban,GOA-74,66.7,True,Easy,Short (1-2 hrs)
1042,Mangueshi Temple,Ponda,Goa,West,Temple,"Religion,Heritage","Pilgrims,Family",0,50,200,2000,6000,600,1300,15.45,73.98,4.7,8000,11,3,Urban,GOA-74,66.1,True,Easy,Short (1-2 hrs)
1043,Mahalaxmi Temple,Panaji,Goa,West,Temple,Religion,"Pilgrims,Family",0,50,200,2500,8000,600,1500,15.5,73.83,4.6,4000,11,3,Urban,GOA-74,64.0,True,Easy,Short (1-2 hrs)
1044,Old Goa Churches,Old Goa,Goa,West,Heritage Site,"Heritage,Christianity","Tourists,Students",0,100,300,2500,8000,600,1500,15.5,73.91,4.8,20000,11,3,Urban,GOA-74,67.2,True,Easy,Half-day (2-4 hrs)
1045,Our Lady Of The Immaculate Conception Church,Panaji,Goa,West,Church,"Religion,Architecture","Tourists,Family",0,50,200,2500,8000,600,1500,15.499,73.8275,4.7,12000,11,3,Urban,GOA-74,64.2,True,Easy,Short (1-2 hrs)
1046,Church Of St. Cajetan,Old Goa,Goa,West,Church,"Heritage,Architecture","Tourists,Students",0,50,200,2500,8000,600,1500,15.503,73.911,4.6,5000,11,3,Urban,GOA-74,62.9,True,Easy,Short (1-2 hrs)
1047,St. Augustine Tower,Old Goa,Goa,West,Heritage Tower,"Heritage,Ruins","Tourists,Students",0,50,200,2500,8000,600,1500,15.5035,73.912,4.5,4500,11,3,Urban,GOA-74,57.9,False,Easy,Half-day (2-4 hrs)
1048,Monte Hill,Panaji,Goa,West,Hill,",Nature","Photographers,Couples",0,100,300,2500,8000,600,1500,15.49,73.82,4.4,2000,11,3,Mountain,GOA-74,56.3,False,Moderate,Half-day (2-4 hrs)
1049,Bondla Wildlife Sanctuary,Ponda,Goa,West,Wildlife Sanctuary,"Nature,Wildlife","Family,Students",50,200,500,2000,6000,600,1300,15.41,74.1,4.5,5000,11,3,Forest,GOA-74,57.4,False,Moderate,Full-day (4-8 hrs)
1050,Cotigao Wildlife Sanctuary,Canacona,Goa,West,Wildlife Sanctuary,"Nature,Wildlife",Photographers,50,200,500,2000,6000,600,1300,14.99,74.21,4.4,3000,11,3,Forest,GOA-74,54.4,False,Moderate,Full-day (4-8 hrs)
1051,Tambdi Surla Mahadev Temple,Mollem,Goa,West,Temple,"Heritage,Religion","Pilgrims,Students",0,50,200,2000,6000,600,1300,15.44,74.26,4.7,6000,11,3,Forest,GOA-74,67.5,True,Moderate,Short (1-2 hrs)
1052,Arvalem Caves,Sanquelim,Goa,West,Cave,"Heritage,Heritage","Students,Tourists",20,100,300,2000,6000,600,1300,15.59,73.99,4.3,2500,11,3,Mountain,GOA-74,49.8,False,Moderate,Half-day (2-4 hrs)
1053,Dabolim Airport Viewpointpoint,Dabolim,Goa,West,Viewpoint,"Aviation,Photography",Photographers,0,50,200,2500,8000,600,1500,15.38,73.83,4.4,1500,11,3,Coastal,GOA-74,57.7,False,Moderate,Short (1-2 hrs)
1054,Harvalem Waterfall,Sanquelim,Goa,West,Waterfall,Nature,"Family,Photographers",0,100,400,2000,6000,600,1300,15.59,73.99,4.5,4000,6,9,Valley,GOA-74,58.5,False,Moderate,Half-day (2-4 hrs)
1055,Morjim Beach,Morjim,Goa,West,Beach,"Beach,Turtle Nesting","Tourists,Photographers",0,300,2000,2500,7000,600,1400,15.63,73.73,4.6,9000,11,3,Coastal,GOA-74,60.1,False,Easy,Full-day (4-8 hrs)
1056,Ashwem Beach,Ashwem,Goa,West,Beach,"Beach,Relaxation","Couples,Solo",0,300,2000,2500,7000,600,1400,15.64,73.73,4.6,8000,11,3,Coastal,GOA-74,60.7,False,Easy,Full-day (4-8 hrs)
1057,Querim Beach,Querim,Goa,West,Beach,"Beach,Quiet","Couples,Solo",0,300,2000,2000,6000,600,1300,15.72,73.68,4.5,4000,11,3,Coastal,GOA-74,58.5,False,Easy,Full-day (4-8 hrs)
1058,Sinquerim Fort,Candolim,Goa,West,Fort,"Heritage,Architecture","Tourists,Students",0,100,300,2500,8000,600,1500,15.514,73.767,4.4,3500,11,3,Coastal,GOA-74,53.7,False,Moderate,Half-day (2-4 hrs)
1059,Pench National Park,Seoni,Madhya Pradesh,Central,National Park,"Wildlife,Nature","Family,Photographers",200,500,1500,2000,6000,500,1200,21.758,79.297,4.7,12000,11,3,Forest,MAD-158,64.2,True,Moderate,Full-day (4-8 hrs)
1060,Panna National Park,Panna,Madhya Pradesh,Central,National Park,"Wildlife,Tiger Reserve","Family,Photographers",200,500,1500,2000,6000,500,1200,24.72,80.2,4.6,9000,11,3,Forest,MAD-154,60.1,False,Moderate,Full-day (4-8 hrs)
1061,Orchha,Orchha,Madhya Pradesh,Central,Heritage Town,"Heritage,Architecture","Tourists,Students",50,200,500,1800,5000,400,1000,25.35,78.64,4.7,8000,10,3,Urban,MAD-165,66.1,True,Easy,Half-day (2-4 hrs)
1062,Raisen Fort,Raisen,Madhya Pradesh,Central,Fort,"Heritage,Architecture","Students,Tourists",25,200,500,1500,4000,400,900,23.33,77.78,4.4,2500,10,3,Mountain,MAD-153,55.3,False,Moderate,Half-day (2-4 hrs)
1063,Gohad Fort,Gohad,Madhya Pradesh,Central,Fort,"Heritage,Heritage","Tourists,Students",20,150,400,1500,4000,400,900,26.43,78.44,4.2,1200,10,3,Urban,MAD-156,47.9,False,Moderate,Half-day (2-4 hrs)
1064,Chanderi,Chanderi,Madhya Pradesh,Central,Heritage Town,"Heritage,Architecture","Tourists,Students",30,200,500,1800,5000,400,1000,24.72,78.13,4.5,5000,10,3,Urban,MAD-166,57.4,False,Easy,Half-day (2-4 hrs)
1065,Bargi Dam,Jabalpur,Madhya Pradesh,Central,Dam,"Nature,Boating","Family,Photographers",50,200,700,1800,5000,400,1000,22.95,79.93,4.4,3500,10,3,Valley,MAD-155,53.7,False,Moderate,Half-day (2-4 hrs)
1066,Bhopal Lake,Bhopal,Madhya Pradesh,Central,Lake,"Nature,Boating","Family,Couples",50,200,700,2000,6000,500,1200,23.25,77.41,4.6,10000,10,3,Urban,MAD-153,59.6,False,Easy,Full-day (4-8 hrs)
1067,Upper Lake Bhopal,Bhopal,Madhya Pradesh,Central,Lake,"Nature,Boating","Family,Couples",50,200,700,2000,6000,500,1200,23.24,77.36,4.7,12000,10,3,Urban,MAD-153,64.2,True,Easy,Full-day (4-8 hrs)
1068,Van Vihar National Park,Bhopal,Madhya Pradesh,Central,National Park,"Wildlife,Nature","Family,Students",50,200,600,2000,6000,500,1200,23.23,77.37,4.5,7000,10,3,Forest,MAD-153,55.8,False,Moderate,Full-day (4-8 hrs)
1069,Kheoni Wildlife Sanctuary,Dewas,Madhya Pradesh,Central,Wildlife Sanctuary,"Wildlife,Nature",Photographers,100,300,800,1500,4000,400,900,22.61,76.25,4.3,2000,10,3,Forest,MAD-157,50.9,False,Moderate,Full-day (4-8 hrs)
1070,Janapav Hill,Indore,Madhya Pradesh,Central,Hill,"Trekking,Nature","Adventure,Friends",0,200,600,1800,5000,400,1000,22.43,75.67,4.5,3500,10,3,Mountain,MAD-157,59.1,False,Moderate,Half-day (2-4 hrs)
1071,Ralamandal Wildlife Sanctuary,Indore,Madhya Pradesh,Central,Wildlife Sanctuary,"Wildlife,Nature","Family,Photographers",50,200,600,1800,5000,400,1000,22.67,75.88,4.4,2500,10,3,Forest,MAD-157,55.3,False,Moderate,Full-day (4-8 hrs)
1072,Sitabani Wildlife Sanctuary,Seoni,Madhya Pradesh,Central,Wildlife Sanctuary,"Wildlife,Nature",Photographers,100,300,800,1500,4000,400,900,21.8,79.3,4.2,1500,10,3,Forest,MAD-158,46.8,False,Moderate,Full-day (4-8 hrs)
1073,Gandhi Sagar Dam,Neemuch,Madhya Pradesh,Central,Dam,"Nature,Boating","Family,Photographers",50,200,600,1500,4000,400,900,24.68,75.28,4.3,1800,10,3,Valley,MAD-167,51.4,False,Moderate,Half-day (2-4 hrs)
1074,Chakki Falls,Chhatarpur,Madhya Pradesh,Central,Waterfall,"Nature,Monsoon","Friends,Photographers",0,100,400,1500,4000,400,900,24.9,79.9,4.4,2200,7,10,Valley,MAD-154,55.9,False,Moderate,Half-day (2-4 hrs)
1075,Raneh Falls,Khajuraho,Madhya Pradesh,Central,Waterfall,"Nature,Canyon","Tourists,Photographers",50,100,400,2000,6000,500,1200,24.86,79.93,4.6,5000,10,3,Valley,MAD-154,62.9,True,Moderate,Half-day (2-4 hrs)
1076,Ken Gharial Sanctuary,Panna,Madhya Pradesh,Central,Wildlife Sanctuary,"Wildlife,River","Photographers,Students",100,300,700,1500,4000,400,900,24.72,80.2,4.3,2000,11,3,Forest,MAD-154,50.9,False,Moderate,Full-day (4-8 hrs)
1077,Barfani Temple,Katni,Madhya Pradesh,Central,Temple,"Religion,Spiritual","Pilgrims,Family",0,50,200,1500,4000,400,900,23.83,80.4,4.5,3000,10,3,Mountain,MAD-168,59.9,False,Moderate,Short (1-2 hrs)
1078,Amarkantak,Amarkantak,Madhya Pradesh,Central,Hill Station,"Spiritual,Nature","Pilgrims,Family",0,100,400,1800,5000,400,1000,22.67,81.75,4.7,9000,10,3,Mountain,MAD-169,65.5,True,Moderate,Full-day (4-8 hrs)
1079,Indravati National Park,Bijapur,Chhattisgarh,Central,National Park,"Wildlife,Nature","Photographers,Family",200,400,1200,1500,4500,400,900,19.25,81.0,4.6,3500,11,3,Forest,CHH-65,64.6,True,Moderate,Full-day (4-8 hrs)
1080,Udanti Wildlife Sanctuary,Gariaband,Chhattisgarh,Central,Wildlife Sanctuary,"Wildlife,Nature",Photographers,100,300,900,1500,4000,400,900,20.2,82.2,4.4,2000,11,3,Forest,CHH-59,56.3,False,Moderate,Full-day (4-8 hrs)
1081,Sitanadi Wildlife Sanctuary,Dhamtari,Chhattisgarh,Central,Wildlife Sanctuary,"Wildlife,Nature","Photographers,Students",100,300,900,1500,4000,400,900,20.15,82.15,4.3,1800,11,3,Forest,CHH-59,51.4,False,Moderate,Full-day (4-8 hrs)
1082,Bastar Palace,Jagdalpur,Chhattisgarh,Central,Palace,"Heritage,Architecture","Tourists,Students",50,100,400,1800,5000,400,1000,19.08,82.03,4.5,2200,10,3,Urban,CHH-54,61.3,False,Easy,Half-day (2-4 hrs)
1083,Champa,Champa,Chhattisgarh,Central,Heritage Town,"Cultural,Heritage",Tourists,20,100,300,1500,4000,400,900,22.03,82.64,4.2,1200,10,3,Urban,CHH-66,47.9,False,Easy,Half-day (2-4 hrs)
1084,Raipur Mahadev Mandir,Raipur,Chhattisgarh,Central,Temple,"Religion,Spiritual","Pilgrims,Family",0,50,200,2000,6000,500,1200,21.25,81.63,4.5,5000,10,3,Urban,CHH-56,57.4,False,Easy,Short (1-2 hrs)
1085,Ghatarani Waterfall,Gariaband,Chhattisgarh,Central,Waterfall,"Nature,Monsoon","Friends,Photographers",0,150,500,1500,4000,400,900,20.43,82.05,4.6,3000,7,10,Valley,CHH-59,65.3,True,Moderate,Half-day (2-4 hrs)
1086,Chitradhara Waterfall,Jagdalpur,Chhattisgarh,Central,Waterfall,"Nature,Photography","Friends,Photographers",0,150,500,1500,4000,400,900,19.1,81.95,4.5,2500,7,10,Valley,CHH-54,60.7,False,Moderate,Half-day (2-4 hrs)
1087,Kailash Caves,Jagdalpur,Chhattisgarh,Central,Cave,"Nature,Adventure","Students,Adventure",50,200,600,1500,4000,400,900,19.12,82.0,4.3,1800,10,3,Mountain,CHH-54,51.4,False,Moderate,Half-day (2-4 hrs)
1088,Dhamtari,Dhamtari,Chhattisgarh,Central,Town,"Cultural,Heritage",Tourists,0,100,300,1500,4000,400,900,20.7,81.55,4.2,1500,10,3,Urban,CHH-67,46.8,False,Easy,Half-day (2-4 hrs)
1089,Ratanpur,Ratanpur,Chhattisgarh,Central,Temple Town,"Religion,Heritage","Pilgrims,Family",0,50,200,1500,4000,400,900,22.29,82.17,4.5,3000,10,3,Urban,CHH-68,59.9,False,Easy,Short (1-2 hrs)
1090,Maitri Bagh Zoo,Bhilai,Chhattisgarh,Central,Zoo,"Wildlife,Leisure","Family,Children",30,100,300,1800,5000,400,1000,21.21,81.38,4.4,3500,10,3,Urban,CHH-56,53.7,False,Easy,Half-day (2-4 hrs)
1091,Murikhar Waterfalls,Kanker,Chhattisgarh,Central,Waterfall,Nature,"Friends,Photographers",0,100,400,1500,4000,400,900,20.25,81.49,4.3,1500,7,10,Valley,CHH-58,52.3,False,Moderate,Half-day (2-4 hrs)
1092,Chakradharpur Temple,Raigarh,Chhattisgarh,Central,Temple,Religion,"Pilgrims,Family",0,50,200,1500,4000,400,900,21.9,83.4,4.3,2000,10,3,Urban,CHH-69,50.9,False,Easy,Short (1-2 hrs)
1093,Bhanpuri Dam,Jagdalpur,Chhattisgarh,Central,Dam,"Nature,Boating","Family,Photographers",50,200,500,1500,4000,400,900,19.05,81.95,4.4,1800,10,3,Valley,CHH-54,56.8,False,Moderate,Half-day (2-4 hrs)
1094,Talaab Tila,Raipur,Chhattisgarh,Central,Lake,"Nature,Relaxation","Family,Couples",0,100,300,2000,6000,500,1200,21.25,81.63,4.2,1200,10,3,Urban,CHH-56,47.9,False,Easy,Full-day (4-8 hrs)
1095,Amarkantak Plateau,Amarkantak,Chhattisgarh,Central,Plateau,"Nature,Spiritual","Tourists,Pilgrims",0,150,400,1800,5000,400,1000,22.67,81.75,4.7,6000,10,3,Mountain,CHH-57,67.5,True,Moderate,Half-day (2-4 hrs)
1096,Gandai Dam,Rajnandgaon,Chhattisgarh,Central,Dam,Nature,"Family,Photographers",0,100,300,1500,4000,400,900,21.3,81.05,4.2,1200,10,3,Valley,CHH-56,47.9,False,Moderate,Half-day (2-4 hrs)
1097,Kailash Gufa,Jagdalpur,Chhattisgarh,Central,Cave,"Nature,Adventure","Students,Adventure",50,200,600,1500,4000,400,900,19.12,82.01,4.3,1700,10,3,Mountain,CHH-54,51.7,False,Moderate,Half-day (2-4 hrs)
1098,Bihar Sharif,Nalanda,Bihar,East,Historic Town,"Heritage,Cultural","Tourists,Students",20,100,300,1200,3500,350,800,25.2,85.52,4.3,2000,10,3,Urban,BIH-42,50.9,False,Easy,Half-day (2-4 hrs)
1099,Rajgir,Nalanda,Bihar,East,Hill Town,"Heritage,Buddhist Cultural,Spiritual","Tourists,Pilgrims",30,200,600,1500,4000,350,900,25.03,85.42,4.6,9000,10,3,Mountain,BIH-42,60.1,False,Moderate,Half-day (2-4 hrs)
1100,Gaya,Gaya,Bihar,East,Pilgrimage City,"Religion,Buddhist Cultural","Pilgrims,Family",0,100,400,1500,4000,350,900,24.78,85.0,4.5,12000,10,3,Urban,BIH-41,53.3,False,Easy,Half-day (2-4 hrs)
1101,Vaishali,Vaishali,Bihar,East,Heritage Site,"Heritage,Buddhist Cultural","Tourists,Students",25,100,300,1200,3500,350,800,25.99,85.13,4.4,3000,10,3,Urban,BIH-43,54.4,False,Easy,Half-day (2-4 hrs)
1102,Champanagar,Bhagalpur,Bihar,East,Historic Town,"Cultural,Heritage",Tourists,20,100,300,1200,3500,350,800,25.25,87.0,4.2,1200,10,3,Urban,BIH-45,47.9,False,Easy,Half-day (2-4 hrs)
1103,Kesariya Stupa,East Champaran,Bihar,East,Buddhist Cultural Stupa,"Heritage,Buddhist Cultural","Students,Tourists",25,100,300,1200,3500,350,800,26.34,84.85,4.5,3500,10,3,Urban,BIH-46,59.1,False,Easy,Short (1-2 hrs)
1104,Kaimur Hills,Kaimur,Bihar,East,Hill Range,"Nature,Trekking","Adventure,Photographers",0,200,600,1200,3500,350,800,24.9,83.6,4.4,2500,10,3,Mountain,BIH-44,55.3,False,Moderate,Half-day (2-4 hrs)
1105,Buxar Fort,Buxar,Bihar,East,Fort,"Heritage,Heritage","Students,Tourists",20,100,300,1200,3500,350,800,25.56,83.98,4.2,1500,10,3,Urban,BIH-50,46.8,False,Moderate,Half-day (2-4 hrs)
1106,Maner Sharif,Patna,Bihar,East,Religious Site,"Sufi,Religion","Pilgrims,Family",0,50,200,1500,4000,350,900,25.64,84.87,4.5,4000,10,3,Urban,BIH-43,58.5,False,Moderate,Half-day (2-4 hrs)
1107,Bihar Museum,Patna,Bihar,East,Museum,"Heritage,Art","Students,Family",100,100,300,1800,4500,400,900,25.61,85.12,4.6,8000,10,3,Urban,BIH-43,60.7,False,Easy,Half-day (2-4 hrs)
1108,Sikandra,Jamui,Bihar,East,Town,"Cultural,Heritage",Tourists,0,100,200,1200,3500,350,800,24.95,86.38,4.1,900,10,3,Urban,BIH-51,43.8,False,Easy,Half-day (2-4 hrs)
1109,Gandhi Maidan,Patna,Bihar,East,Public Park,"Heritage,Leisure","Family,Students",0,50,200,1800,4500,400,900,25.62,85.14,4.4,7000,10,3,Urban,BIH-43,50.4,False,Easy,Half-day (2-4 hrs)
1110,Patna Planetarium,Patna,Bihar,East,Planetarium,"Science,Educational","Students,Family",50,100,300,1800,4500,400,900,25.61,85.13,4.5,6500,10,3,Urban,BIH-43,56.2,False,Easy,Half-day (2-4 hrs)
1111,Golghar,Patna,Bihar,East,Heritage Monument,"Heritage,Architecture","Tourists,Students",20,100,300,1800,4500,400,900,25.62,85.15,4.4,7500,10,3,Urban,BIH-43,50.1,False,Easy,Half-day (2-4 hrs)
1112,Vikramshila Ruins,Bhagalpur,Bihar,East,Archaeological Site,"Heritage,Buddhist Cultural","Students,Tourists",25,100,300,1200,3500,350,800,25.27,87.15,4.5,3000,10,3,Urban,BIH-45,59.9,False,Moderate,Half-day (2-4 hrs)
1113,Motihari,East Champaran,Bihar,East,Historic Town,"Heritage,Gandhi","Students,Tourists",0,100,200,1200,3500,350,800,26.65,84.92,4.2,1500,10,3,Urban,BIH-46,46.8,False,Easy,Half-day (2-4 hrs)
1114,Sonepur Cattle Fair,Sonepur,Bihar,East,Festival Ground,"Cultural,Fair","Tourists,Family",0,200,600,1500,4000,350,900,25.7,85.18,4.6,9000,11,11,Urban,BIH-43,60.1,False,Moderate,Half-day (2-4 hrs)
1115,Bhagalpur,Bhagalpur,Bihar,East,City Attraction,"Cultural,Silk City","Tourists,Family",0,100,300,1500,4000,350,900,25.25,86.98,4.3,3500,10,3,Urban,BIH-45,48.2,False,Easy,Half-day (2-4 hrs)
1116,Tajpur Beach Area,Samastipur,Bihar,East,River Beach,"Nature,Leisure","Friends,Photographers",0,100,300,1200,3500,350,800,25.87,85.78,4.1,1000,11,3,Coastal,BIH-52,43.3,False,Easy,Full-day (4-8 hrs)
1117,Ranchi Lake,Ranchi,Jharkhand,East,Lake,"Nature,Boating","Family,Couples",20,100,300,1500,4000,400,900,23.36,85.32,4.4,6000,10,3,Urban,JHA-116,51.1,False,Easy,Full-day (4-8 hrs)
1118,Jungle Safari Ranchi,Ranchi,Jharkhand,East,Wildlife Park,"Wildlife,Safari","Family,Children",100,200,500,1500,4000,400,900,23.38,85.34,4.5,5000,10,3,Forest,JHA-116,57.4,False,Moderate,Full-day (4-8 hrs)
1119,Hazaribagh National Park,Hazaribagh,Jharkhand,East,National Park,"Wildlife,Nature","Photographers,Family",100,300,800,1500,4000,400,900,23.99,85.36,4.5,4000,11,3,Forest,JHA-116,58.5,False,Moderate,Full-day (4-8 hrs)
1120,Hazaribagh Lake,Hazaribagh,Jharkhand,East,Lake,"Nature,Leisure","Family,Couples",0,100,300,1500,4000,400,900,24.0,85.37,4.3,3000,10,3,Urban,JHA-116,49.0,False,Easy,Full-day (4-8 hrs)
1121,Konar Dam,Hazaribagh,Jharkhand,East,Dam,"Nature,Boating","Family,Photographers",50,200,500,1500,4000,400,900,23.83,85.87,4.3,2500,10,3,Valley,JHA-118,49.8,False,Moderate,Half-day (2-4 hrs)
1122,Surya Mandir Ranchi,Ranchi,Jharkhand,East,Temple,"Religion,Architecture","Pilgrims,Family",0,50,200,1500,4000,400,900,23.42,85.32,4.5,4500,10,3,Urban,JHA-116,57.9,False,Easy,Short (1-2 hrs)
1123,Pahari Mandir Ranchi,Ranchi,Jharkhand,East,Temple,"Religion,","Pilgrims,Tourists",0,50,200,1500,4000,400,900,23.35,85.33,4.6,5000,10,3,Mountain,JHA-116,62.9,True,Moderate,Short (1-2 hrs)
1124,Hundru Hills Viewpointpoints,Ranchi,Jharkhand,East,Viewpoint,"Nature,Photography","Tourists,Photographers",0,100,300,1500,4000,400,900,23.41,85.6,4.4,2000,10,3,Mountain,JHA-116,56.3,False,Moderate,Short (1-2 hrs)
1125,Ranchi Planetarium,Ranchi,Jharkhand,East,Planetarium,"Science,Educational","Students,Family",50,100,300,1500,4000,400,900,23.38,85.33,4.4,3500,10,3,Urban,JHA-116,53.7,False,Easy,Half-day (2-4 hrs)
1126,Jagannath Mandir,Dhanbad,Jharkhand,East,Temple,"Religion,Cultural","Pilgrims,Family",0,50,200,1500,4000,400,900,23.79,86.43,4.4,2200,10,3,Urban,JHA-118,55.9,False,Easy,Short (1-2 hrs)
1127,Netarhat Viewpointpoints,Latehar,Jharkhand,East,Viewpoint,"Sunset,Nature","Tourists,Photographers",0,100,300,1500,4000,400,900,23.48,84.27,4.6,3000,10,3,Mountain,JHA-117,65.3,True,Moderate,Short (1-2 hrs)
1128,Rajrappa Wildlife Area,Ramgarh,Jharkhand,East,Wildlife Area,"Nature,Wildlife","Photographers,Friends",50,200,500,1500,4000,400,900,23.63,85.5,4.3,1800,10,3,Forest,JHA-116,51.4,False,Moderate,Full-day (4-8 hrs)
1129,Chota Nagpur Plateau Spots,Ranchi,Jharkhand,East,Plateau,"Nature,Landscape","Tourists,Photographers",0,100,300,1500,4000,400,900,23.5,85.3,4.4,2000,10,3,Mountain,JHA-116,56.3,False,Moderate,Half-day (2-4 hrs)
1130,Dimna Lake,Jamshedpur,Jharkhand,East,Lake,"Nature,Boating","Family,Couples",0,100,300,1500,4000,400,900,22.83,86.25,4.5,4500,10,3,Valley,JHA-119,57.9,False,Easy,Full-day (4-8 hrs)
1131,Jamshedpur Golf Course,Jamshedpur,Jharkhand,East,Sports Area,"Sports,Leisure","Friends,Professionals",200,500,1000,1800,4500,400,900,22.8,86.18,4.3,1200,10,3,Urban,JHA-119,53.3,False,Moderate,Half-day (2-4 hrs)
1132,Tata Steel Zoological Park,Jamshedpur,Jharkhand,East,Zoo,"Wildlife,Educational","Family,Children",50,100,300,1800,4500,400,900,22.79,86.17,4.6,7000,10,3,Urban,JHA-119,61.3,False,Easy,Half-day (2-4 hrs)
1133,Parasnath Wildlife Area,Giridih,Jharkhand,East,Wildlife Area,"Nature,Trekking","Adventure,Photographers",50,200,600,1500,4000,400,900,23.96,86.12,4.5,2500,10,3,Forest,JHA-118,60.7,False,Moderate,Full-day (4-8 hrs)
1134,Gonda Hill,Ranchi,Jharkhand,East,Hill,"Nature,","Tourists,Friends",0,100,300,1500,4000,400,900,23.37,85.35,4.2,1200,10,3,Mountain,JHA-116,47.9,False,Moderate,Half-day (2-4 hrs)
1135,Jharkhand Tribal Villages,Khunti,Jharkhand,East,Cultural Site,"Tribal,Cultural","Students,Tourists",0,100,300,1200,3500,350,800,23.07,85.28,4.4,1500,10,3,Forest,JHA-116,57.7,False,Moderate,Half-day (2-4 hrs)
1136,Tribal Haat Ranchi,Ranchi,Jharkhand,East,Market,"Cultural,Handicrafts","Tourists,Shoppers",0,100,300,1500,4000,400,900,23.35,85.33,4.3,2000,10,3,Urban,JHA-116,50.9,False,Easy,Short (1-2 hrs)
1137,Hul Diwas Memorial Ranchi,Ranchi,Jharkhand,East,Memorial,"Heritage,Cultural","Students,Tourists",0,50,200,1500,4000,400,900,23.36,85.32,4.2,1000,10,3,Urban,JHA-116,48.7,False,Easy,Short (1-2 hrs)
1138,Siliguri,Siliguri,West Bengal,East,City Attraction,"Gateway,Hills","Tourists,Family",0,200,600,1800,5000,400,1000,26.72,88.42,4.4,7000,10,4,Urban,WES-289,50.4,False,Easy,Half-day (2-4 hrs)
1139,Mirik,Darjeeling,West Bengal,East,Hill Station,"Lake,Nature","Couples,Family",0,200,700,2000,6000,400,1000,26.88,88.18,4.6,8000,10,4,Mountain,WES-289,60.7,False,Moderate,Full-day (4-8 hrs)
1140,Kalimpong,Kalimpong,West Bengal,East,Hill Town,"Nature,Monastery","Tourists,Family",0,200,700,2000,6000,400,1000,27.06,88.47,4.6,9000,10,4,Mountain,WES-289,60.1,False,Moderate,Half-day (2-4 hrs)
1141,Sandakphu,Darjeeling,West Bengal,East,Mountain Peak,"Trekking,Adventure","Adventure,Friends",0,400,1200,1500,4500,400,900,27.1,88.02,4.8,6000,4,11,Mountain,WES-289,72.9,True,Strenuous,Multi-day (1-3 days)
1142,Phalut,Darjeeling,West Bengal,East,Mountain Peak,"Trekking,","Adventure,Friends",0,400,1200,1500,4500,400,900,27.15,88.05,4.7,3000,4,11,Mountain,WES-289,70.8,True,Strenuous,Multi-day (1-3 days)
1143,Buxa Tiger Reserve,Alipurduar,West Bengal,East,Tiger Reserve,"Wildlife,Forest","Photographers,Family",150,300,900,1800,5000,400,1000,26.75,89.57,4.6,5000,11,4,Forest,WES-292,62.9,True,Moderate,Full-day (4-8 hrs)
1144,Mahananda Wildlife Sanctuary,Siliguri,West Bengal,East,Wildlife Sanctuary,"Nature,Wildlife","Photographers,Students",100,200,700,1800,5000,400,1000,26.73,88.43,4.5,4000,11,4,Forest,WES-289,58.5,False,Moderate,Full-day (4-8 hrs)
1145,Jharkhali,South 24 Parganas,West Bengal,East,Ecological Spot,"Mangrove,Wildlife","Family,Photographers",50,200,500,1500,4000,400,900,22.03,88.72,4.4,3500,11,3,Forest,WES-288,53.7,False,Moderate,Half-day (2-4 hrs)
1146,Malda,Malda,West Bengal,East,Historic City,"Heritage,Cultural","Tourists,Students",0,100,400,1500,4000,400,900,25.01,88.14,4.3,3000,10,3,Urban,WES-293,49.0,False,Easy,Half-day (2-4 hrs)
1147,Gour,Malda,West Bengal,East,Archaeological Site,"Heritage,Heritage","Students,Tourists",20,100,300,1500,4000,400,900,24.87,88.14,4.5,3500,10,3,Urban,WES-293,59.1,False,Moderate,Half-day (2-4 hrs)
1148,Rajmahal Hills,Malda,West Bengal,East,Hill Range,"Nature,Trekking","Adventure,Photographers",0,200,600,1500,4000,400,900,25.05,87.84,4.3,2000,10,3,Mountain,WES-293,50.9,False,Moderate,Half-day (2-4 hrs)
1149,Frazerganj,South 24 Parganas,West Bengal,East,Beach,"Coastal,Nature","Family,Couples",0,200,600,2000,6000,400,1000,21.58,88.26,4.4,3000,11,3,Coastal,WES-294,54.4,False,Easy,Full-day (4-8 hrs)
1150,Sagar Island,South 24 Parganas,West Bengal,East,Island,"Religion,Coastal","Pilgrims,Family",0,200,500,1500,4500,400,900,21.65,88.08,4.6,9000,11,3,Island,WES-294,60.1,False,Moderate,Full-day (4-8 hrs)
1151,Falta,South 24 Parganas,West Bengal,East,Riverside Town,"Nature,Relaxation","Family,Couples",0,100,300,1500,4000,400,900,22.3,88.11,4.2,1500,10,3,Urban,WES-288,46.8,False,Easy,Half-day (2-4 hrs)
1152,Canning,South 24 Parganas,West Bengal,East,Gateway Town,"Nature,River",Tourists,0,100,300,1500,4000,400,900,22.32,88.67,4.1,1200,10,3,Urban,WES-288,42.4,False,Easy,Half-day (2-4 hrs)
1153,Acharya Jagadish Chandra Bose Indian Botanic Garden,Howrah,West Bengal,East,Botanical Garden,"Nature,Heritage","Family,Students",20,100,300,2000,6000,400,1000,22.56,88.29,4.7,12000,10,3,Urban,WES-288,64.2,True,Easy,Half-day (2-4 hrs)
1154,Raiganj Wildlife Sanctuary,Raiganj,West Bengal,East,Bird Sanctuary,"Birdwatching,Nature","Photographers,Students",50,200,600,1500,4000,400,900,25.62,88.13,4.5,3000,11,3,Forest,WES-299,59.9,False,Moderate,Half-day (2-4 hrs)
1155,Mahishadal,Purba Medinipur,West Bengal,East,Historic Town,"Heritage,Architecture",Tourists,20,100,300,1500,4000,400,900,22.18,87.98,4.2,1500,10,3,Urban,WES-288,46.8,False,Easy,Half-day (2-4 hrs)
1156,Murshidabad,Murshidabad,West Bengal,East,Heritage City,"Heritage,Architecture","Tourists,Students",20,100,400,1500,4000,400,900,24.18,88.27,4.6,7000,10,3,Urban,WES-291,61.3,False,Easy,Half-day (2-4 hrs)
1157,Bandel Church,Hooghly,West Bengal,East,Church,"Religion,Heritage","Family,Tourists",0,50,200,1500,4000,400,900,22.93,88.39,4.6,5000,10,3,Urban,WES-288,62.9,True,Easy,Short (1-2 hrs)
1158,Mayapur,Nadia,West Bengal,East,Religious Town,"Spiritual,Iskcon","Pilgrims,Family",0,100,300,1500,4000,400,900,23.42,88.37,4.8,15000,10,3,Urban,WES-288,68.6,True,Easy,Half-day (2-4 hrs)
1159,Raghunathganj,Murshidabad,West Bengal,East,Town Attraction,"Cultural,Heritage",Tourists,0,100,300,1500,4000,400,900,24.45,88.07,4.1,1000,10,3,Urban,WES-291,43.3,False,Easy,Half-day (2-4 hrs)
1160,Kalna,Purba Bardhaman,West Bengal,East,Heritage Town,"Temple,Architecture","Tourists,Students",20,100,300,1500,4000,400,900,23.22,88.36,4.4,2500,10,3,Urban,WES-288,55.3,False,Easy,Half-day (2-4 hrs)
1161,Garh Panchkot,Purulia,West Bengal,East,Historic Ruins,"Heritage,Nature","Tourists,Photographers",20,100,300,1500,4000,400,900,23.58,86.45,4.5,3000,10,3,Mountain,WES-300,59.9,False,Moderate,Half-day (2-4 hrs)
1162,Susunia Hill,Bankura,West Bengal,East,Hill,"Trekking,Nature","Adventure,Friends",0,200,600,1500,4000,400,900,23.45,86.98,4.4,2500,10,3,Mountain,WES-301,55.3,False,Moderate,Half-day (2-4 hrs)
1163,Tamluk,Purba Medinipur,West Bengal,East,Historic Town,"Heritage,Cultural","Tourists,Students",0,100,300,1500,4000,400,900,22.3,87.92,4.2,1500,10,3,Urban,WES-288,46.8,False,Easy,Half-day (2-4 hrs)
1164,Baruipur,South 24 Parganas,West Bengal,East,Town Attraction,"Cultural,Local Life",Tourists,0,100,300,1500,4000,400,900,22.35,88.43,4.1,1200,10,3,Urban,WES-288,42.4,False,Easy,Half-day (2-4 hrs)
1165,Haldia,Purba Medinipur,West Bengal,East,Port City,"Riverfront,Industry","Tourists,Family",0,100,300,1800,5000,400,1000,22.06,88.06,4.3,3000,10,3,Coastal,WES-288,49.0,False,Easy,Half-day (2-4 hrs)
